ligand,case_name,run_tag,Kdist,Kmono,status,mRMSD,n_poses,n_reads,n_valid,n_success_valid,quality,validity_rate,success_rate,qpu_access_sec,qpu_sampling_sec,solver,physical_qubits,max_chain_length,report_csv,samples_json,result_json
3nq9,3nq9_Kdist0.5_Kmono1.0,psweep113_r2_20260326_005503,0.5,1.0,ok,5.248435107963932,1000,1000,1000,0,0.0,1.0,0.0,0.20044520000000002,0.16584,Advantage2_system1.13,2062,25,./penalty_sweep_qpu_v113/samples/3nq9_Kdist0.5_Kmono1.0/psweep113_r2_20260326_005503/3nq9_ligand_report.csv,./penalty_sweep_qpu_v113/samples/3nq9_Kdist0.5_Kmono1.0/psweep113_r2_20260326_005503/3nq9_ligand_samples.json,./penalty_sweep_qpu_v113/samples/3nq9_Kdist0.5_Kmono1.0/psweep113_r2_20260326_005503/result.json
3nq9,3nq9_Kdist0.5_Kmono2.0,psweep113_r2_20260326_005503,0.5,2.0,ok,2.5480964596299995,1000,1000,1000,0,0.0,1.0,0.0,0.2167012,0.1821,Advantage2_system1.13,2006,23,./penalty_sweep_qpu_v113/samples/3nq9_Kdist0.5_Kmono2.0/psweep113_r2_20260326_005503/3nq9_ligand_report.csv,./penalty_sweep_qpu_v113/samples/3nq9_Kdist0.5_Kmono2.0/psweep113_r2_20260326_005503/3nq9_ligand_samples.json,./penalty_sweep_qpu_v113/samples/3nq9_Kdist0.5_Kmono2.0/psweep113_r2_20260326_005503/result.json
3nq9,3nq9_Kdist0.5_Kmono3.0,psweep113_r2_20260326_005503,0.5,3.0,ok,2.3867455364058157,1000,1000,1000,0,0.0,1.0,0.0,0.2014784,0.16688,Advantage2_system1.13,2036,24,./penalty_sweep_qpu_v113/samples/3nq9_Kdist0.5_Kmono3.0/psweep113_r2_20260326_005503/3nq9_ligand_report.csv,./penalty_sweep_qpu_v113/samples/3nq9_Kdist0.5_Kmono3.0/psweep113_r2_20260326_005503/3nq9_ligand_samples.json,./penalty_sweep_qpu_v113/samples/3nq9_Kdist0.5_Kmono3.0/psweep113_r2_20260326_005503/result.json
3nq9,3nq9_Kdist0.5_Kmono4.0,psweep113_r2_20260326_005503,0.5,4.0,ok,1.1030975923607338,1000,1000,1000,221,0.221,1.0,0.221,0.2116236,0.17702,Advantage2_system1.13,2028,23,./penalty_sweep_qpu_v113/samples/3nq9_Kdist0.5_Kmono4.0/psweep113_r2_20260326_005503/3nq9_ligand_report.csv,./penalty_sweep_qpu_v113/samples/3nq9_Kdist0.5_Kmono4.0/psweep113_r2_20260326_005503/3nq9_ligand_samples.json,./penalty_sweep_qpu_v113/samples/3nq9_Kdist0.5_Kmono4.0/psweep113_r2_20260326_005503/result.json
3nq9,3nq9_Kdist0.5_Kmono5.0,psweep113_r2_20260326_005503,0.5,5.0,ok,0.7758099644928289,1000,1000,1000,75,0.075,1.0,0.075,0.209134,0.17452,Advantage2_system1.13,2211,26,./penalty_sweep_qpu_v113/samples/3nq9_Kdist0.5_Kmono5.0/psweep113_r2_20260326_005503/3nq9_ligand_report.csv,./penalty_sweep_qpu_v113/samples/3nq9_Kdist0.5_Kmono5.0/psweep113_r2_20260326_005503/3nq9_ligand_samples.json,./penalty_sweep_qpu_v113/samples/3nq9_Kdist0.5_Kmono5.0/psweep113_r2_20260326_005503/result.json
3nq9,3nq9_Kdist0.5_Kmono6.0,psweep113_r2_20260326_005503,0.5,6.0,ok,1.6883525954706495,1000,1000,1000,2,0.002,1.0,0.002,0.21362879999999998,0.17902,Advantage2_system1.13,2204,26,./penalty_sweep_qpu_v113/samples/3nq9_Kdist0.5_Kmono6.0/psweep113_r2_20260326_005503/3nq9_ligand_report.csv,./penalty_sweep_qpu_v113/samples/3nq9_Kdist0.5_Kmono6.0/psweep113_r2_20260326_005503/3nq9_ligand_samples.json,./penalty_sweep_qpu_v113/samples/3nq9_Kdist0.5_Kmono6.0/psweep113_r2_20260326_005503/result.json
3nq9,3nq9_Kdist0.5_Kmono7.0,psweep113_r2_20260326_005503,0.5,7.0,ok,0.825768694223698,1000,1000,1000,207,0.207,1.0,0.207,0.2027956,0.1682,Advantage2_system1.13,2259,26,./penalty_sweep_qpu_v113/samples/3nq9_Kdist0.5_Kmono7.0/psweep113_r2_20260326_005503/3nq9_ligand_report.csv,./penalty_sweep_qpu_v113/samples/3nq9_Kdist0.5_Kmono7.0/psweep113_r2_20260326_005503/3nq9_ligand_samples.json,./penalty_sweep_qpu_v113/samples/3nq9_Kdist0.5_Kmono7.0/psweep113_r2_20260326_005503/result.json
3nq9,3nq9_Kdist0.5_Kmono8.0,psweep113_r2_20260326_005503,0.5,8.0,ok,2.4711183536000543,1000,1000,1000,0,0.0,1.0,0.0,0.2066148,0.17202,Advantage2_system1.13,1914,23,./penalty_sweep_qpu_v113/samples/3nq9_Kdist0.5_Kmono8.0/psweep113_r2_20260326_005503/3nq9_ligand_report.csv,./penalty_sweep_qpu_v113/samples/3nq9_Kdist0.5_Kmono8.0/psweep113_r2_20260326_005503/3nq9_ligand_samples.json,./penalty_sweep_qpu_v113/samples/3nq9_Kdist0.5_Kmono8.0/psweep113_r2_20260326_005503/result.json
3nq9,3nq9_Kdist0.5_Kmono9.0,psweep113_r2_20260326_005503,0.5,9.0,ok,1.5081805781267545,1000,1000,1000,10,0.01,1.0,0.01,0.2117704,0.17716,Advantage2_system1.13,2183,26,./penalty_sweep_qpu_v113/samples/3nq9_Kdist0.5_Kmono9.0/psweep113_r2_20260326_005503/3nq9_ligand_report.csv,./penalty_sweep_qpu_v113/samples/3nq9_Kdist0.5_Kmono9.0/psweep113_r2_20260326_005503/3nq9_ligand_samples.json,./penalty_sweep_qpu_v113/samples/3nq9_Kdist0.5_Kmono9.0/psweep113_r2_20260326_005503/result.json
3nq9,3nq9_Kdist0.5_Kmono10.0,psweep113_r2_20260326_005503,0.5,10.0,ok,1.0626863256925285,1000,1000,1000,11,0.011,1.0,0.011,0.2114116,0.1768,Advantage2_system1.13,2171,26,./penalty_sweep_qpu_v113/samples/3nq9_Kdist0.5_Kmono10.0/psweep113_r2_20260326_005503/3nq9_ligand_report.csv,./penalty_sweep_qpu_v113/samples/3nq9_Kdist0.5_Kmono10.0/psweep113_r2_20260326_005503/3nq9_ligand_samples.json,./penalty_sweep_qpu_v113/samples/3nq9_Kdist0.5_Kmono10.0/psweep113_r2_20260326_005503/result.json
3nq9,3nq9_Kdist0.5_Kmono11.0,psweep113_r2_20260326_005503,0.5,11.0,ok,1.164528293859403,1000,1000,1000,21,0.021,1.0,0.021,0.2116344,0.17702,Advantage2_system1.13,2908,35,./penalty_sweep_qpu_v113/samples/3nq9_Kdist0.5_Kmono11.0/psweep113_r2_20260326_005503/3nq9_ligand_report.csv,./penalty_sweep_qpu_v113/samples/3nq9_Kdist0.5_Kmono11.0/psweep113_r2_20260326_005503/3nq9_ligand_samples.json,./penalty_sweep_qpu_v113/samples/3nq9_Kdist0.5_Kmono11.0/psweep113_r2_20260326_005503/result.json
3nq9,3nq9_Kdist0.5_Kmono12.0,psweep113_r2_20260326_005503,0.5,12.0,ok,1.4369517385972699,1000,1000,1000,20,0.02,1.0,0.02,0.205208,0.1706,Advantage2_system1.13,2093,24,./penalty_sweep_qpu_v113/samples/3nq9_Kdist0.5_Kmono12.0/psweep113_r2_20260326_005503/3nq9_ligand_report.csv,./penalty_sweep_qpu_v113/samples/3nq9_Kdist0.5_Kmono12.0/psweep113_r2_20260326_005503/3nq9_ligand_samples.json,./penalty_sweep_qpu_v113/samples/3nq9_Kdist0.5_Kmono12.0/psweep113_r2_20260326_005503/result.json
3nq9,3nq9_Kdist0.5_Kmono13.0,psweep113_r2_20260326_005503,0.5,13.0,ok,1.3651845905952003,1000,1000,1000,27,0.027,1.0,0.027,0.2062096,0.1716,Advantage2_system1.13,2081,24,./penalty_sweep_qpu_v113/samples/3nq9_Kdist0.5_Kmono13.0/psweep113_r2_20260326_005503/3nq9_ligand_report.csv,./penalty_sweep_qpu_v113/samples/3nq9_Kdist0.5_Kmono13.0/psweep113_r2_20260326_005503/3nq9_ligand_samples.json,./penalty_sweep_qpu_v113/samples/3nq9_Kdist0.5_Kmono13.0/psweep113_r2_20260326_005503/result.json
3nq9,3nq9_Kdist0.5_Kmono14.0,psweep113_r2_20260326_005503,0.5,14.0,ok,1.6661189475514344,1000,1000,1000,2,0.002,1.0,0.002,0.2045468,0.16994,Advantage2_system1.13,2093,25,./penalty_sweep_qpu_v113/samples/3nq9_Kdist0.5_Kmono14.0/psweep113_r2_20260326_005503/3nq9_ligand_report.csv,./penalty_sweep_qpu_v113/samples/3nq9_Kdist0.5_Kmono14.0/psweep113_r2_20260326_005503/3nq9_ligand_samples.json,./penalty_sweep_qpu_v113/samples/3nq9_Kdist0.5_Kmono14.0/psweep113_r2_20260326_005503/result.json
3nq9,3nq9_Kdist0.5_Kmono15.0,psweep113_r2_20260326_005503,0.5,15.0,ok,0.9189247658752272,1000,1000,1000,16,0.016,1.0,0.016,0.207954,0.17334,Advantage2_system1.13,2126,26,./penalty_sweep_qpu_v113/samples/3nq9_Kdist0.5_Kmono15.0/psweep113_r2_20260326_005503/3nq9_ligand_report.csv,./penalty_sweep_qpu_v113/samples/3nq9_Kdist0.5_Kmono15.0/psweep113_r2_20260326_005503/3nq9_ligand_samples.json,./penalty_sweep_qpu_v113/samples/3nq9_Kdist0.5_Kmono15.0/psweep113_r2_20260326_005503/result.json
3nq9,3nq9_Kdist0.5_Kmono16.0,psweep113_r2_20260326_005503,0.5,16.0,ok,1.056826247538486,1000,1000,1000,74,0.074,1.0,0.074,0.21594560000000002,0.18134,Advantage2_system1.13,2050,24,./penalty_sweep_qpu_v113/samples/3nq9_Kdist0.5_Kmono16.0/psweep113_r2_20260326_005503/3nq9_ligand_report.csv,./penalty_sweep_qpu_v113/samples/3nq9_Kdist0.5_Kmono16.0/psweep113_r2_20260326_005503/3nq9_ligand_samples.json,./penalty_sweep_qpu_v113/samples/3nq9_Kdist0.5_Kmono16.0/psweep113_r2_20260326_005503/result.json
3nq9,3nq9_Kdist0.5_Kmono17.0,psweep113_r2_20260326_005503,0.5,17.0,ok,1.5743480973308508,1000,1000,1000,2,0.002,1.0,0.002,0.206848,0.17224,Advantage2_system1.13,2129,26,./penalty_sweep_qpu_v113/samples/3nq9_Kdist0.5_Kmono17.0/psweep113_r2_20260326_005503/3nq9_ligand_report.csv,./penalty_sweep_qpu_v113/samples/3nq9_Kdist0.5_Kmono17.0/psweep113_r2_20260326_005503/3nq9_ligand_samples.json,./penalty_sweep_qpu_v113/samples/3nq9_Kdist0.5_Kmono17.0/psweep113_r2_20260326_005503/result.json
3nq9,3nq9_Kdist0.5_Kmono18.0,psweep113_r2_20260326_005503,0.5,18.0,ok,2.5912436636553338,1000,1000,1000,0,0.0,1.0,0.0,0.20688479999999998,0.17228,Advantage2_system1.13,1967,23,./penalty_sweep_qpu_v113/samples/3nq9_Kdist0.5_Kmono18.0/psweep113_r2_20260326_005503/3nq9_ligand_report.csv,./penalty_sweep_qpu_v113/samples/3nq9_Kdist0.5_Kmono18.0/psweep113_r2_20260326_005503/3nq9_ligand_samples.json,./penalty_sweep_qpu_v113/samples/3nq9_Kdist0.5_Kmono18.0/psweep113_r2_20260326_005503/result.json
3nq9,3nq9_Kdist0.5_Kmono19.0,psweep113_r2_20260326_005503,0.5,19.0,ok,1.7702647524128328,1000,1000,1000,3,0.003,1.0,0.003,0.2111692,0.17656,Advantage2_system1.13,2271,26,./penalty_sweep_qpu_v113/samples/3nq9_Kdist0.5_Kmono19.0/psweep113_r2_20260326_005503/3nq9_ligand_report.csv,./penalty_sweep_qpu_v113/samples/3nq9_Kdist0.5_Kmono19.0/psweep113_r2_20260326_005503/3nq9_ligand_samples.json,./penalty_sweep_qpu_v113/samples/3nq9_Kdist0.5_Kmono19.0/psweep113_r2_20260326_005503/result.json
3nq9,3nq9_Kdist0.5_Kmono20.0,psweep113_r2_20260326_005503,0.5,20.0,ok,1.4639726442306218,1000,1000,1000,21,0.021,1.0,0.021,0.2153012,0.1807,Advantage2_system1.13,2199,25,./penalty_sweep_qpu_v113/samples/3nq9_Kdist0.5_Kmono20.0/psweep113_r2_20260326_005503/3nq9_ligand_report.csv,./penalty_sweep_qpu_v113/samples/3nq9_Kdist0.5_Kmono20.0/psweep113_r2_20260326_005503/3nq9_ligand_samples.json,./penalty_sweep_qpu_v113/samples/3nq9_Kdist0.5_Kmono20.0/psweep113_r2_20260326_005503/result.json
3nq9,3nq9_Kdist1.0_Kmono1.0,psweep113_r2_20260326_005503,1.0,1.0,ok,2.3966014946143175,1000,1000,1000,0,0.0,1.0,0.0,0.2129116,0.1783,Advantage2_system1.13,2224,25,./penalty_sweep_qpu_v113/samples/3nq9_Kdist1.0_Kmono1.0/psweep113_r2_20260326_005503/3nq9_ligand_report.csv,./penalty_sweep_qpu_v113/samples/3nq9_Kdist1.0_Kmono1.0/psweep113_r2_20260326_005503/3nq9_ligand_samples.json,./penalty_sweep_qpu_v113/samples/3nq9_Kdist1.0_Kmono1.0/psweep113_r2_20260326_005503/result.json
3nq9,3nq9_Kdist1.0_Kmono2.0,psweep113_r2_20260326_005503,1.0,2.0,ok,2.5688593028747175,1000,1000,1000,0,0.0,1.0,0.0,0.2108864,0.17628,Advantage2_system1.13,2110,24,./penalty_sweep_qpu_v113/samples/3nq9_Kdist1.0_Kmono2.0/psweep113_r2_20260326_005503/3nq9_ligand_report.csv,./penalty_sweep_qpu_v113/samples/3nq9_Kdist1.0_Kmono2.0/psweep113_r2_20260326_005503/3nq9_ligand_samples.json,./penalty_sweep_qpu_v113/samples/3nq9_Kdist1.0_Kmono2.0/psweep113_r2_20260326_005503/result.json
3nq9,3nq9_Kdist1.0_Kmono3.0,psweep113_r2_20260326_005503,1.0,3.0,ok,2.5736108445708683,1000,1000,1000,0,0.0,1.0,0.0,0.20970039999999998,0.1751,Advantage2_system1.13,2004,23,./penalty_sweep_qpu_v113/samples/3nq9_Kdist1.0_Kmono3.0/psweep113_r2_20260326_005503/3nq9_ligand_report.csv,./penalty_sweep_qpu_v113/samples/3nq9_Kdist1.0_Kmono3.0/psweep113_r2_20260326_005503/3nq9_ligand_samples.json,./penalty_sweep_qpu_v113/samples/3nq9_Kdist1.0_Kmono3.0/psweep113_r2_20260326_005503/result.json
3nq9,3nq9_Kdist1.0_Kmono4.0,psweep113_r2_20260326_005503,1.0,4.0,ok,4.334106468756985,1000,1000,1000,0,0.0,1.0,0.0,0.2076276,0.17302,Advantage2_system1.13,1991,23,./penalty_sweep_qpu_v113/samples/3nq9_Kdist1.0_Kmono4.0/psweep113_r2_20260326_005503/3nq9_ligand_report.csv,./penalty_sweep_qpu_v113/samples/3nq9_Kdist1.0_Kmono4.0/psweep113_r2_20260326_005503/3nq9_ligand_samples.json,./penalty_sweep_qpu_v113/samples/3nq9_Kdist1.0_Kmono4.0/psweep113_r2_20260326_005503/result.json
3nq9,3nq9_Kdist1.0_Kmono5.0,psweep113_r2_20260326_005503,1.0,5.0,ok,4.6833839060170686,1000,1000,1000,0,0.0,1.0,0.0,0.2034068,0.1688,Advantage2_system1.13,1965,23,./penalty_sweep_qpu_v113/samples/3nq9_Kdist1.0_Kmono5.0/psweep113_r2_20260326_005503/3nq9_ligand_report.csv,./penalty_sweep_qpu_v113/samples/3nq9_Kdist1.0_Kmono5.0/psweep113_r2_20260326_005503/3nq9_ligand_samples.json,./penalty_sweep_qpu_v113/samples/3nq9_Kdist1.0_Kmono5.0/psweep113_r2_20260326_005503/result.json
3nq9,3nq9_Kdist1.0_Kmono6.0,psweep113_r2_20260326_005503,1.0,6.0,ok,0.49295006961204685,1000,1000,1000,119,0.119,1.0,0.119,0.20762879999999997,0.17302,Advantage2_system1.13,2165,25,./penalty_sweep_qpu_v113/samples/3nq9_Kdist1.0_Kmono6.0/psweep113_r2_20260326_005503/3nq9_ligand_report.csv,./penalty_sweep_qpu_v113/samples/3nq9_Kdist1.0_Kmono6.0/psweep113_r2_20260326_005503/3nq9_ligand_samples.json,./penalty_sweep_qpu_v113/samples/3nq9_Kdist1.0_Kmono6.0/psweep113_r2_20260326_005503/result.json
3nq9,3nq9_Kdist1.0_Kmono7.0,psweep113_r2_20260326_005503,1.0,7.0,ok,1.949824238144373,1000,1000,1000,1,0.001,1.0,0.001,0.2097,0.1751,Advantage2_system1.13,2055,23,./penalty_sweep_qpu_v113/samples/3nq9_Kdist1.0_Kmono7.0/psweep113_r2_20260326_005503/3nq9_ligand_report.csv,./penalty_sweep_qpu_v113/samples/3nq9_Kdist1.0_Kmono7.0/psweep113_r2_20260326_005503/3nq9_ligand_samples.json,./penalty_sweep_qpu_v113/samples/3nq9_Kdist1.0_Kmono7.0/psweep113_r2_20260326_005503/result.json
3nq9,3nq9_Kdist1.0_Kmono8.0,psweep113_r2_20260326_005503,1.0,8.0,ok,3.122230957793988,1000,1000,1000,0,0.0,1.0,0.0,0.20458,0.16998,Advantage2_system1.13,2154,24,./penalty_sweep_qpu_v113/samples/3nq9_Kdist1.0_Kmono8.0/psweep113_r2_20260326_005503/3nq9_ligand_report.csv,./penalty_sweep_qpu_v113/samples/3nq9_Kdist1.0_Kmono8.0/psweep113_r2_20260326_005503/3nq9_ligand_samples.json,./penalty_sweep_qpu_v113/samples/3nq9_Kdist1.0_Kmono8.0/psweep113_r2_20260326_005503/result.json
3nq9,3nq9_Kdist1.0_Kmono9.0,psweep113_r2_20260326_005503,1.0,9.0,ok,1.7132998931617973,1000,1000,1000,4,0.004,1.0,0.004,0.2145416,0.17994,Advantage2_system1.13,2143,26,./penalty_sweep_qpu_v113/samples/3nq9_Kdist1.0_Kmono9.0/psweep113_r2_20260326_005503/3nq9_ligand_report.csv,./penalty_sweep_qpu_v113/samples/3nq9_Kdist1.0_Kmono9.0/psweep113_r2_20260326_005503/3nq9_ligand_samples.json,./penalty_sweep_qpu_v113/samples/3nq9_Kdist1.0_Kmono9.0/psweep113_r2_20260326_005503/result.json
3nq9,3nq9_Kdist1.0_Kmono10.0,psweep113_r2_20260326_005503,1.0,10.0,ok,2.2497528704599805,1000,1000,1000,0,0.0,1.0,0.0,0.2134596,0.17884,Advantage2_system1.13,2516,30,./penalty_sweep_qpu_v113/samples/3nq9_Kdist1.0_Kmono10.0/psweep113_r2_20260326_005503/3nq9_ligand_report.csv,./penalty_sweep_qpu_v113/samples/3nq9_Kdist1.0_Kmono10.0/psweep113_r2_20260326_005503/3nq9_ligand_samples.json,./penalty_sweep_qpu_v113/samples/3nq9_Kdist1.0_Kmono10.0/psweep113_r2_20260326_005503/result.json
3nq9,3nq9_Kdist1.0_Kmono11.0,psweep113_r2_20260326_005503,1.0,11.0,ok,1.8490971973834596,1000,1000,1000,1,0.001,1.0,0.001,0.2089884,0.17438,Advantage2_system1.13,2047,24,./penalty_sweep_qpu_v113/samples/3nq9_Kdist1.0_Kmono11.0/psweep113_r2_20260326_005503/3nq9_ligand_report.csv,./penalty_sweep_qpu_v113/samples/3nq9_Kdist1.0_Kmono11.0/psweep113_r2_20260326_005503/3nq9_ligand_samples.json,./penalty_sweep_qpu_v113/samples/3nq9_Kdist1.0_Kmono11.0/psweep113_r2_20260326_005503/result.json
3nq9,3nq9_Kdist1.0_Kmono12.0,psweep113_r2_20260326_005503,1.0,12.0,ok,2.0998999759729946,1000,1000,1000,0,0.0,1.0,0.0,0.2124076,0.1778,Advantage2_system1.13,2026,23,./penalty_sweep_qpu_v113/samples/3nq9_Kdist1.0_Kmono12.0/psweep113_r2_20260326_005503/3nq9_ligand_report.csv,./penalty_sweep_qpu_v113/samples/3nq9_Kdist1.0_Kmono12.0/psweep113_r2_20260326_005503/3nq9_ligand_samples.json,./penalty_sweep_qpu_v113/samples/3nq9_Kdist1.0_Kmono12.0/psweep113_r2_20260326_005503/result.json
3nq9,3nq9_Kdist1.0_Kmono13.0,psweep113_r2_20260326_005503,1.0,13.0,ok,2.0924148218335805,1000,1000,1000,0,0.0,1.0,0.0,0.20720239999999998,0.1726,Advantage2_system1.13,2126,26,./penalty_sweep_qpu_v113/samples/3nq9_Kdist1.0_Kmono13.0/psweep113_r2_20260326_005503/3nq9_ligand_report.csv,./penalty_sweep_qpu_v113/samples/3nq9_Kdist1.0_Kmono13.0/psweep113_r2_20260326_005503/3nq9_ligand_samples.json,./penalty_sweep_qpu_v113/samples/3nq9_Kdist1.0_Kmono13.0/psweep113_r2_20260326_005503/result.json
3nq9,3nq9_Kdist1.0_Kmono14.0,psweep113_r2_20260326_005503,1.0,14.0,ok,1.6532091843979824,1000,1000,1000,3,0.003,1.0,0.003,0.203582,0.16898,Advantage2_system1.13,2149,25,./penalty_sweep_qpu_v113/samples/3nq9_Kdist1.0_Kmono14.0/psweep113_r2_20260326_005503/3nq9_ligand_report.csv,./penalty_sweep_qpu_v113/samples/3nq9_Kdist1.0_Kmono14.0/psweep113_r2_20260326_005503/3nq9_ligand_samples.json,./penalty_sweep_qpu_v113/samples/3nq9_Kdist1.0_Kmono14.0/psweep113_r2_20260326_005503/result.json
3nq9,3nq9_Kdist1.0_Kmono15.0,psweep113_r2_20260326_005503,1.0,15.0,ok,1.5861335192695554,1000,1000,1000,1,0.001,1.0,0.001,0.21413,0.17952,Advantage2_system1.13,2271,26,./penalty_sweep_qpu_v113/samples/3nq9_Kdist1.0_Kmono15.0/psweep113_r2_20260326_005503/3nq9_ligand_report.csv,./penalty_sweep_qpu_v113/samples/3nq9_Kdist1.0_Kmono15.0/psweep113_r2_20260326_005503/3nq9_ligand_samples.json,./penalty_sweep_qpu_v113/samples/3nq9_Kdist1.0_Kmono15.0/psweep113_r2_20260326_005503/result.json
3nq9,3nq9_Kdist1.0_Kmono16.0,psweep113_r2_20260326_005503,1.0,16.0,ok,1.376119736502165,1000,1000,1000,4,0.004,1.0,0.004,0.207984,0.17338,Advantage2_system1.13,1946,22,./penalty_sweep_qpu_v113/samples/3nq9_Kdist1.0_Kmono16.0/psweep113_r2_20260326_005503/3nq9_ligand_report.csv,./penalty_sweep_qpu_v113/samples/3nq9_Kdist1.0_Kmono16.0/psweep113_r2_20260326_005503/3nq9_ligand_samples.json,./penalty_sweep_qpu_v113/samples/3nq9_Kdist1.0_Kmono16.0/psweep113_r2_20260326_005503/result.json
3nq9,3nq9_Kdist1.0_Kmono17.0,psweep113_r2_20260326_005503,1.0,17.0,ok,1.8498535312836322,1000,1000,1000,3,0.003,1.0,0.003,0.202024,0.16742,Advantage2_system1.13,2078,24,./penalty_sweep_qpu_v113/samples/3nq9_Kdist1.0_Kmono17.0/psweep113_r2_20260326_005503/3nq9_ligand_report.csv,./penalty_sweep_qpu_v113/samples/3nq9_Kdist1.0_Kmono17.0/psweep113_r2_20260326_005503/3nq9_ligand_samples.json,./penalty_sweep_qpu_v113/samples/3nq9_Kdist1.0_Kmono17.0/psweep113_r2_20260326_005503/result.json
3nq9,3nq9_Kdist1.0_Kmono18.0,psweep113_r2_20260326_005503,1.0,18.0,ok,1.508700344731077,1000,1000,1000,30,0.03,1.0,0.03,0.2064904,0.17188,Advantage2_system1.13,2012,25,./penalty_sweep_qpu_v113/samples/3nq9_Kdist1.0_Kmono18.0/psweep113_r2_20260326_005503/3nq9_ligand_report.csv,./penalty_sweep_qpu_v113/samples/3nq9_Kdist1.0_Kmono18.0/psweep113_r2_20260326_005503/3nq9_ligand_samples.json,./penalty_sweep_qpu_v113/samples/3nq9_Kdist1.0_Kmono18.0/psweep113_r2_20260326_005503/result.json
3nq9,3nq9_Kdist1.0_Kmono19.0,psweep113_r2_20260326_005503,1.0,19.0,ok,1.6148336687911646,1000,1000,1000,5,0.005,1.0,0.005,0.2114848,0.17688,Advantage2_system1.13,2085,24,./penalty_sweep_qpu_v113/samples/3nq9_Kdist1.0_Kmono19.0/psweep113_r2_20260326_005503/3nq9_ligand_report.csv,./penalty_sweep_qpu_v113/samples/3nq9_Kdist1.0_Kmono19.0/psweep113_r2_20260326_005503/3nq9_ligand_samples.json,./penalty_sweep_qpu_v113/samples/3nq9_Kdist1.0_Kmono19.0/psweep113_r2_20260326_005503/result.json
3nq9,3nq9_Kdist1.0_Kmono20.0,psweep113_r2_20260326_005503,1.0,20.0,ok,2.1193584147195943,1000,1000,1000,0,0.0,1.0,0.0,0.2115828,0.17698,Advantage2_system1.13,2348,28,./penalty_sweep_qpu_v113/samples/3nq9_Kdist1.0_Kmono20.0/psweep113_r2_20260326_005503/3nq9_ligand_report.csv,./penalty_sweep_qpu_v113/samples/3nq9_Kdist1.0_Kmono20.0/psweep113_r2_20260326_005503/3nq9_ligand_samples.json,./penalty_sweep_qpu_v113/samples/3nq9_Kdist1.0_Kmono20.0/psweep113_r2_20260326_005503/result.json
3nq9,3nq9_Kdist1.5_Kmono1.0,psweep113_r2_20260326_005503,1.5,1.0,ok,1.6443653293591274,1000,1000,1000,4,0.004,1.0,0.004,0.2127656,0.17816,Advantage2_system1.13,2002,23,./penalty_sweep_qpu_v113/samples/3nq9_Kdist1.5_Kmono1.0/psweep113_r2_20260326_005503/3nq9_ligand_report.csv,./penalty_sweep_qpu_v113/samples/3nq9_Kdist1.5_Kmono1.0/psweep113_r2_20260326_005503/3nq9_ligand_samples.json,./penalty_sweep_qpu_v113/samples/3nq9_Kdist1.5_Kmono1.0/psweep113_r2_20260326_005503/result.json
3nq9,3nq9_Kdist1.5_Kmono2.0,psweep113_r2_20260326_005503,1.5,2.0,ok,3.0223743610692826,1000,1000,1000,0,0.0,1.0,0.0,0.2076324,0.17302,Advantage2_system1.13,2251,27,./penalty_sweep_qpu_v113/samples/3nq9_Kdist1.5_Kmono2.0/psweep113_r2_20260326_005503/3nq9_ligand_report.csv,./penalty_sweep_qpu_v113/samples/3nq9_Kdist1.5_Kmono2.0/psweep113_r2_20260326_005503/3nq9_ligand_samples.json,./penalty_sweep_qpu_v113/samples/3nq9_Kdist1.5_Kmono2.0/psweep113_r2_20260326_005503/result.json
3nq9,3nq9_Kdist1.5_Kmono3.0,psweep113_r2_20260326_005503,1.5,3.0,ok,2.8189821016551027,1000,1000,1000,0,0.0,1.0,0.0,0.2130516,0.17844,Advantage2_system1.13,2530,29,./penalty_sweep_qpu_v113/samples/3nq9_Kdist1.5_Kmono3.0/psweep113_r2_20260326_005503/3nq9_ligand_report.csv,./penalty_sweep_qpu_v113/samples/3nq9_Kdist1.5_Kmono3.0/psweep113_r2_20260326_005503/3nq9_ligand_samples.json,./penalty_sweep_qpu_v113/samples/3nq9_Kdist1.5_Kmono3.0/psweep113_r2_20260326_005503/result.json
3nq9,3nq9_Kdist1.5_Kmono4.0,psweep113_r2_20260326_005503,1.5,4.0,ok,2.9661814204837156,1000,1000,1000,0,0.0,1.0,0.0,0.2092116,0.1746,Advantage2_system1.13,2063,23,./penalty_sweep_qpu_v113/samples/3nq9_Kdist1.5_Kmono4.0/psweep113_r2_20260326_005503/3nq9_ligand_report.csv,./penalty_sweep_qpu_v113/samples/3nq9_Kdist1.5_Kmono4.0/psweep113_r2_20260326_005503/3nq9_ligand_samples.json,./penalty_sweep_qpu_v113/samples/3nq9_Kdist1.5_Kmono4.0/psweep113_r2_20260326_005503/result.json
3nq9,3nq9_Kdist1.5_Kmono5.0,psweep113_r2_20260326_005503,1.5,5.0,ok,2.0423968041683604,1000,1000,1000,0,0.0,1.0,0.0,0.2024072,0.1678,Advantage2_system1.13,1902,22,./penalty_sweep_qpu_v113/samples/3nq9_Kdist1.5_Kmono5.0/psweep113_r2_20260326_005503/3nq9_ligand_report.csv,./penalty_sweep_qpu_v113/samples/3nq9_Kdist1.5_Kmono5.0/psweep113_r2_20260326_005503/3nq9_ligand_samples.json,./penalty_sweep_qpu_v113/samples/3nq9_Kdist1.5_Kmono5.0/psweep113_r2_20260326_005503/result.json
3nq9,3nq9_Kdist1.5_Kmono6.0,psweep113_r2_20260326_005503,1.5,6.0,ok,1.992899367556513,1000,1000,1000,1,0.001,1.0,0.001,0.2124856,0.17788,Advantage2_system1.13,2154,26,./penalty_sweep_qpu_v113/samples/3nq9_Kdist1.5_Kmono6.0/psweep113_r2_20260326_005503/3nq9_ligand_report.csv,./penalty_sweep_qpu_v113/samples/3nq9_Kdist1.5_Kmono6.0/psweep113_r2_20260326_005503/3nq9_ligand_samples.json,./penalty_sweep_qpu_v113/samples/3nq9_Kdist1.5_Kmono6.0/psweep113_r2_20260326_005503/result.json
3nq9,3nq9_Kdist1.5_Kmono7.0,psweep113_r2_20260326_005503,1.5,7.0,ok,1.3689783338571744,1000,1000,1000,8,0.008,1.0,0.008,0.2192676,0.18466,Advantage2_system1.13,2082,24,./penalty_sweep_qpu_v113/samples/3nq9_Kdist1.5_Kmono7.0/psweep113_r2_20260326_005503/3nq9_ligand_report.csv,./penalty_sweep_qpu_v113/samples/3nq9_Kdist1.5_Kmono7.0/psweep113_r2_20260326_005503/3nq9_ligand_samples.json,./penalty_sweep_qpu_v113/samples/3nq9_Kdist1.5_Kmono7.0/psweep113_r2_20260326_005503/result.json
3nq9,3nq9_Kdist1.5_Kmono8.0,psweep113_r2_20260326_005503,1.5,8.0,ok,2.1417176870748027,1000,1000,1000,0,0.0,1.0,0.0,0.2105372,0.17592,Advantage2_system1.13,2425,29,./penalty_sweep_qpu_v113/samples/3nq9_Kdist1.5_Kmono8.0/psweep113_r2_20260326_005503/3nq9_ligand_report.csv,./penalty_sweep_qpu_v113/samples/3nq9_Kdist1.5_Kmono8.0/psweep113_r2_20260326_005503/3nq9_ligand_samples.json,./penalty_sweep_qpu_v113/samples/3nq9_Kdist1.5_Kmono8.0/psweep113_r2_20260326_005503/result.json
3nq9,3nq9_Kdist1.5_Kmono9.0,psweep113_r2_20260326_005503,1.5,9.0,ok,1.4538136211521104,1000,1000,1000,60,0.06,1.0,0.06,0.2102368,0.17562,Advantage2_system1.13,2380,29,./penalty_sweep_qpu_v113/samples/3nq9_Kdist1.5_Kmono9.0/psweep113_r2_20260326_005503/3nq9_ligand_report.csv,./penalty_sweep_qpu_v113/samples/3nq9_Kdist1.5_Kmono9.0/psweep113_r2_20260326_005503/3nq9_ligand_samples.json,./penalty_sweep_qpu_v113/samples/3nq9_Kdist1.5_Kmono9.0/psweep113_r2_20260326_005503/result.json
3nq9,3nq9_Kdist1.5_Kmono10.0,psweep113_r2_20260326_005503,1.5,10.0,ok,3.037718877712614,1000,1000,1000,0,0.0,1.0,0.0,0.2077272,0.17312,Advantage2_system1.13,2134,24,./penalty_sweep_qpu_v113/samples/3nq9_Kdist1.5_Kmono10.0/psweep113_r2_20260326_005503/3nq9_ligand_report.csv,./penalty_sweep_qpu_v113/samples/3nq9_Kdist1.5_Kmono10.0/psweep113_r2_20260326_005503/3nq9_ligand_samples.json,./penalty_sweep_qpu_v113/samples/3nq9_Kdist1.5_Kmono10.0/psweep113_r2_20260326_005503/result.json
3nq9,3nq9_Kdist1.5_Kmono11.0,psweep113_r2_20260326_005503,1.5,11.0,ok,1.6326780992071526,1000,1000,1000,3,0.003,1.0,0.003,0.20813120000000002,0.17352,Advantage2_system1.13,2107,24,./penalty_sweep_qpu_v113/samples/3nq9_Kdist1.5_Kmono11.0/psweep113_r2_20260326_005503/3nq9_ligand_report.csv,./penalty_sweep_qpu_v113/samples/3nq9_Kdist1.5_Kmono11.0/psweep113_r2_20260326_005503/3nq9_ligand_samples.json,./penalty_sweep_qpu_v113/samples/3nq9_Kdist1.5_Kmono11.0/psweep113_r2_20260326_005503/result.json
3nq9,3nq9_Kdist1.5_Kmono12.0,psweep113_r2_20260326_005503,1.5,12.0,ok,1.5589710142255337,1000,1000,1000,5,0.005,1.0,0.005,0.2071248,0.17252,Advantage2_system1.13,2071,25,./penalty_sweep_qpu_v113/samples/3nq9_Kdist1.5_Kmono12.0/psweep113_r2_20260326_005503/3nq9_ligand_report.csv,./penalty_sweep_qpu_v113/samples/3nq9_Kdist1.5_Kmono12.0/psweep113_r2_20260326_005503/3nq9_ligand_samples.json,./penalty_sweep_qpu_v113/samples/3nq9_Kdist1.5_Kmono12.0/psweep113_r2_20260326_005503/result.json
3nq9,3nq9_Kdist1.5_Kmono13.0,psweep113_r2_20260326_005503,1.5,13.0,ok,1.7514371663028525,1000,1000,1000,1,0.001,1.0,0.001,0.2071644,0.17256,Advantage2_system1.13,2079,25,./penalty_sweep_qpu_v113/samples/3nq9_Kdist1.5_Kmono13.0/psweep113_r2_20260326_005503/3nq9_ligand_report.csv,./penalty_sweep_qpu_v113/samples/3nq9_Kdist1.5_Kmono13.0/psweep113_r2_20260326_005503/3nq9_ligand_samples.json,./penalty_sweep_qpu_v113/samples/3nq9_Kdist1.5_Kmono13.0/psweep113_r2_20260326_005503/result.json
3nq9,3nq9_Kdist1.5_Kmono14.0,psweep113_r2_20260326_005503,1.5,14.0,ok,2.02503881471091,1000,1000,1000,0,0.0,1.0,0.0,0.2179968,0.18338,Advantage2_system1.13,2683,32,./penalty_sweep_qpu_v113/samples/3nq9_Kdist1.5_Kmono14.0/psweep113_r2_20260326_005503/3nq9_ligand_report.csv,./penalty_sweep_qpu_v113/samples/3nq9_Kdist1.5_Kmono14.0/psweep113_r2_20260326_005503/3nq9_ligand_samples.json,./penalty_sweep_qpu_v113/samples/3nq9_Kdist1.5_Kmono14.0/psweep113_r2_20260326_005503/result.json
3nq9,3nq9_Kdist1.5_Kmono15.0,psweep113_r2_20260326_005503,1.5,15.0,ok,0.8371203934900063,1000,1000,1000,100,0.1,1.0,0.1,0.2155904,0.18098,Advantage2_system1.13,2081,24,./penalty_sweep_qpu_v113/samples/3nq9_Kdist1.5_Kmono15.0/psweep113_r2_20260326_005503/3nq9_ligand_report.csv,./penalty_sweep_qpu_v113/samples/3nq9_Kdist1.5_Kmono15.0/psweep113_r2_20260326_005503/3nq9_ligand_samples.json,./penalty_sweep_qpu_v113/samples/3nq9_Kdist1.5_Kmono15.0/psweep113_r2_20260326_005503/result.json
3nq9,3nq9_Kdist1.5_Kmono16.0,psweep113_r2_20260326_005503,1.5,16.0,ok,1.9828784023643538,1000,1000,1000,1,0.001,1.0,0.001,0.2074084,0.1728,Advantage2_system1.13,2057,24,./penalty_sweep_qpu_v113/samples/3nq9_Kdist1.5_Kmono16.0/psweep113_r2_20260326_005503/3nq9_ligand_report.csv,./penalty_sweep_qpu_v113/samples/3nq9_Kdist1.5_Kmono16.0/psweep113_r2_20260326_005503/3nq9_ligand_samples.json,./penalty_sweep_qpu_v113/samples/3nq9_Kdist1.5_Kmono16.0/psweep113_r2_20260326_005503/result.json
3nq9,3nq9_Kdist1.5_Kmono17.0,psweep113_r2_20260326_005503,1.5,17.0,ok,1.5772335026435749,1000,1000,1000,1,0.001,1.0,0.001,0.214262,0.17966,Advantage2_system1.13,2051,24,./penalty_sweep_qpu_v113/samples/3nq9_Kdist1.5_Kmono17.0/psweep113_r2_20260326_005503/3nq9_ligand_report.csv,./penalty_sweep_qpu_v113/samples/3nq9_Kdist1.5_Kmono17.0/psweep113_r2_20260326_005503/3nq9_ligand_samples.json,./penalty_sweep_qpu_v113/samples/3nq9_Kdist1.5_Kmono17.0/psweep113_r2_20260326_005503/result.json
3nq9,3nq9_Kdist1.5_Kmono18.0,psweep113_r2_20260326_005503,1.5,18.0,ok,1.2991311038355065,1000,1000,1000,8,0.008,1.0,0.008,0.212766,0.17816,Advantage2_system1.13,2003,23,./penalty_sweep_qpu_v113/samples/3nq9_Kdist1.5_Kmono18.0/psweep113_r2_20260326_005503/3nq9_ligand_report.csv,./penalty_sweep_qpu_v113/samples/3nq9_Kdist1.5_Kmono18.0/psweep113_r2_20260326_005503/3nq9_ligand_samples.json,./penalty_sweep_qpu_v113/samples/3nq9_Kdist1.5_Kmono18.0/psweep113_r2_20260326_005503/result.json
3nq9,3nq9_Kdist1.5_Kmono19.0,psweep113_r2_20260326_005503,1.5,19.0,ok,2.2421110637417794,1000,1000,1000,0,0.0,1.0,0.0,0.2119456,0.17734,Advantage2_system1.13,2001,23,./penalty_sweep_qpu_v113/samples/3nq9_Kdist1.5_Kmono19.0/psweep113_r2_20260326_005503/3nq9_ligand_report.csv,./penalty_sweep_qpu_v113/samples/3nq9_Kdist1.5_Kmono19.0/psweep113_r2_20260326_005503/3nq9_ligand_samples.json,./penalty_sweep_qpu_v113/samples/3nq9_Kdist1.5_Kmono19.0/psweep113_r2_20260326_005503/result.json
3nq9,3nq9_Kdist1.5_Kmono20.0,psweep113_r2_20260326_005503,1.5,20.0,ok,1.1393841451202626,1000,1000,1000,13,0.013,1.0,0.013,0.21340679999999998,0.1788,Advantage2_system1.13,2164,26,./penalty_sweep_qpu_v113/samples/3nq9_Kdist1.5_Kmono20.0/psweep113_r2_20260326_005503/3nq9_ligand_report.csv,./penalty_sweep_qpu_v113/samples/3nq9_Kdist1.5_Kmono20.0/psweep113_r2_20260326_005503/3nq9_ligand_samples.json,./penalty_sweep_qpu_v113/samples/3nq9_Kdist1.5_Kmono20.0/psweep113_r2_20260326_005503/result.json
3nq9,3nq9_Kdist2.0_Kmono1.0,psweep113_r2_20260326_005503,2.0,1.0,ok,3.205700899992278,1000,1000,1000,0,0.0,1.0,0.0,0.2091344,0.17452,Advantage2_system1.13,2271,27,./penalty_sweep_qpu_v113/samples/3nq9_Kdist2.0_Kmono1.0/psweep113_r2_20260326_005503/3nq9_ligand_report.csv,./penalty_sweep_qpu_v113/samples/3nq9_Kdist2.0_Kmono1.0/psweep113_r2_20260326_005503/3nq9_ligand_samples.json,./penalty_sweep_qpu_v113/samples/3nq9_Kdist2.0_Kmono1.0/psweep113_r2_20260326_005503/result.json
3nq9,3nq9_Kdist2.0_Kmono2.0,psweep113_r2_20260326_005503,2.0,2.0,ok,2.0104140097795167,1000,1000,1000,0,0.0,1.0,0.0,0.21888839999999998,0.18428,Advantage2_system1.13,2051,24,./penalty_sweep_qpu_v113/samples/3nq9_Kdist2.0_Kmono2.0/psweep113_r2_20260326_005503/3nq9_ligand_report.csv,./penalty_sweep_qpu_v113/samples/3nq9_Kdist2.0_Kmono2.0/psweep113_r2_20260326_005503/3nq9_ligand_samples.json,./penalty_sweep_qpu_v113/samples/3nq9_Kdist2.0_Kmono2.0/psweep113_r2_20260326_005503/result.json
3nq9,3nq9_Kdist2.0_Kmono3.0,psweep113_r2_20260326_005503,2.0,3.0,ok,3.8762487793160836,1000,1000,1000,0,0.0,1.0,0.0,0.20617,0.17156,Advantage2_system1.13,2000,23,./penalty_sweep_qpu_v113/samples/3nq9_Kdist2.0_Kmono3.0/psweep113_r2_20260326_005503/3nq9_ligand_report.csv,./penalty_sweep_qpu_v113/samples/3nq9_Kdist2.0_Kmono3.0/psweep113_r2_20260326_005503/3nq9_ligand_samples.json,./penalty_sweep_qpu_v113/samples/3nq9_Kdist2.0_Kmono3.0/psweep113_r2_20260326_005503/result.json
3nq9,3nq9_Kdist2.0_Kmono4.0,psweep113_r2_20260326_005503,2.0,4.0,ok,1.6996334686415588,1000,1000,1000,1,0.001,1.0,0.001,0.2076644,0.17306,Advantage2_system1.13,1908,22,./penalty_sweep_qpu_v113/samples/3nq9_Kdist2.0_Kmono4.0/psweep113_r2_20260326_005503/3nq9_ligand_report.csv,./penalty_sweep_qpu_v113/samples/3nq9_Kdist2.0_Kmono4.0/psweep113_r2_20260326_005503/3nq9_ligand_samples.json,./penalty_sweep_qpu_v113/samples/3nq9_Kdist2.0_Kmono4.0/psweep113_r2_20260326_005503/result.json
3nq9,3nq9_Kdist2.0_Kmono5.0,psweep113_r2_20260326_005503,2.0,5.0,ok,4.516259099553125,1000,1000,1000,0,0.0,1.0,0.0,0.2136644,0.17906,Advantage2_system1.13,2105,25,./penalty_sweep_qpu_v113/samples/3nq9_Kdist2.0_Kmono5.0/psweep113_r2_20260326_005503/3nq9_ligand_report.csv,./penalty_sweep_qpu_v113/samples/3nq9_Kdist2.0_Kmono5.0/psweep113_r2_20260326_005503/3nq9_ligand_samples.json,./penalty_sweep_qpu_v113/samples/3nq9_Kdist2.0_Kmono5.0/psweep113_r2_20260326_005503/result.json
3nq9,3nq9_Kdist2.0_Kmono6.0,psweep113_r2_20260326_005503,2.0,6.0,ok,2.241263089991443,1000,1000,1000,0,0.0,1.0,0.0,0.20773160000000002,0.17312,Advantage2_system1.13,2031,24,./penalty_sweep_qpu_v113/samples/3nq9_Kdist2.0_Kmono6.0/psweep113_r2_20260326_005503/3nq9_ligand_report.csv,./penalty_sweep_qpu_v113/samples/3nq9_Kdist2.0_Kmono6.0/psweep113_r2_20260326_005503/3nq9_ligand_samples.json,./penalty_sweep_qpu_v113/samples/3nq9_Kdist2.0_Kmono6.0/psweep113_r2_20260326_005503/result.json
3nq9,3nq9_Kdist2.0_Kmono7.0,psweep113_r2_20260326_005503,2.0,7.0,ok,1.5503115103062792,1000,1000,1000,2,0.002,1.0,0.002,0.219766,0.18516,Advantage2_system1.13,2116,23,./penalty_sweep_qpu_v113/samples/3nq9_Kdist2.0_Kmono7.0/psweep113_r2_20260326_005503/3nq9_ligand_report.csv,./penalty_sweep_qpu_v113/samples/3nq9_Kdist2.0_Kmono7.0/psweep113_r2_20260326_005503/3nq9_ligand_samples.json,./penalty_sweep_qpu_v113/samples/3nq9_Kdist2.0_Kmono7.0/psweep113_r2_20260326_005503/result.json
3nq9,3nq9_Kdist2.0_Kmono8.0,psweep113_r2_20260326_005503,2.0,8.0,ok,2.1894858753272293,1000,1000,1000,0,0.0,1.0,0.0,0.2059896,0.17138,Advantage2_system1.13,2036,24,./penalty_sweep_qpu_v113/samples/3nq9_Kdist2.0_Kmono8.0/psweep113_r2_20260326_005503/3nq9_ligand_report.csv,./penalty_sweep_qpu_v113/samples/3nq9_Kdist2.0_Kmono8.0/psweep113_r2_20260326_005503/3nq9_ligand_samples.json,./penalty_sweep_qpu_v113/samples/3nq9_Kdist2.0_Kmono8.0/psweep113_r2_20260326_005503/result.json
3nq9,3nq9_Kdist2.0_Kmono9.0,psweep113_r2_20260326_005503,2.0,9.0,ok,2.0547091432287843,1000,1000,1000,0,0.0,1.0,0.0,0.2065896,0.17198,Advantage2_system1.13,2236,28,./penalty_sweep_qpu_v113/samples/3nq9_Kdist2.0_Kmono9.0/psweep113_r2_20260326_005503/3nq9_ligand_report.csv,./penalty_sweep_qpu_v113/samples/3nq9_Kdist2.0_Kmono9.0/psweep113_r2_20260326_005503/3nq9_ligand_samples.json,./penalty_sweep_qpu_v113/samples/3nq9_Kdist2.0_Kmono9.0/psweep113_r2_20260326_005503/result.json
3nq9,3nq9_Kdist2.0_Kmono10.0,psweep113_r2_20260326_005503,2.0,10.0,ok,0.781035745960889,1000,1000,1000,109,0.109,1.0,0.109,0.21848520000000002,0.18388,Advantage2_system1.13,1890,22,./penalty_sweep_qpu_v113/samples/3nq9_Kdist2.0_Kmono10.0/psweep113_r2_20260326_005503/3nq9_ligand_report.csv,./penalty_sweep_qpu_v113/samples/3nq9_Kdist2.0_Kmono10.0/psweep113_r2_20260326_005503/3nq9_ligand_samples.json,./penalty_sweep_qpu_v113/samples/3nq9_Kdist2.0_Kmono10.0/psweep113_r2_20260326_005503/result.json
3nq9,3nq9_Kdist2.0_Kmono11.0,psweep113_r2_20260326_005503,2.0,11.0,ok,2.3864408452675625,1000,1000,1000,0,0.0,1.0,0.0,0.201882,0.16728,Advantage2_system1.13,2206,27,./penalty_sweep_qpu_v113/samples/3nq9_Kdist2.0_Kmono11.0/psweep113_r2_20260326_005503/3nq9_ligand_report.csv,./penalty_sweep_qpu_v113/samples/3nq9_Kdist2.0_Kmono11.0/psweep113_r2_20260326_005503/3nq9_ligand_samples.json,./penalty_sweep_qpu_v113/samples/3nq9_Kdist2.0_Kmono11.0/psweep113_r2_20260326_005503/result.json
3nq9,3nq9_Kdist2.0_Kmono12.0,psweep113_r2_20260326_005503,2.0,12.0,ok,0.33533356964478794,1000,1000,1000,616,0.616,1.0,0.616,0.21571320000000002,0.1811,Advantage2_system1.13,2238,26,./penalty_sweep_qpu_v113/samples/3nq9_Kdist2.0_Kmono12.0/psweep113_r2_20260326_005503/3nq9_ligand_report.csv,./penalty_sweep_qpu_v113/samples/3nq9_Kdist2.0_Kmono12.0/psweep113_r2_20260326_005503/3nq9_ligand_samples.json,./penalty_sweep_qpu_v113/samples/3nq9_Kdist2.0_Kmono12.0/psweep113_r2_20260326_005503/result.json
3nq9,3nq9_Kdist2.0_Kmono13.0,psweep113_r2_20260326_005503,2.0,13.0,ok,1.1066458270958228,1000,1000,1000,35,0.035,1.0,0.035,0.2149488,0.18034,Advantage2_system1.13,2127,26,./penalty_sweep_qpu_v113/samples/3nq9_Kdist2.0_Kmono13.0/psweep113_r2_20260326_005503/3nq9_ligand_report.csv,./penalty_sweep_qpu_v113/samples/3nq9_Kdist2.0_Kmono13.0/psweep113_r2_20260326_005503/3nq9_ligand_samples.json,./penalty_sweep_qpu_v113/samples/3nq9_Kdist2.0_Kmono13.0/psweep113_r2_20260326_005503/result.json
3nq9,3nq9_Kdist2.0_Kmono14.0,psweep113_r2_20260326_005503,2.0,14.0,ok,1.551536412258989,1000,1000,1000,53,0.053,1.0,0.053,0.21734679999999998,0.18274,Advantage2_system1.13,2002,22,./penalty_sweep_qpu_v113/samples/3nq9_Kdist2.0_Kmono14.0/psweep113_r2_20260326_005503/3nq9_ligand_report.csv,./penalty_sweep_qpu_v113/samples/3nq9_Kdist2.0_Kmono14.0/psweep113_r2_20260326_005503/3nq9_ligand_samples.json,./penalty_sweep_qpu_v113/samples/3nq9_Kdist2.0_Kmono14.0/psweep113_r2_20260326_005503/result.json
3nq9,3nq9_Kdist2.0_Kmono15.0,psweep113_r2_20260326_005503,2.0,15.0,ok,0.9360442954875842,1000,1000,1000,40,0.04,1.0,0.04,0.21608639999999998,0.18148,Advantage2_system1.13,2007,24,./penalty_sweep_qpu_v113/samples/3nq9_Kdist2.0_Kmono15.0/psweep113_r2_20260326_005503/3nq9_ligand_report.csv,./penalty_sweep_qpu_v113/samples/3nq9_Kdist2.0_Kmono15.0/psweep113_r2_20260326_005503/3nq9_ligand_samples.json,./penalty_sweep_qpu_v113/samples/3nq9_Kdist2.0_Kmono15.0/psweep113_r2_20260326_005503/result.json
3nq9,3nq9_Kdist2.0_Kmono16.0,psweep113_r2_20260326_005503,2.0,16.0,ok,2.889358075629271,1000,1000,1000,0,0.0,1.0,0.0,0.2093564,0.17474,Advantage2_system1.13,2332,29,./penalty_sweep_qpu_v113/samples/3nq9_Kdist2.0_Kmono16.0/psweep113_r2_20260326_005503/3nq9_ligand_report.csv,./penalty_sweep_qpu_v113/samples/3nq9_Kdist2.0_Kmono16.0/psweep113_r2_20260326_005503/3nq9_ligand_samples.json,./penalty_sweep_qpu_v113/samples/3nq9_Kdist2.0_Kmono16.0/psweep113_r2_20260326_005503/result.json
3nq9,3nq9_Kdist2.0_Kmono17.0,psweep113_r2_20260326_005503,2.0,17.0,ok,2.4641733716472127,1000,1000,1000,0,0.0,1.0,0.0,0.2007052,0.1661,Advantage2_system1.13,2086,23,./penalty_sweep_qpu_v113/samples/3nq9_Kdist2.0_Kmono17.0/psweep113_r2_20260326_005503/3nq9_ligand_report.csv,./penalty_sweep_qpu_v113/samples/3nq9_Kdist2.0_Kmono17.0/psweep113_r2_20260326_005503/3nq9_ligand_samples.json,./penalty_sweep_qpu_v113/samples/3nq9_Kdist2.0_Kmono17.0/psweep113_r2_20260326_005503/result.json
3nq9,3nq9_Kdist2.0_Kmono18.0,psweep113_r2_20260326_005503,2.0,18.0,ok,1.0736595827118063,1000,1000,1000,4,0.004,1.0,0.004,0.20794,0.17334,Advantage2_system1.13,2356,27,./penalty_sweep_qpu_v113/samples/3nq9_Kdist2.0_Kmono18.0/psweep113_r2_20260326_005503/3nq9_ligand_report.csv,./penalty_sweep_qpu_v113/samples/3nq9_Kdist2.0_Kmono18.0/psweep113_r2_20260326_005503/3nq9_ligand_samples.json,./penalty_sweep_qpu_v113/samples/3nq9_Kdist2.0_Kmono18.0/psweep113_r2_20260326_005503/result.json
3nq9,3nq9_Kdist2.0_Kmono19.0,psweep113_r2_20260326_005503,2.0,19.0,ok,2.0975068437279636,1000,1000,1000,0,0.0,1.0,0.0,0.20280079999999998,0.1682,Advantage2_system1.13,2369,28,./penalty_sweep_qpu_v113/samples/3nq9_Kdist2.0_Kmono19.0/psweep113_r2_20260326_005503/3nq9_ligand_report.csv,./penalty_sweep_qpu_v113/samples/3nq9_Kdist2.0_Kmono19.0/psweep113_r2_20260326_005503/3nq9_ligand_samples.json,./penalty_sweep_qpu_v113/samples/3nq9_Kdist2.0_Kmono19.0/psweep113_r2_20260326_005503/result.json
3nq9,3nq9_Kdist2.0_Kmono20.0,psweep113_r2_20260326_005503,2.0,20.0,ok,1.3592281288718657,1000,1000,1000,20,0.02,1.0,0.02,0.2127656,0.17816,Advantage2_system1.13,2244,27,./penalty_sweep_qpu_v113/samples/3nq9_Kdist2.0_Kmono20.0/psweep113_r2_20260326_005503/3nq9_ligand_report.csv,./penalty_sweep_qpu_v113/samples/3nq9_Kdist2.0_Kmono20.0/psweep113_r2_20260326_005503/3nq9_ligand_samples.json,./penalty_sweep_qpu_v113/samples/3nq9_Kdist2.0_Kmono20.0/psweep113_r2_20260326_005503/result.json
3nq9,3nq9_Kdist2.5_Kmono1.0,psweep113_r2_20260326_005503,2.5,1.0,ok,2.0688868878502897,1000,1000,1000,0,0.0,1.0,0.0,0.2187708,0.18416,Advantage2_system1.13,2275,27,./penalty_sweep_qpu_v113/samples/3nq9_Kdist2.5_Kmono1.0/psweep113_r2_20260326_005503/3nq9_ligand_report.csv,./penalty_sweep_qpu_v113/samples/3nq9_Kdist2.5_Kmono1.0/psweep113_r2_20260326_005503/3nq9_ligand_samples.json,./penalty_sweep_qpu_v113/samples/3nq9_Kdist2.5_Kmono1.0/psweep113_r2_20260326_005503/result.json
3nq9,3nq9_Kdist2.5_Kmono2.0,psweep113_r2_20260326_005503,2.5,2.0,ok,2.6372830584290248,1000,1000,1000,0,0.0,1.0,0.0,0.20784560000000002,0.17324,Advantage2_system1.13,2206,26,./penalty_sweep_qpu_v113/samples/3nq9_Kdist2.5_Kmono2.0/psweep113_r2_20260326_005503/3nq9_ligand_report.csv,./penalty_sweep_qpu_v113/samples/3nq9_Kdist2.5_Kmono2.0/psweep113_r2_20260326_005503/3nq9_ligand_samples.json,./penalty_sweep_qpu_v113/samples/3nq9_Kdist2.5_Kmono2.0/psweep113_r2_20260326_005503/result.json
3nq9,3nq9_Kdist2.5_Kmono3.0,psweep113_r2_20260326_005503,2.5,3.0,ok,4.678718312710795,1000,1000,1000,0,0.0,1.0,0.0,0.20484360000000001,0.17024,Advantage2_system1.13,2378,28,./penalty_sweep_qpu_v113/samples/3nq9_Kdist2.5_Kmono3.0/psweep113_r2_20260326_005503/3nq9_ligand_report.csv,./penalty_sweep_qpu_v113/samples/3nq9_Kdist2.5_Kmono3.0/psweep113_r2_20260326_005503/3nq9_ligand_samples.json,./penalty_sweep_qpu_v113/samples/3nq9_Kdist2.5_Kmono3.0/psweep113_r2_20260326_005503/result.json
3nq9,3nq9_Kdist2.5_Kmono4.0,psweep113_r2_20260326_005503,2.5,4.0,ok,2.4709293898395144,1000,1000,1000,0,0.0,1.0,0.0,0.2030244,0.16842,Advantage2_system1.13,2276,27,./penalty_sweep_qpu_v113/samples/3nq9_Kdist2.5_Kmono4.0/psweep113_r2_20260326_005503/3nq9_ligand_report.csv,./penalty_sweep_qpu_v113/samples/3nq9_Kdist2.5_Kmono4.0/psweep113_r2_20260326_005503/3nq9_ligand_samples.json,./penalty_sweep_qpu_v113/samples/3nq9_Kdist2.5_Kmono4.0/psweep113_r2_20260326_005503/result.json
3nq9,3nq9_Kdist2.5_Kmono5.0,psweep113_r2_20260326_005503,2.5,5.0,ok,4.086127673486682,1000,1000,1000,0,0.0,1.0,0.0,0.2089124,0.1743,Advantage2_system1.13,2319,29,./penalty_sweep_qpu_v113/samples/3nq9_Kdist2.5_Kmono5.0/psweep113_r2_20260326_005503/3nq9_ligand_report.csv,./penalty_sweep_qpu_v113/samples/3nq9_Kdist2.5_Kmono5.0/psweep113_r2_20260326_005503/3nq9_ligand_samples.json,./penalty_sweep_qpu_v113/samples/3nq9_Kdist2.5_Kmono5.0/psweep113_r2_20260326_005503/result.json
3nq9,3nq9_Kdist2.5_Kmono6.0,psweep113_r2_20260326_005503,2.5,6.0,ok,1.0743716231457598,1000,1000,1000,53,0.053,1.0,0.053,0.2133068,0.1787,Advantage2_system1.13,2091,25,./penalty_sweep_qpu_v113/samples/3nq9_Kdist2.5_Kmono6.0/psweep113_r2_20260326_005503/3nq9_ligand_report.csv,./penalty_sweep_qpu_v113/samples/3nq9_Kdist2.5_Kmono6.0/psweep113_r2_20260326_005503/3nq9_ligand_samples.json,./penalty_sweep_qpu_v113/samples/3nq9_Kdist2.5_Kmono6.0/psweep113_r2_20260326_005503/result.json
3nq9,3nq9_Kdist2.5_Kmono7.0,psweep113_r2_20260326_005503,2.5,7.0,ok,3.272629023248762,1000,1000,1000,0,0.0,1.0,0.0,0.2117656,0.17716,Advantage2_system1.13,2079,24,./penalty_sweep_qpu_v113/samples/3nq9_Kdist2.5_Kmono7.0/psweep113_r2_20260326_005503/3nq9_ligand_report.csv,./penalty_sweep_qpu_v113/samples/3nq9_Kdist2.5_Kmono7.0/psweep113_r2_20260326_005503/3nq9_ligand_samples.json,./penalty_sweep_qpu_v113/samples/3nq9_Kdist2.5_Kmono7.0/psweep113_r2_20260326_005503/result.json
3nq9,3nq9_Kdist2.5_Kmono8.0,psweep113_r2_20260326_005503,2.5,8.0,ok,2.447035553064274,1000,1000,1000,0,0.0,1.0,0.0,0.20020079999999998,0.1656,Advantage2_system1.13,2136,26,./penalty_sweep_qpu_v113/samples/3nq9_Kdist2.5_Kmono8.0/psweep113_r2_20260326_005503/3nq9_ligand_report.csv,./penalty_sweep_qpu_v113/samples/3nq9_Kdist2.5_Kmono8.0/psweep113_r2_20260326_005503/3nq9_ligand_samples.json,./penalty_sweep_qpu_v113/samples/3nq9_Kdist2.5_Kmono8.0/psweep113_r2_20260326_005503/result.json
3nq9,3nq9_Kdist2.5_Kmono9.0,psweep113_r2_20260326_005503,2.5,9.0,ok,3.9981817172764242,1000,1000,1000,0,0.0,1.0,0.0,0.21148879999999998,0.17688,Advantage2_system1.13,2340,27,./penalty_sweep_qpu_v113/samples/3nq9_Kdist2.5_Kmono9.0/psweep113_r2_20260326_005503/3nq9_ligand_report.csv,./penalty_sweep_qpu_v113/samples/3nq9_Kdist2.5_Kmono9.0/psweep113_r2_20260326_005503/3nq9_ligand_samples.json,./penalty_sweep_qpu_v113/samples/3nq9_Kdist2.5_Kmono9.0/psweep113_r2_20260326_005503/result.json
3nq9,3nq9_Kdist2.5_Kmono10.0,psweep113_r2_20260326_005503,2.5,10.0,ok,2.7355745086002843,1000,1000,1000,0,0.0,1.0,0.0,0.20785520000000002,0.17324,Advantage2_system1.13,2110,25,./penalty_sweep_qpu_v113/samples/3nq9_Kdist2.5_Kmono10.0/psweep113_r2_20260326_005503/3nq9_ligand_report.csv,./penalty_sweep_qpu_v113/samples/3nq9_Kdist2.5_Kmono10.0/psweep113_r2_20260326_005503/3nq9_ligand_samples.json,./penalty_sweep_qpu_v113/samples/3nq9_Kdist2.5_Kmono10.0/psweep113_r2_20260326_005503/result.json
3nq9,3nq9_Kdist2.5_Kmono11.0,psweep113_r2_20260326_005503,2.5,11.0,ok,1.978899131348735,1000,1000,1000,2,0.002,1.0,0.002,0.2084848,0.17388,Advantage2_system1.13,2211,26,./penalty_sweep_qpu_v113/samples/3nq9_Kdist2.5_Kmono11.0/psweep113_r2_20260326_005503/3nq9_ligand_report.csv,./penalty_sweep_qpu_v113/samples/3nq9_Kdist2.5_Kmono11.0/psweep113_r2_20260326_005503/3nq9_ligand_samples.json,./penalty_sweep_qpu_v113/samples/3nq9_Kdist2.5_Kmono11.0/psweep113_r2_20260326_005503/result.json
3nq9,3nq9_Kdist2.5_Kmono12.0,psweep113_r2_20260326_005503,2.5,12.0,ok,2.337072978643906,1000,1000,1000,0,0.0,1.0,0.0,0.2121768,0.17756,Advantage2_system1.13,2300,26,./penalty_sweep_qpu_v113/samples/3nq9_Kdist2.5_Kmono12.0/psweep113_r2_20260326_005503/3nq9_ligand_report.csv,./penalty_sweep_qpu_v113/samples/3nq9_Kdist2.5_Kmono12.0/psweep113_r2_20260326_005503/3nq9_ligand_samples.json,./penalty_sweep_qpu_v113/samples/3nq9_Kdist2.5_Kmono12.0/psweep113_r2_20260326_005503/result.json
3nq9,3nq9_Kdist2.5_Kmono13.0,psweep113_r2_20260326_005503,2.5,13.0,ok,4.664915787922614,1000,1000,1000,0,0.0,1.0,0.0,0.20999079999999998,0.17538,Advantage2_system1.13,2135,25,./penalty_sweep_qpu_v113/samples/3nq9_Kdist2.5_Kmono13.0/psweep113_r2_20260326_005503/3nq9_ligand_report.csv,./penalty_sweep_qpu_v113/samples/3nq9_Kdist2.5_Kmono13.0/psweep113_r2_20260326_005503/3nq9_ligand_samples.json,./penalty_sweep_qpu_v113/samples/3nq9_Kdist2.5_Kmono13.0/psweep113_r2_20260326_005503/result.json
3nq9,3nq9_Kdist2.5_Kmono14.0,psweep113_r2_20260326_005503,2.5,14.0,ok,1.48321470004791,1000,1000,1000,3,0.003,1.0,0.003,0.212622,0.17802,Advantage2_system1.13,1885,21,./penalty_sweep_qpu_v113/samples/3nq9_Kdist2.5_Kmono14.0/psweep113_r2_20260326_005503/3nq9_ligand_report.csv,./penalty_sweep_qpu_v113/samples/3nq9_Kdist2.5_Kmono14.0/psweep113_r2_20260326_005503/3nq9_ligand_samples.json,./penalty_sweep_qpu_v113/samples/3nq9_Kdist2.5_Kmono14.0/psweep113_r2_20260326_005503/result.json
3nq9,3nq9_Kdist2.5_Kmono15.0,psweep113_r2_20260326_005503,2.5,15.0,ok,1.055362651245296,1000,1000,1000,8,0.008,1.0,0.008,0.21007679999999998,0.17548,Advantage2_system1.13,1951,24,./penalty_sweep_qpu_v113/samples/3nq9_Kdist2.5_Kmono15.0/psweep113_r2_20260326_005503/3nq9_ligand_report.csv,./penalty_sweep_qpu_v113/samples/3nq9_Kdist2.5_Kmono15.0/psweep113_r2_20260326_005503/3nq9_ligand_samples.json,./penalty_sweep_qpu_v113/samples/3nq9_Kdist2.5_Kmono15.0/psweep113_r2_20260326_005503/result.json
3nq9,3nq9_Kdist2.5_Kmono16.0,psweep113_r2_20260326_005503,2.5,16.0,ok,2.8963536325983226,1000,1000,1000,0,0.0,1.0,0.0,0.208128,0.17352,Advantage2_system1.13,2023,22,./penalty_sweep_qpu_v113/samples/3nq9_Kdist2.5_Kmono16.0/psweep113_r2_20260326_005503/3nq9_ligand_report.csv,./penalty_sweep_qpu_v113/samples/3nq9_Kdist2.5_Kmono16.0/psweep113_r2_20260326_005503/3nq9_ligand_samples.json,./penalty_sweep_qpu_v113/samples/3nq9_Kdist2.5_Kmono16.0/psweep113_r2_20260326_005503/result.json
3nq9,3nq9_Kdist2.5_Kmono17.0,psweep113_r2_20260326_005503,2.5,17.0,ok,2.0848420491878086,1000,1000,1000,0,0.0,1.0,0.0,0.2109168,0.1763,Advantage2_system1.13,2103,24,./penalty_sweep_qpu_v113/samples/3nq9_Kdist2.5_Kmono17.0/psweep113_r2_20260326_005503/3nq9_ligand_report.csv,./penalty_sweep_qpu_v113/samples/3nq9_Kdist2.5_Kmono17.0/psweep113_r2_20260326_005503/3nq9_ligand_samples.json,./penalty_sweep_qpu_v113/samples/3nq9_Kdist2.5_Kmono17.0/psweep113_r2_20260326_005503/result.json
3nq9,3nq9_Kdist2.5_Kmono18.0,psweep113_r2_20260326_005503,2.5,18.0,ok,5.31488090750419,1000,1000,1000,0,0.0,1.0,0.0,0.2115276,0.17692,Advantage2_system1.13,2152,26,./penalty_sweep_qpu_v113/samples/3nq9_Kdist2.5_Kmono18.0/psweep113_r2_20260326_005503/3nq9_ligand_report.csv,./penalty_sweep_qpu_v113/samples/3nq9_Kdist2.5_Kmono18.0/psweep113_r2_20260326_005503/3nq9_ligand_samples.json,./penalty_sweep_qpu_v113/samples/3nq9_Kdist2.5_Kmono18.0/psweep113_r2_20260326_005503/result.json
3nq9,3nq9_Kdist2.5_Kmono19.0,psweep113_r2_20260326_005503,2.5,19.0,ok,1.3362329822039853,1000,1000,1000,27,0.027,1.0,0.027,0.2084052,0.1738,Advantage2_system1.13,2464,30,./penalty_sweep_qpu_v113/samples/3nq9_Kdist2.5_Kmono19.0/psweep113_r2_20260326_005503/3nq9_ligand_report.csv,./penalty_sweep_qpu_v113/samples/3nq9_Kdist2.5_Kmono19.0/psweep113_r2_20260326_005503/3nq9_ligand_samples.json,./penalty_sweep_qpu_v113/samples/3nq9_Kdist2.5_Kmono19.0/psweep113_r2_20260326_005503/result.json
3nq9,3nq9_Kdist2.5_Kmono20.0,psweep113_r2_20260326_005503,2.5,20.0,ok,0.9453966247715837,1000,1000,1000,9,0.009,1.0,0.009,0.211766,0.17716,Advantage2_system1.13,2112,25,./penalty_sweep_qpu_v113/samples/3nq9_Kdist2.5_Kmono20.0/psweep113_r2_20260326_005503/3nq9_ligand_report.csv,./penalty_sweep_qpu_v113/samples/3nq9_Kdist2.5_Kmono20.0/psweep113_r2_20260326_005503/3nq9_ligand_samples.json,./penalty_sweep_qpu_v113/samples/3nq9_Kdist2.5_Kmono20.0/psweep113_r2_20260326_005503/result.json
3nq9,3nq9_Kdist3.0_Kmono1.0,psweep113_r2_20260326_005503,3.0,1.0,ok,2.5933508534312035,1000,1000,1000,0,0.0,1.0,0.0,0.20849,0.17388,Advantage2_system1.13,2232,26,./penalty_sweep_qpu_v113/samples/3nq9_Kdist3.0_Kmono1.0/psweep113_r2_20260326_005503/3nq9_ligand_report.csv,./penalty_sweep_qpu_v113/samples/3nq9_Kdist3.0_Kmono1.0/psweep113_r2_20260326_005503/3nq9_ligand_samples.json,./penalty_sweep_qpu_v113/samples/3nq9_Kdist3.0_Kmono1.0/psweep113_r2_20260326_005503/result.json
3nq9,3nq9_Kdist3.0_Kmono2.0,psweep113_r2_20260326_005503,3.0,2.0,ok,3.3379344364855386,1000,1000,1000,0,0.0,1.0,0.0,0.2093908,0.17478,Advantage2_system1.13,2116,25,./penalty_sweep_qpu_v113/samples/3nq9_Kdist3.0_Kmono2.0/psweep113_r2_20260326_005503/3nq9_ligand_report.csv,./penalty_sweep_qpu_v113/samples/3nq9_Kdist3.0_Kmono2.0/psweep113_r2_20260326_005503/3nq9_ligand_samples.json,./penalty_sweep_qpu_v113/samples/3nq9_Kdist3.0_Kmono2.0/psweep113_r2_20260326_005503/result.json
3nq9,3nq9_Kdist3.0_Kmono3.0,psweep113_r2_20260326_005503,3.0,3.0,ok,2.606795267919696,1000,1000,1000,0,0.0,1.0,0.0,0.2153048,0.1807,Advantage2_system1.13,1945,23,./penalty_sweep_qpu_v113/samples/3nq9_Kdist3.0_Kmono3.0/psweep113_r2_20260326_005503/3nq9_ligand_report.csv,./penalty_sweep_qpu_v113/samples/3nq9_Kdist3.0_Kmono3.0/psweep113_r2_20260326_005503/3nq9_ligand_samples.json,./penalty_sweep_qpu_v113/samples/3nq9_Kdist3.0_Kmono3.0/psweep113_r2_20260326_005503/result.json
3nq9,3nq9_Kdist3.0_Kmono4.0,psweep113_r2_20260326_005503,3.0,4.0,ok,5.013949902843254,1000,1000,1000,0,0.0,1.0,0.0,0.207852,0.17324,Advantage2_system1.13,2142,25,./penalty_sweep_qpu_v113/samples/3nq9_Kdist3.0_Kmono4.0/psweep113_r2_20260326_005503/3nq9_ligand_report.csv,./penalty_sweep_qpu_v113/samples/3nq9_Kdist3.0_Kmono4.0/psweep113_r2_20260326_005503/3nq9_ligand_samples.json,./penalty_sweep_qpu_v113/samples/3nq9_Kdist3.0_Kmono4.0/psweep113_r2_20260326_005503/result.json
3nq9,3nq9_Kdist3.0_Kmono5.0,psweep113_r2_20260326_005503,3.0,5.0,ok,3.4939109984850396,1000,1000,1000,0,0.0,1.0,0.0,0.21212479999999997,0.17752,Advantage2_system1.13,2086,24,./penalty_sweep_qpu_v113/samples/3nq9_Kdist3.0_Kmono5.0/psweep113_r2_20260326_005503/3nq9_ligand_report.csv,./penalty_sweep_qpu_v113/samples/3nq9_Kdist3.0_Kmono5.0/psweep113_r2_20260326_005503/3nq9_ligand_samples.json,./penalty_sweep_qpu_v113/samples/3nq9_Kdist3.0_Kmono5.0/psweep113_r2_20260326_005503/result.json
3nq9,3nq9_Kdist3.0_Kmono6.0,psweep113_r2_20260326_005503,3.0,6.0,ok,2.0379224519380337,1000,1000,1000,0,0.0,1.0,0.0,0.2049524,0.17034,Advantage2_system1.13,2039,24,./penalty_sweep_qpu_v113/samples/3nq9_Kdist3.0_Kmono6.0/psweep113_r2_20260326_005503/3nq9_ligand_report.csv,./penalty_sweep_qpu_v113/samples/3nq9_Kdist3.0_Kmono6.0/psweep113_r2_20260326_005503/3nq9_ligand_samples.json,./penalty_sweep_qpu_v113/samples/3nq9_Kdist3.0_Kmono6.0/psweep113_r2_20260326_005503/result.json
3nq9,3nq9_Kdist3.0_Kmono7.0,psweep113_r2_20260326_005503,3.0,7.0,ok,2.031276278925623,1000,1000,1000,0,0.0,1.0,0.0,0.2078044,0.1732,Advantage2_system1.13,2049,25,./penalty_sweep_qpu_v113/samples/3nq9_Kdist3.0_Kmono7.0/psweep113_r2_20260326_005503/3nq9_ligand_report.csv,./penalty_sweep_qpu_v113/samples/3nq9_Kdist3.0_Kmono7.0/psweep113_r2_20260326_005503/3nq9_ligand_samples.json,./penalty_sweep_qpu_v113/samples/3nq9_Kdist3.0_Kmono7.0/psweep113_r2_20260326_005503/result.json
3nq9,3nq9_Kdist3.0_Kmono8.0,psweep113_r2_20260326_005503,3.0,8.0,ok,1.1507615084234448,1000,1000,1000,17,0.017,1.0,0.017,0.205984,0.17138,Advantage2_system1.13,2131,24,./penalty_sweep_qpu_v113/samples/3nq9_Kdist3.0_Kmono8.0/psweep113_r2_20260326_005503/3nq9_ligand_report.csv,./penalty_sweep_qpu_v113/samples/3nq9_Kdist3.0_Kmono8.0/psweep113_r2_20260326_005503/3nq9_ligand_samples.json,./penalty_sweep_qpu_v113/samples/3nq9_Kdist3.0_Kmono8.0/psweep113_r2_20260326_005503/result.json
3nq9,3nq9_Kdist3.0_Kmono9.0,psweep113_r2_20260326_005503,3.0,9.0,ok,2.878748357551261,1000,1000,1000,0,0.0,1.0,0.0,0.218774,0.18416,Advantage2_system1.13,2357,28,./penalty_sweep_qpu_v113/samples/3nq9_Kdist3.0_Kmono9.0/psweep113_r2_20260326_005503/3nq9_ligand_report.csv,./penalty_sweep_qpu_v113/samples/3nq9_Kdist3.0_Kmono9.0/psweep113_r2_20260326_005503/3nq9_ligand_samples.json,./penalty_sweep_qpu_v113/samples/3nq9_Kdist3.0_Kmono9.0/psweep113_r2_20260326_005503/result.json
3nq9,3nq9_Kdist3.0_Kmono10.0,psweep113_r2_20260326_005503,3.0,10.0,ok,2.5727266508911946,1000,1000,1000,0,0.0,1.0,0.0,0.2099488,0.17534,Advantage2_system1.13,2155,26,./penalty_sweep_qpu_v113/samples/3nq9_Kdist3.0_Kmono10.0/psweep113_r2_20260326_005503/3nq9_ligand_report.csv,./penalty_sweep_qpu_v113/samples/3nq9_Kdist3.0_Kmono10.0/psweep113_r2_20260326_005503/3nq9_ligand_samples.json,./penalty_sweep_qpu_v113/samples/3nq9_Kdist3.0_Kmono10.0/psweep113_r2_20260326_005503/result.json
3nq9,3nq9_Kdist3.0_Kmono11.0,psweep113_r2_20260326_005503,3.0,11.0,ok,1.4387898951135967,1000,1000,1000,5,0.005,1.0,0.005,0.20658079999999998,0.17198,Advantage2_system1.13,2070,24,./penalty_sweep_qpu_v113/samples/3nq9_Kdist3.0_Kmono11.0/psweep113_r2_20260326_005503/3nq9_ligand_report.csv,./penalty_sweep_qpu_v113/samples/3nq9_Kdist3.0_Kmono11.0/psweep113_r2_20260326_005503/3nq9_ligand_samples.json,./penalty_sweep_qpu_v113/samples/3nq9_Kdist3.0_Kmono11.0/psweep113_r2_20260326_005503/result.json
3nq9,3nq9_Kdist3.0_Kmono12.0,psweep113_r2_20260326_005503,3.0,12.0,ok,2.099369436009604,1000,1000,1000,0,0.0,1.0,0.0,0.2039524,0.16934,Advantage2_system1.13,2005,23,./penalty_sweep_qpu_v113/samples/3nq9_Kdist3.0_Kmono12.0/psweep113_r2_20260326_005503/3nq9_ligand_report.csv,./penalty_sweep_qpu_v113/samples/3nq9_Kdist3.0_Kmono12.0/psweep113_r2_20260326_005503/3nq9_ligand_samples.json,./penalty_sweep_qpu_v113/samples/3nq9_Kdist3.0_Kmono12.0/psweep113_r2_20260326_005503/result.json
3nq9,3nq9_Kdist3.0_Kmono13.0,psweep113_r2_20260326_005503,3.0,13.0,ok,0.7357722640305205,1000,1000,1000,25,0.025,1.0,0.025,0.2053496,0.17074,Advantage2_system1.13,2085,24,./penalty_sweep_qpu_v113/samples/3nq9_Kdist3.0_Kmono13.0/psweep113_r2_20260326_005503/3nq9_ligand_report.csv,./penalty_sweep_qpu_v113/samples/3nq9_Kdist3.0_Kmono13.0/psweep113_r2_20260326_005503/3nq9_ligand_samples.json,./penalty_sweep_qpu_v113/samples/3nq9_Kdist3.0_Kmono13.0/psweep113_r2_20260326_005503/result.json
3nq9,3nq9_Kdist3.0_Kmono14.0,psweep113_r2_20260326_005503,3.0,14.0,ok,4.890142088563374,1000,1000,1000,0,0.0,1.0,0.0,0.20899,0.17438,Advantage2_system1.13,2055,25,./penalty_sweep_qpu_v113/samples/3nq9_Kdist3.0_Kmono14.0/psweep113_r2_20260326_005503/3nq9_ligand_report.csv,./penalty_sweep_qpu_v113/samples/3nq9_Kdist3.0_Kmono14.0/psweep113_r2_20260326_005503/3nq9_ligand_samples.json,./penalty_sweep_qpu_v113/samples/3nq9_Kdist3.0_Kmono14.0/psweep113_r2_20260326_005503/result.json
3nq9,3nq9_Kdist3.0_Kmono15.0,psweep113_r2_20260326_005503,3.0,15.0,ok,2.7386218349979856,1000,1000,1000,0,0.0,1.0,0.0,0.2113864,0.17678,Advantage2_system1.13,2050,26,./penalty_sweep_qpu_v113/samples/3nq9_Kdist3.0_Kmono15.0/psweep113_r2_20260326_005503/3nq9_ligand_report.csv,./penalty_sweep_qpu_v113/samples/3nq9_Kdist3.0_Kmono15.0/psweep113_r2_20260326_005503/3nq9_ligand_samples.json,./penalty_sweep_qpu_v113/samples/3nq9_Kdist3.0_Kmono15.0/psweep113_r2_20260326_005503/result.json
3nq9,3nq9_Kdist3.0_Kmono16.0,psweep113_r2_20260326_005503,3.0,16.0,ok,2.4193328674733805,1000,1000,1000,0,0.0,1.0,0.0,0.207378,0.17278,Advantage2_system1.13,1999,25,./penalty_sweep_qpu_v113/samples/3nq9_Kdist3.0_Kmono16.0/psweep113_r2_20260326_005503/3nq9_ligand_report.csv,./penalty_sweep_qpu_v113/samples/3nq9_Kdist3.0_Kmono16.0/psweep113_r2_20260326_005503/3nq9_ligand_samples.json,./penalty_sweep_qpu_v113/samples/3nq9_Kdist3.0_Kmono16.0/psweep113_r2_20260326_005503/result.json
3nq9,3nq9_Kdist3.0_Kmono17.0,psweep113_r2_20260326_005503,3.0,17.0,ok,2.2591299484896523,1000,1000,1000,0,0.0,1.0,0.0,0.2139,0.1793,Advantage2_system1.13,1977,23,./penalty_sweep_qpu_v113/samples/3nq9_Kdist3.0_Kmono17.0/psweep113_r2_20260326_005503/3nq9_ligand_report.csv,./penalty_sweep_qpu_v113/samples/3nq9_Kdist3.0_Kmono17.0/psweep113_r2_20260326_005503/3nq9_ligand_samples.json,./penalty_sweep_qpu_v113/samples/3nq9_Kdist3.0_Kmono17.0/psweep113_r2_20260326_005503/result.json
3nq9,3nq9_Kdist3.0_Kmono18.0,psweep113_r2_20260326_005503,3.0,18.0,ok,1.9625641410632575,1000,1000,1000,1,0.001,1.0,0.001,0.20935,0.17474,Advantage2_system1.13,2260,27,./penalty_sweep_qpu_v113/samples/3nq9_Kdist3.0_Kmono18.0/psweep113_r2_20260326_005503/3nq9_ligand_report.csv,./penalty_sweep_qpu_v113/samples/3nq9_Kdist3.0_Kmono18.0/psweep113_r2_20260326_005503/3nq9_ligand_samples.json,./penalty_sweep_qpu_v113/samples/3nq9_Kdist3.0_Kmono18.0/psweep113_r2_20260326_005503/result.json
3nq9,3nq9_Kdist3.0_Kmono19.0,psweep113_r2_20260326_005503,3.0,19.0,ok,2.6890122197312296,1000,1000,1000,0,0.0,1.0,0.0,0.2084424,0.17384,Advantage2_system1.13,1916,22,./penalty_sweep_qpu_v113/samples/3nq9_Kdist3.0_Kmono19.0/psweep113_r2_20260326_005503/3nq9_ligand_report.csv,./penalty_sweep_qpu_v113/samples/3nq9_Kdist3.0_Kmono19.0/psweep113_r2_20260326_005503/3nq9_ligand_samples.json,./penalty_sweep_qpu_v113/samples/3nq9_Kdist3.0_Kmono19.0/psweep113_r2_20260326_005503/result.json
3nq9,3nq9_Kdist3.0_Kmono20.0,psweep113_r2_20260326_005503,3.0,20.0,ok,2.124400724411795,1000,1000,1000,0,0.0,1.0,0.0,0.2091252,0.17452,Advantage2_system1.13,2232,27,./penalty_sweep_qpu_v113/samples/3nq9_Kdist3.0_Kmono20.0/psweep113_r2_20260326_005503/3nq9_ligand_report.csv,./penalty_sweep_qpu_v113/samples/3nq9_Kdist3.0_Kmono20.0/psweep113_r2_20260326_005503/3nq9_ligand_samples.json,./penalty_sweep_qpu_v113/samples/3nq9_Kdist3.0_Kmono20.0/psweep113_r2_20260326_005503/result.json
3nq9,3nq9_Kdist3.5_Kmono1.0,psweep113_r2_20260326_005503,3.5,1.0,ok,2.958314084700545,1000,1000,1000,0,0.0,1.0,0.0,0.2069876,0.17238,Advantage2_system1.13,2226,25,./penalty_sweep_qpu_v113/samples/3nq9_Kdist3.5_Kmono1.0/psweep113_r2_20260326_005503/3nq9_ligand_report.csv,./penalty_sweep_qpu_v113/samples/3nq9_Kdist3.5_Kmono1.0/psweep113_r2_20260326_005503/3nq9_ligand_samples.json,./penalty_sweep_qpu_v113/samples/3nq9_Kdist3.5_Kmono1.0/psweep113_r2_20260326_005503/result.json
3nq9,3nq9_Kdist3.5_Kmono2.0,psweep113_r2_20260326_005503,3.5,2.0,ok,4.839569071115082,1000,1000,1000,0,0.0,1.0,0.0,0.2067744,0.17216,Advantage2_system1.13,2157,24,./penalty_sweep_qpu_v113/samples/3nq9_Kdist3.5_Kmono2.0/psweep113_r2_20260326_005503/3nq9_ligand_report.csv,./penalty_sweep_qpu_v113/samples/3nq9_Kdist3.5_Kmono2.0/psweep113_r2_20260326_005503/3nq9_ligand_samples.json,./penalty_sweep_qpu_v113/samples/3nq9_Kdist3.5_Kmono2.0/psweep113_r2_20260326_005503/result.json
3nq9,3nq9_Kdist3.5_Kmono3.0,psweep113_r2_20260326_005503,3.5,3.0,ok,3.291330464461165,1000,1000,1000,0,0.0,1.0,0.0,0.20620560000000002,0.1716,Advantage2_system1.13,2045,25,./penalty_sweep_qpu_v113/samples/3nq9_Kdist3.5_Kmono3.0/psweep113_r2_20260326_005503/3nq9_ligand_report.csv,./penalty_sweep_qpu_v113/samples/3nq9_Kdist3.5_Kmono3.0/psweep113_r2_20260326_005503/3nq9_ligand_samples.json,./penalty_sweep_qpu_v113/samples/3nq9_Kdist3.5_Kmono3.0/psweep113_r2_20260326_005503/result.json
3nq9,3nq9_Kdist3.5_Kmono4.0,psweep113_r2_20260326_005503,3.5,4.0,ok,2.7535000560264202,1000,1000,1000,0,0.0,1.0,0.0,0.2091956,0.1746,Advantage2_system1.13,1986,23,./penalty_sweep_qpu_v113/samples/3nq9_Kdist3.5_Kmono4.0/psweep113_r2_20260326_005503/3nq9_ligand_report.csv,./penalty_sweep_qpu_v113/samples/3nq9_Kdist3.5_Kmono4.0/psweep113_r2_20260326_005503/3nq9_ligand_samples.json,./penalty_sweep_qpu_v113/samples/3nq9_Kdist3.5_Kmono4.0/psweep113_r2_20260326_005503/result.json
3nq9,3nq9_Kdist3.5_Kmono5.0,psweep113_r2_20260326_005503,3.5,5.0,ok,2.1620196760140074,1000,1000,1000,0,0.0,1.0,0.0,0.2069456,0.17234,Advantage2_system1.13,2185,25,./penalty_sweep_qpu_v113/samples/3nq9_Kdist3.5_Kmono5.0/psweep113_r2_20260326_005503/3nq9_ligand_report.csv,./penalty_sweep_qpu_v113/samples/3nq9_Kdist3.5_Kmono5.0/psweep113_r2_20260326_005503/3nq9_ligand_samples.json,./penalty_sweep_qpu_v113/samples/3nq9_Kdist3.5_Kmono5.0/psweep113_r2_20260326_005503/result.json
3nq9,3nq9_Kdist3.5_Kmono6.0,psweep113_r2_20260326_005503,3.5,6.0,ok,1.9338743072659101,1000,1000,1000,1,0.001,1.0,0.001,0.2064908,0.17188,Advantage2_system1.13,2183,26,./penalty_sweep_qpu_v113/samples/3nq9_Kdist3.5_Kmono6.0/psweep113_r2_20260326_005503/3nq9_ligand_report.csv,./penalty_sweep_qpu_v113/samples/3nq9_Kdist3.5_Kmono6.0/psweep113_r2_20260326_005503/3nq9_ligand_samples.json,./penalty_sweep_qpu_v113/samples/3nq9_Kdist3.5_Kmono6.0/psweep113_r2_20260326_005503/result.json
3nq9,3nq9_Kdist3.5_Kmono7.0,psweep113_r2_20260326_005503,3.5,7.0,ok,4.608885900361497,1000,1000,1000,0,0.0,1.0,0.0,0.21569760000000002,0.1811,Advantage2_system1.13,2000,23,./penalty_sweep_qpu_v113/samples/3nq9_Kdist3.5_Kmono7.0/psweep113_r2_20260326_005503/3nq9_ligand_report.csv,./penalty_sweep_qpu_v113/samples/3nq9_Kdist3.5_Kmono7.0/psweep113_r2_20260326_005503/3nq9_ligand_samples.json,./penalty_sweep_qpu_v113/samples/3nq9_Kdist3.5_Kmono7.0/psweep113_r2_20260326_005503/result.json
3nq9,3nq9_Kdist3.5_Kmono8.0,psweep113_r2_20260326_005503,3.5,8.0,ok,3.066071472915929,1000,1000,1000,0,0.0,1.0,0.0,0.21184160000000002,0.17724,Advantage2_system1.13,2158,25,./penalty_sweep_qpu_v113/samples/3nq9_Kdist3.5_Kmono8.0/psweep113_r2_20260326_005503/3nq9_ligand_report.csv,./penalty_sweep_qpu_v113/samples/3nq9_Kdist3.5_Kmono8.0/psweep113_r2_20260326_005503/3nq9_ligand_samples.json,./penalty_sweep_qpu_v113/samples/3nq9_Kdist3.5_Kmono8.0/psweep113_r2_20260326_005503/result.json
3nq9,3nq9_Kdist3.5_Kmono9.0,psweep113_r2_20260326_005503,3.5,9.0,ok,2.0708705797782696,1000,1000,1000,0,0.0,1.0,0.0,0.220168,0.18556,Advantage2_system1.13,2328,29,./penalty_sweep_qpu_v113/samples/3nq9_Kdist3.5_Kmono9.0/psweep113_r2_20260326_005503/3nq9_ligand_report.csv,./penalty_sweep_qpu_v113/samples/3nq9_Kdist3.5_Kmono9.0/psweep113_r2_20260326_005503/3nq9_ligand_samples.json,./penalty_sweep_qpu_v113/samples/3nq9_Kdist3.5_Kmono9.0/psweep113_r2_20260326_005503/result.json
3nq9,3nq9_Kdist3.5_Kmono10.0,psweep113_r2_20260326_005503,3.5,10.0,ok,1.286306291232195,1000,1000,1000,16,0.016,1.0,0.016,0.205208,0.1706,Advantage2_system1.13,2003,23,./penalty_sweep_qpu_v113/samples/3nq9_Kdist3.5_Kmono10.0/psweep113_r2_20260326_005503/3nq9_ligand_report.csv,./penalty_sweep_qpu_v113/samples/3nq9_Kdist3.5_Kmono10.0/psweep113_r2_20260326_005503/3nq9_ligand_samples.json,./penalty_sweep_qpu_v113/samples/3nq9_Kdist3.5_Kmono10.0/psweep113_r2_20260326_005503/result.json
3nq9,3nq9_Kdist3.5_Kmono11.0,psweep113_r2_20260326_005503,3.5,11.0,ok,5.135839943051824,1000,1000,1000,0,0.0,1.0,0.0,0.2145396,0.17992,Advantage2_system1.13,2173,27,./penalty_sweep_qpu_v113/samples/3nq9_Kdist3.5_Kmono11.0/psweep113_r2_20260326_005503/3nq9_ligand_report.csv,./penalty_sweep_qpu_v113/samples/3nq9_Kdist3.5_Kmono11.0/psweep113_r2_20260326_005503/3nq9_ligand_samples.json,./penalty_sweep_qpu_v113/samples/3nq9_Kdist3.5_Kmono11.0/psweep113_r2_20260326_005503/result.json
3nq9,3nq9_Kdist3.5_Kmono12.0,psweep113_r2_20260326_005503,3.5,12.0,ok,1.5547064702655178,1000,1000,1000,6,0.006,1.0,0.006,0.2058468,0.17124,Advantage2_system1.13,2130,25,./penalty_sweep_qpu_v113/samples/3nq9_Kdist3.5_Kmono12.0/psweep113_r2_20260326_005503/3nq9_ligand_report.csv,./penalty_sweep_qpu_v113/samples/3nq9_Kdist3.5_Kmono12.0/psweep113_r2_20260326_005503/3nq9_ligand_samples.json,./penalty_sweep_qpu_v113/samples/3nq9_Kdist3.5_Kmono12.0/psweep113_r2_20260326_005503/result.json
3nq9,3nq9_Kdist3.5_Kmono13.0,psweep113_r2_20260326_005503,3.5,13.0,ok,3.434321692245663,1000,1000,1000,0,0.0,1.0,0.0,0.2162104,0.1816,Advantage2_system1.13,2090,25,./penalty_sweep_qpu_v113/samples/3nq9_Kdist3.5_Kmono13.0/psweep113_r2_20260326_005503/3nq9_ligand_report.csv,./penalty_sweep_qpu_v113/samples/3nq9_Kdist3.5_Kmono13.0/psweep113_r2_20260326_005503/3nq9_ligand_samples.json,./penalty_sweep_qpu_v113/samples/3nq9_Kdist3.5_Kmono13.0/psweep113_r2_20260326_005503/result.json
3nq9,3nq9_Kdist3.5_Kmono14.0,psweep113_r2_20260326_005503,3.5,14.0,ok,2.6471624487456595,1000,1000,1000,0,0.0,1.0,0.0,0.2162084,0.1816,Advantage2_system1.13,2064,25,./penalty_sweep_qpu_v113/samples/3nq9_Kdist3.5_Kmono14.0/psweep113_r2_20260326_005503/3nq9_ligand_report.csv,./penalty_sweep_qpu_v113/samples/3nq9_Kdist3.5_Kmono14.0/psweep113_r2_20260326_005503/3nq9_ligand_samples.json,./penalty_sweep_qpu_v113/samples/3nq9_Kdist3.5_Kmono14.0/psweep113_r2_20260326_005503/result.json
3nq9,3nq9_Kdist3.5_Kmono15.0,psweep113_r2_20260326_005503,3.5,15.0,ok,1.1049242155679846,1000,1000,1000,12,0.012,1.0,0.012,0.2181284,0.18352,Advantage2_system1.13,1962,23,./penalty_sweep_qpu_v113/samples/3nq9_Kdist3.5_Kmono15.0/psweep113_r2_20260326_005503/3nq9_ligand_report.csv,./penalty_sweep_qpu_v113/samples/3nq9_Kdist3.5_Kmono15.0/psweep113_r2_20260326_005503/3nq9_ligand_samples.json,./penalty_sweep_qpu_v113/samples/3nq9_Kdist3.5_Kmono15.0/psweep113_r2_20260326_005503/result.json
3nq9,3nq9_Kdist3.5_Kmono16.0,psweep113_r2_20260326_005503,3.5,16.0,ok,3.196689410337579,1000,1000,1000,0,0.0,1.0,0.0,0.20873360000000002,0.17412,Advantage2_system1.13,2262,26,./penalty_sweep_qpu_v113/samples/3nq9_Kdist3.5_Kmono16.0/psweep113_r2_20260326_005503/3nq9_ligand_report.csv,./penalty_sweep_qpu_v113/samples/3nq9_Kdist3.5_Kmono16.0/psweep113_r2_20260326_005503/3nq9_ligand_samples.json,./penalty_sweep_qpu_v113/samples/3nq9_Kdist3.5_Kmono16.0/psweep113_r2_20260326_005503/result.json
3nq9,3nq9_Kdist3.5_Kmono17.0,psweep113_r2_20260326_005503,3.5,17.0,ok,3.1506093199592358,1000,1000,1000,0,0.0,1.0,0.0,0.20012,0.16552,Advantage2_system1.13,2009,23,./penalty_sweep_qpu_v113/samples/3nq9_Kdist3.5_Kmono17.0/psweep113_r2_20260326_005503/3nq9_ligand_report.csv,./penalty_sweep_qpu_v113/samples/3nq9_Kdist3.5_Kmono17.0/psweep113_r2_20260326_005503/3nq9_ligand_samples.json,./penalty_sweep_qpu_v113/samples/3nq9_Kdist3.5_Kmono17.0/psweep113_r2_20260326_005503/result.json
3nq9,3nq9_Kdist3.5_Kmono18.0,psweep113_r2_20260326_005503,3.5,18.0,ok,1.305988608124891,1000,1000,1000,19,0.019,1.0,0.019,0.206096,0.17148,Advantage2_system1.13,2181,26,./penalty_sweep_qpu_v113/samples/3nq9_Kdist3.5_Kmono18.0/psweep113_r2_20260326_005503/3nq9_ligand_report.csv,./penalty_sweep_qpu_v113/samples/3nq9_Kdist3.5_Kmono18.0/psweep113_r2_20260326_005503/3nq9_ligand_samples.json,./penalty_sweep_qpu_v113/samples/3nq9_Kdist3.5_Kmono18.0/psweep113_r2_20260326_005503/result.json
3nq9,3nq9_Kdist3.5_Kmono19.0,psweep113_r2_20260326_005503,3.5,19.0,ok,1.2514878052608533,1000,1000,1000,3,0.003,1.0,0.003,0.21204679999999998,0.17744,Advantage2_system1.13,2501,29,./penalty_sweep_qpu_v113/samples/3nq9_Kdist3.5_Kmono19.0/psweep113_r2_20260326_005503/3nq9_ligand_report.csv,./penalty_sweep_qpu_v113/samples/3nq9_Kdist3.5_Kmono19.0/psweep113_r2_20260326_005503/3nq9_ligand_samples.json,./penalty_sweep_qpu_v113/samples/3nq9_Kdist3.5_Kmono19.0/psweep113_r2_20260326_005503/result.json
3nq9,3nq9_Kdist3.5_Kmono20.0,psweep113_r2_20260326_005503,3.5,20.0,ok,2.8736099340873498,1000,1000,1000,0,0.0,1.0,0.0,0.2084892,0.17388,Advantage2_system1.13,2047,25,./penalty_sweep_qpu_v113/samples/3nq9_Kdist3.5_Kmono20.0/psweep113_r2_20260326_005503/3nq9_ligand_report.csv,./penalty_sweep_qpu_v113/samples/3nq9_Kdist3.5_Kmono20.0/psweep113_r2_20260326_005503/3nq9_ligand_samples.json,./penalty_sweep_qpu_v113/samples/3nq9_Kdist3.5_Kmono20.0/psweep113_r2_20260326_005503/result.json
3nq9,3nq9_Kdist4.0_Kmono1.0,psweep113_r2_20260326_005503,4.0,1.0,ok,4.4971334088075645,1000,1000,1000,0,0.0,1.0,0.0,0.209992,0.17538,Advantage2_system1.13,2181,26,./penalty_sweep_qpu_v113/samples/3nq9_Kdist4.0_Kmono1.0/psweep113_r2_20260326_005503/3nq9_ligand_report.csv,./penalty_sweep_qpu_v113/samples/3nq9_Kdist4.0_Kmono1.0/psweep113_r2_20260326_005503/3nq9_ligand_samples.json,./penalty_sweep_qpu_v113/samples/3nq9_Kdist4.0_Kmono1.0/psweep113_r2_20260326_005503/result.json
3nq9,3nq9_Kdist4.0_Kmono2.0,psweep113_r2_20260326_005503,4.0,2.0,ok,2.8506649370638586,1000,1000,1000,0,0.0,1.0,0.0,0.201666,0.16706,Advantage2_system1.13,2137,25,./penalty_sweep_qpu_v113/samples/3nq9_Kdist4.0_Kmono2.0/psweep113_r2_20260326_005503/3nq9_ligand_report.csv,./penalty_sweep_qpu_v113/samples/3nq9_Kdist4.0_Kmono2.0/psweep113_r2_20260326_005503/3nq9_ligand_samples.json,./penalty_sweep_qpu_v113/samples/3nq9_Kdist4.0_Kmono2.0/psweep113_r2_20260326_005503/result.json
3nq9,3nq9_Kdist4.0_Kmono3.0,psweep113_r2_20260326_005503,4.0,3.0,ok,3.6155495089182055,1000,1000,1000,0,0.0,1.0,0.0,0.21684720000000002,0.18224,Advantage2_system1.13,2221,28,./penalty_sweep_qpu_v113/samples/3nq9_Kdist4.0_Kmono3.0/psweep113_r2_20260326_005503/3nq9_ligand_report.csv,./penalty_sweep_qpu_v113/samples/3nq9_Kdist4.0_Kmono3.0/psweep113_r2_20260326_005503/3nq9_ligand_samples.json,./penalty_sweep_qpu_v113/samples/3nq9_Kdist4.0_Kmono3.0/psweep113_r2_20260326_005503/result.json
3nq9,3nq9_Kdist4.0_Kmono4.0,psweep113_r2_20260326_005503,4.0,4.0,ok,4.3869873613899415,1000,1000,1000,0,0.0,1.0,0.0,0.20252679999999998,0.16792,Advantage2_system1.13,2198,26,./penalty_sweep_qpu_v113/samples/3nq9_Kdist4.0_Kmono4.0/psweep113_r2_20260326_005503/3nq9_ligand_report.csv,./penalty_sweep_qpu_v113/samples/3nq9_Kdist4.0_Kmono4.0/psweep113_r2_20260326_005503/3nq9_ligand_samples.json,./penalty_sweep_qpu_v113/samples/3nq9_Kdist4.0_Kmono4.0/psweep113_r2_20260326_005503/result.json
3nq9,3nq9_Kdist4.0_Kmono5.0,psweep113_r2_20260326_005503,4.0,5.0,ok,5.581897165864741,1000,1000,1000,0,0.0,1.0,0.0,0.2136216,0.17902,Advantage2_system1.13,2010,24,./penalty_sweep_qpu_v113/samples/3nq9_Kdist4.0_Kmono5.0/psweep113_r2_20260326_005503/3nq9_ligand_report.csv,./penalty_sweep_qpu_v113/samples/3nq9_Kdist4.0_Kmono5.0/psweep113_r2_20260326_005503/3nq9_ligand_samples.json,./penalty_sweep_qpu_v113/samples/3nq9_Kdist4.0_Kmono5.0/psweep113_r2_20260326_005503/result.json
3nq9,3nq9_Kdist4.0_Kmono6.0,psweep113_r2_20260326_005503,4.0,6.0,ok,2.768324632649505,1000,1000,1000,0,0.0,1.0,0.0,0.207092,0.17248,Advantage2_system1.13,2230,28,./penalty_sweep_qpu_v113/samples/3nq9_Kdist4.0_Kmono6.0/psweep113_r2_20260326_005503/3nq9_ligand_report.csv,./penalty_sweep_qpu_v113/samples/3nq9_Kdist4.0_Kmono6.0/psweep113_r2_20260326_005503/3nq9_ligand_samples.json,./penalty_sweep_qpu_v113/samples/3nq9_Kdist4.0_Kmono6.0/psweep113_r2_20260326_005503/result.json
3nq9,3nq9_Kdist4.0_Kmono7.0,psweep113_r2_20260326_005503,4.0,7.0,ok,1.8475744580696707,1000,1000,1000,2,0.002,1.0,0.002,0.2134876,0.17888,Advantage2_system1.13,1977,22,./penalty_sweep_qpu_v113/samples/3nq9_Kdist4.0_Kmono7.0/psweep113_r2_20260326_005503/3nq9_ligand_report.csv,./penalty_sweep_qpu_v113/samples/3nq9_Kdist4.0_Kmono7.0/psweep113_r2_20260326_005503/3nq9_ligand_samples.json,./penalty_sweep_qpu_v113/samples/3nq9_Kdist4.0_Kmono7.0/psweep113_r2_20260326_005503/result.json
3nq9,3nq9_Kdist4.0_Kmono8.0,psweep113_r2_20260326_005503,4.0,8.0,ok,3.768787771817365,1000,1000,1000,0,0.0,1.0,0.0,0.2115476,0.17694,Advantage2_system1.13,2015,24,./penalty_sweep_qpu_v113/samples/3nq9_Kdist4.0_Kmono8.0/psweep113_r2_20260326_005503/3nq9_ligand_report.csv,./penalty_sweep_qpu_v113/samples/3nq9_Kdist4.0_Kmono8.0/psweep113_r2_20260326_005503/3nq9_ligand_samples.json,./penalty_sweep_qpu_v113/samples/3nq9_Kdist4.0_Kmono8.0/psweep113_r2_20260326_005503/result.json
3nq9,3nq9_Kdist4.0_Kmono9.0,psweep113_r2_20260326_005503,4.0,9.0,ok,2.55122948092201,1000,1000,1000,0,0.0,1.0,0.0,0.21784320000000001,0.18324,Advantage2_system1.13,1889,21,./penalty_sweep_qpu_v113/samples/3nq9_Kdist4.0_Kmono9.0/psweep113_r2_20260326_005503/3nq9_ligand_report.csv,./penalty_sweep_qpu_v113/samples/3nq9_Kdist4.0_Kmono9.0/psweep113_r2_20260326_005503/3nq9_ligand_samples.json,./penalty_sweep_qpu_v113/samples/3nq9_Kdist4.0_Kmono9.0/psweep113_r2_20260326_005503/result.json
3nq9,3nq9_Kdist4.0_Kmono10.0,psweep113_r2_20260326_005503,4.0,10.0,ok,4.614887910794533,1000,1000,1000,0,0.0,1.0,0.0,0.20148,0.16688,Advantage2_system1.13,1993,24,./penalty_sweep_qpu_v113/samples/3nq9_Kdist4.0_Kmono10.0/psweep113_r2_20260326_005503/3nq9_ligand_report.csv,./penalty_sweep_qpu_v113/samples/3nq9_Kdist4.0_Kmono10.0/psweep113_r2_20260326_005503/3nq9_ligand_samples.json,./penalty_sweep_qpu_v113/samples/3nq9_Kdist4.0_Kmono10.0/psweep113_r2_20260326_005503/result.json
3nq9,3nq9_Kdist4.0_Kmono11.0,psweep113_r2_20260326_005503,4.0,11.0,ok,5.653051940422247,1000,1000,1000,0,0.0,1.0,0.0,0.2141708,0.17956,Advantage2_system1.13,2098,25,./penalty_sweep_qpu_v113/samples/3nq9_Kdist4.0_Kmono11.0/psweep113_r2_20260326_005503/3nq9_ligand_report.csv,./penalty_sweep_qpu_v113/samples/3nq9_Kdist4.0_Kmono11.0/psweep113_r2_20260326_005503/3nq9_ligand_samples.json,./penalty_sweep_qpu_v113/samples/3nq9_Kdist4.0_Kmono11.0/psweep113_r2_20260326_005503/result.json
3nq9,3nq9_Kdist4.0_Kmono12.0,psweep113_r2_20260326_005503,4.0,12.0,ok,4.492031870251866,1000,1000,1000,0,0.0,1.0,0.0,0.2024092,0.1678,Advantage2_system1.13,1843,20,./penalty_sweep_qpu_v113/samples/3nq9_Kdist4.0_Kmono12.0/psweep113_r2_20260326_005503/3nq9_ligand_report.csv,./penalty_sweep_qpu_v113/samples/3nq9_Kdist4.0_Kmono12.0/psweep113_r2_20260326_005503/3nq9_ligand_samples.json,./penalty_sweep_qpu_v113/samples/3nq9_Kdist4.0_Kmono12.0/psweep113_r2_20260326_005503/result.json
3nq9,3nq9_Kdist4.0_Kmono13.0,psweep113_r2_20260326_005503,4.0,13.0,ok,2.4030753547378003,1000,1000,1000,0,0.0,1.0,0.0,0.2099456,0.17534,Advantage2_system1.13,1974,23,./penalty_sweep_qpu_v113/samples/3nq9_Kdist4.0_Kmono13.0/psweep113_r2_20260326_005503/3nq9_ligand_report.csv,./penalty_sweep_qpu_v113/samples/3nq9_Kdist4.0_Kmono13.0/psweep113_r2_20260326_005503/3nq9_ligand_samples.json,./penalty_sweep_qpu_v113/samples/3nq9_Kdist4.0_Kmono13.0/psweep113_r2_20260326_005503/result.json
3nq9,3nq9_Kdist4.0_Kmono14.0,psweep113_r2_20260326_005503,4.0,14.0,ok,2.576885064849524,1000,1000,1000,0,0.0,1.0,0.0,0.2028784,0.16828,Advantage2_system1.13,2022,23,./penalty_sweep_qpu_v113/samples/3nq9_Kdist4.0_Kmono14.0/psweep113_r2_20260326_005503/3nq9_ligand_report.csv,./penalty_sweep_qpu_v113/samples/3nq9_Kdist4.0_Kmono14.0/psweep113_r2_20260326_005503/3nq9_ligand_samples.json,./penalty_sweep_qpu_v113/samples/3nq9_Kdist4.0_Kmono14.0/psweep113_r2_20260326_005503/result.json
3nq9,3nq9_Kdist4.0_Kmono15.0,psweep113_r2_20260326_005503,4.0,15.0,ok,3.177307219256301,1000,1000,1000,0,0.0,1.0,0.0,0.2191236,0.18452,Advantage2_system1.13,2175,26,./penalty_sweep_qpu_v113/samples/3nq9_Kdist4.0_Kmono15.0/psweep113_r2_20260326_005503/3nq9_ligand_report.csv,./penalty_sweep_qpu_v113/samples/3nq9_Kdist4.0_Kmono15.0/psweep113_r2_20260326_005503/3nq9_ligand_samples.json,./penalty_sweep_qpu_v113/samples/3nq9_Kdist4.0_Kmono15.0/psweep113_r2_20260326_005503/result.json
3nq9,3nq9_Kdist4.0_Kmono16.0,psweep113_r2_20260326_005503,4.0,16.0,ok,1.045813669319254,1000,1000,1000,12,0.012,1.0,0.012,0.207354,0.17274,Advantage2_system1.13,2060,25,./penalty_sweep_qpu_v113/samples/3nq9_Kdist4.0_Kmono16.0/psweep113_r2_20260326_005503/3nq9_ligand_report.csv,./penalty_sweep_qpu_v113/samples/3nq9_Kdist4.0_Kmono16.0/psweep113_r2_20260326_005503/3nq9_ligand_samples.json,./penalty_sweep_qpu_v113/samples/3nq9_Kdist4.0_Kmono16.0/psweep113_r2_20260326_005503/result.json
3nq9,3nq9_Kdist4.0_Kmono17.0,psweep113_r2_20260326_005503,4.0,17.0,ok,3.6241219730297343,1000,1000,1000,0,0.0,1.0,0.0,0.208204,0.1736,Advantage2_system1.13,2116,24,./penalty_sweep_qpu_v113/samples/3nq9_Kdist4.0_Kmono17.0/psweep113_r2_20260326_005503/3nq9_ligand_report.csv,./penalty_sweep_qpu_v113/samples/3nq9_Kdist4.0_Kmono17.0/psweep113_r2_20260326_005503/3nq9_ligand_samples.json,./penalty_sweep_qpu_v113/samples/3nq9_Kdist4.0_Kmono17.0/psweep113_r2_20260326_005503/result.json
3nq9,3nq9_Kdist4.0_Kmono18.0,psweep113_r2_20260326_005503,4.0,18.0,ok,2.338062612667127,1000,1000,1000,0,0.0,1.0,0.0,0.20570560000000002,0.1711,Advantage2_system1.13,2082,23,./penalty_sweep_qpu_v113/samples/3nq9_Kdist4.0_Kmono18.0/psweep113_r2_20260326_005503/3nq9_ligand_report.csv,./penalty_sweep_qpu_v113/samples/3nq9_Kdist4.0_Kmono18.0/psweep113_r2_20260326_005503/3nq9_ligand_samples.json,./penalty_sweep_qpu_v113/samples/3nq9_Kdist4.0_Kmono18.0/psweep113_r2_20260326_005503/result.json
3nq9,3nq9_Kdist4.0_Kmono19.0,psweep113_r2_20260326_005503,4.0,19.0,ok,2.1697780235980657,1000,1000,1000,0,0.0,1.0,0.0,0.2049464,0.17034,Advantage2_system1.13,1918,22,./penalty_sweep_qpu_v113/samples/3nq9_Kdist4.0_Kmono19.0/psweep113_r2_20260326_005503/3nq9_ligand_report.csv,./penalty_sweep_qpu_v113/samples/3nq9_Kdist4.0_Kmono19.0/psweep113_r2_20260326_005503/3nq9_ligand_samples.json,./penalty_sweep_qpu_v113/samples/3nq9_Kdist4.0_Kmono19.0/psweep113_r2_20260326_005503/result.json
3nq9,3nq9_Kdist4.0_Kmono20.0,psweep113_r2_20260326_005503,4.0,20.0,ok,2.5185636903194717,1000,1000,1000,0,0.0,1.0,0.0,0.21812,0.18352,Advantage2_system1.13,2291,27,./penalty_sweep_qpu_v113/samples/3nq9_Kdist4.0_Kmono20.0/psweep113_r2_20260326_005503/3nq9_ligand_report.csv,./penalty_sweep_qpu_v113/samples/3nq9_Kdist4.0_Kmono20.0/psweep113_r2_20260326_005503/3nq9_ligand_samples.json,./penalty_sweep_qpu_v113/samples/3nq9_Kdist4.0_Kmono20.0/psweep113_r2_20260326_005503/result.json
3nq9,3nq9_Kdist4.5_Kmono1.0,psweep113_r2_20260326_005503,4.5,1.0,ok,2.630322702767353,1000,1000,1000,0,0.0,1.0,0.0,0.208226,0.17362,Advantage2_system1.13,2155,26,./penalty_sweep_qpu_v113/samples/3nq9_Kdist4.5_Kmono1.0/psweep113_r2_20260326_005503/3nq9_ligand_report.csv,./penalty_sweep_qpu_v113/samples/3nq9_Kdist4.5_Kmono1.0/psweep113_r2_20260326_005503/3nq9_ligand_samples.json,./penalty_sweep_qpu_v113/samples/3nq9_Kdist4.5_Kmono1.0/psweep113_r2_20260326_005503/result.json
3nq9,3nq9_Kdist4.5_Kmono2.0,psweep113_r2_20260326_005503,4.5,2.0,ok,3.6031412532279363,1000,1000,1000,0,0.0,1.0,0.0,0.20352320000000002,0.16892,Advantage2_system1.13,2165,25,./penalty_sweep_qpu_v113/samples/3nq9_Kdist4.5_Kmono2.0/psweep113_r2_20260326_005503/3nq9_ligand_report.csv,./penalty_sweep_qpu_v113/samples/3nq9_Kdist4.5_Kmono2.0/psweep113_r2_20260326_005503/3nq9_ligand_samples.json,./penalty_sweep_qpu_v113/samples/3nq9_Kdist4.5_Kmono2.0/psweep113_r2_20260326_005503/result.json
3nq9,3nq9_Kdist4.5_Kmono3.0,psweep113_r2_20260326_005503,4.5,3.0,ok,2.8287258781941516,1000,1000,1000,0,0.0,1.0,0.0,0.20830320000000002,0.1737,Advantage2_system1.13,2143,25,./penalty_sweep_qpu_v113/samples/3nq9_Kdist4.5_Kmono3.0/psweep113_r2_20260326_005503/3nq9_ligand_report.csv,./penalty_sweep_qpu_v113/samples/3nq9_Kdist4.5_Kmono3.0/psweep113_r2_20260326_005503/3nq9_ligand_samples.json,./penalty_sweep_qpu_v113/samples/3nq9_Kdist4.5_Kmono3.0/psweep113_r2_20260326_005503/result.json
3nq9,3nq9_Kdist4.5_Kmono4.0,psweep113_r2_20260326_005503,4.5,4.0,ok,2.4323440342592155,1000,1000,1000,0,0.0,1.0,0.0,0.2024076,0.1678,Advantage2_system1.13,1894,22,./penalty_sweep_qpu_v113/samples/3nq9_Kdist4.5_Kmono4.0/psweep113_r2_20260326_005503/3nq9_ligand_report.csv,./penalty_sweep_qpu_v113/samples/3nq9_Kdist4.5_Kmono4.0/psweep113_r2_20260326_005503/3nq9_ligand_samples.json,./penalty_sweep_qpu_v113/samples/3nq9_Kdist4.5_Kmono4.0/psweep113_r2_20260326_005503/result.json
3nq9,3nq9_Kdist4.5_Kmono5.0,psweep113_r2_20260326_005503,4.5,5.0,ok,2.454863240588936,1000,1000,1000,0,0.0,1.0,0.0,0.2054512,0.17084,Advantage2_system1.13,2190,26,./penalty_sweep_qpu_v113/samples/3nq9_Kdist4.5_Kmono5.0/psweep113_r2_20260326_005503/3nq9_ligand_report.csv,./penalty_sweep_qpu_v113/samples/3nq9_Kdist4.5_Kmono5.0/psweep113_r2_20260326_005503/3nq9_ligand_samples.json,./penalty_sweep_qpu_v113/samples/3nq9_Kdist4.5_Kmono5.0/psweep113_r2_20260326_005503/result.json
3nq9,3nq9_Kdist4.5_Kmono6.0,psweep113_r2_20260326_005503,4.5,6.0,ok,7.155683379740209,1000,1000,1000,0,0.0,1.0,0.0,0.20458679999999999,0.16998,Advantage2_system1.13,2446,32,./penalty_sweep_qpu_v113/samples/3nq9_Kdist4.5_Kmono6.0/psweep113_r2_20260326_005503/3nq9_ligand_report.csv,./penalty_sweep_qpu_v113/samples/3nq9_Kdist4.5_Kmono6.0/psweep113_r2_20260326_005503/3nq9_ligand_samples.json,./penalty_sweep_qpu_v113/samples/3nq9_Kdist4.5_Kmono6.0/psweep113_r2_20260326_005503/result.json
3nq9,3nq9_Kdist4.5_Kmono7.0,psweep113_r2_20260326_005503,4.5,7.0,ok,1.9745985207810977,1000,1000,1000,1,0.001,1.0,0.001,0.2064908,0.17188,Advantage2_system1.13,2074,25,./penalty_sweep_qpu_v113/samples/3nq9_Kdist4.5_Kmono7.0/psweep113_r2_20260326_005503/3nq9_ligand_report.csv,./penalty_sweep_qpu_v113/samples/3nq9_Kdist4.5_Kmono7.0/psweep113_r2_20260326_005503/3nq9_ligand_samples.json,./penalty_sweep_qpu_v113/samples/3nq9_Kdist4.5_Kmono7.0/psweep113_r2_20260326_005503/result.json
3nq9,3nq9_Kdist4.5_Kmono8.0,psweep113_r2_20260326_005503,4.5,8.0,ok,5.5684937273931085,1000,1000,1000,0,0.0,1.0,0.0,0.2096656,0.17506,Advantage2_system1.13,2184,26,./penalty_sweep_qpu_v113/samples/3nq9_Kdist4.5_Kmono8.0/psweep113_r2_20260326_005503/3nq9_ligand_report.csv,./penalty_sweep_qpu_v113/samples/3nq9_Kdist4.5_Kmono8.0/psweep113_r2_20260326_005503/3nq9_ligand_samples.json,./penalty_sweep_qpu_v113/samples/3nq9_Kdist4.5_Kmono8.0/psweep113_r2_20260326_005503/result.json
3nq9,3nq9_Kdist4.5_Kmono9.0,psweep113_r2_20260326_005503,4.5,9.0,ok,2.1484141421305845,1000,1000,1000,0,0.0,1.0,0.0,0.2058484,0.17124,Advantage2_system1.13,2114,25,./penalty_sweep_qpu_v113/samples/3nq9_Kdist4.5_Kmono9.0/psweep113_r2_20260326_005503/3nq9_ligand_report.csv,./penalty_sweep_qpu_v113/samples/3nq9_Kdist4.5_Kmono9.0/psweep113_r2_20260326_005503/3nq9_ligand_samples.json,./penalty_sweep_qpu_v113/samples/3nq9_Kdist4.5_Kmono9.0/psweep113_r2_20260326_005503/result.json
3nq9,3nq9_Kdist4.5_Kmono10.0,psweep113_r2_20260326_005503,4.5,10.0,ok,2.551390555712686,1000,1000,1000,0,0.0,1.0,0.0,0.2147048,0.1801,Advantage2_system1.13,2025,25,./penalty_sweep_qpu_v113/samples/3nq9_Kdist4.5_Kmono10.0/psweep113_r2_20260326_005503/3nq9_ligand_report.csv,./penalty_sweep_qpu_v113/samples/3nq9_Kdist4.5_Kmono10.0/psweep113_r2_20260326_005503/3nq9_ligand_samples.json,./penalty_sweep_qpu_v113/samples/3nq9_Kdist4.5_Kmono10.0/psweep113_r2_20260326_005503/result.json
3nq9,3nq9_Kdist4.5_Kmono11.0,psweep113_r2_20260326_005503,4.5,11.0,ok,3.047635594209578,1000,1000,1000,0,0.0,1.0,0.0,0.2077204,0.17312,Advantage2_system1.13,2093,24,./penalty_sweep_qpu_v113/samples/3nq9_Kdist4.5_Kmono11.0/psweep113_r2_20260326_005503/3nq9_ligand_report.csv,./penalty_sweep_qpu_v113/samples/3nq9_Kdist4.5_Kmono11.0/psweep113_r2_20260326_005503/3nq9_ligand_samples.json,./penalty_sweep_qpu_v113/samples/3nq9_Kdist4.5_Kmono11.0/psweep113_r2_20260326_005503/result.json
3nq9,3nq9_Kdist4.5_Kmono12.0,psweep113_r2_20260326_005503,4.5,12.0,ok,4.858646942163312,1000,1000,1000,0,0.0,1.0,0.0,0.21213120000000002,0.17752,Advantage2_system1.13,2143,26,./penalty_sweep_qpu_v113/samples/3nq9_Kdist4.5_Kmono12.0/psweep113_r2_20260326_005503/3nq9_ligand_report.csv,./penalty_sweep_qpu_v113/samples/3nq9_Kdist4.5_Kmono12.0/psweep113_r2_20260326_005503/3nq9_ligand_samples.json,./penalty_sweep_qpu_v113/samples/3nq9_Kdist4.5_Kmono12.0/psweep113_r2_20260326_005503/result.json
3nq9,3nq9_Kdist4.5_Kmono13.0,psweep113_r2_20260326_005503,4.5,13.0,ok,3.265350932842641,1000,1000,1000,0,0.0,1.0,0.0,0.21890679999999998,0.1843,Advantage2_system1.13,2138,26,./penalty_sweep_qpu_v113/samples/3nq9_Kdist4.5_Kmono13.0/psweep113_r2_20260326_005503/3nq9_ligand_report.csv,./penalty_sweep_qpu_v113/samples/3nq9_Kdist4.5_Kmono13.0/psweep113_r2_20260326_005503/3nq9_ligand_samples.json,./penalty_sweep_qpu_v113/samples/3nq9_Kdist4.5_Kmono13.0/psweep113_r2_20260326_005503/result.json
3nq9,3nq9_Kdist4.5_Kmono14.0,psweep113_r2_20260326_005503,4.5,14.0,ok,2.9549258591207774,1000,1000,1000,0,0.0,1.0,0.0,0.2135464,0.17894,Advantage2_system1.13,2216,26,./penalty_sweep_qpu_v113/samples/3nq9_Kdist4.5_Kmono14.0/psweep113_r2_20260326_005503/3nq9_ligand_report.csv,./penalty_sweep_qpu_v113/samples/3nq9_Kdist4.5_Kmono14.0/psweep113_r2_20260326_005503/3nq9_ligand_samples.json,./penalty_sweep_qpu_v113/samples/3nq9_Kdist4.5_Kmono14.0/psweep113_r2_20260326_005503/result.json
3nq9,3nq9_Kdist4.5_Kmono15.0,psweep113_r2_20260326_005503,4.5,15.0,ok,4.400174720186102,1000,1000,1000,0,0.0,1.0,0.0,0.2069496,0.17234,Advantage2_system1.13,2141,24,./penalty_sweep_qpu_v113/samples/3nq9_Kdist4.5_Kmono15.0/psweep113_r2_20260326_005503/3nq9_ligand_report.csv,./penalty_sweep_qpu_v113/samples/3nq9_Kdist4.5_Kmono15.0/psweep113_r2_20260326_005503/3nq9_ligand_samples.json,./penalty_sweep_qpu_v113/samples/3nq9_Kdist4.5_Kmono15.0/psweep113_r2_20260326_005503/result.json
3nq9,3nq9_Kdist4.5_Kmono16.0,psweep113_r2_20260326_005503,4.5,16.0,ok,2.4142419578967997,1000,1000,1000,0,0.0,1.0,0.0,0.21326520000000002,0.17866,Advantage2_system1.13,2279,28,./penalty_sweep_qpu_v113/samples/3nq9_Kdist4.5_Kmono16.0/psweep113_r2_20260326_005503/3nq9_ligand_report.csv,./penalty_sweep_qpu_v113/samples/3nq9_Kdist4.5_Kmono16.0/psweep113_r2_20260326_005503/3nq9_ligand_samples.json,./penalty_sweep_qpu_v113/samples/3nq9_Kdist4.5_Kmono16.0/psweep113_r2_20260326_005503/result.json
3nq9,3nq9_Kdist4.5_Kmono17.0,psweep113_r2_20260326_005503,4.5,17.0,ok,1.5557281215461272,1000,1000,1000,3,0.003,1.0,0.003,0.21430839999999998,0.1797,Advantage2_system1.13,2136,25,./penalty_sweep_qpu_v113/samples/3nq9_Kdist4.5_Kmono17.0/psweep113_r2_20260326_005503/3nq9_ligand_report.csv,./penalty_sweep_qpu_v113/samples/3nq9_Kdist4.5_Kmono17.0/psweep113_r2_20260326_005503/3nq9_ligand_samples.json,./penalty_sweep_qpu_v113/samples/3nq9_Kdist4.5_Kmono17.0/psweep113_r2_20260326_005503/result.json
3nq9,3nq9_Kdist4.5_Kmono18.0,psweep113_r2_20260326_005503,4.5,18.0,ok,1.2835476006200854,1000,1000,1000,10,0.01,1.0,0.01,0.2156652,0.18106,Advantage2_system1.13,2075,24,./penalty_sweep_qpu_v113/samples/3nq9_Kdist4.5_Kmono18.0/psweep113_r2_20260326_005503/3nq9_ligand_report.csv,./penalty_sweep_qpu_v113/samples/3nq9_Kdist4.5_Kmono18.0/psweep113_r2_20260326_005503/3nq9_ligand_samples.json,./penalty_sweep_qpu_v113/samples/3nq9_Kdist4.5_Kmono18.0/psweep113_r2_20260326_005503/result.json
3nq9,3nq9_Kdist4.5_Kmono19.0,psweep113_r2_20260326_005503,4.5,19.0,ok,5.879840922262243,1000,1000,1000,0,0.0,1.0,0.0,0.2016188,0.16702,Advantage2_system1.13,2267,26,./penalty_sweep_qpu_v113/samples/3nq9_Kdist4.5_Kmono19.0/psweep113_r2_20260326_005503/3nq9_ligand_report.csv,./penalty_sweep_qpu_v113/samples/3nq9_Kdist4.5_Kmono19.0/psweep113_r2_20260326_005503/3nq9_ligand_samples.json,./penalty_sweep_qpu_v113/samples/3nq9_Kdist4.5_Kmono19.0/psweep113_r2_20260326_005503/result.json
3nq9,3nq9_Kdist4.5_Kmono20.0,psweep113_r2_20260326_005503,4.5,20.0,ok,4.60305595097609,1000,1000,1000,0,0.0,1.0,0.0,0.202762,0.16816,Advantage2_system1.13,2133,25,./penalty_sweep_qpu_v113/samples/3nq9_Kdist4.5_Kmono20.0/psweep113_r2_20260326_005503/3nq9_ligand_report.csv,./penalty_sweep_qpu_v113/samples/3nq9_Kdist4.5_Kmono20.0/psweep113_r2_20260326_005503/3nq9_ligand_samples.json,./penalty_sweep_qpu_v113/samples/3nq9_Kdist4.5_Kmono20.0/psweep113_r2_20260326_005503/result.json
3nq9,3nq9_Kdist5.0_Kmono1.0,psweep113_r2_20260326_005503,5.0,1.0,ok,4.33986113854429,1000,1000,1000,0,0.0,1.0,0.0,0.2103452,0.17574,Advantage2_system1.13,2048,24,./penalty_sweep_qpu_v113/samples/3nq9_Kdist5.0_Kmono1.0/psweep113_r2_20260326_005503/3nq9_ligand_report.csv,./penalty_sweep_qpu_v113/samples/3nq9_Kdist5.0_Kmono1.0/psweep113_r2_20260326_005503/3nq9_ligand_samples.json,./penalty_sweep_qpu_v113/samples/3nq9_Kdist5.0_Kmono1.0/psweep113_r2_20260326_005503/result.json
3nq9,3nq9_Kdist5.0_Kmono2.0,psweep113_r2_20260326_005503,5.0,2.0,ok,5.484072870888858,1000,1000,1000,0,0.0,1.0,0.0,0.215168,0.18056,Advantage2_system1.13,2148,25,./penalty_sweep_qpu_v113/samples/3nq9_Kdist5.0_Kmono2.0/psweep113_r2_20260326_005503/3nq9_ligand_report.csv,./penalty_sweep_qpu_v113/samples/3nq9_Kdist5.0_Kmono2.0/psweep113_r2_20260326_005503/3nq9_ligand_samples.json,./penalty_sweep_qpu_v113/samples/3nq9_Kdist5.0_Kmono2.0/psweep113_r2_20260326_005503/result.json
3nq9,3nq9_Kdist5.0_Kmono3.0,psweep113_r2_20260326_005503,5.0,3.0,ok,0.6319376031097348,1000,1000,1000,191,0.191,1.0,0.191,0.2155908,0.18098,Advantage2_system1.13,2130,24,./penalty_sweep_qpu_v113/samples/3nq9_Kdist5.0_Kmono3.0/psweep113_r2_20260326_005503/3nq9_ligand_report.csv,./penalty_sweep_qpu_v113/samples/3nq9_Kdist5.0_Kmono3.0/psweep113_r2_20260326_005503/3nq9_ligand_samples.json,./penalty_sweep_qpu_v113/samples/3nq9_Kdist5.0_Kmono3.0/psweep113_r2_20260326_005503/result.json
3nq9,3nq9_Kdist5.0_Kmono4.0,psweep113_r2_20260326_005503,5.0,4.0,ok,5.122381639294796,1000,1000,1000,0,0.0,1.0,0.0,0.2119036,0.1773,Advantage2_system1.13,2229,26,./penalty_sweep_qpu_v113/samples/3nq9_Kdist5.0_Kmono4.0/psweep113_r2_20260326_005503/3nq9_ligand_report.csv,./penalty_sweep_qpu_v113/samples/3nq9_Kdist5.0_Kmono4.0/psweep113_r2_20260326_005503/3nq9_ligand_samples.json,./penalty_sweep_qpu_v113/samples/3nq9_Kdist5.0_Kmono4.0/psweep113_r2_20260326_005503/result.json
3nq9,3nq9_Kdist5.0_Kmono5.0,psweep113_r2_20260326_005503,5.0,5.0,ok,4.714996341232979,1000,1000,1000,0,0.0,1.0,0.0,0.2104924,0.17588,Advantage2_system1.13,2333,28,./penalty_sweep_qpu_v113/samples/3nq9_Kdist5.0_Kmono5.0/psweep113_r2_20260326_005503/3nq9_ligand_report.csv,./penalty_sweep_qpu_v113/samples/3nq9_Kdist5.0_Kmono5.0/psweep113_r2_20260326_005503/3nq9_ligand_samples.json,./penalty_sweep_qpu_v113/samples/3nq9_Kdist5.0_Kmono5.0/psweep113_r2_20260326_005503/result.json
3nq9,3nq9_Kdist5.0_Kmono6.0,psweep113_r2_20260326_005503,5.0,6.0,ok,2.305421931541128,1000,1000,1000,0,0.0,1.0,0.0,0.2145284,0.17992,Advantage2_system1.13,2010,23,./penalty_sweep_qpu_v113/samples/3nq9_Kdist5.0_Kmono6.0/psweep113_r2_20260326_005503/3nq9_ligand_report.csv,./penalty_sweep_qpu_v113/samples/3nq9_Kdist5.0_Kmono6.0/psweep113_r2_20260326_005503/3nq9_ligand_samples.json,./penalty_sweep_qpu_v113/samples/3nq9_Kdist5.0_Kmono6.0/psweep113_r2_20260326_005503/result.json
3nq9,3nq9_Kdist5.0_Kmono7.0,psweep113_r2_20260326_005503,5.0,7.0,ok,4.4519695477411485,1000,1000,1000,0,0.0,1.0,0.0,0.20749720000000002,0.17288,Advantage2_system1.13,2216,26,./penalty_sweep_qpu_v113/samples/3nq9_Kdist5.0_Kmono7.0/psweep113_r2_20260326_005503/3nq9_ligand_report.csv,./penalty_sweep_qpu_v113/samples/3nq9_Kdist5.0_Kmono7.0/psweep113_r2_20260326_005503/3nq9_ligand_samples.json,./penalty_sweep_qpu_v113/samples/3nq9_Kdist5.0_Kmono7.0/psweep113_r2_20260326_005503/result.json
3nq9,3nq9_Kdist5.0_Kmono8.0,psweep113_r2_20260326_005503,5.0,8.0,ok,2.321922395209627,1000,1000,1000,0,0.0,1.0,0.0,0.2055896,0.17098,Advantage2_system1.13,2116,25,./penalty_sweep_qpu_v113/samples/3nq9_Kdist5.0_Kmono8.0/psweep113_r2_20260326_005503/3nq9_ligand_report.csv,./penalty_sweep_qpu_v113/samples/3nq9_Kdist5.0_Kmono8.0/psweep113_r2_20260326_005503/3nq9_ligand_samples.json,./penalty_sweep_qpu_v113/samples/3nq9_Kdist5.0_Kmono8.0/psweep113_r2_20260326_005503/result.json
3nq9,3nq9_Kdist5.0_Kmono9.0,psweep113_r2_20260326_005503,5.0,9.0,ok,2.659961662744215,1000,1000,1000,0,0.0,1.0,0.0,0.217846,0.18324,Advantage2_system1.13,1931,22,./penalty_sweep_qpu_v113/samples/3nq9_Kdist5.0_Kmono9.0/psweep113_r2_20260326_005503/3nq9_ligand_report.csv,./penalty_sweep_qpu_v113/samples/3nq9_Kdist5.0_Kmono9.0/psweep113_r2_20260326_005503/3nq9_ligand_samples.json,./penalty_sweep_qpu_v113/samples/3nq9_Kdist5.0_Kmono9.0/psweep113_r2_20260326_005503/result.json
3nq9,3nq9_Kdist5.0_Kmono10.0,psweep113_r2_20260326_005503,5.0,10.0,ok,2.491406754384872,1000,1000,1000,0,0.0,1.0,0.0,0.2055948,0.17098,Advantage2_system1.13,2042,24,./penalty_sweep_qpu_v113/samples/3nq9_Kdist5.0_Kmono10.0/psweep113_r2_20260326_005503/3nq9_ligand_report.csv,./penalty_sweep_qpu_v113/samples/3nq9_Kdist5.0_Kmono10.0/psweep113_r2_20260326_005503/3nq9_ligand_samples.json,./penalty_sweep_qpu_v113/samples/3nq9_Kdist5.0_Kmono10.0/psweep113_r2_20260326_005503/result.json
3nq9,3nq9_Kdist5.0_Kmono11.0,psweep113_r2_20260326_005503,5.0,11.0,ok,2.722445038686006,1000,1000,1000,0,0.0,1.0,0.0,0.212084,0.17748,Advantage2_system1.13,2054,23,./penalty_sweep_qpu_v113/samples/3nq9_Kdist5.0_Kmono11.0/psweep113_r2_20260326_005503/3nq9_ligand_report.csv,./penalty_sweep_qpu_v113/samples/3nq9_Kdist5.0_Kmono11.0/psweep113_r2_20260326_005503/3nq9_ligand_samples.json,./penalty_sweep_qpu_v113/samples/3nq9_Kdist5.0_Kmono11.0/psweep113_r2_20260326_005503/result.json
3nq9,3nq9_Kdist5.0_Kmono12.0,psweep113_r2_20260326_005503,5.0,12.0,ok,1.9138994819386683,1000,1000,1000,1,0.001,1.0,0.001,0.21139639999999998,0.17678,Advantage2_system1.13,2119,24,./penalty_sweep_qpu_v113/samples/3nq9_Kdist5.0_Kmono12.0/psweep113_r2_20260326_005503/3nq9_ligand_report.csv,./penalty_sweep_qpu_v113/samples/3nq9_Kdist5.0_Kmono12.0/psweep113_r2_20260326_005503/3nq9_ligand_samples.json,./penalty_sweep_qpu_v113/samples/3nq9_Kdist5.0_Kmono12.0/psweep113_r2_20260326_005503/result.json
3nq9,3nq9_Kdist5.0_Kmono13.0,psweep113_r2_20260326_005503,5.0,13.0,ok,1.154285366502024,1000,1000,1000,1,0.001,1.0,0.001,0.21226720000000002,0.17766,Advantage2_system1.13,2042,25,./penalty_sweep_qpu_v113/samples/3nq9_Kdist5.0_Kmono13.0/psweep113_r2_20260326_005503/3nq9_ligand_report.csv,./penalty_sweep_qpu_v113/samples/3nq9_Kdist5.0_Kmono13.0/psweep113_r2_20260326_005503/3nq9_ligand_samples.json,./penalty_sweep_qpu_v113/samples/3nq9_Kdist5.0_Kmono13.0/psweep113_r2_20260326_005503/result.json
3nq9,3nq9_Kdist5.0_Kmono14.0,psweep113_r2_20260326_005503,5.0,14.0,ok,5.935388106262747,1000,1000,1000,0,0.0,1.0,0.0,0.204854,0.17024,Advantage2_system1.13,1990,22,./penalty_sweep_qpu_v113/samples/3nq9_Kdist5.0_Kmono14.0/psweep113_r2_20260326_005503/3nq9_ligand_report.csv,./penalty_sweep_qpu_v113/samples/3nq9_Kdist5.0_Kmono14.0/psweep113_r2_20260326_005503/3nq9_ligand_samples.json,./penalty_sweep_qpu_v113/samples/3nq9_Kdist5.0_Kmono14.0/psweep113_r2_20260326_005503/result.json
3nq9,3nq9_Kdist5.0_Kmono15.0,psweep113_r2_20260326_005503,5.0,15.0,ok,3.625510607358381,1000,1000,1000,0,0.0,1.0,0.0,0.213022,0.17842,Advantage2_system1.13,2480,30,./penalty_sweep_qpu_v113/samples/3nq9_Kdist5.0_Kmono15.0/psweep113_r2_20260326_005503/3nq9_ligand_report.csv,./penalty_sweep_qpu_v113/samples/3nq9_Kdist5.0_Kmono15.0/psweep113_r2_20260326_005503/3nq9_ligand_samples.json,./penalty_sweep_qpu_v113/samples/3nq9_Kdist5.0_Kmono15.0/psweep113_r2_20260326_005503/result.json
3nq9,3nq9_Kdist5.0_Kmono16.0,psweep113_r2_20260326_005503,5.0,16.0,ok,2.1449399177001913,1000,1000,1000,0,0.0,1.0,0.0,0.2124004,0.1778,Advantage2_system1.13,2184,25,./penalty_sweep_qpu_v113/samples/3nq9_Kdist5.0_Kmono16.0/psweep113_r2_20260326_005503/3nq9_ligand_report.csv,./penalty_sweep_qpu_v113/samples/3nq9_Kdist5.0_Kmono16.0/psweep113_r2_20260326_005503/3nq9_ligand_samples.json,./penalty_sweep_qpu_v113/samples/3nq9_Kdist5.0_Kmono16.0/psweep113_r2_20260326_005503/result.json
3nq9,3nq9_Kdist5.0_Kmono17.0,psweep113_r2_20260326_005503,5.0,17.0,ok,2.2140219886622385,1000,1000,1000,0,0.0,1.0,0.0,0.215664,0.18106,Advantage2_system1.13,2125,24,./penalty_sweep_qpu_v113/samples/3nq9_Kdist5.0_Kmono17.0/psweep113_r2_20260326_005503/3nq9_ligand_report.csv,./penalty_sweep_qpu_v113/samples/3nq9_Kdist5.0_Kmono17.0/psweep113_r2_20260326_005503/3nq9_ligand_samples.json,./penalty_sweep_qpu_v113/samples/3nq9_Kdist5.0_Kmono17.0/psweep113_r2_20260326_005503/result.json
3nq9,3nq9_Kdist5.0_Kmono18.0,psweep113_r2_20260326_005503,5.0,18.0,ok,2.5581410847312824,1000,1000,1000,0,0.0,1.0,0.0,0.2011608,0.16656,Advantage2_system1.13,2072,25,./penalty_sweep_qpu_v113/samples/3nq9_Kdist5.0_Kmono18.0/psweep113_r2_20260326_005503/3nq9_ligand_report.csv,./penalty_sweep_qpu_v113/samples/3nq9_Kdist5.0_Kmono18.0/psweep113_r2_20260326_005503/3nq9_ligand_samples.json,./penalty_sweep_qpu_v113/samples/3nq9_Kdist5.0_Kmono18.0/psweep113_r2_20260326_005503/result.json
3nq9,3nq9_Kdist5.0_Kmono19.0,psweep113_r2_20260326_005503,5.0,19.0,ok,1.5860033630908403,1000,1000,1000,14,0.014,1.0,0.014,0.207896,0.17328,Advantage2_system1.13,2290,28,./penalty_sweep_qpu_v113/samples/3nq9_Kdist5.0_Kmono19.0/psweep113_r2_20260326_005503/3nq9_ligand_report.csv,./penalty_sweep_qpu_v113/samples/3nq9_Kdist5.0_Kmono19.0/psweep113_r2_20260326_005503/3nq9_ligand_samples.json,./penalty_sweep_qpu_v113/samples/3nq9_Kdist5.0_Kmono19.0/psweep113_r2_20260326_005503/result.json
3nq9,3nq9_Kdist5.0_Kmono20.0,psweep113_r2_20260326_005503,5.0,20.0,ok,3.613918175255616,1000,1000,1000,0,0.0,1.0,0.0,0.20508679999999999,0.17048,Advantage2_system1.13,2124,26,./penalty_sweep_qpu_v113/samples/3nq9_Kdist5.0_Kmono20.0/psweep113_r2_20260326_005503/3nq9_ligand_report.csv,./penalty_sweep_qpu_v113/samples/3nq9_Kdist5.0_Kmono20.0/psweep113_r2_20260326_005503/3nq9_ligand_samples.json,./penalty_sweep_qpu_v113/samples/3nq9_Kdist5.0_Kmono20.0/psweep113_r2_20260326_005503/result.json
3nq9,3nq9_Kdist5.5_Kmono1.0,psweep113_r2_20260326_005503,5.5,1.0,ok,4.503326879742586,1000,1000,1000,0,0.0,1.0,0.0,0.20420839999999998,0.1696,Advantage2_system1.13,1945,23,./penalty_sweep_qpu_v113/samples/3nq9_Kdist5.5_Kmono1.0/psweep113_r2_20260326_005503/3nq9_ligand_report.csv,./penalty_sweep_qpu_v113/samples/3nq9_Kdist5.5_Kmono1.0/psweep113_r2_20260326_005503/3nq9_ligand_samples.json,./penalty_sweep_qpu_v113/samples/3nq9_Kdist5.5_Kmono1.0/psweep113_r2_20260326_005503/result.json
3nq9,3nq9_Kdist5.5_Kmono2.0,psweep113_r2_20260326_005503,5.5,2.0,ok,6.1240618547341965,1000,1000,1000,0,0.0,1.0,0.0,0.2088844,0.17428,Advantage2_system1.13,2250,27,./penalty_sweep_qpu_v113/samples/3nq9_Kdist5.5_Kmono2.0/psweep113_r2_20260326_005503/3nq9_ligand_report.csv,./penalty_sweep_qpu_v113/samples/3nq9_Kdist5.5_Kmono2.0/psweep113_r2_20260326_005503/3nq9_ligand_samples.json,./penalty_sweep_qpu_v113/samples/3nq9_Kdist5.5_Kmono2.0/psweep113_r2_20260326_005503/result.json
3nq9,3nq9_Kdist5.5_Kmono3.0,psweep113_r2_20260326_005503,5.5,3.0,ok,2.688966178158033,1000,1000,1000,0,0.0,1.0,0.0,0.20480879999999999,0.1702,Advantage2_system1.13,2104,24,./penalty_sweep_qpu_v113/samples/3nq9_Kdist5.5_Kmono3.0/psweep113_r2_20260326_005503/3nq9_ligand_report.csv,./penalty_sweep_qpu_v113/samples/3nq9_Kdist5.5_Kmono3.0/psweep113_r2_20260326_005503/3nq9_ligand_samples.json,./penalty_sweep_qpu_v113/samples/3nq9_Kdist5.5_Kmono3.0/psweep113_r2_20260326_005503/result.json
3nq9,3nq9_Kdist5.5_Kmono4.0,psweep113_r2_20260326_005503,5.5,4.0,ok,3.0096062983691088,1000,1000,1000,0,0.0,1.0,0.0,0.2053496,0.17074,Advantage2_system1.13,2165,26,./penalty_sweep_qpu_v113/samples/3nq9_Kdist5.5_Kmono4.0/psweep113_r2_20260326_005503/3nq9_ligand_report.csv,./penalty_sweep_qpu_v113/samples/3nq9_Kdist5.5_Kmono4.0/psweep113_r2_20260326_005503/3nq9_ligand_samples.json,./penalty_sweep_qpu_v113/samples/3nq9_Kdist5.5_Kmono4.0/psweep113_r2_20260326_005503/result.json
3nq9,3nq9_Kdist5.5_Kmono5.0,psweep113_r2_20260326_005503,5.5,5.0,ok,3.874985090113274,1000,1000,1000,0,0.0,1.0,0.0,0.21071079999999998,0.1761,Advantage2_system1.13,2199,26,./penalty_sweep_qpu_v113/samples/3nq9_Kdist5.5_Kmono5.0/psweep113_r2_20260326_005503/3nq9_ligand_report.csv,./penalty_sweep_qpu_v113/samples/3nq9_Kdist5.5_Kmono5.0/psweep113_r2_20260326_005503/3nq9_ligand_samples.json,./penalty_sweep_qpu_v113/samples/3nq9_Kdist5.5_Kmono5.0/psweep113_r2_20260326_005503/result.json
3nq9,3nq9_Kdist5.5_Kmono6.0,psweep113_r2_20260326_005503,5.5,6.0,ok,3.3319904266757447,1000,1000,1000,0,0.0,1.0,0.0,0.2107336,0.17612,Advantage2_system1.13,2057,26,./penalty_sweep_qpu_v113/samples/3nq9_Kdist5.5_Kmono6.0/psweep113_r2_20260326_005503/3nq9_ligand_report.csv,./penalty_sweep_qpu_v113/samples/3nq9_Kdist5.5_Kmono6.0/psweep113_r2_20260326_005503/3nq9_ligand_samples.json,./penalty_sweep_qpu_v113/samples/3nq9_Kdist5.5_Kmono6.0/psweep113_r2_20260326_005503/result.json
3nq9,3nq9_Kdist5.5_Kmono7.0,psweep113_r2_20260326_005503,5.5,7.0,ok,5.706766209620185,1000,1000,1000,0,0.0,1.0,0.0,0.20194320000000002,0.16734,Advantage2_system1.13,2085,25,./penalty_sweep_qpu_v113/samples/3nq9_Kdist5.5_Kmono7.0/psweep113_r2_20260326_005503/3nq9_ligand_report.csv,./penalty_sweep_qpu_v113/samples/3nq9_Kdist5.5_Kmono7.0/psweep113_r2_20260326_005503/3nq9_ligand_samples.json,./penalty_sweep_qpu_v113/samples/3nq9_Kdist5.5_Kmono7.0/psweep113_r2_20260326_005503/result.json
3nq9,3nq9_Kdist5.5_Kmono8.0,psweep113_r2_20260326_005503,5.5,8.0,ok,5.457598975983913,1000,1000,1000,0,0.0,1.0,0.0,0.2063124,0.1717,Advantage2_system1.13,2073,24,./penalty_sweep_qpu_v113/samples/3nq9_Kdist5.5_Kmono8.0/psweep113_r2_20260326_005503/3nq9_ligand_report.csv,./penalty_sweep_qpu_v113/samples/3nq9_Kdist5.5_Kmono8.0/psweep113_r2_20260326_005503/3nq9_ligand_samples.json,./penalty_sweep_qpu_v113/samples/3nq9_Kdist5.5_Kmono8.0/psweep113_r2_20260326_005503/result.json
3nq9,3nq9_Kdist5.5_Kmono9.0,psweep113_r2_20260326_005503,5.5,9.0,ok,6.383623297421516,1000,1000,1000,0,0.0,1.0,0.0,0.2109104,0.1763,Advantage2_system1.13,2262,27,./penalty_sweep_qpu_v113/samples/3nq9_Kdist5.5_Kmono9.0/psweep113_r2_20260326_005503/3nq9_ligand_report.csv,./penalty_sweep_qpu_v113/samples/3nq9_Kdist5.5_Kmono9.0/psweep113_r2_20260326_005503/3nq9_ligand_samples.json,./penalty_sweep_qpu_v113/samples/3nq9_Kdist5.5_Kmono9.0/psweep113_r2_20260326_005503/result.json
3nq9,3nq9_Kdist5.5_Kmono10.0,psweep113_r2_20260326_005503,5.5,10.0,ok,2.5076954578595996,1000,1000,1000,0,0.0,1.0,0.0,0.211494,0.17688,Advantage2_system1.13,2245,26,./penalty_sweep_qpu_v113/samples/3nq9_Kdist5.5_Kmono10.0/psweep113_r2_20260326_005503/3nq9_ligand_report.csv,./penalty_sweep_qpu_v113/samples/3nq9_Kdist5.5_Kmono10.0/psweep113_r2_20260326_005503/3nq9_ligand_samples.json,./penalty_sweep_qpu_v113/samples/3nq9_Kdist5.5_Kmono10.0/psweep113_r2_20260326_005503/result.json
3nq9,3nq9_Kdist5.5_Kmono11.0,psweep113_r2_20260326_005503,5.5,11.0,ok,4.44961608341806,1000,1000,1000,0,0.0,1.0,0.0,0.2022048,0.1676,Advantage2_system1.13,2270,28,./penalty_sweep_qpu_v113/samples/3nq9_Kdist5.5_Kmono11.0/psweep113_r2_20260326_005503/3nq9_ligand_report.csv,./penalty_sweep_qpu_v113/samples/3nq9_Kdist5.5_Kmono11.0/psweep113_r2_20260326_005503/3nq9_ligand_samples.json,./penalty_sweep_qpu_v113/samples/3nq9_Kdist5.5_Kmono11.0/psweep113_r2_20260326_005503/result.json
3nq9,3nq9_Kdist5.5_Kmono12.0,psweep113_r2_20260326_005503,5.5,12.0,ok,2.4009404056859482,1000,1000,1000,0,0.0,1.0,0.0,0.2073476,0.17274,Advantage2_system1.13,2177,26,./penalty_sweep_qpu_v113/samples/3nq9_Kdist5.5_Kmono12.0/psweep113_r2_20260326_005503/3nq9_ligand_report.csv,./penalty_sweep_qpu_v113/samples/3nq9_Kdist5.5_Kmono12.0/psweep113_r2_20260326_005503/3nq9_ligand_samples.json,./penalty_sweep_qpu_v113/samples/3nq9_Kdist5.5_Kmono12.0/psweep113_r2_20260326_005503/result.json
3nq9,3nq9_Kdist5.5_Kmono13.0,psweep113_r2_20260326_005503,5.5,13.0,ok,2.185183912827371,1000,1000,1000,0,0.0,1.0,0.0,0.2108432,0.17624,Advantage2_system1.13,2138,24,./penalty_sweep_qpu_v113/samples/3nq9_Kdist5.5_Kmono13.0/psweep113_r2_20260326_005503/3nq9_ligand_report.csv,./penalty_sweep_qpu_v113/samples/3nq9_Kdist5.5_Kmono13.0/psweep113_r2_20260326_005503/3nq9_ligand_samples.json,./penalty_sweep_qpu_v113/samples/3nq9_Kdist5.5_Kmono13.0/psweep113_r2_20260326_005503/result.json
3nq9,3nq9_Kdist5.5_Kmono14.0,psweep113_r2_20260326_005503,5.5,14.0,ok,2.4134694732256277,1000,1000,1000,0,0.0,1.0,0.0,0.2091688,0.17456,Advantage2_system1.13,2343,29,./penalty_sweep_qpu_v113/samples/3nq9_Kdist5.5_Kmono14.0/psweep113_r2_20260326_005503/3nq9_ligand_report.csv,./penalty_sweep_qpu_v113/samples/3nq9_Kdist5.5_Kmono14.0/psweep113_r2_20260326_005503/3nq9_ligand_samples.json,./penalty_sweep_qpu_v113/samples/3nq9_Kdist5.5_Kmono14.0/psweep113_r2_20260326_005503/result.json
3nq9,3nq9_Kdist5.5_Kmono15.0,psweep113_r2_20260326_005503,5.5,15.0,ok,2.1226162949001894,1000,1000,1000,0,0.0,1.0,0.0,0.2124436,0.17784,Advantage2_system1.13,1936,22,./penalty_sweep_qpu_v113/samples/3nq9_Kdist5.5_Kmono15.0/psweep113_r2_20260326_005503/3nq9_ligand_report.csv,./penalty_sweep_qpu_v113/samples/3nq9_Kdist5.5_Kmono15.0/psweep113_r2_20260326_005503/3nq9_ligand_samples.json,./penalty_sweep_qpu_v113/samples/3nq9_Kdist5.5_Kmono15.0/psweep113_r2_20260326_005503/result.json
3nq9,3nq9_Kdist5.5_Kmono16.0,psweep113_r2_20260326_005503,5.5,16.0,ok,2.5389032744240976,1000,1000,1000,0,0.0,1.0,0.0,0.21848279999999998,0.18388,Advantage2_system1.13,2106,24,./penalty_sweep_qpu_v113/samples/3nq9_Kdist5.5_Kmono16.0/psweep113_r2_20260326_005503/3nq9_ligand_report.csv,./penalty_sweep_qpu_v113/samples/3nq9_Kdist5.5_Kmono16.0/psweep113_r2_20260326_005503/3nq9_ligand_samples.json,./penalty_sweep_qpu_v113/samples/3nq9_Kdist5.5_Kmono16.0/psweep113_r2_20260326_005503/result.json
3nq9,3nq9_Kdist5.5_Kmono17.0,psweep113_r2_20260326_005503,5.5,17.0,ok,2.640705490851411,1000,1000,1000,0,0.0,1.0,0.0,0.2183404,0.18374,Advantage2_system1.13,2148,25,./penalty_sweep_qpu_v113/samples/3nq9_Kdist5.5_Kmono17.0/psweep113_r2_20260326_005503/3nq9_ligand_report.csv,./penalty_sweep_qpu_v113/samples/3nq9_Kdist5.5_Kmono17.0/psweep113_r2_20260326_005503/3nq9_ligand_samples.json,./penalty_sweep_qpu_v113/samples/3nq9_Kdist5.5_Kmono17.0/psweep113_r2_20260326_005503/result.json
3nq9,3nq9_Kdist5.5_Kmono18.0,psweep113_r2_20260326_005503,5.5,18.0,ok,2.1233465273207823,1000,1000,1000,0,0.0,1.0,0.0,0.2162016,0.1816,Advantage2_system1.13,2008,24,./penalty_sweep_qpu_v113/samples/3nq9_Kdist5.5_Kmono18.0/psweep113_r2_20260326_005503/3nq9_ligand_report.csv,./penalty_sweep_qpu_v113/samples/3nq9_Kdist5.5_Kmono18.0/psweep113_r2_20260326_005503/3nq9_ligand_samples.json,./penalty_sweep_qpu_v113/samples/3nq9_Kdist5.5_Kmono18.0/psweep113_r2_20260326_005503/result.json
3nq9,3nq9_Kdist5.5_Kmono19.0,psweep113_r2_20260326_005503,5.5,19.0,ok,2.7254922416874723,1000,1000,1000,0,0.0,1.0,0.0,0.2102,0.1756,Advantage2_system1.13,2089,26,./penalty_sweep_qpu_v113/samples/3nq9_Kdist5.5_Kmono19.0/psweep113_r2_20260326_005503/3nq9_ligand_report.csv,./penalty_sweep_qpu_v113/samples/3nq9_Kdist5.5_Kmono19.0/psweep113_r2_20260326_005503/3nq9_ligand_samples.json,./penalty_sweep_qpu_v113/samples/3nq9_Kdist5.5_Kmono19.0/psweep113_r2_20260326_005503/result.json
3nq9,3nq9_Kdist5.5_Kmono20.0,psweep113_r2_20260326_005503,5.5,20.0,ok,1.6671591518335558,1000,1000,1000,84,0.084,1.0,0.084,0.21038479999999998,0.17578,Advantage2_system1.13,1974,24,./penalty_sweep_qpu_v113/samples/3nq9_Kdist5.5_Kmono20.0/psweep113_r2_20260326_005503/3nq9_ligand_report.csv,./penalty_sweep_qpu_v113/samples/3nq9_Kdist5.5_Kmono20.0/psweep113_r2_20260326_005503/3nq9_ligand_samples.json,./penalty_sweep_qpu_v113/samples/3nq9_Kdist5.5_Kmono20.0/psweep113_r2_20260326_005503/result.json
3nq9,3nq9_Kdist6.0_Kmono1.0,psweep113_r2_20260326_005503,6.0,1.0,ok,1.967411725269867,1000,1000,1000,1,0.001,1.0,0.001,0.2184944,0.18388,Advantage2_system1.13,2282,27,./penalty_sweep_qpu_v113/samples/3nq9_Kdist6.0_Kmono1.0/psweep113_r2_20260326_005503/3nq9_ligand_report.csv,./penalty_sweep_qpu_v113/samples/3nq9_Kdist6.0_Kmono1.0/psweep113_r2_20260326_005503/3nq9_ligand_samples.json,./penalty_sweep_qpu_v113/samples/3nq9_Kdist6.0_Kmono1.0/psweep113_r2_20260326_005503/result.json
3nq9,3nq9_Kdist6.0_Kmono2.0,psweep113_r2_20260326_005503,6.0,2.0,ok,3.1585773327180164,1000,1000,1000,0,0.0,1.0,0.0,0.2076244,0.17302,Advantage2_system1.13,2179,26,./penalty_sweep_qpu_v113/samples/3nq9_Kdist6.0_Kmono2.0/psweep113_r2_20260326_005503/3nq9_ligand_report.csv,./penalty_sweep_qpu_v113/samples/3nq9_Kdist6.0_Kmono2.0/psweep113_r2_20260326_005503/3nq9_ligand_samples.json,./penalty_sweep_qpu_v113/samples/3nq9_Kdist6.0_Kmono2.0/psweep113_r2_20260326_005503/result.json
3nq9,3nq9_Kdist6.0_Kmono3.0,psweep113_r2_20260326_005503,6.0,3.0,ok,4.468866482195518,1000,1000,1000,0,0.0,1.0,0.0,0.2061704,0.17156,Advantage2_system1.13,1957,22,./penalty_sweep_qpu_v113/samples/3nq9_Kdist6.0_Kmono3.0/psweep113_r2_20260326_005503/3nq9_ligand_report.csv,./penalty_sweep_qpu_v113/samples/3nq9_Kdist6.0_Kmono3.0/psweep113_r2_20260326_005503/3nq9_ligand_samples.json,./penalty_sweep_qpu_v113/samples/3nq9_Kdist6.0_Kmono3.0/psweep113_r2_20260326_005503/result.json
3nq9,3nq9_Kdist6.0_Kmono4.0,psweep113_r2_20260326_005503,6.0,4.0,ok,2.6673047632277527,1000,1000,1000,0,0.0,1.0,0.0,0.21226879999999998,0.17766,Advantage2_system1.13,2427,29,./penalty_sweep_qpu_v113/samples/3nq9_Kdist6.0_Kmono4.0/psweep113_r2_20260326_005503/3nq9_ligand_report.csv,./penalty_sweep_qpu_v113/samples/3nq9_Kdist6.0_Kmono4.0/psweep113_r2_20260326_005503/3nq9_ligand_samples.json,./penalty_sweep_qpu_v113/samples/3nq9_Kdist6.0_Kmono4.0/psweep113_r2_20260326_005503/result.json
3nq9,3nq9_Kdist6.0_Kmono5.0,psweep113_r2_20260326_005503,6.0,5.0,ok,2.696666250259239,1000,1000,1000,0,0.0,1.0,0.0,0.2063368,0.17174,Advantage2_system1.13,1829,22,./penalty_sweep_qpu_v113/samples/3nq9_Kdist6.0_Kmono5.0/psweep113_r2_20260326_005503/3nq9_ligand_report.csv,./penalty_sweep_qpu_v113/samples/3nq9_Kdist6.0_Kmono5.0/psweep113_r2_20260326_005503/3nq9_ligand_samples.json,./penalty_sweep_qpu_v113/samples/3nq9_Kdist6.0_Kmono5.0/psweep113_r2_20260326_005503/result.json
3nq9,3nq9_Kdist6.0_Kmono6.0,psweep113_r2_20260326_005503,6.0,6.0,ok,3.4310572513623456,1000,1000,1000,0,0.0,1.0,0.0,0.2050924,0.17048,Advantage2_system1.13,2040,22,./penalty_sweep_qpu_v113/samples/3nq9_Kdist6.0_Kmono6.0/psweep113_r2_20260326_005503/3nq9_ligand_report.csv,./penalty_sweep_qpu_v113/samples/3nq9_Kdist6.0_Kmono6.0/psweep113_r2_20260326_005503/3nq9_ligand_samples.json,./penalty_sweep_qpu_v113/samples/3nq9_Kdist6.0_Kmono6.0/psweep113_r2_20260326_005503/result.json
3nq9,3nq9_Kdist6.0_Kmono7.0,psweep113_r2_20260326_005503,6.0,7.0,ok,2.9737586287620483,1000,1000,1000,0,0.0,1.0,0.0,0.213164,0.17856,Advantage2_system1.13,2094,26,./penalty_sweep_qpu_v113/samples/3nq9_Kdist6.0_Kmono7.0/psweep113_r2_20260326_005503/3nq9_ligand_report.csv,./penalty_sweep_qpu_v113/samples/3nq9_Kdist6.0_Kmono7.0/psweep113_r2_20260326_005503/3nq9_ligand_samples.json,./penalty_sweep_qpu_v113/samples/3nq9_Kdist6.0_Kmono7.0/psweep113_r2_20260326_005503/result.json
3nq9,3nq9_Kdist6.0_Kmono8.0,psweep113_r2_20260326_005503,6.0,8.0,ok,2.9244638970322994,1000,1000,1000,0,0.0,1.0,0.0,0.20288,0.16828,Advantage2_system1.13,2010,23,./penalty_sweep_qpu_v113/samples/3nq9_Kdist6.0_Kmono8.0/psweep113_r2_20260326_005503/3nq9_ligand_report.csv,./penalty_sweep_qpu_v113/samples/3nq9_Kdist6.0_Kmono8.0/psweep113_r2_20260326_005503/3nq9_ligand_samples.json,./penalty_sweep_qpu_v113/samples/3nq9_Kdist6.0_Kmono8.0/psweep113_r2_20260326_005503/result.json
3nq9,3nq9_Kdist6.0_Kmono9.0,psweep113_r2_20260326_005503,6.0,9.0,ok,3.2706502392692274,1000,1000,1000,0,0.0,1.0,0.0,0.205454,0.17084,Advantage2_system1.13,2055,24,./penalty_sweep_qpu_v113/samples/3nq9_Kdist6.0_Kmono9.0/psweep113_r2_20260326_005503/3nq9_ligand_report.csv,./penalty_sweep_qpu_v113/samples/3nq9_Kdist6.0_Kmono9.0/psweep113_r2_20260326_005503/3nq9_ligand_samples.json,./penalty_sweep_qpu_v113/samples/3nq9_Kdist6.0_Kmono9.0/psweep113_r2_20260326_005503/result.json
3nq9,3nq9_Kdist6.0_Kmono10.0,psweep113_r2_20260326_005503,6.0,10.0,ok,3.880580043236441,1000,1000,1000,0,0.0,1.0,0.0,0.2142636,0.17966,Advantage2_system1.13,2051,24,./penalty_sweep_qpu_v113/samples/3nq9_Kdist6.0_Kmono10.0/psweep113_r2_20260326_005503/3nq9_ligand_report.csv,./penalty_sweep_qpu_v113/samples/3nq9_Kdist6.0_Kmono10.0/psweep113_r2_20260326_005503/3nq9_ligand_samples.json,./penalty_sweep_qpu_v113/samples/3nq9_Kdist6.0_Kmono10.0/psweep113_r2_20260326_005503/result.json
3nq9,3nq9_Kdist6.0_Kmono11.0,psweep113_r2_20260326_005503,6.0,11.0,ok,3.1907239152991247,1000,1000,1000,0,0.0,1.0,0.0,0.21172839999999998,0.17712,Advantage2_system1.13,2201,26,./penalty_sweep_qpu_v113/samples/3nq9_Kdist6.0_Kmono11.0/psweep113_r2_20260326_005503/3nq9_ligand_report.csv,./penalty_sweep_qpu_v113/samples/3nq9_Kdist6.0_Kmono11.0/psweep113_r2_20260326_005503/3nq9_ligand_samples.json,./penalty_sweep_qpu_v113/samples/3nq9_Kdist6.0_Kmono11.0/psweep113_r2_20260326_005503/result.json
3nq9,3nq9_Kdist6.0_Kmono12.0,psweep113_r2_20260326_005503,6.0,12.0,ok,3.8337612695396226,1000,1000,1000,0,0.0,1.0,0.0,0.2050496,0.17044,Advantage2_system1.13,2234,25,./penalty_sweep_qpu_v113/samples/3nq9_Kdist6.0_Kmono12.0/psweep113_r2_20260326_005503/3nq9_ligand_report.csv,./penalty_sweep_qpu_v113/samples/3nq9_Kdist6.0_Kmono12.0/psweep113_r2_20260326_005503/3nq9_ligand_samples.json,./penalty_sweep_qpu_v113/samples/3nq9_Kdist6.0_Kmono12.0/psweep113_r2_20260326_005503/result.json
3nq9,3nq9_Kdist6.0_Kmono13.0,psweep113_r2_20260326_005503,6.0,13.0,ok,2.4991241567108946,1000,1000,1000,0,0.0,1.0,0.0,0.2093908,0.17478,Advantage2_system1.13,2159,26,./penalty_sweep_qpu_v113/samples/3nq9_Kdist6.0_Kmono13.0/psweep113_r2_20260326_005503/3nq9_ligand_report.csv,./penalty_sweep_qpu_v113/samples/3nq9_Kdist6.0_Kmono13.0/psweep113_r2_20260326_005503/3nq9_ligand_samples.json,./penalty_sweep_qpu_v113/samples/3nq9_Kdist6.0_Kmono13.0/psweep113_r2_20260326_005503/result.json
3nq9,3nq9_Kdist6.0_Kmono14.0,psweep113_r2_20260326_005503,6.0,14.0,ok,2.8452445188156372,1000,1000,1000,0,0.0,1.0,0.0,0.205212,0.1706,Advantage2_system1.13,2137,26,./penalty_sweep_qpu_v113/samples/3nq9_Kdist6.0_Kmono14.0/psweep113_r2_20260326_005503/3nq9_ligand_report.csv,./penalty_sweep_qpu_v113/samples/3nq9_Kdist6.0_Kmono14.0/psweep113_r2_20260326_005503/3nq9_ligand_samples.json,./penalty_sweep_qpu_v113/samples/3nq9_Kdist6.0_Kmono14.0/psweep113_r2_20260326_005503/result.json
3nq9,3nq9_Kdist6.0_Kmono15.0,psweep113_r2_20260326_005503,6.0,15.0,ok,4.140606228892023,1000,1000,1000,0,0.0,1.0,0.0,0.219024,0.18442,Advantage2_system1.13,2341,27,./penalty_sweep_qpu_v113/samples/3nq9_Kdist6.0_Kmono15.0/psweep113_r2_20260326_005503/3nq9_ligand_report.csv,./penalty_sweep_qpu_v113/samples/3nq9_Kdist6.0_Kmono15.0/psweep113_r2_20260326_005503/3nq9_ligand_samples.json,./penalty_sweep_qpu_v113/samples/3nq9_Kdist6.0_Kmono15.0/psweep113_r2_20260326_005503/result.json
3nq9,3nq9_Kdist6.0_Kmono16.0,psweep113_r2_20260326_005503,6.0,16.0,ok,3.9360787111650115,1000,1000,1000,0,0.0,1.0,0.0,0.2090312,0.17442,Advantage2_system1.13,2252,26,./penalty_sweep_qpu_v113/samples/3nq9_Kdist6.0_Kmono16.0/psweep113_r2_20260326_005503/3nq9_ligand_report.csv,./penalty_sweep_qpu_v113/samples/3nq9_Kdist6.0_Kmono16.0/psweep113_r2_20260326_005503/3nq9_ligand_samples.json,./penalty_sweep_qpu_v113/samples/3nq9_Kdist6.0_Kmono16.0/psweep113_r2_20260326_005503/result.json
3nq9,3nq9_Kdist6.0_Kmono17.0,psweep113_r2_20260326_005503,6.0,17.0,ok,2.1858523440677406,1000,1000,1000,0,0.0,1.0,0.0,0.2077084,0.1731,Advantage2_system1.13,2168,26,./penalty_sweep_qpu_v113/samples/3nq9_Kdist6.0_Kmono17.0/psweep113_r2_20260326_005503/3nq9_ligand_report.csv,./penalty_sweep_qpu_v113/samples/3nq9_Kdist6.0_Kmono17.0/psweep113_r2_20260326_005503/3nq9_ligand_samples.json,./penalty_sweep_qpu_v113/samples/3nq9_Kdist6.0_Kmono17.0/psweep113_r2_20260326_005503/result.json
3nq9,3nq9_Kdist6.0_Kmono18.0,psweep113_r2_20260326_005503,6.0,18.0,ok,1.6376719476064634,1000,1000,1000,5,0.005,1.0,0.005,0.216202,0.1816,Advantage2_system1.13,2164,26,./penalty_sweep_qpu_v113/samples/3nq9_Kdist6.0_Kmono18.0/psweep113_r2_20260326_005503/3nq9_ligand_report.csv,./penalty_sweep_qpu_v113/samples/3nq9_Kdist6.0_Kmono18.0/psweep113_r2_20260326_005503/3nq9_ligand_samples.json,./penalty_sweep_qpu_v113/samples/3nq9_Kdist6.0_Kmono18.0/psweep113_r2_20260326_005503/result.json
3nq9,3nq9_Kdist6.0_Kmono19.0,psweep113_r2_20260326_005503,6.0,19.0,ok,1.9677459111678688,1000,1000,1000,1,0.001,1.0,0.001,0.2150816,0.18048,Advantage2_system1.13,2127,24,./penalty_sweep_qpu_v113/samples/3nq9_Kdist6.0_Kmono19.0/psweep113_r2_20260326_005503/3nq9_ligand_report.csv,./penalty_sweep_qpu_v113/samples/3nq9_Kdist6.0_Kmono19.0/psweep113_r2_20260326_005503/3nq9_ligand_samples.json,./penalty_sweep_qpu_v113/samples/3nq9_Kdist6.0_Kmono19.0/psweep113_r2_20260326_005503/result.json
3nq9,3nq9_Kdist6.0_Kmono20.0,psweep113_r2_20260326_005503,6.0,20.0,ok,4.420548876779562,1000,1000,1000,0,0.0,1.0,0.0,0.209124,0.17452,Advantage2_system1.13,2025,23,./penalty_sweep_qpu_v113/samples/3nq9_Kdist6.0_Kmono20.0/psweep113_r2_20260326_005503/3nq9_ligand_report.csv,./penalty_sweep_qpu_v113/samples/3nq9_Kdist6.0_Kmono20.0/psweep113_r2_20260326_005503/3nq9_ligand_samples.json,./penalty_sweep_qpu_v113/samples/3nq9_Kdist6.0_Kmono20.0/psweep113_r2_20260326_005503/result.json
3nq9,3nq9_Kdist6.5_Kmono1.0,psweep113_r2_20260326_005503,6.5,1.0,ok,5.097964292828751,1000,1000,1000,0,0.0,1.0,0.0,0.2115288,0.17692,Advantage2_system1.13,2245,25,./penalty_sweep_qpu_v113/samples/3nq9_Kdist6.5_Kmono1.0/psweep113_r2_20260326_005503/3nq9_ligand_report.csv,./penalty_sweep_qpu_v113/samples/3nq9_Kdist6.5_Kmono1.0/psweep113_r2_20260326_005503/3nq9_ligand_samples.json,./penalty_sweep_qpu_v113/samples/3nq9_Kdist6.5_Kmono1.0/psweep113_r2_20260326_005503/result.json
3nq9,3nq9_Kdist6.5_Kmono2.0,psweep113_r2_20260326_005503,6.5,2.0,ok,2.22305480931038,1000,1000,1000,0,0.0,1.0,0.0,0.2076228,0.17302,Advantage2_system1.13,1986,23,./penalty_sweep_qpu_v113/samples/3nq9_Kdist6.5_Kmono2.0/psweep113_r2_20260326_005503/3nq9_ligand_report.csv,./penalty_sweep_qpu_v113/samples/3nq9_Kdist6.5_Kmono2.0/psweep113_r2_20260326_005503/3nq9_ligand_samples.json,./penalty_sweep_qpu_v113/samples/3nq9_Kdist6.5_Kmono2.0/psweep113_r2_20260326_005503/result.json
3nq9,3nq9_Kdist6.5_Kmono3.0,psweep113_r2_20260326_005503,6.5,3.0,ok,3.176505739034321,1000,1000,1000,0,0.0,1.0,0.0,0.2133024,0.1787,Advantage2_system1.13,2012,23,./penalty_sweep_qpu_v113/samples/3nq9_Kdist6.5_Kmono3.0/psweep113_r2_20260326_005503/3nq9_ligand_report.csv,./penalty_sweep_qpu_v113/samples/3nq9_Kdist6.5_Kmono3.0/psweep113_r2_20260326_005503/3nq9_ligand_samples.json,./penalty_sweep_qpu_v113/samples/3nq9_Kdist6.5_Kmono3.0/psweep113_r2_20260326_005503/result.json
3nq9,3nq9_Kdist6.5_Kmono4.0,psweep113_r2_20260326_005503,6.5,4.0,ok,3.928509662427768,1000,1000,1000,0,0.0,1.0,0.0,0.205586,0.17098,Advantage2_system1.13,2158,26,./penalty_sweep_qpu_v113/samples/3nq9_Kdist6.5_Kmono4.0/psweep113_r2_20260326_005503/3nq9_ligand_report.csv,./penalty_sweep_qpu_v113/samples/3nq9_Kdist6.5_Kmono4.0/psweep113_r2_20260326_005503/3nq9_ligand_samples.json,./penalty_sweep_qpu_v113/samples/3nq9_Kdist6.5_Kmono4.0/psweep113_r2_20260326_005503/result.json
3nq9,3nq9_Kdist6.5_Kmono5.0,psweep113_r2_20260326_005503,6.5,5.0,ok,3.474536712137876,1000,1000,1000,0,0.0,1.0,0.0,0.209732,0.17512,Advantage2_system1.13,2268,29,./penalty_sweep_qpu_v113/samples/3nq9_Kdist6.5_Kmono5.0/psweep113_r2_20260326_005503/3nq9_ligand_report.csv,./penalty_sweep_qpu_v113/samples/3nq9_Kdist6.5_Kmono5.0/psweep113_r2_20260326_005503/3nq9_ligand_samples.json,./penalty_sweep_qpu_v113/samples/3nq9_Kdist6.5_Kmono5.0/psweep113_r2_20260326_005503/result.json
3nq9,3nq9_Kdist6.5_Kmono6.0,psweep113_r2_20260326_005503,6.5,6.0,ok,2.6966581310893245,1000,1000,1000,0,0.0,1.0,0.0,0.205584,0.17098,Advantage2_system1.13,2344,27,./penalty_sweep_qpu_v113/samples/3nq9_Kdist6.5_Kmono6.0/psweep113_r2_20260326_005503/3nq9_ligand_report.csv,./penalty_sweep_qpu_v113/samples/3nq9_Kdist6.5_Kmono6.0/psweep113_r2_20260326_005503/3nq9_ligand_samples.json,./penalty_sweep_qpu_v113/samples/3nq9_Kdist6.5_Kmono6.0/psweep113_r2_20260326_005503/result.json
3nq9,3nq9_Kdist6.5_Kmono7.0,psweep113_r2_20260326_005503,6.5,7.0,ok,2.134462069303668,1000,1000,1000,0,0.0,1.0,0.0,0.207382,0.17278,Advantage2_system1.13,2000,24,./penalty_sweep_qpu_v113/samples/3nq9_Kdist6.5_Kmono7.0/psweep113_r2_20260326_005503/3nq9_ligand_report.csv,./penalty_sweep_qpu_v113/samples/3nq9_Kdist6.5_Kmono7.0/psweep113_r2_20260326_005503/3nq9_ligand_samples.json,./penalty_sweep_qpu_v113/samples/3nq9_Kdist6.5_Kmono7.0/psweep113_r2_20260326_005503/result.json
3nq9,3nq9_Kdist6.5_Kmono8.0,psweep113_r2_20260326_005503,6.5,8.0,ok,2.2104476122771795,1000,1000,1000,0,0.0,1.0,0.0,0.21298920000000002,0.17838,Advantage2_system1.13,2359,29,./penalty_sweep_qpu_v113/samples/3nq9_Kdist6.5_Kmono8.0/psweep113_r2_20260326_005503/3nq9_ligand_report.csv,./penalty_sweep_qpu_v113/samples/3nq9_Kdist6.5_Kmono8.0/psweep113_r2_20260326_005503/3nq9_ligand_samples.json,./penalty_sweep_qpu_v113/samples/3nq9_Kdist6.5_Kmono8.0/psweep113_r2_20260326_005503/result.json
3nq9,3nq9_Kdist6.5_Kmono9.0,psweep113_r2_20260326_005503,6.5,9.0,ok,3.94911805594949,1000,1000,1000,0,0.0,1.0,0.0,0.211908,0.1773,Advantage2_system1.13,2150,26,./penalty_sweep_qpu_v113/samples/3nq9_Kdist6.5_Kmono9.0/psweep113_r2_20260326_005503/3nq9_ligand_report.csv,./penalty_sweep_qpu_v113/samples/3nq9_Kdist6.5_Kmono9.0/psweep113_r2_20260326_005503/3nq9_ligand_samples.json,./penalty_sweep_qpu_v113/samples/3nq9_Kdist6.5_Kmono9.0/psweep113_r2_20260326_005503/result.json
3nq9,3nq9_Kdist6.5_Kmono10.0,psweep113_r2_20260326_005503,6.5,10.0,ok,1.8261685812029136,1000,1000,1000,1,0.001,1.0,0.001,0.21467039999999998,0.18006,Advantage2_system1.13,2116,25,./penalty_sweep_qpu_v113/samples/3nq9_Kdist6.5_Kmono10.0/psweep113_r2_20260326_005503/3nq9_ligand_report.csv,./penalty_sweep_qpu_v113/samples/3nq9_Kdist6.5_Kmono10.0/psweep113_r2_20260326_005503/3nq9_ligand_samples.json,./penalty_sweep_qpu_v113/samples/3nq9_Kdist6.5_Kmono10.0/psweep113_r2_20260326_005503/result.json
3nq9,3nq9_Kdist6.5_Kmono11.0,psweep113_r2_20260326_005503,6.5,11.0,ok,5.398515998081867,1000,1000,1000,0,0.0,1.0,0.0,0.20708479999999999,0.17248,Advantage2_system1.13,2135,25,./penalty_sweep_qpu_v113/samples/3nq9_Kdist6.5_Kmono11.0/psweep113_r2_20260326_005503/3nq9_ligand_report.csv,./penalty_sweep_qpu_v113/samples/3nq9_Kdist6.5_Kmono11.0/psweep113_r2_20260326_005503/3nq9_ligand_samples.json,./penalty_sweep_qpu_v113/samples/3nq9_Kdist6.5_Kmono11.0/psweep113_r2_20260326_005503/result.json
3nq9,3nq9_Kdist6.5_Kmono12.0,psweep113_r2_20260326_005503,6.5,12.0,ok,4.57205144983316,1000,1000,1000,0,0.0,1.0,0.0,0.217994,0.18338,Advantage2_system1.13,2328,29,./penalty_sweep_qpu_v113/samples/3nq9_Kdist6.5_Kmono12.0/psweep113_r2_20260326_005503/3nq9_ligand_report.csv,./penalty_sweep_qpu_v113/samples/3nq9_Kdist6.5_Kmono12.0/psweep113_r2_20260326_005503/3nq9_ligand_samples.json,./penalty_sweep_qpu_v113/samples/3nq9_Kdist6.5_Kmono12.0/psweep113_r2_20260326_005503/result.json
3nq9,3nq9_Kdist6.5_Kmono13.0,psweep113_r2_20260326_005503,6.5,13.0,ok,2.5459452777613336,1000,1000,1000,0,0.0,1.0,0.0,0.21629720000000002,0.1817,Advantage2_system1.13,2107,25,./penalty_sweep_qpu_v113/samples/3nq9_Kdist6.5_Kmono13.0/psweep113_r2_20260326_005503/3nq9_ligand_report.csv,./penalty_sweep_qpu_v113/samples/3nq9_Kdist6.5_Kmono13.0/psweep113_r2_20260326_005503/3nq9_ligand_samples.json,./penalty_sweep_qpu_v113/samples/3nq9_Kdist6.5_Kmono13.0/psweep113_r2_20260326_005503/result.json
3nq9,3nq9_Kdist6.5_Kmono14.0,psweep113_r2_20260326_005503,6.5,14.0,ok,4.101106526169674,1000,1000,1000,0,0.0,1.0,0.0,0.2089008,0.1743,Advantage2_system1.13,1958,24,./penalty_sweep_qpu_v113/samples/3nq9_Kdist6.5_Kmono14.0/psweep113_r2_20260326_005503/3nq9_ligand_report.csv,./penalty_sweep_qpu_v113/samples/3nq9_Kdist6.5_Kmono14.0/psweep113_r2_20260326_005503/3nq9_ligand_samples.json,./penalty_sweep_qpu_v113/samples/3nq9_Kdist6.5_Kmono14.0/psweep113_r2_20260326_005503/result.json
3nq9,3nq9_Kdist6.5_Kmono15.0,psweep113_r2_20260326_005503,6.5,15.0,ok,1.237178999631896,1000,1000,1000,1,0.001,1.0,0.001,0.2065872,0.17198,Advantage2_system1.13,2205,26,./penalty_sweep_qpu_v113/samples/3nq9_Kdist6.5_Kmono15.0/psweep113_r2_20260326_005503/3nq9_ligand_report.csv,./penalty_sweep_qpu_v113/samples/3nq9_Kdist6.5_Kmono15.0/psweep113_r2_20260326_005503/3nq9_ligand_samples.json,./penalty_sweep_qpu_v113/samples/3nq9_Kdist6.5_Kmono15.0/psweep113_r2_20260326_005503/result.json
3nq9,3nq9_Kdist6.5_Kmono16.0,psweep113_r2_20260326_005503,6.5,16.0,ok,1.8499772969879291,1000,1000,1000,3,0.003,1.0,0.003,0.2087084,0.1741,Advantage2_system1.13,2157,25,./penalty_sweep_qpu_v113/samples/3nq9_Kdist6.5_Kmono16.0/psweep113_r2_20260326_005503/3nq9_ligand_report.csv,./penalty_sweep_qpu_v113/samples/3nq9_Kdist6.5_Kmono16.0/psweep113_r2_20260326_005503/3nq9_ligand_samples.json,./penalty_sweep_qpu_v113/samples/3nq9_Kdist6.5_Kmono16.0/psweep113_r2_20260326_005503/result.json
3nq9,3nq9_Kdist6.5_Kmono17.0,psweep113_r2_20260326_005503,6.5,17.0,ok,2.4961965185584627,1000,1000,1000,0,0.0,1.0,0.0,0.20727520000000002,0.17266,Advantage2_system1.13,2094,25,./penalty_sweep_qpu_v113/samples/3nq9_Kdist6.5_Kmono17.0/psweep113_r2_20260326_005503/3nq9_ligand_report.csv,./penalty_sweep_qpu_v113/samples/3nq9_Kdist6.5_Kmono17.0/psweep113_r2_20260326_005503/3nq9_ligand_samples.json,./penalty_sweep_qpu_v113/samples/3nq9_Kdist6.5_Kmono17.0/psweep113_r2_20260326_005503/result.json
3nq9,3nq9_Kdist6.5_Kmono18.0,psweep113_r2_20260326_005503,6.5,18.0,ok,3.9451030108719722,1000,1000,1000,0,0.0,1.0,0.0,0.2053124,0.1707,Advantage2_system1.13,2017,22,./penalty_sweep_qpu_v113/samples/3nq9_Kdist6.5_Kmono18.0/psweep113_r2_20260326_005503/3nq9_ligand_report.csv,./penalty_sweep_qpu_v113/samples/3nq9_Kdist6.5_Kmono18.0/psweep113_r2_20260326_005503/3nq9_ligand_samples.json,./penalty_sweep_qpu_v113/samples/3nq9_Kdist6.5_Kmono18.0/psweep113_r2_20260326_005503/result.json
3nq9,3nq9_Kdist6.5_Kmono19.0,psweep113_r2_20260326_005503,6.5,19.0,ok,1.5664480756947805,1000,1000,1000,28,0.028,1.0,0.028,0.2118428,0.17724,Advantage2_system1.13,1985,23,./penalty_sweep_qpu_v113/samples/3nq9_Kdist6.5_Kmono19.0/psweep113_r2_20260326_005503/3nq9_ligand_report.csv,./penalty_sweep_qpu_v113/samples/3nq9_Kdist6.5_Kmono19.0/psweep113_r2_20260326_005503/3nq9_ligand_samples.json,./penalty_sweep_qpu_v113/samples/3nq9_Kdist6.5_Kmono19.0/psweep113_r2_20260326_005503/result.json
3nq9,3nq9_Kdist6.5_Kmono20.0,psweep113_r2_20260326_005503,6.5,20.0,ok,3.7570753978567653,1000,1000,1000,0,0.0,1.0,0.0,0.2120516,0.17744,Advantage2_system1.13,2484,31,./penalty_sweep_qpu_v113/samples/3nq9_Kdist6.5_Kmono20.0/psweep113_r2_20260326_005503/3nq9_ligand_report.csv,./penalty_sweep_qpu_v113/samples/3nq9_Kdist6.5_Kmono20.0/psweep113_r2_20260326_005503/3nq9_ligand_samples.json,./penalty_sweep_qpu_v113/samples/3nq9_Kdist6.5_Kmono20.0/psweep113_r2_20260326_005503/result.json
3nq9,3nq9_Kdist7.0_Kmono1.0,psweep113_r2_20260326_005503,7.0,1.0,ok,3.761614639534277,1000,1000,1000,0,0.0,1.0,0.0,0.208706,0.1741,Advantage2_system1.13,2189,25,./penalty_sweep_qpu_v113/samples/3nq9_Kdist7.0_Kmono1.0/psweep113_r2_20260326_005503/3nq9_ligand_report.csv,./penalty_sweep_qpu_v113/samples/3nq9_Kdist7.0_Kmono1.0/psweep113_r2_20260326_005503/3nq9_ligand_samples.json,./penalty_sweep_qpu_v113/samples/3nq9_Kdist7.0_Kmono1.0/psweep113_r2_20260326_005503/result.json
3nq9,3nq9_Kdist7.0_Kmono2.0,psweep113_r2_20260326_005503,7.0,2.0,ok,3.809046532478012,1000,1000,1000,0,0.0,1.0,0.0,0.2079056,0.1733,Advantage2_system1.13,2133,25,./penalty_sweep_qpu_v113/samples/3nq9_Kdist7.0_Kmono2.0/psweep113_r2_20260326_005503/3nq9_ligand_report.csv,./penalty_sweep_qpu_v113/samples/3nq9_Kdist7.0_Kmono2.0/psweep113_r2_20260326_005503/3nq9_ligand_samples.json,./penalty_sweep_qpu_v113/samples/3nq9_Kdist7.0_Kmono2.0/psweep113_r2_20260326_005503/result.json
3nq9,3nq9_Kdist7.0_Kmono3.0,psweep113_r2_20260326_005503,7.0,3.0,ok,5.273520431149442,1000,1000,1000,0,0.0,1.0,0.0,0.2039104,0.1693,Advantage2_system1.13,2317,27,./penalty_sweep_qpu_v113/samples/3nq9_Kdist7.0_Kmono3.0/psweep113_r2_20260326_005503/3nq9_ligand_report.csv,./penalty_sweep_qpu_v113/samples/3nq9_Kdist7.0_Kmono3.0/psweep113_r2_20260326_005503/3nq9_ligand_samples.json,./penalty_sweep_qpu_v113/samples/3nq9_Kdist7.0_Kmono3.0/psweep113_r2_20260326_005503/result.json
3nq9,3nq9_Kdist7.0_Kmono4.0,psweep113_r2_20260326_005503,7.0,4.0,ok,3.60367661558663,1000,1000,1000,0,0.0,1.0,0.0,0.2057164,0.1711,Advantage2_system1.13,2167,26,./penalty_sweep_qpu_v113/samples/3nq9_Kdist7.0_Kmono4.0/psweep113_r2_20260326_005503/3nq9_ligand_report.csv,./penalty_sweep_qpu_v113/samples/3nq9_Kdist7.0_Kmono4.0/psweep113_r2_20260326_005503/3nq9_ligand_samples.json,./penalty_sweep_qpu_v113/samples/3nq9_Kdist7.0_Kmono4.0/psweep113_r2_20260326_005503/result.json
3nq9,3nq9_Kdist7.0_Kmono5.0,psweep113_r2_20260326_005503,7.0,5.0,ok,1.8626640889657362,1000,1000,1000,2,0.002,1.0,0.002,0.22016439999999998,0.18556,Advantage2_system1.13,2321,27,./penalty_sweep_qpu_v113/samples/3nq9_Kdist7.0_Kmono5.0/psweep113_r2_20260326_005503/3nq9_ligand_report.csv,./penalty_sweep_qpu_v113/samples/3nq9_Kdist7.0_Kmono5.0/psweep113_r2_20260326_005503/3nq9_ligand_samples.json,./penalty_sweep_qpu_v113/samples/3nq9_Kdist7.0_Kmono5.0/psweep113_r2_20260326_005503/result.json
3nq9,3nq9_Kdist7.0_Kmono6.0,psweep113_r2_20260326_005503,7.0,6.0,ok,3.3092772653535656,1000,1000,1000,0,0.0,1.0,0.0,0.2106236,0.17602,Advantage2_system1.13,2370,30,./penalty_sweep_qpu_v113/samples/3nq9_Kdist7.0_Kmono6.0/psweep113_r2_20260326_005503/3nq9_ligand_report.csv,./penalty_sweep_qpu_v113/samples/3nq9_Kdist7.0_Kmono6.0/psweep113_r2_20260326_005503/3nq9_ligand_samples.json,./penalty_sweep_qpu_v113/samples/3nq9_Kdist7.0_Kmono6.0/psweep113_r2_20260326_005503/result.json
3nq9,3nq9_Kdist7.0_Kmono7.0,psweep113_r2_20260326_005503,7.0,7.0,ok,2.764860201923944,1000,1000,1000,0,0.0,1.0,0.0,0.20916279999999998,0.17456,Advantage2_system1.13,2044,25,./penalty_sweep_qpu_v113/samples/3nq9_Kdist7.0_Kmono7.0/psweep113_r2_20260326_005503/3nq9_ligand_report.csv,./penalty_sweep_qpu_v113/samples/3nq9_Kdist7.0_Kmono7.0/psweep113_r2_20260326_005503/3nq9_ligand_samples.json,./penalty_sweep_qpu_v113/samples/3nq9_Kdist7.0_Kmono7.0/psweep113_r2_20260326_005503/result.json
3nq9,3nq9_Kdist7.0_Kmono8.0,psweep113_r2_20260326_005503,7.0,8.0,ok,3.250406212695226,1000,1000,1000,0,0.0,1.0,0.0,0.20735,0.17274,Advantage2_system1.13,2138,25,./penalty_sweep_qpu_v113/samples/3nq9_Kdist7.0_Kmono8.0/psweep113_r2_20260326_005503/3nq9_ligand_report.csv,./penalty_sweep_qpu_v113/samples/3nq9_Kdist7.0_Kmono8.0/psweep113_r2_20260326_005503/3nq9_ligand_samples.json,./penalty_sweep_qpu_v113/samples/3nq9_Kdist7.0_Kmono8.0/psweep113_r2_20260326_005503/result.json
3nq9,3nq9_Kdist7.0_Kmono9.0,psweep113_r2_20260326_005503,7.0,9.0,ok,3.584242564606549,1000,1000,1000,0,0.0,1.0,0.0,0.21503239999999998,0.18042,Advantage2_system1.13,2448,29,./penalty_sweep_qpu_v113/samples/3nq9_Kdist7.0_Kmono9.0/psweep113_r2_20260326_005503/3nq9_ligand_report.csv,./penalty_sweep_qpu_v113/samples/3nq9_Kdist7.0_Kmono9.0/psweep113_r2_20260326_005503/3nq9_ligand_samples.json,./penalty_sweep_qpu_v113/samples/3nq9_Kdist7.0_Kmono9.0/psweep113_r2_20260326_005503/result.json
3nq9,3nq9_Kdist7.0_Kmono10.0,psweep113_r2_20260326_005503,7.0,10.0,ok,5.3021918396139345,1000,1000,1000,0,0.0,1.0,0.0,0.213312,0.1787,Advantage2_system1.13,2713,32,./penalty_sweep_qpu_v113/samples/3nq9_Kdist7.0_Kmono10.0/psweep113_r2_20260326_005503/3nq9_ligand_report.csv,./penalty_sweep_qpu_v113/samples/3nq9_Kdist7.0_Kmono10.0/psweep113_r2_20260326_005503/3nq9_ligand_samples.json,./penalty_sweep_qpu_v113/samples/3nq9_Kdist7.0_Kmono10.0/psweep113_r2_20260326_005503/result.json
3nq9,3nq9_Kdist7.0_Kmono11.0,psweep113_r2_20260326_005503,7.0,11.0,ok,3.550436010673881,1000,1000,1000,0,0.0,1.0,0.0,0.2164452,0.18184,Advantage2_system1.13,1893,21,./penalty_sweep_qpu_v113/samples/3nq9_Kdist7.0_Kmono11.0/psweep113_r2_20260326_005503/3nq9_ligand_report.csv,./penalty_sweep_qpu_v113/samples/3nq9_Kdist7.0_Kmono11.0/psweep113_r2_20260326_005503/3nq9_ligand_samples.json,./penalty_sweep_qpu_v113/samples/3nq9_Kdist7.0_Kmono11.0/psweep113_r2_20260326_005503/result.json
3nq9,3nq9_Kdist7.0_Kmono12.0,psweep113_r2_20260326_005503,7.0,12.0,ok,4.401681298337231,1000,1000,1000,0,0.0,1.0,0.0,0.2109508,0.17634,Advantage2_system1.13,2229,26,./penalty_sweep_qpu_v113/samples/3nq9_Kdist7.0_Kmono12.0/psweep113_r2_20260326_005503/3nq9_ligand_report.csv,./penalty_sweep_qpu_v113/samples/3nq9_Kdist7.0_Kmono12.0/psweep113_r2_20260326_005503/3nq9_ligand_samples.json,./penalty_sweep_qpu_v113/samples/3nq9_Kdist7.0_Kmono12.0/psweep113_r2_20260326_005503/result.json
3nq9,3nq9_Kdist7.0_Kmono13.0,psweep113_r2_20260326_005503,7.0,13.0,ok,2.992364814658228,1000,1000,1000,0,0.0,1.0,0.0,0.2045452,0.16994,Advantage2_system1.13,1948,22,./penalty_sweep_qpu_v113/samples/3nq9_Kdist7.0_Kmono13.0/psweep113_r2_20260326_005503/3nq9_ligand_report.csv,./penalty_sweep_qpu_v113/samples/3nq9_Kdist7.0_Kmono13.0/psweep113_r2_20260326_005503/3nq9_ligand_samples.json,./penalty_sweep_qpu_v113/samples/3nq9_Kdist7.0_Kmono13.0/psweep113_r2_20260326_005503/result.json
3nq9,3nq9_Kdist7.0_Kmono14.0,psweep113_r2_20260326_005503,7.0,14.0,ok,3.3943349486745293,1000,1000,1000,0,0.0,1.0,0.0,0.19862960000000002,0.16402,Advantage2_system1.13,2094,25,./penalty_sweep_qpu_v113/samples/3nq9_Kdist7.0_Kmono14.0/psweep113_r2_20260326_005503/3nq9_ligand_report.csv,./penalty_sweep_qpu_v113/samples/3nq9_Kdist7.0_Kmono14.0/psweep113_r2_20260326_005503/3nq9_ligand_samples.json,./penalty_sweep_qpu_v113/samples/3nq9_Kdist7.0_Kmono14.0/psweep113_r2_20260326_005503/result.json
3nq9,3nq9_Kdist7.0_Kmono15.0,psweep113_r2_20260326_005503,7.0,15.0,ok,4.920212848069644,1000,1000,1000,0,0.0,1.0,0.0,0.21505,0.18044,Advantage2_system1.13,2027,24,./penalty_sweep_qpu_v113/samples/3nq9_Kdist7.0_Kmono15.0/psweep113_r2_20260326_005503/3nq9_ligand_report.csv,./penalty_sweep_qpu_v113/samples/3nq9_Kdist7.0_Kmono15.0/psweep113_r2_20260326_005503/3nq9_ligand_samples.json,./penalty_sweep_qpu_v113/samples/3nq9_Kdist7.0_Kmono15.0/psweep113_r2_20260326_005503/result.json
3nq9,3nq9_Kdist7.0_Kmono16.0,psweep113_r2_20260326_005503,7.0,16.0,ok,2.091476228097022,1000,1000,1000,0,0.0,1.0,0.0,0.21440879999999998,0.1798,Advantage2_system1.13,2379,30,./penalty_sweep_qpu_v113/samples/3nq9_Kdist7.0_Kmono16.0/psweep113_r2_20260326_005503/3nq9_ligand_report.csv,./penalty_sweep_qpu_v113/samples/3nq9_Kdist7.0_Kmono16.0/psweep113_r2_20260326_005503/3nq9_ligand_samples.json,./penalty_sweep_qpu_v113/samples/3nq9_Kdist7.0_Kmono16.0/psweep113_r2_20260326_005503/result.json
3nq9,3nq9_Kdist7.0_Kmono17.0,psweep113_r2_20260326_005503,7.0,17.0,ok,1.8892325688881526,1000,1000,1000,1,0.001,1.0,0.001,0.2055888,0.17098,Advantage2_system1.13,2117,26,./penalty_sweep_qpu_v113/samples/3nq9_Kdist7.0_Kmono17.0/psweep113_r2_20260326_005503/3nq9_ligand_report.csv,./penalty_sweep_qpu_v113/samples/3nq9_Kdist7.0_Kmono17.0/psweep113_r2_20260326_005503/3nq9_ligand_samples.json,./penalty_sweep_qpu_v113/samples/3nq9_Kdist7.0_Kmono17.0/psweep113_r2_20260326_005503/result.json
3nq9,3nq9_Kdist7.0_Kmono18.0,psweep113_r2_20260326_005503,7.0,18.0,ok,4.355253771485494,1000,1000,1000,0,0.0,1.0,0.0,0.21544560000000001,0.18084,Advantage2_system1.13,1967,23,./penalty_sweep_qpu_v113/samples/3nq9_Kdist7.0_Kmono18.0/psweep113_r2_20260326_005503/3nq9_ligand_report.csv,./penalty_sweep_qpu_v113/samples/3nq9_Kdist7.0_Kmono18.0/psweep113_r2_20260326_005503/3nq9_ligand_samples.json,./penalty_sweep_qpu_v113/samples/3nq9_Kdist7.0_Kmono18.0/psweep113_r2_20260326_005503/result.json
3nq9,3nq9_Kdist7.0_Kmono19.0,psweep113_r2_20260326_005503,7.0,19.0,ok,2.7912064969749695,1000,1000,1000,0,0.0,1.0,0.0,0.23066,0.17198,Advantage2_system1.13,2067,24,./penalty_sweep_qpu_v113/samples/3nq9_Kdist7.0_Kmono19.0/psweep113_r2_20260326_005503/3nq9_ligand_report.csv,./penalty_sweep_qpu_v113/samples/3nq9_Kdist7.0_Kmono19.0/psweep113_r2_20260326_005503/3nq9_ligand_samples.json,./penalty_sweep_qpu_v113/samples/3nq9_Kdist7.0_Kmono19.0/psweep113_r2_20260326_005503/result.json
3nq9,3nq9_Kdist7.0_Kmono20.0,psweep113_r2_20260326_005503,7.0,20.0,ok,2.363794875741205,1000,1000,1000,0,0.0,1.0,0.0,0.2110372,0.17644,Advantage2_system1.13,1984,23,./penalty_sweep_qpu_v113/samples/3nq9_Kdist7.0_Kmono20.0/psweep113_r2_20260326_005503/3nq9_ligand_report.csv,./penalty_sweep_qpu_v113/samples/3nq9_Kdist7.0_Kmono20.0/psweep113_r2_20260326_005503/3nq9_ligand_samples.json,./penalty_sweep_qpu_v113/samples/3nq9_Kdist7.0_Kmono20.0/psweep113_r2_20260326_005503/result.json
3nq9,3nq9_Kdist7.5_Kmono1.0,psweep113_r2_20260326_005503,7.5,1.0,ok,5.586234198272139,1000,1000,1000,0,0.0,1.0,0.0,0.21621079999999998,0.1816,Advantage2_system1.13,2501,31,./penalty_sweep_qpu_v113/samples/3nq9_Kdist7.5_Kmono1.0/psweep113_r2_20260326_005503/3nq9_ligand_report.csv,./penalty_sweep_qpu_v113/samples/3nq9_Kdist7.5_Kmono1.0/psweep113_r2_20260326_005503/3nq9_ligand_samples.json,./penalty_sweep_qpu_v113/samples/3nq9_Kdist7.5_Kmono1.0/psweep113_r2_20260326_005503/result.json
3nq9,3nq9_Kdist7.5_Kmono2.0,psweep113_r2_20260326_005503,7.5,2.0,ok,2.9803296996792965,1000,1000,1000,0,0.0,1.0,0.0,0.2087156,0.1741,Advantage2_system1.13,2214,25,./penalty_sweep_qpu_v113/samples/3nq9_Kdist7.5_Kmono2.0/psweep113_r2_20260326_005503/3nq9_ligand_report.csv,./penalty_sweep_qpu_v113/samples/3nq9_Kdist7.5_Kmono2.0/psweep113_r2_20260326_005503/3nq9_ligand_samples.json,./penalty_sweep_qpu_v113/samples/3nq9_Kdist7.5_Kmono2.0/psweep113_r2_20260326_005503/result.json
3nq9,3nq9_Kdist7.5_Kmono3.0,psweep113_r2_20260326_005503,7.5,3.0,ok,3.98470788413932,1000,1000,1000,0,0.0,1.0,0.0,0.202524,0.16792,Advantage2_system1.13,2131,24,./penalty_sweep_qpu_v113/samples/3nq9_Kdist7.5_Kmono3.0/psweep113_r2_20260326_005503/3nq9_ligand_report.csv,./penalty_sweep_qpu_v113/samples/3nq9_Kdist7.5_Kmono3.0/psweep113_r2_20260326_005503/3nq9_ligand_samples.json,./penalty_sweep_qpu_v113/samples/3nq9_Kdist7.5_Kmono3.0/psweep113_r2_20260326_005503/result.json
3nq9,3nq9_Kdist7.5_Kmono4.0,psweep113_r2_20260326_005503,7.5,4.0,ok,1.5946897407690015,1000,1000,1000,1,0.001,1.0,0.001,0.216204,0.1816,Advantage2_system1.13,2096,24,./penalty_sweep_qpu_v113/samples/3nq9_Kdist7.5_Kmono4.0/psweep113_r2_20260326_005503/3nq9_ligand_report.csv,./penalty_sweep_qpu_v113/samples/3nq9_Kdist7.5_Kmono4.0/psweep113_r2_20260326_005503/3nq9_ligand_samples.json,./penalty_sweep_qpu_v113/samples/3nq9_Kdist7.5_Kmono4.0/psweep113_r2_20260326_005503/result.json
3nq9,3nq9_Kdist7.5_Kmono5.0,psweep113_r2_20260326_005503,7.5,5.0,ok,1.7331498316378007,1000,1000,1000,4,0.004,1.0,0.004,0.20202879999999998,0.16742,Advantage2_system1.13,2141,25,./penalty_sweep_qpu_v113/samples/3nq9_Kdist7.5_Kmono5.0/psweep113_r2_20260326_005503/3nq9_ligand_report.csv,./penalty_sweep_qpu_v113/samples/3nq9_Kdist7.5_Kmono5.0/psweep113_r2_20260326_005503/3nq9_ligand_samples.json,./penalty_sweep_qpu_v113/samples/3nq9_Kdist7.5_Kmono5.0/psweep113_r2_20260326_005503/result.json
3nq9,3nq9_Kdist7.5_Kmono6.0,psweep113_r2_20260326_005503,7.5,6.0,ok,1.7283270724207112,1000,1000,1000,6,0.006,1.0,0.006,0.205988,0.17138,Advantage2_system1.13,2110,24,./penalty_sweep_qpu_v113/samples/3nq9_Kdist7.5_Kmono6.0/psweep113_r2_20260326_005503/3nq9_ligand_report.csv,./penalty_sweep_qpu_v113/samples/3nq9_Kdist7.5_Kmono6.0/psweep113_r2_20260326_005503/3nq9_ligand_samples.json,./penalty_sweep_qpu_v113/samples/3nq9_Kdist7.5_Kmono6.0/psweep113_r2_20260326_005503/result.json
3nq9,3nq9_Kdist7.5_Kmono7.0,psweep113_r2_20260326_005503,7.5,7.0,ok,5.163139331602436,1000,1000,1000,0,0.0,1.0,0.0,0.2083856,0.17378,Advantage2_system1.13,2110,24,./penalty_sweep_qpu_v113/samples/3nq9_Kdist7.5_Kmono7.0/psweep113_r2_20260326_005503/3nq9_ligand_report.csv,./penalty_sweep_qpu_v113/samples/3nq9_Kdist7.5_Kmono7.0/psweep113_r2_20260326_005503/3nq9_ligand_samples.json,./penalty_sweep_qpu_v113/samples/3nq9_Kdist7.5_Kmono7.0/psweep113_r2_20260326_005503/result.json
3nq9,3nq9_Kdist7.5_Kmono8.0,psweep113_r2_20260326_005503,7.5,8.0,ok,3.7333766579212058,1000,1000,1000,0,0.0,1.0,0.0,0.20576360000000002,0.17116,Advantage2_system1.13,2440,29,./penalty_sweep_qpu_v113/samples/3nq9_Kdist7.5_Kmono8.0/psweep113_r2_20260326_005503/3nq9_ligand_report.csv,./penalty_sweep_qpu_v113/samples/3nq9_Kdist7.5_Kmono8.0/psweep113_r2_20260326_005503/3nq9_ligand_samples.json,./penalty_sweep_qpu_v113/samples/3nq9_Kdist7.5_Kmono8.0/psweep113_r2_20260326_005503/result.json
3nq9,3nq9_Kdist7.5_Kmono9.0,psweep113_r2_20260326_005503,7.5,9.0,ok,1.2102891956415254,1000,1000,1000,22,0.022,1.0,0.022,0.2147048,0.1801,Advantage2_system1.13,2176,25,./penalty_sweep_qpu_v113/samples/3nq9_Kdist7.5_Kmono9.0/psweep113_r2_20260326_005503/3nq9_ligand_report.csv,./penalty_sweep_qpu_v113/samples/3nq9_Kdist7.5_Kmono9.0/psweep113_r2_20260326_005503/3nq9_ligand_samples.json,./penalty_sweep_qpu_v113/samples/3nq9_Kdist7.5_Kmono9.0/psweep113_r2_20260326_005503/result.json
3nq9,3nq9_Kdist7.5_Kmono10.0,psweep113_r2_20260326_005503,7.5,10.0,ok,4.022680996756048,1000,1000,1000,0,0.0,1.0,0.0,0.2082088,0.1736,Advantage2_system1.13,2742,33,./penalty_sweep_qpu_v113/samples/3nq9_Kdist7.5_Kmono10.0/psweep113_r2_20260326_005503/3nq9_ligand_report.csv,./penalty_sweep_qpu_v113/samples/3nq9_Kdist7.5_Kmono10.0/psweep113_r2_20260326_005503/3nq9_ligand_samples.json,./penalty_sweep_qpu_v113/samples/3nq9_Kdist7.5_Kmono10.0/psweep113_r2_20260326_005503/result.json
3nq9,3nq9_Kdist7.5_Kmono11.0,psweep113_r2_20260326_005503,7.5,11.0,ok,3.64663962884212,1000,1000,1000,0,0.0,1.0,0.0,0.2004848,0.16588,Advantage2_system1.13,2114,25,./penalty_sweep_qpu_v113/samples/3nq9_Kdist7.5_Kmono11.0/psweep113_r2_20260326_005503/3nq9_ligand_report.csv,./penalty_sweep_qpu_v113/samples/3nq9_Kdist7.5_Kmono11.0/psweep113_r2_20260326_005503/3nq9_ligand_samples.json,./penalty_sweep_qpu_v113/samples/3nq9_Kdist7.5_Kmono11.0/psweep113_r2_20260326_005503/result.json
3nq9,3nq9_Kdist7.5_Kmono12.0,psweep113_r2_20260326_005503,7.5,12.0,ok,2.196234858786011,1000,1000,1000,0,0.0,1.0,0.0,0.2048524,0.17024,Advantage2_system1.13,2041,25,./penalty_sweep_qpu_v113/samples/3nq9_Kdist7.5_Kmono12.0/psweep113_r2_20260326_005503/3nq9_ligand_report.csv,./penalty_sweep_qpu_v113/samples/3nq9_Kdist7.5_Kmono12.0/psweep113_r2_20260326_005503/3nq9_ligand_samples.json,./penalty_sweep_qpu_v113/samples/3nq9_Kdist7.5_Kmono12.0/psweep113_r2_20260326_005503/result.json
3nq9,3nq9_Kdist7.5_Kmono13.0,psweep113_r2_20260326_005503,7.5,13.0,ok,2.8098387745477744,1000,1000,1000,0,0.0,1.0,0.0,0.2115288,0.17692,Advantage2_system1.13,2076,23,./penalty_sweep_qpu_v113/samples/3nq9_Kdist7.5_Kmono13.0/psweep113_r2_20260326_005503/3nq9_ligand_report.csv,./penalty_sweep_qpu_v113/samples/3nq9_Kdist7.5_Kmono13.0/psweep113_r2_20260326_005503/3nq9_ligand_samples.json,./penalty_sweep_qpu_v113/samples/3nq9_Kdist7.5_Kmono13.0/psweep113_r2_20260326_005503/result.json
3nq9,3nq9_Kdist7.5_Kmono14.0,psweep113_r2_20260326_005503,7.5,14.0,ok,4.433986398846026,1000,1000,1000,0,0.0,1.0,0.0,0.215356,0.18074,Advantage2_system1.13,2205,27,./penalty_sweep_qpu_v113/samples/3nq9_Kdist7.5_Kmono14.0/psweep113_r2_20260326_005503/3nq9_ligand_report.csv,./penalty_sweep_qpu_v113/samples/3nq9_Kdist7.5_Kmono14.0/psweep113_r2_20260326_005503/3nq9_ligand_samples.json,./penalty_sweep_qpu_v113/samples/3nq9_Kdist7.5_Kmono14.0/psweep113_r2_20260326_005503/result.json
3nq9,3nq9_Kdist7.5_Kmono15.0,psweep113_r2_20260326_005503,7.5,15.0,ok,1.8740931467333102,1000,1000,1000,2,0.002,1.0,0.002,0.2110392,0.17642,Advantage2_system1.13,2254,29,./penalty_sweep_qpu_v113/samples/3nq9_Kdist7.5_Kmono15.0/psweep113_r2_20260326_005503/3nq9_ligand_report.csv,./penalty_sweep_qpu_v113/samples/3nq9_Kdist7.5_Kmono15.0/psweep113_r2_20260326_005503/3nq9_ligand_samples.json,./penalty_sweep_qpu_v113/samples/3nq9_Kdist7.5_Kmono15.0/psweep113_r2_20260326_005503/result.json
3nq9,3nq9_Kdist7.5_Kmono16.0,psweep113_r2_20260326_005503,7.5,16.0,ok,2.645860595671903,1000,1000,1000,0,0.0,1.0,0.0,0.2137032,0.1791,Advantage2_system1.13,1988,23,./penalty_sweep_qpu_v113/samples/3nq9_Kdist7.5_Kmono16.0/psweep113_r2_20260326_005503/3nq9_ligand_report.csv,./penalty_sweep_qpu_v113/samples/3nq9_Kdist7.5_Kmono16.0/psweep113_r2_20260326_005503/3nq9_ligand_samples.json,./penalty_sweep_qpu_v113/samples/3nq9_Kdist7.5_Kmono16.0/psweep113_r2_20260326_005503/result.json
3nq9,3nq9_Kdist7.5_Kmono17.0,psweep113_r2_20260326_005503,7.5,17.0,ok,2.0900592199287336,1000,1000,1000,0,0.0,1.0,0.0,0.2158476,0.18124,Advantage2_system1.13,2327,29,./penalty_sweep_qpu_v113/samples/3nq9_Kdist7.5_Kmono17.0/psweep113_r2_20260326_005503/3nq9_ligand_report.csv,./penalty_sweep_qpu_v113/samples/3nq9_Kdist7.5_Kmono17.0/psweep113_r2_20260326_005503/3nq9_ligand_samples.json,./penalty_sweep_qpu_v113/samples/3nq9_Kdist7.5_Kmono17.0/psweep113_r2_20260326_005503/result.json
3nq9,3nq9_Kdist7.5_Kmono18.0,psweep113_r2_20260326_005503,7.5,18.0,ok,2.6686944574930793,1000,1000,1000,0,0.0,1.0,0.0,0.2197684,0.18516,Advantage2_system1.13,2288,27,./penalty_sweep_qpu_v113/samples/3nq9_Kdist7.5_Kmono18.0/psweep113_r2_20260326_005503/3nq9_ligand_report.csv,./penalty_sweep_qpu_v113/samples/3nq9_Kdist7.5_Kmono18.0/psweep113_r2_20260326_005503/3nq9_ligand_samples.json,./penalty_sweep_qpu_v113/samples/3nq9_Kdist7.5_Kmono18.0/psweep113_r2_20260326_005503/result.json
3nq9,3nq9_Kdist7.5_Kmono19.0,psweep113_r2_20260326_005503,7.5,19.0,ok,4.452329617472054,1000,1000,1000,0,0.0,1.0,0.0,0.21065479999999998,0.17606,Advantage2_system1.13,2155,27,./penalty_sweep_qpu_v113/samples/3nq9_Kdist7.5_Kmono19.0/psweep113_r2_20260326_005503/3nq9_ligand_report.csv,./penalty_sweep_qpu_v113/samples/3nq9_Kdist7.5_Kmono19.0/psweep113_r2_20260326_005503/3nq9_ligand_samples.json,./penalty_sweep_qpu_v113/samples/3nq9_Kdist7.5_Kmono19.0/psweep113_r2_20260326_005503/result.json
3nq9,3nq9_Kdist7.5_Kmono20.0,psweep113_r2_20260326_005503,7.5,20.0,ok,4.098288621592486,1000,1000,1000,0,0.0,1.0,0.0,0.210084,0.17548,Advantage2_system1.13,2203,26,./penalty_sweep_qpu_v113/samples/3nq9_Kdist7.5_Kmono20.0/psweep113_r2_20260326_005503/3nq9_ligand_report.csv,./penalty_sweep_qpu_v113/samples/3nq9_Kdist7.5_Kmono20.0/psweep113_r2_20260326_005503/3nq9_ligand_samples.json,./penalty_sweep_qpu_v113/samples/3nq9_Kdist7.5_Kmono20.0/psweep113_r2_20260326_005503/result.json
3nq9,3nq9_Kdist8.0_Kmono1.0,psweep113_r2_20260326_005503,8.0,1.0,ok,2.2112345279276595,1000,1000,1000,0,0.0,1.0,0.0,0.206734,0.17212,Advantage2_system1.13,2155,28,./penalty_sweep_qpu_v113/samples/3nq9_Kdist8.0_Kmono1.0/psweep113_r2_20260326_005503/3nq9_ligand_report.csv,./penalty_sweep_qpu_v113/samples/3nq9_Kdist8.0_Kmono1.0/psweep113_r2_20260326_005503/3nq9_ligand_samples.json,./penalty_sweep_qpu_v113/samples/3nq9_Kdist8.0_Kmono1.0/psweep113_r2_20260326_005503/result.json
3nq9,3nq9_Kdist8.0_Kmono2.0,psweep113_r2_20260326_005503,8.0,2.0,ok,2.866463945237866,1000,1000,1000,0,0.0,1.0,0.0,0.21440679999999998,0.1798,Advantage2_system1.13,1969,23,./penalty_sweep_qpu_v113/samples/3nq9_Kdist8.0_Kmono2.0/psweep113_r2_20260326_005503/3nq9_ligand_report.csv,./penalty_sweep_qpu_v113/samples/3nq9_Kdist8.0_Kmono2.0/psweep113_r2_20260326_005503/3nq9_ligand_samples.json,./penalty_sweep_qpu_v113/samples/3nq9_Kdist8.0_Kmono2.0/psweep113_r2_20260326_005503/result.json
3nq9,3nq9_Kdist8.0_Kmono3.0,psweep113_r2_20260326_005503,8.0,3.0,ok,3.289154155627438,1000,1000,1000,0,0.0,1.0,0.0,0.2163428,0.18174,Advantage2_system1.13,2122,24,./penalty_sweep_qpu_v113/samples/3nq9_Kdist8.0_Kmono3.0/psweep113_r2_20260326_005503/3nq9_ligand_report.csv,./penalty_sweep_qpu_v113/samples/3nq9_Kdist8.0_Kmono3.0/psweep113_r2_20260326_005503/3nq9_ligand_samples.json,./penalty_sweep_qpu_v113/samples/3nq9_Kdist8.0_Kmono3.0/psweep113_r2_20260326_005503/result.json
3nq9,3nq9_Kdist8.0_Kmono4.0,psweep113_r2_20260326_005503,8.0,4.0,ok,2.484144213942411,1000,1000,1000,0,0.0,1.0,0.0,0.218624,0.18402,Advantage2_system1.13,2047,25,./penalty_sweep_qpu_v113/samples/3nq9_Kdist8.0_Kmono4.0/psweep113_r2_20260326_005503/3nq9_ligand_report.csv,./penalty_sweep_qpu_v113/samples/3nq9_Kdist8.0_Kmono4.0/psweep113_r2_20260326_005503/3nq9_ligand_samples.json,./penalty_sweep_qpu_v113/samples/3nq9_Kdist8.0_Kmono4.0/psweep113_r2_20260326_005503/result.json
3nq9,3nq9_Kdist8.0_Kmono5.0,psweep113_r2_20260326_005503,8.0,5.0,ok,1.2115257529995724,1000,1000,1000,276,0.276,1.0,0.276,0.202898,0.1683,Advantage2_system1.13,2318,28,./penalty_sweep_qpu_v113/samples/3nq9_Kdist8.0_Kmono5.0/psweep113_r2_20260326_005503/3nq9_ligand_report.csv,./penalty_sweep_qpu_v113/samples/3nq9_Kdist8.0_Kmono5.0/psweep113_r2_20260326_005503/3nq9_ligand_samples.json,./penalty_sweep_qpu_v113/samples/3nq9_Kdist8.0_Kmono5.0/psweep113_r2_20260326_005503/result.json
3nq9,3nq9_Kdist8.0_Kmono6.0,psweep113_r2_20260326_005503,8.0,6.0,ok,3.420857807647906,1000,1000,1000,0,0.0,1.0,0.0,0.21344760000000002,0.17884,Advantage2_system1.13,2223,27,./penalty_sweep_qpu_v113/samples/3nq9_Kdist8.0_Kmono6.0/psweep113_r2_20260326_005503/3nq9_ligand_report.csv,./penalty_sweep_qpu_v113/samples/3nq9_Kdist8.0_Kmono6.0/psweep113_r2_20260326_005503/3nq9_ligand_samples.json,./penalty_sweep_qpu_v113/samples/3nq9_Kdist8.0_Kmono6.0/psweep113_r2_20260326_005503/result.json
3nq9,3nq9_Kdist8.0_Kmono7.0,psweep113_r2_20260326_005503,8.0,7.0,ok,4.198961549784936,1000,1000,1000,0,0.0,1.0,0.0,0.20738520000000002,0.17278,Advantage2_system1.13,2787,33,./penalty_sweep_qpu_v113/samples/3nq9_Kdist8.0_Kmono7.0/psweep113_r2_20260326_005503/3nq9_ligand_report.csv,./penalty_sweep_qpu_v113/samples/3nq9_Kdist8.0_Kmono7.0/psweep113_r2_20260326_005503/3nq9_ligand_samples.json,./penalty_sweep_qpu_v113/samples/3nq9_Kdist8.0_Kmono7.0/psweep113_r2_20260326_005503/result.json
3nq9,3nq9_Kdist8.0_Kmono8.0,psweep113_r2_20260326_005503,8.0,8.0,ok,1.8186372014093117,1000,1000,1000,7,0.007,1.0,0.007,0.2135252,0.17892,Advantage2_system1.13,1979,23,./penalty_sweep_qpu_v113/samples/3nq9_Kdist8.0_Kmono8.0/psweep113_r2_20260326_005503/3nq9_ligand_report.csv,./penalty_sweep_qpu_v113/samples/3nq9_Kdist8.0_Kmono8.0/psweep113_r2_20260326_005503/3nq9_ligand_samples.json,./penalty_sweep_qpu_v113/samples/3nq9_Kdist8.0_Kmono8.0/psweep113_r2_20260326_005503/result.json
3nq9,3nq9_Kdist8.0_Kmono9.0,psweep113_r2_20260326_005503,8.0,9.0,ok,1.9010111955931592,1000,1000,1000,1,0.001,1.0,0.001,0.2076172,0.17302,Advantage2_system1.13,2193,24,./penalty_sweep_qpu_v113/samples/3nq9_Kdist8.0_Kmono9.0/psweep113_r2_20260326_005503/3nq9_ligand_report.csv,./penalty_sweep_qpu_v113/samples/3nq9_Kdist8.0_Kmono9.0/psweep113_r2_20260326_005503/3nq9_ligand_samples.json,./penalty_sweep_qpu_v113/samples/3nq9_Kdist8.0_Kmono9.0/psweep113_r2_20260326_005503/result.json
3nq9,3nq9_Kdist8.0_Kmono10.0,psweep113_r2_20260326_005503,8.0,10.0,ok,2.3980501698579575,1000,1000,1000,0,0.0,1.0,0.0,0.21684679999999998,0.18224,Advantage2_system1.13,2171,25,./penalty_sweep_qpu_v113/samples/3nq9_Kdist8.0_Kmono10.0/psweep113_r2_20260326_005503/3nq9_ligand_report.csv,./penalty_sweep_qpu_v113/samples/3nq9_Kdist8.0_Kmono10.0/psweep113_r2_20260326_005503/3nq9_ligand_samples.json,./penalty_sweep_qpu_v113/samples/3nq9_Kdist8.0_Kmono10.0/psweep113_r2_20260326_005503/result.json
3nq9,3nq9_Kdist8.0_Kmono11.0,psweep113_r2_20260326_005503,8.0,11.0,ok,3.212376882865827,1000,1000,1000,0,0.0,1.0,0.0,0.1999784,0.16538,Advantage2_system1.13,2186,26,./penalty_sweep_qpu_v113/samples/3nq9_Kdist8.0_Kmono11.0/psweep113_r2_20260326_005503/3nq9_ligand_report.csv,./penalty_sweep_qpu_v113/samples/3nq9_Kdist8.0_Kmono11.0/psweep113_r2_20260326_005503/3nq9_ligand_samples.json,./penalty_sweep_qpu_v113/samples/3nq9_Kdist8.0_Kmono11.0/psweep113_r2_20260326_005503/result.json
3nq9,3nq9_Kdist8.0_Kmono12.0,psweep113_r2_20260326_005503,8.0,12.0,ok,3.2821447929787615,1000,1000,1000,0,0.0,1.0,0.0,0.213674,0.17906,Advantage2_system1.13,2107,27,./penalty_sweep_qpu_v113/samples/3nq9_Kdist8.0_Kmono12.0/psweep113_r2_20260326_005503/3nq9_ligand_report.csv,./penalty_sweep_qpu_v113/samples/3nq9_Kdist8.0_Kmono12.0/psweep113_r2_20260326_005503/3nq9_ligand_samples.json,./penalty_sweep_qpu_v113/samples/3nq9_Kdist8.0_Kmono12.0/psweep113_r2_20260326_005503/result.json
3nq9,3nq9_Kdist8.0_Kmono13.0,psweep113_r2_20260326_005503,8.0,13.0,ok,3.154502693484771,1000,1000,1000,0,0.0,1.0,0.0,0.21440520000000002,0.1798,Advantage2_system1.13,2030,22,./penalty_sweep_qpu_v113/samples/3nq9_Kdist8.0_Kmono13.0/psweep113_r2_20260326_005503/3nq9_ligand_report.csv,./penalty_sweep_qpu_v113/samples/3nq9_Kdist8.0_Kmono13.0/psweep113_r2_20260326_005503/3nq9_ligand_samples.json,./penalty_sweep_qpu_v113/samples/3nq9_Kdist8.0_Kmono13.0/psweep113_r2_20260326_005503/result.json
3nq9,3nq9_Kdist8.0_Kmono14.0,psweep113_r2_20260326_005503,8.0,14.0,ok,3.0650982962270334,1000,1000,1000,0,0.0,1.0,0.0,0.21838639999999998,0.18378,Advantage2_system1.13,2027,23,./penalty_sweep_qpu_v113/samples/3nq9_Kdist8.0_Kmono14.0/psweep113_r2_20260326_005503/3nq9_ligand_report.csv,./penalty_sweep_qpu_v113/samples/3nq9_Kdist8.0_Kmono14.0/psweep113_r2_20260326_005503/3nq9_ligand_samples.json,./penalty_sweep_qpu_v113/samples/3nq9_Kdist8.0_Kmono14.0/psweep113_r2_20260326_005503/result.json
3nq9,3nq9_Kdist8.0_Kmono15.0,psweep113_r2_20260326_005503,8.0,15.0,ok,3.0154493165731266,1000,1000,1000,0,0.0,1.0,0.0,0.2055884,0.17098,Advantage2_system1.13,2578,30,./penalty_sweep_qpu_v113/samples/3nq9_Kdist8.0_Kmono15.0/psweep113_r2_20260326_005503/3nq9_ligand_report.csv,./penalty_sweep_qpu_v113/samples/3nq9_Kdist8.0_Kmono15.0/psweep113_r2_20260326_005503/3nq9_ligand_samples.json,./penalty_sweep_qpu_v113/samples/3nq9_Kdist8.0_Kmono15.0/psweep113_r2_20260326_005503/result.json
3nq9,3nq9_Kdist8.0_Kmono16.0,psweep113_r2_20260326_005503,8.0,16.0,ok,2.043854695282047,1000,1000,1000,0,0.0,1.0,0.0,0.21091,0.1763,Advantage2_system1.13,2106,26,./penalty_sweep_qpu_v113/samples/3nq9_Kdist8.0_Kmono16.0/psweep113_r2_20260326_005503/3nq9_ligand_report.csv,./penalty_sweep_qpu_v113/samples/3nq9_Kdist8.0_Kmono16.0/psweep113_r2_20260326_005503/3nq9_ligand_samples.json,./penalty_sweep_qpu_v113/samples/3nq9_Kdist8.0_Kmono16.0/psweep113_r2_20260326_005503/result.json
3nq9,3nq9_Kdist8.0_Kmono17.0,psweep113_r2_20260326_005503,8.0,17.0,ok,4.934540729315542,1000,1000,1000,0,0.0,1.0,0.0,0.2134468,0.17884,Advantage2_system1.13,2185,26,./penalty_sweep_qpu_v113/samples/3nq9_Kdist8.0_Kmono17.0/psweep113_r2_20260326_005503/3nq9_ligand_report.csv,./penalty_sweep_qpu_v113/samples/3nq9_Kdist8.0_Kmono17.0/psweep113_r2_20260326_005503/3nq9_ligand_samples.json,./penalty_sweep_qpu_v113/samples/3nq9_Kdist8.0_Kmono17.0/psweep113_r2_20260326_005503/result.json
3nq9,3nq9_Kdist8.0_Kmono18.0,psweep113_r2_20260326_005503,8.0,18.0,ok,2.5417232212185037,1000,1000,1000,0,0.0,1.0,0.0,0.20590160000000002,0.1713,Advantage2_system1.13,2071,25,./penalty_sweep_qpu_v113/samples/3nq9_Kdist8.0_Kmono18.0/psweep113_r2_20260326_005503/3nq9_ligand_report.csv,./penalty_sweep_qpu_v113/samples/3nq9_Kdist8.0_Kmono18.0/psweep113_r2_20260326_005503/3nq9_ligand_samples.json,./penalty_sweep_qpu_v113/samples/3nq9_Kdist8.0_Kmono18.0/psweep113_r2_20260326_005503/result.json
3nq9,3nq9_Kdist8.0_Kmono19.0,psweep113_r2_20260326_005503,8.0,19.0,ok,1.1003777126700889,1000,1000,1000,317,0.317,1.0,0.317,0.214404,0.1798,Advantage2_system1.13,2013,23,./penalty_sweep_qpu_v113/samples/3nq9_Kdist8.0_Kmono19.0/psweep113_r2_20260326_005503/3nq9_ligand_report.csv,./penalty_sweep_qpu_v113/samples/3nq9_Kdist8.0_Kmono19.0/psweep113_r2_20260326_005503/3nq9_ligand_samples.json,./penalty_sweep_qpu_v113/samples/3nq9_Kdist8.0_Kmono19.0/psweep113_r2_20260326_005503/result.json
3nq9,3nq9_Kdist8.0_Kmono20.0,psweep113_r2_20260326_005503,8.0,20.0,ok,2.3834574115388425,1000,1000,1000,0,0.0,1.0,0.0,0.20558720000000003,0.17098,Advantage2_system1.13,2022,24,./penalty_sweep_qpu_v113/samples/3nq9_Kdist8.0_Kmono20.0/psweep113_r2_20260326_005503/3nq9_ligand_report.csv,./penalty_sweep_qpu_v113/samples/3nq9_Kdist8.0_Kmono20.0/psweep113_r2_20260326_005503/3nq9_ligand_samples.json,./penalty_sweep_qpu_v113/samples/3nq9_Kdist8.0_Kmono20.0/psweep113_r2_20260326_005503/result.json
3nq9,3nq9_Kdist8.5_Kmono1.0,psweep113_r2_20260326_005503,8.5,1.0,ok,3.1761149346576922,1000,1000,1000,0,0.0,1.0,0.0,0.2086336,0.17402,Advantage2_system1.13,2162,26,./penalty_sweep_qpu_v113/samples/3nq9_Kdist8.5_Kmono1.0/psweep113_r2_20260326_005503/3nq9_ligand_report.csv,./penalty_sweep_qpu_v113/samples/3nq9_Kdist8.5_Kmono1.0/psweep113_r2_20260326_005503/3nq9_ligand_samples.json,./penalty_sweep_qpu_v113/samples/3nq9_Kdist8.5_Kmono1.0/psweep113_r2_20260326_005503/result.json
3nq9,3nq9_Kdist8.5_Kmono2.0,psweep113_r2_20260326_005503,8.5,2.0,ok,2.004341498347788,1000,1000,1000,0,0.0,1.0,0.0,0.2133064,0.1787,Advantage2_system1.13,2201,26,./penalty_sweep_qpu_v113/samples/3nq9_Kdist8.5_Kmono2.0/psweep113_r2_20260326_005503/3nq9_ligand_report.csv,./penalty_sweep_qpu_v113/samples/3nq9_Kdist8.5_Kmono2.0/psweep113_r2_20260326_005503/3nq9_ligand_samples.json,./penalty_sweep_qpu_v113/samples/3nq9_Kdist8.5_Kmono2.0/psweep113_r2_20260326_005503/result.json
3nq9,3nq9_Kdist8.5_Kmono3.0,psweep113_r2_20260326_005503,8.5,3.0,ok,2.42045278418118,1000,1000,1000,0,0.0,1.0,0.0,0.21408639999999998,0.17948,Advantage2_system1.13,2062,25,./penalty_sweep_qpu_v113/samples/3nq9_Kdist8.5_Kmono3.0/psweep113_r2_20260326_005503/3nq9_ligand_report.csv,./penalty_sweep_qpu_v113/samples/3nq9_Kdist8.5_Kmono3.0/psweep113_r2_20260326_005503/3nq9_ligand_samples.json,./penalty_sweep_qpu_v113/samples/3nq9_Kdist8.5_Kmono3.0/psweep113_r2_20260326_005503/result.json
3nq9,3nq9_Kdist8.5_Kmono4.0,psweep113_r2_20260326_005503,8.5,4.0,ok,3.573711682512941,1000,1000,1000,0,0.0,1.0,0.0,0.2164468,0.18184,Advantage2_system1.13,1971,23,./penalty_sweep_qpu_v113/samples/3nq9_Kdist8.5_Kmono4.0/psweep113_r2_20260326_005503/3nq9_ligand_report.csv,./penalty_sweep_qpu_v113/samples/3nq9_Kdist8.5_Kmono4.0/psweep113_r2_20260326_005503/3nq9_ligand_samples.json,./penalty_sweep_qpu_v113/samples/3nq9_Kdist8.5_Kmono4.0/psweep113_r2_20260326_005503/result.json
3nq9,3nq9_Kdist8.5_Kmono5.0,psweep113_r2_20260326_005503,8.5,5.0,ok,5.418600400107125,1000,1000,1000,0,0.0,1.0,0.0,0.2130244,0.17842,Advantage2_system1.13,2273,30,./penalty_sweep_qpu_v113/samples/3nq9_Kdist8.5_Kmono5.0/psweep113_r2_20260326_005503/3nq9_ligand_report.csv,./penalty_sweep_qpu_v113/samples/3nq9_Kdist8.5_Kmono5.0/psweep113_r2_20260326_005503/3nq9_ligand_samples.json,./penalty_sweep_qpu_v113/samples/3nq9_Kdist8.5_Kmono5.0/psweep113_r2_20260326_005503/result.json
3nq9,3nq9_Kdist8.5_Kmono6.0,psweep113_r2_20260326_005503,8.5,6.0,ok,1.4164023491533655,1000,1000,1000,46,0.046,1.0,0.046,0.21088320000000002,0.17628,Advantage2_system1.13,1983,23,./penalty_sweep_qpu_v113/samples/3nq9_Kdist8.5_Kmono6.0/psweep113_r2_20260326_005503/3nq9_ligand_report.csv,./penalty_sweep_qpu_v113/samples/3nq9_Kdist8.5_Kmono6.0/psweep113_r2_20260326_005503/3nq9_ligand_samples.json,./penalty_sweep_qpu_v113/samples/3nq9_Kdist8.5_Kmono6.0/psweep113_r2_20260326_005503/result.json
3nq9,3nq9_Kdist8.5_Kmono7.0,psweep113_r2_20260326_005503,8.5,7.0,ok,0.7560641009191824,1000,1000,1000,30,0.03,1.0,0.03,0.2052124,0.1706,Advantage2_system1.13,2030,24,./penalty_sweep_qpu_v113/samples/3nq9_Kdist8.5_Kmono7.0/psweep113_r2_20260326_005503/3nq9_ligand_report.csv,./penalty_sweep_qpu_v113/samples/3nq9_Kdist8.5_Kmono7.0/psweep113_r2_20260326_005503/3nq9_ligand_samples.json,./penalty_sweep_qpu_v113/samples/3nq9_Kdist8.5_Kmono7.0/psweep113_r2_20260326_005503/result.json
3nq9,3nq9_Kdist8.5_Kmono8.0,psweep113_r2_20260326_005503,8.5,8.0,ok,2.7487538193310375,1000,1000,1000,0,0.0,1.0,0.0,0.211766,0.17716,Advantage2_system1.13,2120,26,./penalty_sweep_qpu_v113/samples/3nq9_Kdist8.5_Kmono8.0/psweep113_r2_20260326_005503/3nq9_ligand_report.csv,./penalty_sweep_qpu_v113/samples/3nq9_Kdist8.5_Kmono8.0/psweep113_r2_20260326_005503/3nq9_ligand_samples.json,./penalty_sweep_qpu_v113/samples/3nq9_Kdist8.5_Kmono8.0/psweep113_r2_20260326_005503/result.json
3nq9,3nq9_Kdist8.5_Kmono9.0,psweep113_r2_20260326_005503,8.5,9.0,ok,3.7136236726075285,1000,1000,1000,0,0.0,1.0,0.0,0.2066684,0.17206,Advantage2_system1.13,2026,23,./penalty_sweep_qpu_v113/samples/3nq9_Kdist8.5_Kmono9.0/psweep113_r2_20260326_005503/3nq9_ligand_report.csv,./penalty_sweep_qpu_v113/samples/3nq9_Kdist8.5_Kmono9.0/psweep113_r2_20260326_005503/3nq9_ligand_samples.json,./penalty_sweep_qpu_v113/samples/3nq9_Kdist8.5_Kmono9.0/psweep113_r2_20260326_005503/result.json
3nq9,3nq9_Kdist8.5_Kmono10.0,psweep113_r2_20260326_005503,8.5,10.0,ok,4.006457523443361,1000,1000,1000,0,0.0,1.0,0.0,0.20277,0.16816,Advantage2_system1.13,2302,27,./penalty_sweep_qpu_v113/samples/3nq9_Kdist8.5_Kmono10.0/psweep113_r2_20260326_005503/3nq9_ligand_report.csv,./penalty_sweep_qpu_v113/samples/3nq9_Kdist8.5_Kmono10.0/psweep113_r2_20260326_005503/3nq9_ligand_samples.json,./penalty_sweep_qpu_v113/samples/3nq9_Kdist8.5_Kmono10.0/psweep113_r2_20260326_005503/result.json
3nq9,3nq9_Kdist8.5_Kmono11.0,psweep113_r2_20260326_005503,8.5,11.0,ok,5.409275278915557,1000,1000,1000,0,0.0,1.0,0.0,0.206448,0.17184,Advantage2_system1.13,2199,26,./penalty_sweep_qpu_v113/samples/3nq9_Kdist8.5_Kmono11.0/psweep113_r2_20260326_005503/3nq9_ligand_report.csv,./penalty_sweep_qpu_v113/samples/3nq9_Kdist8.5_Kmono11.0/psweep113_r2_20260326_005503/3nq9_ligand_samples.json,./penalty_sweep_qpu_v113/samples/3nq9_Kdist8.5_Kmono11.0/psweep113_r2_20260326_005503/result.json
3nq9,3nq9_Kdist8.5_Kmono12.0,psweep113_r2_20260326_005503,8.5,12.0,ok,2.1207955633142554,1000,1000,1000,0,0.0,1.0,0.0,0.2106708,0.17606,Advantage2_system1.13,2659,32,./penalty_sweep_qpu_v113/samples/3nq9_Kdist8.5_Kmono12.0/psweep113_r2_20260326_005503/3nq9_ligand_report.csv,./penalty_sweep_qpu_v113/samples/3nq9_Kdist8.5_Kmono12.0/psweep113_r2_20260326_005503/3nq9_ligand_samples.json,./penalty_sweep_qpu_v113/samples/3nq9_Kdist8.5_Kmono12.0/psweep113_r2_20260326_005503/result.json
3nq9,3nq9_Kdist8.5_Kmono13.0,psweep113_r2_20260326_005503,8.5,13.0,ok,0.9323945976918604,1000,1000,1000,2,0.002,1.0,0.002,0.2195348,0.18492,Advantage2_system1.13,2258,28,./penalty_sweep_qpu_v113/samples/3nq9_Kdist8.5_Kmono13.0/psweep113_r2_20260326_005503/3nq9_ligand_report.csv,./penalty_sweep_qpu_v113/samples/3nq9_Kdist8.5_Kmono13.0/psweep113_r2_20260326_005503/3nq9_ligand_samples.json,./penalty_sweep_qpu_v113/samples/3nq9_Kdist8.5_Kmono13.0/psweep113_r2_20260326_005503/result.json
3nq9,3nq9_Kdist8.5_Kmono14.0,psweep113_r2_20260326_005503,8.5,14.0,ok,4.290499500899995,1000,1000,1000,0,0.0,1.0,0.0,0.211986,0.17738,Advantage2_system1.13,2152,26,./penalty_sweep_qpu_v113/samples/3nq9_Kdist8.5_Kmono14.0/psweep113_r2_20260326_005503/3nq9_ligand_report.csv,./penalty_sweep_qpu_v113/samples/3nq9_Kdist8.5_Kmono14.0/psweep113_r2_20260326_005503/3nq9_ligand_samples.json,./penalty_sweep_qpu_v113/samples/3nq9_Kdist8.5_Kmono14.0/psweep113_r2_20260326_005503/result.json
3nq9,3nq9_Kdist8.5_Kmono15.0,psweep113_r2_20260326_005503,8.5,15.0,ok,3.069319961862367,1000,1000,1000,0,0.0,1.0,0.0,0.208986,0.17438,Advantage2_system1.13,2060,23,./penalty_sweep_qpu_v113/samples/3nq9_Kdist8.5_Kmono15.0/psweep113_r2_20260326_005503/3nq9_ligand_report.csv,./penalty_sweep_qpu_v113/samples/3nq9_Kdist8.5_Kmono15.0/psweep113_r2_20260326_005503/3nq9_ligand_samples.json,./penalty_sweep_qpu_v113/samples/3nq9_Kdist8.5_Kmono15.0/psweep113_r2_20260326_005503/result.json
3nq9,3nq9_Kdist8.5_Kmono16.0,psweep113_r2_20260326_005503,8.5,16.0,ok,3.693725548318001,1000,1000,1000,0,0.0,1.0,0.0,0.205348,0.17074,Advantage2_system1.13,2126,25,./penalty_sweep_qpu_v113/samples/3nq9_Kdist8.5_Kmono16.0/psweep113_r2_20260326_005503/3nq9_ligand_report.csv,./penalty_sweep_qpu_v113/samples/3nq9_Kdist8.5_Kmono16.0/psweep113_r2_20260326_005503/3nq9_ligand_samples.json,./penalty_sweep_qpu_v113/samples/3nq9_Kdist8.5_Kmono16.0/psweep113_r2_20260326_005503/result.json
3nq9,3nq9_Kdist8.5_Kmono17.0,psweep113_r2_20260326_005503,8.5,17.0,ok,5.086379891553339,1000,1000,1000,0,0.0,1.0,0.0,0.2043412,0.16974,Advantage2_system1.13,2161,26,./penalty_sweep_qpu_v113/samples/3nq9_Kdist8.5_Kmono17.0/psweep113_r2_20260326_005503/3nq9_ligand_report.csv,./penalty_sweep_qpu_v113/samples/3nq9_Kdist8.5_Kmono17.0/psweep113_r2_20260326_005503/3nq9_ligand_samples.json,./penalty_sweep_qpu_v113/samples/3nq9_Kdist8.5_Kmono17.0/psweep113_r2_20260326_005503/result.json
3nq9,3nq9_Kdist8.5_Kmono18.0,psweep113_r2_20260326_005503,8.5,18.0,ok,1.8985939008295933,1000,1000,1000,1,0.001,1.0,0.001,0.21521479999999998,0.1806,Advantage2_system1.13,2284,27,./penalty_sweep_qpu_v113/samples/3nq9_Kdist8.5_Kmono18.0/psweep113_r2_20260326_005503/3nq9_ligand_report.csv,./penalty_sweep_qpu_v113/samples/3nq9_Kdist8.5_Kmono18.0/psweep113_r2_20260326_005503/3nq9_ligand_samples.json,./penalty_sweep_qpu_v113/samples/3nq9_Kdist8.5_Kmono18.0/psweep113_r2_20260326_005503/result.json
3nq9,3nq9_Kdist8.5_Kmono19.0,psweep113_r2_20260326_005503,8.5,19.0,ok,5.080589186375219,1000,1000,1000,0,0.0,1.0,0.0,0.207208,0.1726,Advantage2_system1.13,2091,24,./penalty_sweep_qpu_v113/samples/3nq9_Kdist8.5_Kmono19.0/psweep113_r2_20260326_005503/3nq9_ligand_report.csv,./penalty_sweep_qpu_v113/samples/3nq9_Kdist8.5_Kmono19.0/psweep113_r2_20260326_005503/3nq9_ligand_samples.json,./penalty_sweep_qpu_v113/samples/3nq9_Kdist8.5_Kmono19.0/psweep113_r2_20260326_005503/result.json
3nq9,3nq9_Kdist8.5_Kmono20.0,psweep113_r2_20260326_005503,8.5,20.0,ok,2.6345918119692917,1000,1000,1000,0,0.0,1.0,0.0,0.2063064,0.1717,Advantage2_system1.13,1980,23,./penalty_sweep_qpu_v113/samples/3nq9_Kdist8.5_Kmono20.0/psweep113_r2_20260326_005503/3nq9_ligand_report.csv,./penalty_sweep_qpu_v113/samples/3nq9_Kdist8.5_Kmono20.0/psweep113_r2_20260326_005503/3nq9_ligand_samples.json,./penalty_sweep_qpu_v113/samples/3nq9_Kdist8.5_Kmono20.0/psweep113_r2_20260326_005503/result.json
3nq9,3nq9_Kdist9.0_Kmono1.0,psweep113_r2_20260326_005503,9.0,1.0,ok,4.206555594500653,1000,1000,1000,0,0.0,1.0,0.0,0.21941360000000001,0.1848,Advantage2_system1.13,2423,29,./penalty_sweep_qpu_v113/samples/3nq9_Kdist9.0_Kmono1.0/psweep113_r2_20260326_005503/3nq9_ligand_report.csv,./penalty_sweep_qpu_v113/samples/3nq9_Kdist9.0_Kmono1.0/psweep113_r2_20260326_005503/3nq9_ligand_samples.json,./penalty_sweep_qpu_v113/samples/3nq9_Kdist9.0_Kmono1.0/psweep113_r2_20260326_005503/result.json
3nq9,3nq9_Kdist9.0_Kmono2.0,psweep113_r2_20260326_005503,9.0,2.0,ok,3.877260717225036,1000,1000,1000,0,0.0,1.0,0.0,0.2079944,0.17338,Advantage2_system1.13,2236,26,./penalty_sweep_qpu_v113/samples/3nq9_Kdist9.0_Kmono2.0/psweep113_r2_20260326_005503/3nq9_ligand_report.csv,./penalty_sweep_qpu_v113/samples/3nq9_Kdist9.0_Kmono2.0/psweep113_r2_20260326_005503/3nq9_ligand_samples.json,./penalty_sweep_qpu_v113/samples/3nq9_Kdist9.0_Kmono2.0/psweep113_r2_20260326_005503/result.json
3nq9,3nq9_Kdist9.0_Kmono3.0,psweep113_r2_20260326_005503,9.0,3.0,ok,2.520130154075602,1000,1000,1000,0,0.0,1.0,0.0,0.20863,0.17402,Advantage2_system1.13,2095,25,./penalty_sweep_qpu_v113/samples/3nq9_Kdist9.0_Kmono3.0/psweep113_r2_20260326_005503/3nq9_ligand_report.csv,./penalty_sweep_qpu_v113/samples/3nq9_Kdist9.0_Kmono3.0/psweep113_r2_20260326_005503/3nq9_ligand_samples.json,./penalty_sweep_qpu_v113/samples/3nq9_Kdist9.0_Kmono3.0/psweep113_r2_20260326_005503/result.json
3nq9,3nq9_Kdist9.0_Kmono4.0,psweep113_r2_20260326_005503,9.0,4.0,ok,5.539059610844082,1000,1000,1000,0,0.0,1.0,0.0,0.2195396,0.18492,Advantage2_system1.13,2393,30,./penalty_sweep_qpu_v113/samples/3nq9_Kdist9.0_Kmono4.0/psweep113_r2_20260326_005503/3nq9_ligand_report.csv,./penalty_sweep_qpu_v113/samples/3nq9_Kdist9.0_Kmono4.0/psweep113_r2_20260326_005503/3nq9_ligand_samples.json,./penalty_sweep_qpu_v113/samples/3nq9_Kdist9.0_Kmono4.0/psweep113_r2_20260326_005503/result.json
3nq9,3nq9_Kdist9.0_Kmono5.0,psweep113_r2_20260326_005503,9.0,5.0,ok,1.7725795505465578,1000,1000,1000,3,0.003,1.0,0.003,0.2078916,0.17328,Advantage2_system1.13,2273,27,./penalty_sweep_qpu_v113/samples/3nq9_Kdist9.0_Kmono5.0/psweep113_r2_20260326_005503/3nq9_ligand_report.csv,./penalty_sweep_qpu_v113/samples/3nq9_Kdist9.0_Kmono5.0/psweep113_r2_20260326_005503/3nq9_ligand_samples.json,./penalty_sweep_qpu_v113/samples/3nq9_Kdist9.0_Kmono5.0/psweep113_r2_20260326_005503/result.json
3nq9,3nq9_Kdist9.0_Kmono6.0,psweep113_r2_20260326_005503,9.0,6.0,ok,4.677434782582748,1000,1000,1000,0,0.0,1.0,0.0,0.2184864,0.18388,Advantage2_system1.13,1977,24,./penalty_sweep_qpu_v113/samples/3nq9_Kdist9.0_Kmono6.0/psweep113_r2_20260326_005503/3nq9_ligand_report.csv,./penalty_sweep_qpu_v113/samples/3nq9_Kdist9.0_Kmono6.0/psweep113_r2_20260326_005503/3nq9_ligand_samples.json,./penalty_sweep_qpu_v113/samples/3nq9_Kdist9.0_Kmono6.0/psweep113_r2_20260326_005503/result.json
3nq9,3nq9_Kdist9.0_Kmono7.0,psweep113_r2_20260326_005503,9.0,7.0,ok,4.699046136031031,1000,1000,1000,0,0.0,1.0,0.0,0.198162,0.16356,Advantage2_system1.13,1948,23,./penalty_sweep_qpu_v113/samples/3nq9_Kdist9.0_Kmono7.0/psweep113_r2_20260326_005503/3nq9_ligand_report.csv,./penalty_sweep_qpu_v113/samples/3nq9_Kdist9.0_Kmono7.0/psweep113_r2_20260326_005503/3nq9_ligand_samples.json,./penalty_sweep_qpu_v113/samples/3nq9_Kdist9.0_Kmono7.0/psweep113_r2_20260326_005503/result.json
3nq9,3nq9_Kdist9.0_Kmono8.0,psweep113_r2_20260326_005503,9.0,8.0,ok,3.5390206856391955,1000,1000,1000,0,0.0,1.0,0.0,0.212524,0.17792,Advantage2_system1.13,1958,22,./penalty_sweep_qpu_v113/samples/3nq9_Kdist9.0_Kmono8.0/psweep113_r2_20260326_005503/3nq9_ligand_report.csv,./penalty_sweep_qpu_v113/samples/3nq9_Kdist9.0_Kmono8.0/psweep113_r2_20260326_005503/3nq9_ligand_samples.json,./penalty_sweep_qpu_v113/samples/3nq9_Kdist9.0_Kmono8.0/psweep113_r2_20260326_005503/result.json
3nq9,3nq9_Kdist9.0_Kmono9.0,psweep113_r2_20260326_005503,9.0,9.0,ok,3.103331430903855,1000,1000,1000,0,0.0,1.0,0.0,0.2130292,0.17842,Advantage2_system1.13,2421,30,./penalty_sweep_qpu_v113/samples/3nq9_Kdist9.0_Kmono9.0/psweep113_r2_20260326_005503/3nq9_ligand_report.csv,./penalty_sweep_qpu_v113/samples/3nq9_Kdist9.0_Kmono9.0/psweep113_r2_20260326_005503/3nq9_ligand_samples.json,./penalty_sweep_qpu_v113/samples/3nq9_Kdist9.0_Kmono9.0/psweep113_r2_20260326_005503/result.json
3nq9,3nq9_Kdist9.0_Kmono10.0,psweep113_r2_20260326_005503,9.0,10.0,ok,1.6289870316502133,1000,1000,1000,13,0.013,1.0,0.013,0.2088968,0.17428,Advantage2_system1.13,2322,27,./penalty_sweep_qpu_v113/samples/3nq9_Kdist9.0_Kmono10.0/psweep113_r2_20260326_005503/3nq9_ligand_report.csv,./penalty_sweep_qpu_v113/samples/3nq9_Kdist9.0_Kmono10.0/psweep113_r2_20260326_005503/3nq9_ligand_samples.json,./penalty_sweep_qpu_v113/samples/3nq9_Kdist9.0_Kmono10.0/psweep113_r2_20260326_005503/result.json
3nq9,3nq9_Kdist9.0_Kmono11.0,psweep113_r2_20260326_005503,9.0,11.0,ok,3.432081730947519,1000,1000,1000,0,0.0,1.0,0.0,0.2129832,0.17838,Advantage2_system1.13,1990,22,./penalty_sweep_qpu_v113/samples/3nq9_Kdist9.0_Kmono11.0/psweep113_r2_20260326_005503/3nq9_ligand_report.csv,./penalty_sweep_qpu_v113/samples/3nq9_Kdist9.0_Kmono11.0/psweep113_r2_20260326_005503/3nq9_ligand_samples.json,./penalty_sweep_qpu_v113/samples/3nq9_Kdist9.0_Kmono11.0/psweep113_r2_20260326_005503/result.json
3nq9,3nq9_Kdist9.0_Kmono12.0,psweep113_r2_20260326_005503,9.0,12.0,ok,3.5452553165051297,1000,1000,1000,0,0.0,1.0,0.0,0.212412,0.1778,Advantage2_system1.13,2245,27,./penalty_sweep_qpu_v113/samples/3nq9_Kdist9.0_Kmono12.0/psweep113_r2_20260326_005503/3nq9_ligand_report.csv,./penalty_sweep_qpu_v113/samples/3nq9_Kdist9.0_Kmono12.0/psweep113_r2_20260326_005503/3nq9_ligand_samples.json,./penalty_sweep_qpu_v113/samples/3nq9_Kdist9.0_Kmono12.0/psweep113_r2_20260326_005503/result.json
3nq9,3nq9_Kdist9.0_Kmono13.0,psweep113_r2_20260326_005503,9.0,13.0,ok,2.4135504278411144,1000,1000,1000,0,0.0,1.0,0.0,0.2037088,0.1691,Advantage2_system1.13,1988,24,./penalty_sweep_qpu_v113/samples/3nq9_Kdist9.0_Kmono13.0/psweep113_r2_20260326_005503/3nq9_ligand_report.csv,./penalty_sweep_qpu_v113/samples/3nq9_Kdist9.0_Kmono13.0/psweep113_r2_20260326_005503/3nq9_ligand_samples.json,./penalty_sweep_qpu_v113/samples/3nq9_Kdist9.0_Kmono13.0/psweep113_r2_20260326_005503/result.json
3nq9,3nq9_Kdist9.0_Kmono14.0,psweep113_r2_20260326_005503,9.0,14.0,ok,3.8185192917608197,1000,1000,1000,0,0.0,1.0,0.0,0.2113628,0.17674,Advantage2_system1.13,2451,30,./penalty_sweep_qpu_v113/samples/3nq9_Kdist9.0_Kmono14.0/psweep113_r2_20260326_005503/3nq9_ligand_report.csv,./penalty_sweep_qpu_v113/samples/3nq9_Kdist9.0_Kmono14.0/psweep113_r2_20260326_005503/3nq9_ligand_samples.json,./penalty_sweep_qpu_v113/samples/3nq9_Kdist9.0_Kmono14.0/psweep113_r2_20260326_005503/result.json
3nq9,3nq9_Kdist9.0_Kmono15.0,psweep113_r2_20260326_005503,9.0,15.0,ok,3.4697019349671074,1000,1000,1000,0,0.0,1.0,0.0,0.21017639999999999,0.17556,Advantage2_system1.13,2330,28,./penalty_sweep_qpu_v113/samples/3nq9_Kdist9.0_Kmono15.0/psweep113_r2_20260326_005503/3nq9_ligand_report.csv,./penalty_sweep_qpu_v113/samples/3nq9_Kdist9.0_Kmono15.0/psweep113_r2_20260326_005503/3nq9_ligand_samples.json,./penalty_sweep_qpu_v113/samples/3nq9_Kdist9.0_Kmono15.0/psweep113_r2_20260326_005503/result.json
3nq9,3nq9_Kdist9.0_Kmono16.0,psweep113_r2_20260326_005503,9.0,16.0,ok,6.212414738128272,1000,1000,1000,0,0.0,1.0,0.0,0.211128,0.17652,Advantage2_system1.13,2128,25,./penalty_sweep_qpu_v113/samples/3nq9_Kdist9.0_Kmono16.0/psweep113_r2_20260326_005503/3nq9_ligand_report.csv,./penalty_sweep_qpu_v113/samples/3nq9_Kdist9.0_Kmono16.0/psweep113_r2_20260326_005503/3nq9_ligand_samples.json,./penalty_sweep_qpu_v113/samples/3nq9_Kdist9.0_Kmono16.0/psweep113_r2_20260326_005503/result.json
3nq9,3nq9_Kdist9.0_Kmono17.0,psweep113_r2_20260326_005503,9.0,17.0,ok,4.28085708836749,1000,1000,1000,0,0.0,1.0,0.0,0.202906,0.1683,Advantage2_system1.13,1919,22,./penalty_sweep_qpu_v113/samples/3nq9_Kdist9.0_Kmono17.0/psweep113_r2_20260326_005503/3nq9_ligand_report.csv,./penalty_sweep_qpu_v113/samples/3nq9_Kdist9.0_Kmono17.0/psweep113_r2_20260326_005503/3nq9_ligand_samples.json,./penalty_sweep_qpu_v113/samples/3nq9_Kdist9.0_Kmono17.0/psweep113_r2_20260326_005503/result.json
3nq9,3nq9_Kdist9.0_Kmono18.0,psweep113_r2_20260326_005503,9.0,18.0,ok,5.233375436739104,1000,1000,1000,0,0.0,1.0,0.0,0.20813279999999998,0.17352,Advantage2_system1.13,2069,24,./penalty_sweep_qpu_v113/samples/3nq9_Kdist9.0_Kmono18.0/psweep113_r2_20260326_005503/3nq9_ligand_report.csv,./penalty_sweep_qpu_v113/samples/3nq9_Kdist9.0_Kmono18.0/psweep113_r2_20260326_005503/3nq9_ligand_samples.json,./penalty_sweep_qpu_v113/samples/3nq9_Kdist9.0_Kmono18.0/psweep113_r2_20260326_005503/result.json
3nq9,3nq9_Kdist9.0_Kmono19.0,psweep113_r2_20260326_005503,9.0,19.0,ok,2.128492421254392,1000,1000,1000,0,0.0,1.0,0.0,0.2111252,0.17652,Advantage2_system1.13,1935,23,./penalty_sweep_qpu_v113/samples/3nq9_Kdist9.0_Kmono19.0/psweep113_r2_20260326_005503/3nq9_ligand_report.csv,./penalty_sweep_qpu_v113/samples/3nq9_Kdist9.0_Kmono19.0/psweep113_r2_20260326_005503/3nq9_ligand_samples.json,./penalty_sweep_qpu_v113/samples/3nq9_Kdist9.0_Kmono19.0/psweep113_r2_20260326_005503/result.json
3nq9,3nq9_Kdist9.0_Kmono20.0,psweep113_r2_20260326_005503,9.0,20.0,ok,4.073634301712644,1000,1000,1000,0,0.0,1.0,0.0,0.2036744,0.16906,Advantage2_system1.13,1992,22,./penalty_sweep_qpu_v113/samples/3nq9_Kdist9.0_Kmono20.0/psweep113_r2_20260326_005503/3nq9_ligand_report.csv,./penalty_sweep_qpu_v113/samples/3nq9_Kdist9.0_Kmono20.0/psweep113_r2_20260326_005503/3nq9_ligand_samples.json,./penalty_sweep_qpu_v113/samples/3nq9_Kdist9.0_Kmono20.0/psweep113_r2_20260326_005503/result.json
3nq9,3nq9_Kdist9.5_Kmono1.0,psweep113_r2_20260326_005503,9.5,1.0,ok,2.6955851766070746,1000,1000,1000,0,0.0,1.0,0.0,0.20735320000000002,0.17274,Advantage2_system1.13,2110,24,./penalty_sweep_qpu_v113/samples/3nq9_Kdist9.5_Kmono1.0/psweep113_r2_20260326_005503/3nq9_ligand_report.csv,./penalty_sweep_qpu_v113/samples/3nq9_Kdist9.5_Kmono1.0/psweep113_r2_20260326_005503/3nq9_ligand_samples.json,./penalty_sweep_qpu_v113/samples/3nq9_Kdist9.5_Kmono1.0/psweep113_r2_20260326_005503/result.json
3nq9,3nq9_Kdist9.5_Kmono2.0,psweep113_r2_20260326_005503,9.5,2.0,ok,3.3460394964692544,1000,1000,1000,0,0.0,1.0,0.0,0.21063320000000002,0.17602,Advantage2_system1.13,2138,25,./penalty_sweep_qpu_v113/samples/3nq9_Kdist9.5_Kmono2.0/psweep113_r2_20260326_005503/3nq9_ligand_report.csv,./penalty_sweep_qpu_v113/samples/3nq9_Kdist9.5_Kmono2.0/psweep113_r2_20260326_005503/3nq9_ligand_samples.json,./penalty_sweep_qpu_v113/samples/3nq9_Kdist9.5_Kmono2.0/psweep113_r2_20260326_005503/result.json
3nq9,3nq9_Kdist9.5_Kmono3.0,psweep113_r2_20260326_005503,9.5,3.0,ok,2.110808830043011,1000,1000,1000,0,0.0,1.0,0.0,0.20545360000000001,0.17084,Advantage2_system1.13,2070,23,./penalty_sweep_qpu_v113/samples/3nq9_Kdist9.5_Kmono3.0/psweep113_r2_20260326_005503/3nq9_ligand_report.csv,./penalty_sweep_qpu_v113/samples/3nq9_Kdist9.5_Kmono3.0/psweep113_r2_20260326_005503/3nq9_ligand_samples.json,./penalty_sweep_qpu_v113/samples/3nq9_Kdist9.5_Kmono3.0/psweep113_r2_20260326_005503/result.json
3nq9,3nq9_Kdist9.5_Kmono4.0,psweep113_r2_20260326_005503,9.5,4.0,ok,3.791805010305506,1000,1000,1000,0,0.0,1.0,0.0,0.2153016,0.1807,Advantage2_system1.13,2220,27,./penalty_sweep_qpu_v113/samples/3nq9_Kdist9.5_Kmono4.0/psweep113_r2_20260326_005503/3nq9_ligand_report.csv,./penalty_sweep_qpu_v113/samples/3nq9_Kdist9.5_Kmono4.0/psweep113_r2_20260326_005503/3nq9_ligand_samples.json,./penalty_sweep_qpu_v113/samples/3nq9_Kdist9.5_Kmono4.0/psweep113_r2_20260326_005503/result.json
3nq9,3nq9_Kdist9.5_Kmono5.0,psweep113_r2_20260326_005503,9.5,5.0,ok,1.7568058041638601,1000,1000,1000,4,0.004,1.0,0.004,0.21558639999999998,0.18098,Advantage2_system1.13,2065,24,./penalty_sweep_qpu_v113/samples/3nq9_Kdist9.5_Kmono5.0/psweep113_r2_20260326_005503/3nq9_ligand_report.csv,./penalty_sweep_qpu_v113/samples/3nq9_Kdist9.5_Kmono5.0/psweep113_r2_20260326_005503/3nq9_ligand_samples.json,./penalty_sweep_qpu_v113/samples/3nq9_Kdist9.5_Kmono5.0/psweep113_r2_20260326_005503/result.json
3nq9,3nq9_Kdist9.5_Kmono6.0,psweep113_r2_20260326_005503,9.5,6.0,ok,2.522828939579403,1000,1000,1000,0,0.0,1.0,0.0,0.2090412,0.17442,Advantage2_system1.13,2214,26,./penalty_sweep_qpu_v113/samples/3nq9_Kdist9.5_Kmono6.0/psweep113_r2_20260326_005503/3nq9_ligand_report.csv,./penalty_sweep_qpu_v113/samples/3nq9_Kdist9.5_Kmono6.0/psweep113_r2_20260326_005503/3nq9_ligand_samples.json,./penalty_sweep_qpu_v113/samples/3nq9_Kdist9.5_Kmono6.0/psweep113_r2_20260326_005503/result.json
3nq9,3nq9_Kdist9.5_Kmono7.0,psweep113_r2_20260326_005503,9.5,7.0,ok,2.327067218923661,1000,1000,1000,0,0.0,1.0,0.0,0.2120296,0.17742,Advantage2_system1.13,2062,24,./penalty_sweep_qpu_v113/samples/3nq9_Kdist9.5_Kmono7.0/psweep113_r2_20260326_005503/3nq9_ligand_report.csv,./penalty_sweep_qpu_v113/samples/3nq9_Kdist9.5_Kmono7.0/psweep113_r2_20260326_005503/3nq9_ligand_samples.json,./penalty_sweep_qpu_v113/samples/3nq9_Kdist9.5_Kmono7.0/psweep113_r2_20260326_005503/result.json
3nq9,3nq9_Kdist9.5_Kmono8.0,psweep113_r2_20260326_005503,9.5,8.0,ok,4.517206615025192,1000,1000,1000,0,0.0,1.0,0.0,0.2098044,0.1752,Advantage2_system1.13,2152,26,./penalty_sweep_qpu_v113/samples/3nq9_Kdist9.5_Kmono8.0/psweep113_r2_20260326_005503/3nq9_ligand_report.csv,./penalty_sweep_qpu_v113/samples/3nq9_Kdist9.5_Kmono8.0/psweep113_r2_20260326_005503/3nq9_ligand_samples.json,./penalty_sweep_qpu_v113/samples/3nq9_Kdist9.5_Kmono8.0/psweep113_r2_20260326_005503/result.json
3nq9,3nq9_Kdist9.5_Kmono9.0,psweep113_r2_20260326_005503,9.5,9.0,ok,2.162934665046599,1000,1000,1000,0,0.0,1.0,0.0,0.2108804,0.17628,Advantage2_system1.13,2190,26,./penalty_sweep_qpu_v113/samples/3nq9_Kdist9.5_Kmono9.0/psweep113_r2_20260326_005503/3nq9_ligand_report.csv,./penalty_sweep_qpu_v113/samples/3nq9_Kdist9.5_Kmono9.0/psweep113_r2_20260326_005503/3nq9_ligand_samples.json,./penalty_sweep_qpu_v113/samples/3nq9_Kdist9.5_Kmono9.0/psweep113_r2_20260326_005503/result.json
3nq9,3nq9_Kdist9.5_Kmono10.0,psweep113_r2_20260326_005503,9.5,10.0,ok,3.284258353412976,1000,1000,1000,0,0.0,1.0,0.0,0.21326520000000002,0.17866,Advantage2_system1.13,1953,22,./penalty_sweep_qpu_v113/samples/3nq9_Kdist9.5_Kmono10.0/psweep113_r2_20260326_005503/3nq9_ligand_report.csv,./penalty_sweep_qpu_v113/samples/3nq9_Kdist9.5_Kmono10.0/psweep113_r2_20260326_005503/3nq9_ligand_samples.json,./penalty_sweep_qpu_v113/samples/3nq9_Kdist9.5_Kmono10.0/psweep113_r2_20260326_005503/result.json
3nq9,3nq9_Kdist9.5_Kmono11.0,psweep113_r2_20260326_005503,9.5,11.0,ok,2.0152281091066095,1000,1000,1000,0,0.0,1.0,0.0,0.2040216,0.16942,Advantage2_system1.13,2270,27,./penalty_sweep_qpu_v113/samples/3nq9_Kdist9.5_Kmono11.0/psweep113_r2_20260326_005503/3nq9_ligand_report.csv,./penalty_sweep_qpu_v113/samples/3nq9_Kdist9.5_Kmono11.0/psweep113_r2_20260326_005503/3nq9_ligand_samples.json,./penalty_sweep_qpu_v113/samples/3nq9_Kdist9.5_Kmono11.0/psweep113_r2_20260326_005503/result.json
3nq9,3nq9_Kdist9.5_Kmono12.0,psweep113_r2_20260326_005503,9.5,12.0,ok,2.134014202811012,1000,1000,1000,0,0.0,1.0,0.0,0.216986,0.18238,Advantage2_system1.13,2056,24,./penalty_sweep_qpu_v113/samples/3nq9_Kdist9.5_Kmono12.0/psweep113_r2_20260326_005503/3nq9_ligand_report.csv,./penalty_sweep_qpu_v113/samples/3nq9_Kdist9.5_Kmono12.0/psweep113_r2_20260326_005503/3nq9_ligand_samples.json,./penalty_sweep_qpu_v113/samples/3nq9_Kdist9.5_Kmono12.0/psweep113_r2_20260326_005503/result.json
3nq9,3nq9_Kdist9.5_Kmono13.0,psweep113_r2_20260326_005503,9.5,13.0,ok,2.165818385697271,1000,1000,1000,0,0.0,1.0,0.0,0.20671720000000002,0.1721,Advantage2_system1.13,2360,29,./penalty_sweep_qpu_v113/samples/3nq9_Kdist9.5_Kmono13.0/psweep113_r2_20260326_005503/3nq9_ligand_report.csv,./penalty_sweep_qpu_v113/samples/3nq9_Kdist9.5_Kmono13.0/psweep113_r2_20260326_005503/3nq9_ligand_samples.json,./penalty_sweep_qpu_v113/samples/3nq9_Kdist9.5_Kmono13.0/psweep113_r2_20260326_005503/result.json
3nq9,3nq9_Kdist9.5_Kmono14.0,psweep113_r2_20260326_005503,9.5,14.0,ok,3.8826353673601726,1000,1000,1000,0,0.0,1.0,0.0,0.2042124,0.1696,Advantage2_system1.13,1966,23,./penalty_sweep_qpu_v113/samples/3nq9_Kdist9.5_Kmono14.0/psweep113_r2_20260326_005503/3nq9_ligand_report.csv,./penalty_sweep_qpu_v113/samples/3nq9_Kdist9.5_Kmono14.0/psweep113_r2_20260326_005503/3nq9_ligand_samples.json,./penalty_sweep_qpu_v113/samples/3nq9_Kdist9.5_Kmono14.0/psweep113_r2_20260326_005503/result.json
3nq9,3nq9_Kdist9.5_Kmono15.0,psweep113_r2_20260326_005503,9.5,15.0,ok,3.4719489113002022,1000,1000,1000,0,0.0,1.0,0.0,0.211034,0.17642,Advantage2_system1.13,2616,32,./penalty_sweep_qpu_v113/samples/3nq9_Kdist9.5_Kmono15.0/psweep113_r2_20260326_005503/3nq9_ligand_report.csv,./penalty_sweep_qpu_v113/samples/3nq9_Kdist9.5_Kmono15.0/psweep113_r2_20260326_005503/3nq9_ligand_samples.json,./penalty_sweep_qpu_v113/samples/3nq9_Kdist9.5_Kmono15.0/psweep113_r2_20260326_005503/result.json
3nq9,3nq9_Kdist9.5_Kmono16.0,psweep113_r2_20260326_005503,9.5,16.0,ok,1.2001388792904635,1000,1000,1000,28,0.028,1.0,0.028,0.20849520000000002,0.17388,Advantage2_system1.13,2422,29,./penalty_sweep_qpu_v113/samples/3nq9_Kdist9.5_Kmono16.0/psweep113_r2_20260326_005503/3nq9_ligand_report.csv,./penalty_sweep_qpu_v113/samples/3nq9_Kdist9.5_Kmono16.0/psweep113_r2_20260326_005503/3nq9_ligand_samples.json,./penalty_sweep_qpu_v113/samples/3nq9_Kdist9.5_Kmono16.0/psweep113_r2_20260326_005503/result.json
3nq9,3nq9_Kdist9.5_Kmono17.0,psweep113_r2_20260326_005503,9.5,17.0,ok,1.2055037997169677,1000,1000,1000,25,0.025,1.0,0.025,0.2019812,0.16738,Advantage2_system1.13,2170,26,./penalty_sweep_qpu_v113/samples/3nq9_Kdist9.5_Kmono17.0/psweep113_r2_20260326_005503/3nq9_ligand_report.csv,./penalty_sweep_qpu_v113/samples/3nq9_Kdist9.5_Kmono17.0/psweep113_r2_20260326_005503/3nq9_ligand_samples.json,./penalty_sweep_qpu_v113/samples/3nq9_Kdist9.5_Kmono17.0/psweep113_r2_20260326_005503/result.json
3nq9,3nq9_Kdist9.5_Kmono18.0,psweep113_r2_20260326_005503,9.5,18.0,ok,2.1460219106684195,1000,1000,1000,0,0.0,1.0,0.0,0.2046664,0.17006,Advantage2_system1.13,2453,31,./penalty_sweep_qpu_v113/samples/3nq9_Kdist9.5_Kmono18.0/psweep113_r2_20260326_005503/3nq9_ligand_report.csv,./penalty_sweep_qpu_v113/samples/3nq9_Kdist9.5_Kmono18.0/psweep113_r2_20260326_005503/3nq9_ligand_samples.json,./penalty_sweep_qpu_v113/samples/3nq9_Kdist9.5_Kmono18.0/psweep113_r2_20260326_005503/result.json
3nq9,3nq9_Kdist9.5_Kmono19.0,psweep113_r2_20260326_005503,9.5,19.0,ok,2.3586066340066747,1000,1000,1000,0,0.0,1.0,0.0,0.207356,0.17274,Advantage2_system1.13,2170,24,./penalty_sweep_qpu_v113/samples/3nq9_Kdist9.5_Kmono19.0/psweep113_r2_20260326_005503/3nq9_ligand_report.csv,./penalty_sweep_qpu_v113/samples/3nq9_Kdist9.5_Kmono19.0/psweep113_r2_20260326_005503/3nq9_ligand_samples.json,./penalty_sweep_qpu_v113/samples/3nq9_Kdist9.5_Kmono19.0/psweep113_r2_20260326_005503/result.json
3nq9,3nq9_Kdist9.5_Kmono20.0,psweep113_r2_20260326_005503,9.5,20.0,ok,2.137674338728874,1000,1000,1000,0,0.0,1.0,0.0,0.200804,0.1662,Advantage2_system1.13,2155,25,./penalty_sweep_qpu_v113/samples/3nq9_Kdist9.5_Kmono20.0/psweep113_r2_20260326_005503/3nq9_ligand_report.csv,./penalty_sweep_qpu_v113/samples/3nq9_Kdist9.5_Kmono20.0/psweep113_r2_20260326_005503/3nq9_ligand_samples.json,./penalty_sweep_qpu_v113/samples/3nq9_Kdist9.5_Kmono20.0/psweep113_r2_20260326_005503/result.json
3nq9,3nq9_Kdist10.0_Kmono1.0,psweep113_r2_20260326_005503,10.0,1.0,ok,3.0330919673481054,1000,1000,1000,0,0.0,1.0,0.0,0.2060016,0.17138,Advantage2_system1.13,2270,29,./penalty_sweep_qpu_v113/samples/3nq9_Kdist10.0_Kmono1.0/psweep113_r2_20260326_005503/3nq9_ligand_report.csv,./penalty_sweep_qpu_v113/samples/3nq9_Kdist10.0_Kmono1.0/psweep113_r2_20260326_005503/3nq9_ligand_samples.json,./penalty_sweep_qpu_v113/samples/3nq9_Kdist10.0_Kmono1.0/psweep113_r2_20260326_005503/result.json
3nq9,3nq9_Kdist10.0_Kmono2.0,psweep113_r2_20260326_005503,10.0,2.0,ok,3.925235869595253,1000,1000,1000,0,0.0,1.0,0.0,0.2149036,0.1803,Advantage2_system1.13,2210,26,./penalty_sweep_qpu_v113/samples/3nq9_Kdist10.0_Kmono2.0/psweep113_r2_20260326_005503/3nq9_ligand_report.csv,./penalty_sweep_qpu_v113/samples/3nq9_Kdist10.0_Kmono2.0/psweep113_r2_20260326_005503/3nq9_ligand_samples.json,./penalty_sweep_qpu_v113/samples/3nq9_Kdist10.0_Kmono2.0/psweep113_r2_20260326_005503/result.json
3nq9,3nq9_Kdist10.0_Kmono3.0,psweep113_r2_20260326_005503,10.0,3.0,ok,1.7334644239530534,1000,1000,1000,7,0.007,1.0,0.007,0.207262,0.17266,Advantage2_system1.13,2002,23,./penalty_sweep_qpu_v113/samples/3nq9_Kdist10.0_Kmono3.0/psweep113_r2_20260326_005503/3nq9_ligand_report.csv,./penalty_sweep_qpu_v113/samples/3nq9_Kdist10.0_Kmono3.0/psweep113_r2_20260326_005503/3nq9_ligand_samples.json,./penalty_sweep_qpu_v113/samples/3nq9_Kdist10.0_Kmono3.0/psweep113_r2_20260326_005503/result.json
3nq9,3nq9_Kdist10.0_Kmono4.0,psweep113_r2_20260326_005503,10.0,4.0,ok,4.73607229010297,1000,1000,1000,0,0.0,1.0,0.0,0.2025208,0.16792,Advantage2_system1.13,2382,29,./penalty_sweep_qpu_v113/samples/3nq9_Kdist10.0_Kmono4.0/psweep113_r2_20260326_005503/3nq9_ligand_report.csv,./penalty_sweep_qpu_v113/samples/3nq9_Kdist10.0_Kmono4.0/psweep113_r2_20260326_005503/3nq9_ligand_samples.json,./penalty_sweep_qpu_v113/samples/3nq9_Kdist10.0_Kmono4.0/psweep113_r2_20260326_005503/result.json
3nq9,3nq9_Kdist10.0_Kmono5.0,psweep113_r2_20260326_005503,10.0,5.0,ok,2.100222050546639,1000,1000,1000,0,0.0,1.0,0.0,0.2087348,0.17412,Advantage2_system1.13,2380,30,./penalty_sweep_qpu_v113/samples/3nq9_Kdist10.0_Kmono5.0/psweep113_r2_20260326_005503/3nq9_ligand_report.csv,./penalty_sweep_qpu_v113/samples/3nq9_Kdist10.0_Kmono5.0/psweep113_r2_20260326_005503/3nq9_ligand_samples.json,./penalty_sweep_qpu_v113/samples/3nq9_Kdist10.0_Kmono5.0/psweep113_r2_20260326_005503/result.json
3nq9,3nq9_Kdist10.0_Kmono6.0,psweep113_r2_20260326_005503,10.0,6.0,ok,4.028976499050926,1000,1000,1000,0,0.0,1.0,0.0,0.20935,0.17474,Advantage2_system1.13,2109,25,./penalty_sweep_qpu_v113/samples/3nq9_Kdist10.0_Kmono6.0/psweep113_r2_20260326_005503/3nq9_ligand_report.csv,./penalty_sweep_qpu_v113/samples/3nq9_Kdist10.0_Kmono6.0/psweep113_r2_20260326_005503/3nq9_ligand_samples.json,./penalty_sweep_qpu_v113/samples/3nq9_Kdist10.0_Kmono6.0/psweep113_r2_20260326_005503/result.json
3nq9,3nq9_Kdist10.0_Kmono7.0,psweep113_r2_20260326_005503,10.0,7.0,ok,3.6900001896653265,1000,1000,1000,0,0.0,1.0,0.0,0.2155456,0.18094,Advantage2_system1.13,2150,26,./penalty_sweep_qpu_v113/samples/3nq9_Kdist10.0_Kmono7.0/psweep113_r2_20260326_005503/3nq9_ligand_report.csv,./penalty_sweep_qpu_v113/samples/3nq9_Kdist10.0_Kmono7.0/psweep113_r2_20260326_005503/3nq9_ligand_samples.json,./penalty_sweep_qpu_v113/samples/3nq9_Kdist10.0_Kmono7.0/psweep113_r2_20260326_005503/result.json
3nq9,3nq9_Kdist10.0_Kmono8.0,psweep113_r2_20260326_005503,10.0,8.0,ok,1.0911021850128633,1000,1000,1000,103,0.103,1.0,0.103,0.20699,0.17238,Advantage2_system1.13,2206,26,./penalty_sweep_qpu_v113/samples/3nq9_Kdist10.0_Kmono8.0/psweep113_r2_20260326_005503/3nq9_ligand_report.csv,./penalty_sweep_qpu_v113/samples/3nq9_Kdist10.0_Kmono8.0/psweep113_r2_20260326_005503/3nq9_ligand_samples.json,./penalty_sweep_qpu_v113/samples/3nq9_Kdist10.0_Kmono8.0/psweep113_r2_20260326_005503/result.json
3nq9,3nq9_Kdist10.0_Kmono9.0,psweep113_r2_20260326_005503,10.0,9.0,ok,4.189741796466601,1000,1000,1000,0,0.0,1.0,0.0,0.2111728,0.17656,Advantage2_system1.13,2413,31,./penalty_sweep_qpu_v113/samples/3nq9_Kdist10.0_Kmono9.0/psweep113_r2_20260326_005503/3nq9_ligand_report.csv,./penalty_sweep_qpu_v113/samples/3nq9_Kdist10.0_Kmono9.0/psweep113_r2_20260326_005503/3nq9_ligand_samples.json,./penalty_sweep_qpu_v113/samples/3nq9_Kdist10.0_Kmono9.0/psweep113_r2_20260326_005503/result.json
3nq9,3nq9_Kdist10.0_Kmono10.0,psweep113_r2_20260326_005503,10.0,10.0,ok,2.680702525743526,1000,1000,1000,0,0.0,1.0,0.0,0.209344,0.17474,Advantage2_system1.13,2039,24,./penalty_sweep_qpu_v113/samples/3nq9_Kdist10.0_Kmono10.0/psweep113_r2_20260326_005503/3nq9_ligand_report.csv,./penalty_sweep_qpu_v113/samples/3nq9_Kdist10.0_Kmono10.0/psweep113_r2_20260326_005503/3nq9_ligand_samples.json,./penalty_sweep_qpu_v113/samples/3nq9_Kdist10.0_Kmono10.0/psweep113_r2_20260326_005503/result.json
3nq9,3nq9_Kdist10.0_Kmono11.0,psweep113_r2_20260326_005503,10.0,11.0,ok,2.745657859284955,1000,1000,1000,0,0.0,1.0,0.0,0.2165868,0.18198,Advantage2_system1.13,1984,24,./penalty_sweep_qpu_v113/samples/3nq9_Kdist10.0_Kmono11.0/psweep113_r2_20260326_005503/3nq9_ligand_report.csv,./penalty_sweep_qpu_v113/samples/3nq9_Kdist10.0_Kmono11.0/psweep113_r2_20260326_005503/3nq9_ligand_samples.json,./penalty_sweep_qpu_v113/samples/3nq9_Kdist10.0_Kmono11.0/psweep113_r2_20260326_005503/result.json
3nq9,3nq9_Kdist10.0_Kmono12.0,psweep113_r2_20260326_005503,10.0,12.0,ok,4.94696248249056,1000,1000,1000,0,0.0,1.0,0.0,0.21020239999999998,0.1756,Advantage2_system1.13,1986,23,./penalty_sweep_qpu_v113/samples/3nq9_Kdist10.0_Kmono12.0/psweep113_r2_20260326_005503/3nq9_ligand_report.csv,./penalty_sweep_qpu_v113/samples/3nq9_Kdist10.0_Kmono12.0/psweep113_r2_20260326_005503/3nq9_ligand_samples.json,./penalty_sweep_qpu_v113/samples/3nq9_Kdist10.0_Kmono12.0/psweep113_r2_20260326_005503/result.json
3nq9,3nq9_Kdist10.0_Kmono13.0,psweep113_r2_20260326_005503,10.0,13.0,ok,4.38279099573473,1000,1000,1000,0,0.0,1.0,0.0,0.21113,0.17652,Advantage2_system1.13,2146,26,./penalty_sweep_qpu_v113/samples/3nq9_Kdist10.0_Kmono13.0/psweep113_r2_20260326_005503/3nq9_ligand_report.csv,./penalty_sweep_qpu_v113/samples/3nq9_Kdist10.0_Kmono13.0/psweep113_r2_20260326_005503/3nq9_ligand_samples.json,./penalty_sweep_qpu_v113/samples/3nq9_Kdist10.0_Kmono13.0/psweep113_r2_20260326_005503/result.json
3nq9,3nq9_Kdist10.0_Kmono14.0,psweep113_r2_20260326_005503,10.0,14.0,ok,2.3042255862111345,1000,1000,1000,0,0.0,1.0,0.0,0.20849279999999998,0.17388,Advantage2_system1.13,2300,28,./penalty_sweep_qpu_v113/samples/3nq9_Kdist10.0_Kmono14.0/psweep113_r2_20260326_005503/3nq9_ligand_report.csv,./penalty_sweep_qpu_v113/samples/3nq9_Kdist10.0_Kmono14.0/psweep113_r2_20260326_005503/3nq9_ligand_samples.json,./penalty_sweep_qpu_v113/samples/3nq9_Kdist10.0_Kmono14.0/psweep113_r2_20260326_005503/result.json
3nq9,3nq9_Kdist10.0_Kmono15.0,psweep113_r2_20260326_005503,10.0,15.0,ok,4.291440329044285,1000,1000,1000,0,0.0,1.0,0.0,0.208392,0.17378,Advantage2_system1.13,2241,28,./penalty_sweep_qpu_v113/samples/3nq9_Kdist10.0_Kmono15.0/psweep113_r2_20260326_005503/3nq9_ligand_report.csv,./penalty_sweep_qpu_v113/samples/3nq9_Kdist10.0_Kmono15.0/psweep113_r2_20260326_005503/3nq9_ligand_samples.json,./penalty_sweep_qpu_v113/samples/3nq9_Kdist10.0_Kmono15.0/psweep113_r2_20260326_005503/result.json
3nq9,3nq9_Kdist10.0_Kmono16.0,psweep113_r2_20260326_005503,10.0,16.0,ok,1.9943332224583865,1000,1000,1000,1,0.001,1.0,0.001,0.21263,0.17802,Advantage2_system1.13,2176,25,./penalty_sweep_qpu_v113/samples/3nq9_Kdist10.0_Kmono16.0/psweep113_r2_20260326_005503/3nq9_ligand_report.csv,./penalty_sweep_qpu_v113/samples/3nq9_Kdist10.0_Kmono16.0/psweep113_r2_20260326_005503/3nq9_ligand_samples.json,./penalty_sweep_qpu_v113/samples/3nq9_Kdist10.0_Kmono16.0/psweep113_r2_20260326_005503/result.json
3nq9,3nq9_Kdist10.0_Kmono17.0,psweep113_r2_20260326_005503,10.0,17.0,ok,3.684277832696779,1000,1000,1000,0,0.0,1.0,0.0,0.2158028,0.1812,Advantage2_system1.13,1929,23,./penalty_sweep_qpu_v113/samples/3nq9_Kdist10.0_Kmono17.0/psweep113_r2_20260326_005503/3nq9_ligand_report.csv,./penalty_sweep_qpu_v113/samples/3nq9_Kdist10.0_Kmono17.0/psweep113_r2_20260326_005503/3nq9_ligand_samples.json,./penalty_sweep_qpu_v113/samples/3nq9_Kdist10.0_Kmono17.0/psweep113_r2_20260326_005503/result.json
3nq9,3nq9_Kdist10.0_Kmono18.0,psweep113_r2_20260326_005503,10.0,18.0,ok,1.0894759961944898,1000,1000,1000,2,0.002,1.0,0.002,0.20295,0.16834,Advantage2_system1.13,2019,24,./penalty_sweep_qpu_v113/samples/3nq9_Kdist10.0_Kmono18.0/psweep113_r2_20260326_005503/3nq9_ligand_report.csv,./penalty_sweep_qpu_v113/samples/3nq9_Kdist10.0_Kmono18.0/psweep113_r2_20260326_005503/3nq9_ligand_samples.json,./penalty_sweep_qpu_v113/samples/3nq9_Kdist10.0_Kmono18.0/psweep113_r2_20260326_005503/result.json
3nq9,3nq9_Kdist10.0_Kmono19.0,psweep113_r2_20260326_005503,10.0,19.0,ok,3.063474302858161,1000,1000,1000,0,0.0,1.0,0.0,0.21162879999999998,0.17702,Advantage2_system1.13,2252,25,./penalty_sweep_qpu_v113/samples/3nq9_Kdist10.0_Kmono19.0/psweep113_r2_20260326_005503/3nq9_ligand_report.csv,./penalty_sweep_qpu_v113/samples/3nq9_Kdist10.0_Kmono19.0/psweep113_r2_20260326_005503/3nq9_ligand_samples.json,./penalty_sweep_qpu_v113/samples/3nq9_Kdist10.0_Kmono19.0/psweep113_r2_20260326_005503/result.json
3nq9,3nq9_Kdist10.0_Kmono20.0,psweep113_r2_20260326_005503,10.0,20.0,ok,3.2449339999597453,1000,1000,1000,0,0.0,1.0,0.0,0.213908,0.1793,Advantage2_system1.13,2234,26,./penalty_sweep_qpu_v113/samples/3nq9_Kdist10.0_Kmono20.0/psweep113_r2_20260326_005503/3nq9_ligand_report.csv,./penalty_sweep_qpu_v113/samples/3nq9_Kdist10.0_Kmono20.0/psweep113_r2_20260326_005503/3nq9_ligand_samples.json,./penalty_sweep_qpu_v113/samples/3nq9_Kdist10.0_Kmono20.0/psweep113_r2_20260326_005503/result.json
4jsz,4jsz_Kdist0.5_Kmono1.0,psweep113_r2_20260326_005503,0.5,1.0,ok,1.1970847544788359,1000,1000,1000,6,0.006,1.0,0.006,0.2123864,0.17778,Advantage2_system1.13,2380,26,./penalty_sweep_qpu_v113/samples/4jsz_Kdist0.5_Kmono1.0/psweep113_r2_20260326_005503/4jsz_ligand_report.csv,./penalty_sweep_qpu_v113/samples/4jsz_Kdist0.5_Kmono1.0/psweep113_r2_20260326_005503/4jsz_ligand_samples.json,./penalty_sweep_qpu_v113/samples/4jsz_Kdist0.5_Kmono1.0/psweep113_r2_20260326_005503/result.json
4jsz,4jsz_Kdist0.5_Kmono2.0,psweep113_r2_20260326_005503,0.5,2.0,ok,1.6626332298643787,1000,1000,1000,5,0.005,1.0,0.005,0.20872839999999998,0.17412,Advantage2_system1.13,2324,26,./penalty_sweep_qpu_v113/samples/4jsz_Kdist0.5_Kmono2.0/psweep113_r2_20260326_005503/4jsz_ligand_report.csv,./penalty_sweep_qpu_v113/samples/4jsz_Kdist0.5_Kmono2.0/psweep113_r2_20260326_005503/4jsz_ligand_samples.json,./penalty_sweep_qpu_v113/samples/4jsz_Kdist0.5_Kmono2.0/psweep113_r2_20260326_005503/result.json
4jsz,4jsz_Kdist0.5_Kmono3.0,psweep113_r2_20260326_005503,0.5,3.0,ok,1.8328135460941284,1000,1000,1000,1,0.001,1.0,0.001,0.2098908,0.17528,Advantage2_system1.13,2420,24,./penalty_sweep_qpu_v113/samples/4jsz_Kdist0.5_Kmono3.0/psweep113_r2_20260326_005503/4jsz_ligand_report.csv,./penalty_sweep_qpu_v113/samples/4jsz_Kdist0.5_Kmono3.0/psweep113_r2_20260326_005503/4jsz_ligand_samples.json,./penalty_sweep_qpu_v113/samples/4jsz_Kdist0.5_Kmono3.0/psweep113_r2_20260326_005503/result.json
4jsz,4jsz_Kdist0.5_Kmono4.0,psweep113_r2_20260326_005503,0.5,4.0,ok,1.6008533542099153,1000,1000,1000,17,0.017,1.0,0.017,0.21490720000000002,0.1803,Advantage2_system1.13,2344,25,./penalty_sweep_qpu_v113/samples/4jsz_Kdist0.5_Kmono4.0/psweep113_r2_20260326_005503/4jsz_ligand_report.csv,./penalty_sweep_qpu_v113/samples/4jsz_Kdist0.5_Kmono4.0/psweep113_r2_20260326_005503/4jsz_ligand_samples.json,./penalty_sweep_qpu_v113/samples/4jsz_Kdist0.5_Kmono4.0/psweep113_r2_20260326_005503/result.json
4jsz,4jsz_Kdist0.5_Kmono5.0,psweep113_r2_20260326_005503,0.5,5.0,ok,0.8928240202649079,1000,1000,1000,328,0.328,1.0,0.328,0.2199108,0.1853,Advantage2_system1.13,2906,33,./penalty_sweep_qpu_v113/samples/4jsz_Kdist0.5_Kmono5.0/psweep113_r2_20260326_005503/4jsz_ligand_report.csv,./penalty_sweep_qpu_v113/samples/4jsz_Kdist0.5_Kmono5.0/psweep113_r2_20260326_005503/4jsz_ligand_samples.json,./penalty_sweep_qpu_v113/samples/4jsz_Kdist0.5_Kmono5.0/psweep113_r2_20260326_005503/result.json
4jsz,4jsz_Kdist0.5_Kmono6.0,psweep113_r2_20260326_005503,0.5,6.0,ok,2.4879096297810035,1000,1000,1000,0,0.0,1.0,0.0,0.21458839999999998,0.17998,Advantage2_system1.13,2535,26,./penalty_sweep_qpu_v113/samples/4jsz_Kdist0.5_Kmono6.0/psweep113_r2_20260326_005503/4jsz_ligand_report.csv,./penalty_sweep_qpu_v113/samples/4jsz_Kdist0.5_Kmono6.0/psweep113_r2_20260326_005503/4jsz_ligand_samples.json,./penalty_sweep_qpu_v113/samples/4jsz_Kdist0.5_Kmono6.0/psweep113_r2_20260326_005503/result.json
4jsz,4jsz_Kdist0.5_Kmono7.0,psweep113_r2_20260326_005503,0.5,7.0,ok,1.7936312413712565,1000,1000,1000,3,0.003,1.0,0.003,0.210534,0.17592,Advantage2_system1.13,2419,26,./penalty_sweep_qpu_v113/samples/4jsz_Kdist0.5_Kmono7.0/psweep113_r2_20260326_005503/4jsz_ligand_report.csv,./penalty_sweep_qpu_v113/samples/4jsz_Kdist0.5_Kmono7.0/psweep113_r2_20260326_005503/4jsz_ligand_samples.json,./penalty_sweep_qpu_v113/samples/4jsz_Kdist0.5_Kmono7.0/psweep113_r2_20260326_005503/result.json
4jsz,4jsz_Kdist0.5_Kmono8.0,psweep113_r2_20260326_005503,0.5,8.0,ok,1.6668674211743493,1000,1000,1000,11,0.011,1.0,0.011,0.2128108,0.1782,Advantage2_system1.13,2474,26,./penalty_sweep_qpu_v113/samples/4jsz_Kdist0.5_Kmono8.0/psweep113_r2_20260326_005503/4jsz_ligand_report.csv,./penalty_sweep_qpu_v113/samples/4jsz_Kdist0.5_Kmono8.0/psweep113_r2_20260326_005503/4jsz_ligand_samples.json,./penalty_sweep_qpu_v113/samples/4jsz_Kdist0.5_Kmono8.0/psweep113_r2_20260326_005503/result.json
4jsz,4jsz_Kdist0.5_Kmono9.0,psweep113_r2_20260326_005503,0.5,9.0,ok,0.9401626344876475,1000,1000,1000,36,0.036,1.0,0.036,0.20612160000000002,0.17152,Advantage2_system1.13,2373,25,./penalty_sweep_qpu_v113/samples/4jsz_Kdist0.5_Kmono9.0/psweep113_r2_20260326_005503/4jsz_ligand_report.csv,./penalty_sweep_qpu_v113/samples/4jsz_Kdist0.5_Kmono9.0/psweep113_r2_20260326_005503/4jsz_ligand_samples.json,./penalty_sweep_qpu_v113/samples/4jsz_Kdist0.5_Kmono9.0/psweep113_r2_20260326_005503/result.json
4jsz,4jsz_Kdist0.5_Kmono10.0,psweep113_r2_20260326_005503,0.5,10.0,ok,2.0484652469803826,1000,1000,1000,0,0.0,1.0,0.0,0.21544439999999998,0.18084,Advantage2_system1.13,2485,27,./penalty_sweep_qpu_v113/samples/4jsz_Kdist0.5_Kmono10.0/psweep113_r2_20260326_005503/4jsz_ligand_report.csv,./penalty_sweep_qpu_v113/samples/4jsz_Kdist0.5_Kmono10.0/psweep113_r2_20260326_005503/4jsz_ligand_samples.json,./penalty_sweep_qpu_v113/samples/4jsz_Kdist0.5_Kmono10.0/psweep113_r2_20260326_005503/result.json
4jsz,4jsz_Kdist0.5_Kmono11.0,psweep113_r2_20260326_005503,0.5,11.0,ok,1.1187685647429633,1000,1000,1000,102,0.102,1.0,0.102,0.213408,0.1788,Advantage2_system1.13,2316,24,./penalty_sweep_qpu_v113/samples/4jsz_Kdist0.5_Kmono11.0/psweep113_r2_20260326_005503/4jsz_ligand_report.csv,./penalty_sweep_qpu_v113/samples/4jsz_Kdist0.5_Kmono11.0/psweep113_r2_20260326_005503/4jsz_ligand_samples.json,./penalty_sweep_qpu_v113/samples/4jsz_Kdist0.5_Kmono11.0/psweep113_r2_20260326_005503/result.json
4jsz,4jsz_Kdist0.5_Kmono12.0,psweep113_r2_20260326_005503,0.5,12.0,ok,1.4168122376571328,1000,1000,1000,1,0.001,1.0,0.001,0.2160904,0.18148,Advantage2_system1.13,2354,26,./penalty_sweep_qpu_v113/samples/4jsz_Kdist0.5_Kmono12.0/psweep113_r2_20260326_005503/4jsz_ligand_report.csv,./penalty_sweep_qpu_v113/samples/4jsz_Kdist0.5_Kmono12.0/psweep113_r2_20260326_005503/4jsz_ligand_samples.json,./penalty_sweep_qpu_v113/samples/4jsz_Kdist0.5_Kmono12.0/psweep113_r2_20260326_005503/result.json
4jsz,4jsz_Kdist0.5_Kmono13.0,psweep113_r2_20260326_005503,0.5,13.0,ok,1.2504419931311397,1000,1000,1000,29,0.029,1.0,0.029,0.21208960000000002,0.17748,Advantage2_system1.13,2706,30,./penalty_sweep_qpu_v113/samples/4jsz_Kdist0.5_Kmono13.0/psweep113_r2_20260326_005503/4jsz_ligand_report.csv,./penalty_sweep_qpu_v113/samples/4jsz_Kdist0.5_Kmono13.0/psweep113_r2_20260326_005503/4jsz_ligand_samples.json,./penalty_sweep_qpu_v113/samples/4jsz_Kdist0.5_Kmono13.0/psweep113_r2_20260326_005503/result.json
4jsz,4jsz_Kdist0.5_Kmono14.0,psweep113_r2_20260326_005503,0.5,14.0,ok,1.671322889897223,1000,1000,1000,4,0.004,1.0,0.004,0.21430960000000002,0.1797,Advantage2_system1.13,2470,27,./penalty_sweep_qpu_v113/samples/4jsz_Kdist0.5_Kmono14.0/psweep113_r2_20260326_005503/4jsz_ligand_report.csv,./penalty_sweep_qpu_v113/samples/4jsz_Kdist0.5_Kmono14.0/psweep113_r2_20260326_005503/4jsz_ligand_samples.json,./penalty_sweep_qpu_v113/samples/4jsz_Kdist0.5_Kmono14.0/psweep113_r2_20260326_005503/result.json
4jsz,4jsz_Kdist0.5_Kmono15.0,psweep113_r2_20260326_005503,0.5,15.0,ok,1.7042992118526004,1000,1000,1000,2,0.002,1.0,0.002,0.21712279999999998,0.18252,Advantage2_system1.13,2599,29,./penalty_sweep_qpu_v113/samples/4jsz_Kdist0.5_Kmono15.0/psweep113_r2_20260326_005503/4jsz_ligand_report.csv,./penalty_sweep_qpu_v113/samples/4jsz_Kdist0.5_Kmono15.0/psweep113_r2_20260326_005503/4jsz_ligand_samples.json,./penalty_sweep_qpu_v113/samples/4jsz_Kdist0.5_Kmono15.0/psweep113_r2_20260326_005503/result.json
4jsz,4jsz_Kdist0.5_Kmono16.0,psweep113_r2_20260326_005503,0.5,16.0,ok,1.3166335246360947,1000,1000,1000,44,0.044,1.0,0.044,0.21180960000000001,0.1772,Advantage2_system1.13,2585,27,./penalty_sweep_qpu_v113/samples/4jsz_Kdist0.5_Kmono16.0/psweep113_r2_20260326_005503/4jsz_ligand_report.csv,./penalty_sweep_qpu_v113/samples/4jsz_Kdist0.5_Kmono16.0/psweep113_r2_20260326_005503/4jsz_ligand_samples.json,./penalty_sweep_qpu_v113/samples/4jsz_Kdist0.5_Kmono16.0/psweep113_r2_20260326_005503/result.json
4jsz,4jsz_Kdist0.5_Kmono17.0,psweep113_r2_20260326_005503,0.5,17.0,ok,1.1583548404450998,1000,1000,1000,49,0.049,1.0,0.049,0.21440279999999998,0.1798,Advantage2_system1.13,2219,23,./penalty_sweep_qpu_v113/samples/4jsz_Kdist0.5_Kmono17.0/psweep113_r2_20260326_005503/4jsz_ligand_report.csv,./penalty_sweep_qpu_v113/samples/4jsz_Kdist0.5_Kmono17.0/psweep113_r2_20260326_005503/4jsz_ligand_samples.json,./penalty_sweep_qpu_v113/samples/4jsz_Kdist0.5_Kmono17.0/psweep113_r2_20260326_005503/result.json
4jsz,4jsz_Kdist0.5_Kmono18.0,psweep113_r2_20260326_005503,0.5,18.0,ok,1.2397750946770587,1000,1000,1000,15,0.015,1.0,0.015,0.2100296,0.17542,Advantage2_system1.13,2386,25,./penalty_sweep_qpu_v113/samples/4jsz_Kdist0.5_Kmono18.0/psweep113_r2_20260326_005503/4jsz_ligand_report.csv,./penalty_sweep_qpu_v113/samples/4jsz_Kdist0.5_Kmono18.0/psweep113_r2_20260326_005503/4jsz_ligand_samples.json,./penalty_sweep_qpu_v113/samples/4jsz_Kdist0.5_Kmono18.0/psweep113_r2_20260326_005503/result.json
4jsz,4jsz_Kdist0.5_Kmono19.0,psweep113_r2_20260326_005503,0.5,19.0,ok,1.1982083266381902,1000,1000,1000,126,0.126,1.0,0.126,0.2164524,0.18184,Advantage2_system1.13,2718,29,./penalty_sweep_qpu_v113/samples/4jsz_Kdist0.5_Kmono19.0/psweep113_r2_20260326_005503/4jsz_ligand_report.csv,./penalty_sweep_qpu_v113/samples/4jsz_Kdist0.5_Kmono19.0/psweep113_r2_20260326_005503/4jsz_ligand_samples.json,./penalty_sweep_qpu_v113/samples/4jsz_Kdist0.5_Kmono19.0/psweep113_r2_20260326_005503/result.json
4jsz,4jsz_Kdist0.5_Kmono20.0,psweep113_r2_20260326_005503,0.5,20.0,ok,2.461038897969023,1000,1000,1000,0,0.0,1.0,0.0,0.2181348,0.18352,Advantage2_system1.13,2671,27,./penalty_sweep_qpu_v113/samples/4jsz_Kdist0.5_Kmono20.0/psweep113_r2_20260326_005503/4jsz_ligand_report.csv,./penalty_sweep_qpu_v113/samples/4jsz_Kdist0.5_Kmono20.0/psweep113_r2_20260326_005503/4jsz_ligand_samples.json,./penalty_sweep_qpu_v113/samples/4jsz_Kdist0.5_Kmono20.0/psweep113_r2_20260326_005503/result.json
4jsz,4jsz_Kdist1.0_Kmono1.0,psweep113_r2_20260326_005503,1.0,1.0,ok,2.456425012176572,1000,1000,1000,0,0.0,1.0,0.0,0.21162720000000002,0.17702,Advantage2_system1.13,2447,26,./penalty_sweep_qpu_v113/samples/4jsz_Kdist1.0_Kmono1.0/psweep113_r2_20260326_005503/4jsz_ligand_report.csv,./penalty_sweep_qpu_v113/samples/4jsz_Kdist1.0_Kmono1.0/psweep113_r2_20260326_005503/4jsz_ligand_samples.json,./penalty_sweep_qpu_v113/samples/4jsz_Kdist1.0_Kmono1.0/psweep113_r2_20260326_005503/result.json
4jsz,4jsz_Kdist1.0_Kmono2.0,psweep113_r2_20260326_005503,1.0,2.0,ok,2.1657400981884054,1000,1000,1000,0,0.0,1.0,0.0,0.2165936,0.18198,Advantage2_system1.13,2866,32,./penalty_sweep_qpu_v113/samples/4jsz_Kdist1.0_Kmono2.0/psweep113_r2_20260326_005503/4jsz_ligand_report.csv,./penalty_sweep_qpu_v113/samples/4jsz_Kdist1.0_Kmono2.0/psweep113_r2_20260326_005503/4jsz_ligand_samples.json,./penalty_sweep_qpu_v113/samples/4jsz_Kdist1.0_Kmono2.0/psweep113_r2_20260326_005503/result.json
4jsz,4jsz_Kdist1.0_Kmono3.0,psweep113_r2_20260326_005503,1.0,3.0,ok,2.4124255083094033,1000,1000,1000,0,0.0,1.0,0.0,0.21362679999999998,0.17902,Advantage2_system1.13,2814,30,./penalty_sweep_qpu_v113/samples/4jsz_Kdist1.0_Kmono3.0/psweep113_r2_20260326_005503/4jsz_ligand_report.csv,./penalty_sweep_qpu_v113/samples/4jsz_Kdist1.0_Kmono3.0/psweep113_r2_20260326_005503/4jsz_ligand_samples.json,./penalty_sweep_qpu_v113/samples/4jsz_Kdist1.0_Kmono3.0/psweep113_r2_20260326_005503/result.json
4jsz,4jsz_Kdist1.0_Kmono4.0,psweep113_r2_20260326_005503,1.0,4.0,ok,1.983654308285085,1000,1000,1000,1,0.001,1.0,0.001,0.2118424,0.17724,Advantage2_system1.13,2607,30,./penalty_sweep_qpu_v113/samples/4jsz_Kdist1.0_Kmono4.0/psweep113_r2_20260326_005503/4jsz_ligand_report.csv,./penalty_sweep_qpu_v113/samples/4jsz_Kdist1.0_Kmono4.0/psweep113_r2_20260326_005503/4jsz_ligand_samples.json,./penalty_sweep_qpu_v113/samples/4jsz_Kdist1.0_Kmono4.0/psweep113_r2_20260326_005503/result.json
4jsz,4jsz_Kdist1.0_Kmono5.0,psweep113_r2_20260326_005503,1.0,5.0,ok,2.774677756450807,1000,1000,1000,0,0.0,1.0,0.0,0.21280839999999998,0.1782,Advantage2_system1.13,2646,28,./penalty_sweep_qpu_v113/samples/4jsz_Kdist1.0_Kmono5.0/psweep113_r2_20260326_005503/4jsz_ligand_report.csv,./penalty_sweep_qpu_v113/samples/4jsz_Kdist1.0_Kmono5.0/psweep113_r2_20260326_005503/4jsz_ligand_samples.json,./penalty_sweep_qpu_v113/samples/4jsz_Kdist1.0_Kmono5.0/psweep113_r2_20260326_005503/result.json
4jsz,4jsz_Kdist1.0_Kmono6.0,psweep113_r2_20260326_005503,1.0,6.0,ok,1.0417023724240664,1000,1000,1000,97,0.097,1.0,0.097,0.2194092,0.1848,Advantage2_system1.13,2466,27,./penalty_sweep_qpu_v113/samples/4jsz_Kdist1.0_Kmono6.0/psweep113_r2_20260326_005503/4jsz_ligand_report.csv,./penalty_sweep_qpu_v113/samples/4jsz_Kdist1.0_Kmono6.0/psweep113_r2_20260326_005503/4jsz_ligand_samples.json,./penalty_sweep_qpu_v113/samples/4jsz_Kdist1.0_Kmono6.0/psweep113_r2_20260326_005503/result.json
4jsz,4jsz_Kdist1.0_Kmono7.0,psweep113_r2_20260326_005503,1.0,7.0,ok,1.6244584324230236,1000,1000,1000,17,0.017,1.0,0.017,0.21283,0.1782,Advantage2_system1.13,2600,29,./penalty_sweep_qpu_v113/samples/4jsz_Kdist1.0_Kmono7.0/psweep113_r2_20260326_005503/4jsz_ligand_report.csv,./penalty_sweep_qpu_v113/samples/4jsz_Kdist1.0_Kmono7.0/psweep113_r2_20260326_005503/4jsz_ligand_samples.json,./penalty_sweep_qpu_v113/samples/4jsz_Kdist1.0_Kmono7.0/psweep113_r2_20260326_005503/result.json
4jsz,4jsz_Kdist1.0_Kmono8.0,psweep113_r2_20260326_005503,1.0,8.0,ok,0.9700259475373693,1000,1000,1000,201,0.201,1.0,0.201,0.21581,0.1812,Advantage2_system1.13,2686,28,./penalty_sweep_qpu_v113/samples/4jsz_Kdist1.0_Kmono8.0/psweep113_r2_20260326_005503/4jsz_ligand_report.csv,./penalty_sweep_qpu_v113/samples/4jsz_Kdist1.0_Kmono8.0/psweep113_r2_20260326_005503/4jsz_ligand_samples.json,./penalty_sweep_qpu_v113/samples/4jsz_Kdist1.0_Kmono8.0/psweep113_r2_20260326_005503/result.json
4jsz,4jsz_Kdist1.0_Kmono9.0,psweep113_r2_20260326_005503,1.0,9.0,ok,1.5534042156024919,1000,1000,1000,12,0.012,1.0,0.012,0.2141676,0.17956,Advantage2_system1.13,2669,29,./penalty_sweep_qpu_v113/samples/4jsz_Kdist1.0_Kmono9.0/psweep113_r2_20260326_005503/4jsz_ligand_report.csv,./penalty_sweep_qpu_v113/samples/4jsz_Kdist1.0_Kmono9.0/psweep113_r2_20260326_005503/4jsz_ligand_samples.json,./penalty_sweep_qpu_v113/samples/4jsz_Kdist1.0_Kmono9.0/psweep113_r2_20260326_005503/result.json
4jsz,4jsz_Kdist1.0_Kmono10.0,psweep113_r2_20260326_005503,1.0,10.0,ok,1.9545101627687247,1000,1000,1000,1,0.001,1.0,0.001,0.2060784,0.17148,Advantage2_system1.13,2529,28,./penalty_sweep_qpu_v113/samples/4jsz_Kdist1.0_Kmono10.0/psweep113_r2_20260326_005503/4jsz_ligand_report.csv,./penalty_sweep_qpu_v113/samples/4jsz_Kdist1.0_Kmono10.0/psweep113_r2_20260326_005503/4jsz_ligand_samples.json,./penalty_sweep_qpu_v113/samples/4jsz_Kdist1.0_Kmono10.0/psweep113_r2_20260326_005503/result.json
4jsz,4jsz_Kdist1.0_Kmono11.0,psweep113_r2_20260326_005503,1.0,11.0,ok,1.3263855362486086,1000,1000,1000,51,0.051,1.0,0.051,0.2165868,0.18198,Advantage2_system1.13,2580,29,./penalty_sweep_qpu_v113/samples/4jsz_Kdist1.0_Kmono11.0/psweep113_r2_20260326_005503/4jsz_ligand_report.csv,./penalty_sweep_qpu_v113/samples/4jsz_Kdist1.0_Kmono11.0/psweep113_r2_20260326_005503/4jsz_ligand_samples.json,./penalty_sweep_qpu_v113/samples/4jsz_Kdist1.0_Kmono11.0/psweep113_r2_20260326_005503/result.json
4jsz,4jsz_Kdist1.0_Kmono12.0,psweep113_r2_20260326_005503,1.0,12.0,ok,1.840336295923195,1000,1000,1000,1,0.001,1.0,0.001,0.211846,0.17724,Advantage2_system1.13,2695,30,./penalty_sweep_qpu_v113/samples/4jsz_Kdist1.0_Kmono12.0/psweep113_r2_20260326_005503/4jsz_ligand_report.csv,./penalty_sweep_qpu_v113/samples/4jsz_Kdist1.0_Kmono12.0/psweep113_r2_20260326_005503/4jsz_ligand_samples.json,./penalty_sweep_qpu_v113/samples/4jsz_Kdist1.0_Kmono12.0/psweep113_r2_20260326_005503/result.json
4jsz,4jsz_Kdist1.0_Kmono13.0,psweep113_r2_20260326_005503,1.0,13.0,ok,1.7088825770114984,1000,1000,1000,5,0.005,1.0,0.005,0.21191,0.1773,Advantage2_system1.13,2486,26,./penalty_sweep_qpu_v113/samples/4jsz_Kdist1.0_Kmono13.0/psweep113_r2_20260326_005503/4jsz_ligand_report.csv,./penalty_sweep_qpu_v113/samples/4jsz_Kdist1.0_Kmono13.0/psweep113_r2_20260326_005503/4jsz_ligand_samples.json,./penalty_sweep_qpu_v113/samples/4jsz_Kdist1.0_Kmono13.0/psweep113_r2_20260326_005503/result.json
4jsz,4jsz_Kdist1.0_Kmono14.0,psweep113_r2_20260326_005503,1.0,14.0,ok,1.570623042620666,1000,1000,1000,22,0.022,1.0,0.022,0.2178436,0.18324,Advantage2_system1.13,2289,24,./penalty_sweep_qpu_v113/samples/4jsz_Kdist1.0_Kmono14.0/psweep113_r2_20260326_005503/4jsz_ligand_report.csv,./penalty_sweep_qpu_v113/samples/4jsz_Kdist1.0_Kmono14.0/psweep113_r2_20260326_005503/4jsz_ligand_samples.json,./penalty_sweep_qpu_v113/samples/4jsz_Kdist1.0_Kmono14.0/psweep113_r2_20260326_005503/result.json
4jsz,4jsz_Kdist1.0_Kmono15.0,psweep113_r2_20260326_005503,1.0,15.0,ok,1.977853055242447,1000,1000,1000,1,0.001,1.0,0.001,0.21671,0.1821,Advantage2_system1.13,2548,28,./penalty_sweep_qpu_v113/samples/4jsz_Kdist1.0_Kmono15.0/psweep113_r2_20260326_005503/4jsz_ligand_report.csv,./penalty_sweep_qpu_v113/samples/4jsz_Kdist1.0_Kmono15.0/psweep113_r2_20260326_005503/4jsz_ligand_samples.json,./penalty_sweep_qpu_v113/samples/4jsz_Kdist1.0_Kmono15.0/psweep113_r2_20260326_005503/result.json
4jsz,4jsz_Kdist1.0_Kmono16.0,psweep113_r2_20260326_005503,1.0,16.0,ok,2.408832783133624,1000,1000,1000,0,0.0,1.0,0.0,0.2131204,0.17852,Advantage2_system1.13,2297,23,./penalty_sweep_qpu_v113/samples/4jsz_Kdist1.0_Kmono16.0/psweep113_r2_20260326_005503/4jsz_ligand_report.csv,./penalty_sweep_qpu_v113/samples/4jsz_Kdist1.0_Kmono16.0/psweep113_r2_20260326_005503/4jsz_ligand_samples.json,./penalty_sweep_qpu_v113/samples/4jsz_Kdist1.0_Kmono16.0/psweep113_r2_20260326_005503/result.json
4jsz,4jsz_Kdist1.0_Kmono17.0,psweep113_r2_20260326_005503,1.0,17.0,ok,1.3887867501152822,1000,1000,1000,213,0.213,1.0,0.213,0.2100332,0.17542,Advantage2_system1.13,2426,27,./penalty_sweep_qpu_v113/samples/4jsz_Kdist1.0_Kmono17.0/psweep113_r2_20260326_005503/4jsz_ligand_report.csv,./penalty_sweep_qpu_v113/samples/4jsz_Kdist1.0_Kmono17.0/psweep113_r2_20260326_005503/4jsz_ligand_samples.json,./penalty_sweep_qpu_v113/samples/4jsz_Kdist1.0_Kmono17.0/psweep113_r2_20260326_005503/result.json
4jsz,4jsz_Kdist1.0_Kmono18.0,psweep113_r2_20260326_005503,1.0,18.0,ok,0.9424555915738516,1000,1000,1000,136,0.136,1.0,0.136,0.215444,0.18084,Advantage2_system1.13,2326,24,./penalty_sweep_qpu_v113/samples/4jsz_Kdist1.0_Kmono18.0/psweep113_r2_20260326_005503/4jsz_ligand_report.csv,./penalty_sweep_qpu_v113/samples/4jsz_Kdist1.0_Kmono18.0/psweep113_r2_20260326_005503/4jsz_ligand_samples.json,./penalty_sweep_qpu_v113/samples/4jsz_Kdist1.0_Kmono18.0/psweep113_r2_20260326_005503/result.json
4jsz,4jsz_Kdist1.0_Kmono19.0,psweep113_r2_20260326_005503,1.0,19.0,ok,0.9578716072023727,1000,1000,1000,22,0.022,1.0,0.022,0.215266,0.18066,Advantage2_system1.13,2639,29,./penalty_sweep_qpu_v113/samples/4jsz_Kdist1.0_Kmono19.0/psweep113_r2_20260326_005503/4jsz_ligand_report.csv,./penalty_sweep_qpu_v113/samples/4jsz_Kdist1.0_Kmono19.0/psweep113_r2_20260326_005503/4jsz_ligand_samples.json,./penalty_sweep_qpu_v113/samples/4jsz_Kdist1.0_Kmono19.0/psweep113_r2_20260326_005503/result.json
4jsz,4jsz_Kdist1.0_Kmono20.0,psweep113_r2_20260326_005503,1.0,20.0,ok,1.7816400790575542,1000,1000,1000,11,0.011,1.0,0.011,0.21303239999999998,0.17842,Advantage2_system1.13,2632,28,./penalty_sweep_qpu_v113/samples/4jsz_Kdist1.0_Kmono20.0/psweep113_r2_20260326_005503/4jsz_ligand_report.csv,./penalty_sweep_qpu_v113/samples/4jsz_Kdist1.0_Kmono20.0/psweep113_r2_20260326_005503/4jsz_ligand_samples.json,./penalty_sweep_qpu_v113/samples/4jsz_Kdist1.0_Kmono20.0/psweep113_r2_20260326_005503/result.json
4jsz,4jsz_Kdist1.5_Kmono1.0,psweep113_r2_20260326_005503,1.5,1.0,ok,1.8524232218977066,1000,1000,1000,4,0.004,1.0,0.004,0.2145244,0.17992,Advantage2_system1.13,2519,26,./penalty_sweep_qpu_v113/samples/4jsz_Kdist1.5_Kmono1.0/psweep113_r2_20260326_005503/4jsz_ligand_report.csv,./penalty_sweep_qpu_v113/samples/4jsz_Kdist1.5_Kmono1.0/psweep113_r2_20260326_005503/4jsz_ligand_samples.json,./penalty_sweep_qpu_v113/samples/4jsz_Kdist1.5_Kmono1.0/psweep113_r2_20260326_005503/result.json
4jsz,4jsz_Kdist1.5_Kmono2.0,psweep113_r2_20260326_005503,1.5,2.0,ok,2.140500278070971,1000,1000,1000,0,0.0,1.0,0.0,0.21205279999999999,0.17744,Advantage2_system1.13,2625,28,./penalty_sweep_qpu_v113/samples/4jsz_Kdist1.5_Kmono2.0/psweep113_r2_20260326_005503/4jsz_ligand_report.csv,./penalty_sweep_qpu_v113/samples/4jsz_Kdist1.5_Kmono2.0/psweep113_r2_20260326_005503/4jsz_ligand_samples.json,./penalty_sweep_qpu_v113/samples/4jsz_Kdist1.5_Kmono2.0/psweep113_r2_20260326_005503/result.json
4jsz,4jsz_Kdist1.5_Kmono3.0,psweep113_r2_20260326_005503,1.5,3.0,ok,3.6003054480410714,1000,1000,1000,0,0.0,1.0,0.0,0.213324,0.1787,Advantage2_system1.13,2702,30,./penalty_sweep_qpu_v113/samples/4jsz_Kdist1.5_Kmono3.0/psweep113_r2_20260326_005503/4jsz_ligand_report.csv,./penalty_sweep_qpu_v113/samples/4jsz_Kdist1.5_Kmono3.0/psweep113_r2_20260326_005503/4jsz_ligand_samples.json,./penalty_sweep_qpu_v113/samples/4jsz_Kdist1.5_Kmono3.0/psweep113_r2_20260326_005503/result.json
4jsz,4jsz_Kdist1.5_Kmono4.0,psweep113_r2_20260326_005503,1.5,4.0,ok,1.873967032256766,1000,1000,1000,2,0.002,1.0,0.002,0.21248679999999998,0.17788,Advantage2_system1.13,2344,25,./penalty_sweep_qpu_v113/samples/4jsz_Kdist1.5_Kmono4.0/psweep113_r2_20260326_005503/4jsz_ligand_report.csv,./penalty_sweep_qpu_v113/samples/4jsz_Kdist1.5_Kmono4.0/psweep113_r2_20260326_005503/4jsz_ligand_samples.json,./penalty_sweep_qpu_v113/samples/4jsz_Kdist1.5_Kmono4.0/psweep113_r2_20260326_005503/result.json
4jsz,4jsz_Kdist1.5_Kmono5.0,psweep113_r2_20260326_005503,1.5,5.0,ok,1.7413016702434418,1000,1000,1000,2,0.002,1.0,0.002,0.21490920000000002,0.1803,Advantage2_system1.13,2568,29,./penalty_sweep_qpu_v113/samples/4jsz_Kdist1.5_Kmono5.0/psweep113_r2_20260326_005503/4jsz_ligand_report.csv,./penalty_sweep_qpu_v113/samples/4jsz_Kdist1.5_Kmono5.0/psweep113_r2_20260326_005503/4jsz_ligand_samples.json,./penalty_sweep_qpu_v113/samples/4jsz_Kdist1.5_Kmono5.0/psweep113_r2_20260326_005503/result.json
4jsz,4jsz_Kdist1.5_Kmono6.0,psweep113_r2_20260326_005503,1.5,6.0,ok,2.267064026469637,1000,1000,1000,0,0.0,1.0,0.0,0.21674120000000002,0.18212,Advantage2_system1.13,2914,33,./penalty_sweep_qpu_v113/samples/4jsz_Kdist1.5_Kmono6.0/psweep113_r2_20260326_005503/4jsz_ligand_report.csv,./penalty_sweep_qpu_v113/samples/4jsz_Kdist1.5_Kmono6.0/psweep113_r2_20260326_005503/4jsz_ligand_samples.json,./penalty_sweep_qpu_v113/samples/4jsz_Kdist1.5_Kmono6.0/psweep113_r2_20260326_005503/result.json
4jsz,4jsz_Kdist1.5_Kmono7.0,psweep113_r2_20260326_005503,1.5,7.0,ok,3.862234685283809,1000,1000,1000,0,0.0,1.0,0.0,0.2150508,0.18044,Advantage2_system1.13,2582,29,./penalty_sweep_qpu_v113/samples/4jsz_Kdist1.5_Kmono7.0/psweep113_r2_20260326_005503/4jsz_ligand_report.csv,./penalty_sweep_qpu_v113/samples/4jsz_Kdist1.5_Kmono7.0/psweep113_r2_20260326_005503/4jsz_ligand_samples.json,./penalty_sweep_qpu_v113/samples/4jsz_Kdist1.5_Kmono7.0/psweep113_r2_20260326_005503/result.json
4jsz,4jsz_Kdist1.5_Kmono8.0,psweep113_r2_20260326_005503,1.5,8.0,ok,3.2646205238104877,1000,1000,1000,0,0.0,1.0,0.0,0.21045039999999998,0.17584,Advantage2_system1.13,2646,28,./penalty_sweep_qpu_v113/samples/4jsz_Kdist1.5_Kmono8.0/psweep113_r2_20260326_005503/4jsz_ligand_report.csv,./penalty_sweep_qpu_v113/samples/4jsz_Kdist1.5_Kmono8.0/psweep113_r2_20260326_005503/4jsz_ligand_samples.json,./penalty_sweep_qpu_v113/samples/4jsz_Kdist1.5_Kmono8.0/psweep113_r2_20260326_005503/result.json
4jsz,4jsz_Kdist1.5_Kmono9.0,psweep113_r2_20260326_005503,1.5,9.0,ok,0.8283919794029415,1000,1000,1000,153,0.153,1.0,0.153,0.2114444,0.17684,Advantage2_system1.13,2798,31,./penalty_sweep_qpu_v113/samples/4jsz_Kdist1.5_Kmono9.0/psweep113_r2_20260326_005503/4jsz_ligand_report.csv,./penalty_sweep_qpu_v113/samples/4jsz_Kdist1.5_Kmono9.0/psweep113_r2_20260326_005503/4jsz_ligand_samples.json,./penalty_sweep_qpu_v113/samples/4jsz_Kdist1.5_Kmono9.0/psweep113_r2_20260326_005503/result.json
4jsz,4jsz_Kdist1.5_Kmono10.0,psweep113_r2_20260326_005503,1.5,10.0,ok,2.1907565283821326,1000,1000,1000,0,0.0,1.0,0.0,0.21277079999999998,0.17816,Advantage2_system1.13,2881,30,./penalty_sweep_qpu_v113/samples/4jsz_Kdist1.5_Kmono10.0/psweep113_r2_20260326_005503/4jsz_ligand_report.csv,./penalty_sweep_qpu_v113/samples/4jsz_Kdist1.5_Kmono10.0/psweep113_r2_20260326_005503/4jsz_ligand_samples.json,./penalty_sweep_qpu_v113/samples/4jsz_Kdist1.5_Kmono10.0/psweep113_r2_20260326_005503/result.json
4jsz,4jsz_Kdist1.5_Kmono11.0,psweep113_r2_20260326_005503,1.5,11.0,ok,3.356538607657932,1000,1000,1000,0,0.0,1.0,0.0,0.2148004,0.1802,Advantage2_system1.13,2316,24,./penalty_sweep_qpu_v113/samples/4jsz_Kdist1.5_Kmono11.0/psweep113_r2_20260326_005503/4jsz_ligand_report.csv,./penalty_sweep_qpu_v113/samples/4jsz_Kdist1.5_Kmono11.0/psweep113_r2_20260326_005503/4jsz_ligand_samples.json,./penalty_sweep_qpu_v113/samples/4jsz_Kdist1.5_Kmono11.0/psweep113_r2_20260326_005503/result.json
4jsz,4jsz_Kdist1.5_Kmono12.0,psweep113_r2_20260326_005503,1.5,12.0,ok,1.8629281206169561,1000,1000,1000,2,0.002,1.0,0.002,0.218984,0.18438,Advantage2_system1.13,2377,26,./penalty_sweep_qpu_v113/samples/4jsz_Kdist1.5_Kmono12.0/psweep113_r2_20260326_005503/4jsz_ligand_report.csv,./penalty_sweep_qpu_v113/samples/4jsz_Kdist1.5_Kmono12.0/psweep113_r2_20260326_005503/4jsz_ligand_samples.json,./penalty_sweep_qpu_v113/samples/4jsz_Kdist1.5_Kmono12.0/psweep113_r2_20260326_005503/result.json
4jsz,4jsz_Kdist1.5_Kmono13.0,psweep113_r2_20260326_005503,1.5,13.0,ok,2.3191332837128034,1000,1000,1000,0,0.0,1.0,0.0,0.21485,0.18024,Advantage2_system1.13,2378,24,./penalty_sweep_qpu_v113/samples/4jsz_Kdist1.5_Kmono13.0/psweep113_r2_20260326_005503/4jsz_ligand_report.csv,./penalty_sweep_qpu_v113/samples/4jsz_Kdist1.5_Kmono13.0/psweep113_r2_20260326_005503/4jsz_ligand_samples.json,./penalty_sweep_qpu_v113/samples/4jsz_Kdist1.5_Kmono13.0/psweep113_r2_20260326_005503/result.json
4jsz,4jsz_Kdist1.5_Kmono14.0,psweep113_r2_20260326_005503,1.5,14.0,ok,1.3765902800627503,1000,1000,1000,1,0.001,1.0,0.001,0.2049444,0.17034,Advantage2_system1.13,2545,28,./penalty_sweep_qpu_v113/samples/4jsz_Kdist1.5_Kmono14.0/psweep113_r2_20260326_005503/4jsz_ligand_report.csv,./penalty_sweep_qpu_v113/samples/4jsz_Kdist1.5_Kmono14.0/psweep113_r2_20260326_005503/4jsz_ligand_samples.json,./penalty_sweep_qpu_v113/samples/4jsz_Kdist1.5_Kmono14.0/psweep113_r2_20260326_005503/result.json
4jsz,4jsz_Kdist1.5_Kmono15.0,psweep113_r2_20260326_005503,1.5,15.0,ok,1.5072871003197787,1000,1000,1000,54,0.054,1.0,0.054,0.2183856,0.18378,Advantage2_system1.13,2488,27,./penalty_sweep_qpu_v113/samples/4jsz_Kdist1.5_Kmono15.0/psweep113_r2_20260326_005503/4jsz_ligand_report.csv,./penalty_sweep_qpu_v113/samples/4jsz_Kdist1.5_Kmono15.0/psweep113_r2_20260326_005503/4jsz_ligand_samples.json,./penalty_sweep_qpu_v113/samples/4jsz_Kdist1.5_Kmono15.0/psweep113_r2_20260326_005503/result.json
4jsz,4jsz_Kdist1.5_Kmono16.0,psweep113_r2_20260326_005503,1.5,16.0,ok,1.5625895369651157,1000,1000,1000,8,0.008,1.0,0.008,0.21540120000000001,0.1808,Advantage2_system1.13,2356,23,./penalty_sweep_qpu_v113/samples/4jsz_Kdist1.5_Kmono16.0/psweep113_r2_20260326_005503/4jsz_ligand_report.csv,./penalty_sweep_qpu_v113/samples/4jsz_Kdist1.5_Kmono16.0/psweep113_r2_20260326_005503/4jsz_ligand_samples.json,./penalty_sweep_qpu_v113/samples/4jsz_Kdist1.5_Kmono16.0/psweep113_r2_20260326_005503/result.json
4jsz,4jsz_Kdist1.5_Kmono17.0,psweep113_r2_20260326_005503,1.5,17.0,ok,2.7961158836252595,1000,1000,1000,0,0.0,1.0,0.0,0.21466839999999998,0.18006,Advantage2_system1.13,2411,25,./penalty_sweep_qpu_v113/samples/4jsz_Kdist1.5_Kmono17.0/psweep113_r2_20260326_005503/4jsz_ligand_report.csv,./penalty_sweep_qpu_v113/samples/4jsz_Kdist1.5_Kmono17.0/psweep113_r2_20260326_005503/4jsz_ligand_samples.json,./penalty_sweep_qpu_v113/samples/4jsz_Kdist1.5_Kmono17.0/psweep113_r2_20260326_005503/result.json
4jsz,4jsz_Kdist1.5_Kmono18.0,psweep113_r2_20260326_005503,1.5,18.0,ok,1.1697638856505643,1000,1000,1000,41,0.041,1.0,0.041,0.20538,0.17078,Advantage2_system1.13,2447,26,./penalty_sweep_qpu_v113/samples/4jsz_Kdist1.5_Kmono18.0/psweep113_r2_20260326_005503/4jsz_ligand_report.csv,./penalty_sweep_qpu_v113/samples/4jsz_Kdist1.5_Kmono18.0/psweep113_r2_20260326_005503/4jsz_ligand_samples.json,./penalty_sweep_qpu_v113/samples/4jsz_Kdist1.5_Kmono18.0/psweep113_r2_20260326_005503/result.json
4jsz,4jsz_Kdist1.5_Kmono19.0,psweep113_r2_20260326_005503,1.5,19.0,ok,0.6552669487791255,1000,1000,1000,276,0.276,1.0,0.276,0.213314,0.1787,Advantage2_system1.13,2707,29,./penalty_sweep_qpu_v113/samples/4jsz_Kdist1.5_Kmono19.0/psweep113_r2_20260326_005503/4jsz_ligand_report.csv,./penalty_sweep_qpu_v113/samples/4jsz_Kdist1.5_Kmono19.0/psweep113_r2_20260326_005503/4jsz_ligand_samples.json,./penalty_sweep_qpu_v113/samples/4jsz_Kdist1.5_Kmono19.0/psweep113_r2_20260326_005503/result.json
4jsz,4jsz_Kdist1.5_Kmono20.0,psweep113_r2_20260326_005503,1.5,20.0,ok,1.6505192229493661,1000,1000,1000,3,0.003,1.0,0.003,0.21255320000000003,0.17794,Advantage2_system1.13,2513,27,./penalty_sweep_qpu_v113/samples/4jsz_Kdist1.5_Kmono20.0/psweep113_r2_20260326_005503/4jsz_ligand_report.csv,./penalty_sweep_qpu_v113/samples/4jsz_Kdist1.5_Kmono20.0/psweep113_r2_20260326_005503/4jsz_ligand_samples.json,./penalty_sweep_qpu_v113/samples/4jsz_Kdist1.5_Kmono20.0/psweep113_r2_20260326_005503/result.json
4jsz,4jsz_Kdist2.0_Kmono1.0,psweep113_r2_20260326_005503,2.0,1.0,ok,1.9441136005226096,1000,1000,1000,2,0.002,1.0,0.002,0.21380839999999998,0.1792,Advantage2_system1.13,2427,26,./penalty_sweep_qpu_v113/samples/4jsz_Kdist2.0_Kmono1.0/psweep113_r2_20260326_005503/4jsz_ligand_report.csv,./penalty_sweep_qpu_v113/samples/4jsz_Kdist2.0_Kmono1.0/psweep113_r2_20260326_005503/4jsz_ligand_samples.json,./penalty_sweep_qpu_v113/samples/4jsz_Kdist2.0_Kmono1.0/psweep113_r2_20260326_005503/result.json
4jsz,4jsz_Kdist2.0_Kmono2.0,psweep113_r2_20260326_005503,2.0,2.0,ok,1.5330113451086975,1000,1000,1000,26,0.026,1.0,0.026,0.2150868,0.18048,Advantage2_system1.13,2460,27,./penalty_sweep_qpu_v113/samples/4jsz_Kdist2.0_Kmono2.0/psweep113_r2_20260326_005503/4jsz_ligand_report.csv,./penalty_sweep_qpu_v113/samples/4jsz_Kdist2.0_Kmono2.0/psweep113_r2_20260326_005503/4jsz_ligand_samples.json,./penalty_sweep_qpu_v113/samples/4jsz_Kdist2.0_Kmono2.0/psweep113_r2_20260326_005503/result.json
4jsz,4jsz_Kdist2.0_Kmono3.0,psweep113_r2_20260326_005503,2.0,3.0,ok,1.394200431250392,1000,1000,1000,17,0.017,1.0,0.017,0.2158092,0.1812,Advantage2_system1.13,2404,25,./penalty_sweep_qpu_v113/samples/4jsz_Kdist2.0_Kmono3.0/psweep113_r2_20260326_005503/4jsz_ligand_report.csv,./penalty_sweep_qpu_v113/samples/4jsz_Kdist2.0_Kmono3.0/psweep113_r2_20260326_005503/4jsz_ligand_samples.json,./penalty_sweep_qpu_v113/samples/4jsz_Kdist2.0_Kmono3.0/psweep113_r2_20260326_005503/result.json
4jsz,4jsz_Kdist2.0_Kmono4.0,psweep113_r2_20260326_005503,2.0,4.0,ok,1.4195364293504151,1000,1000,1000,15,0.015,1.0,0.015,0.2116656,0.17706,Advantage2_system1.13,2480,27,./penalty_sweep_qpu_v113/samples/4jsz_Kdist2.0_Kmono4.0/psweep113_r2_20260326_005503/4jsz_ligand_report.csv,./penalty_sweep_qpu_v113/samples/4jsz_Kdist2.0_Kmono4.0/psweep113_r2_20260326_005503/4jsz_ligand_samples.json,./penalty_sweep_qpu_v113/samples/4jsz_Kdist2.0_Kmono4.0/psweep113_r2_20260326_005503/result.json
4jsz,4jsz_Kdist2.0_Kmono5.0,psweep113_r2_20260326_005503,2.0,5.0,ok,1.7955085877999244,1000,1000,1000,2,0.002,1.0,0.002,0.20952479999999998,0.17492,Advantage2_system1.13,2375,24,./penalty_sweep_qpu_v113/samples/4jsz_Kdist2.0_Kmono5.0/psweep113_r2_20260326_005503/4jsz_ligand_report.csv,./penalty_sweep_qpu_v113/samples/4jsz_Kdist2.0_Kmono5.0/psweep113_r2_20260326_005503/4jsz_ligand_samples.json,./penalty_sweep_qpu_v113/samples/4jsz_Kdist2.0_Kmono5.0/psweep113_r2_20260326_005503/result.json
4jsz,4jsz_Kdist2.0_Kmono6.0,psweep113_r2_20260326_005503,2.0,6.0,ok,1.4903419306984609,1000,1000,1000,85,0.085,1.0,0.085,0.214558,0.17994,Advantage2_system1.13,2870,29,./penalty_sweep_qpu_v113/samples/4jsz_Kdist2.0_Kmono6.0/psweep113_r2_20260326_005503/4jsz_ligand_report.csv,./penalty_sweep_qpu_v113/samples/4jsz_Kdist2.0_Kmono6.0/psweep113_r2_20260326_005503/4jsz_ligand_samples.json,./penalty_sweep_qpu_v113/samples/4jsz_Kdist2.0_Kmono6.0/psweep113_r2_20260326_005503/result.json
4jsz,4jsz_Kdist2.0_Kmono7.0,psweep113_r2_20260326_005503,2.0,7.0,ok,1.9227093897722234,1000,1000,1000,1,0.001,1.0,0.001,0.2118072,0.1772,Advantage2_system1.13,2482,26,./penalty_sweep_qpu_v113/samples/4jsz_Kdist2.0_Kmono7.0/psweep113_r2_20260326_005503/4jsz_ligand_report.csv,./penalty_sweep_qpu_v113/samples/4jsz_Kdist2.0_Kmono7.0/psweep113_r2_20260326_005503/4jsz_ligand_samples.json,./penalty_sweep_qpu_v113/samples/4jsz_Kdist2.0_Kmono7.0/psweep113_r2_20260326_005503/result.json
4jsz,4jsz_Kdist2.0_Kmono8.0,psweep113_r2_20260326_005503,2.0,8.0,ok,1.971512421275095,1000,1000,1000,2,0.002,1.0,0.002,0.2176316,0.18302,Advantage2_system1.13,2920,31,./penalty_sweep_qpu_v113/samples/4jsz_Kdist2.0_Kmono8.0/psweep113_r2_20260326_005503/4jsz_ligand_report.csv,./penalty_sweep_qpu_v113/samples/4jsz_Kdist2.0_Kmono8.0/psweep113_r2_20260326_005503/4jsz_ligand_samples.json,./penalty_sweep_qpu_v113/samples/4jsz_Kdist2.0_Kmono8.0/psweep113_r2_20260326_005503/result.json
4jsz,4jsz_Kdist2.0_Kmono9.0,psweep113_r2_20260326_005503,2.0,9.0,ok,2.1507873751049775,1000,1000,1000,0,0.0,1.0,0.0,0.2104124,0.1758,Advantage2_system1.13,2444,25,./penalty_sweep_qpu_v113/samples/4jsz_Kdist2.0_Kmono9.0/psweep113_r2_20260326_005503/4jsz_ligand_report.csv,./penalty_sweep_qpu_v113/samples/4jsz_Kdist2.0_Kmono9.0/psweep113_r2_20260326_005503/4jsz_ligand_samples.json,./penalty_sweep_qpu_v113/samples/4jsz_Kdist2.0_Kmono9.0/psweep113_r2_20260326_005503/result.json
4jsz,4jsz_Kdist2.0_Kmono10.0,psweep113_r2_20260326_005503,2.0,10.0,ok,2.271486550755865,1000,1000,1000,0,0.0,1.0,0.0,0.2164452,0.18184,Advantage2_system1.13,2505,28,./penalty_sweep_qpu_v113/samples/4jsz_Kdist2.0_Kmono10.0/psweep113_r2_20260326_005503/4jsz_ligand_report.csv,./penalty_sweep_qpu_v113/samples/4jsz_Kdist2.0_Kmono10.0/psweep113_r2_20260326_005503/4jsz_ligand_samples.json,./penalty_sweep_qpu_v113/samples/4jsz_Kdist2.0_Kmono10.0/psweep113_r2_20260326_005503/result.json
4jsz,4jsz_Kdist2.0_Kmono11.0,psweep113_r2_20260326_005503,2.0,11.0,ok,2.4937980029357694,1000,1000,1000,0,0.0,1.0,0.0,0.2124916,0.17788,Advantage2_system1.13,2398,26,./penalty_sweep_qpu_v113/samples/4jsz_Kdist2.0_Kmono11.0/psweep113_r2_20260326_005503/4jsz_ligand_report.csv,./penalty_sweep_qpu_v113/samples/4jsz_Kdist2.0_Kmono11.0/psweep113_r2_20260326_005503/4jsz_ligand_samples.json,./penalty_sweep_qpu_v113/samples/4jsz_Kdist2.0_Kmono11.0/psweep113_r2_20260326_005503/result.json
4jsz,4jsz_Kdist2.0_Kmono12.0,psweep113_r2_20260326_005503,2.0,12.0,ok,1.1934547737449595,1000,1000,1000,206,0.206,1.0,0.206,0.21444760000000002,0.17984,Advantage2_system1.13,2435,27,./penalty_sweep_qpu_v113/samples/4jsz_Kdist2.0_Kmono12.0/psweep113_r2_20260326_005503/4jsz_ligand_report.csv,./penalty_sweep_qpu_v113/samples/4jsz_Kdist2.0_Kmono12.0/psweep113_r2_20260326_005503/4jsz_ligand_samples.json,./penalty_sweep_qpu_v113/samples/4jsz_Kdist2.0_Kmono12.0/psweep113_r2_20260326_005503/result.json
4jsz,4jsz_Kdist2.0_Kmono13.0,psweep113_r2_20260326_005503,2.0,13.0,ok,2.538196948770309,1000,1000,1000,0,0.0,1.0,0.0,0.2076244,0.17302,Advantage2_system1.13,2609,28,./penalty_sweep_qpu_v113/samples/4jsz_Kdist2.0_Kmono13.0/psweep113_r2_20260326_005503/4jsz_ligand_report.csv,./penalty_sweep_qpu_v113/samples/4jsz_Kdist2.0_Kmono13.0/psweep113_r2_20260326_005503/4jsz_ligand_samples.json,./penalty_sweep_qpu_v113/samples/4jsz_Kdist2.0_Kmono13.0/psweep113_r2_20260326_005503/result.json
4jsz,4jsz_Kdist2.0_Kmono14.0,psweep113_r2_20260326_005503,2.0,14.0,ok,2.243630071292554,1000,1000,1000,0,0.0,1.0,0.0,0.21352320000000002,0.17892,Advantage2_system1.13,2421,25,./penalty_sweep_qpu_v113/samples/4jsz_Kdist2.0_Kmono14.0/psweep113_r2_20260326_005503/4jsz_ligand_report.csv,./penalty_sweep_qpu_v113/samples/4jsz_Kdist2.0_Kmono14.0/psweep113_r2_20260326_005503/4jsz_ligand_samples.json,./penalty_sweep_qpu_v113/samples/4jsz_Kdist2.0_Kmono14.0/psweep113_r2_20260326_005503/result.json
4jsz,4jsz_Kdist2.0_Kmono15.0,psweep113_r2_20260326_005503,2.0,15.0,ok,1.4002525311373382,1000,1000,1000,22,0.022,1.0,0.022,0.2125504,0.17794,Advantage2_system1.13,2740,29,./penalty_sweep_qpu_v113/samples/4jsz_Kdist2.0_Kmono15.0/psweep113_r2_20260326_005503/4jsz_ligand_report.csv,./penalty_sweep_qpu_v113/samples/4jsz_Kdist2.0_Kmono15.0/psweep113_r2_20260326_005503/4jsz_ligand_samples.json,./penalty_sweep_qpu_v113/samples/4jsz_Kdist2.0_Kmono15.0/psweep113_r2_20260326_005503/result.json
4jsz,4jsz_Kdist2.0_Kmono16.0,psweep113_r2_20260326_005503,2.0,16.0,ok,1.4878929063005872,1000,1000,1000,18,0.018,1.0,0.018,0.2090264,0.17442,Advantage2_system1.13,2370,25,./penalty_sweep_qpu_v113/samples/4jsz_Kdist2.0_Kmono16.0/psweep113_r2_20260326_005503/4jsz_ligand_report.csv,./penalty_sweep_qpu_v113/samples/4jsz_Kdist2.0_Kmono16.0/psweep113_r2_20260326_005503/4jsz_ligand_samples.json,./penalty_sweep_qpu_v113/samples/4jsz_Kdist2.0_Kmono16.0/psweep113_r2_20260326_005503/result.json
4jsz,4jsz_Kdist2.0_Kmono17.0,psweep113_r2_20260326_005503,2.0,17.0,ok,2.148325264090174,1000,1000,1000,0,0.0,1.0,0.0,0.209018,0.17442,Advantage2_system1.13,2589,29,./penalty_sweep_qpu_v113/samples/4jsz_Kdist2.0_Kmono17.0/psweep113_r2_20260326_005503/4jsz_ligand_report.csv,./penalty_sweep_qpu_v113/samples/4jsz_Kdist2.0_Kmono17.0/psweep113_r2_20260326_005503/4jsz_ligand_samples.json,./penalty_sweep_qpu_v113/samples/4jsz_Kdist2.0_Kmono17.0/psweep113_r2_20260326_005503/result.json
4jsz,4jsz_Kdist2.0_Kmono18.0,psweep113_r2_20260326_005503,2.0,18.0,ok,1.3598501437511505,1000,1000,1000,25,0.025,1.0,0.025,0.2195304,0.18492,Advantage2_system1.13,2787,31,./penalty_sweep_qpu_v113/samples/4jsz_Kdist2.0_Kmono18.0/psweep113_r2_20260326_005503/4jsz_ligand_report.csv,./penalty_sweep_qpu_v113/samples/4jsz_Kdist2.0_Kmono18.0/psweep113_r2_20260326_005503/4jsz_ligand_samples.json,./penalty_sweep_qpu_v113/samples/4jsz_Kdist2.0_Kmono18.0/psweep113_r2_20260326_005503/result.json
4jsz,4jsz_Kdist2.0_Kmono19.0,psweep113_r2_20260326_005503,2.0,19.0,ok,2.1149662895502086,1000,1000,1000,0,0.0,1.0,0.0,0.21326679999999998,0.17866,Advantage2_system1.13,2326,25,./penalty_sweep_qpu_v113/samples/4jsz_Kdist2.0_Kmono19.0/psweep113_r2_20260326_005503/4jsz_ligand_report.csv,./penalty_sweep_qpu_v113/samples/4jsz_Kdist2.0_Kmono19.0/psweep113_r2_20260326_005503/4jsz_ligand_samples.json,./penalty_sweep_qpu_v113/samples/4jsz_Kdist2.0_Kmono19.0/psweep113_r2_20260326_005503/result.json
4jsz,4jsz_Kdist2.0_Kmono20.0,psweep113_r2_20260326_005503,2.0,20.0,ok,1.2234754569890296,1000,1000,1000,3,0.003,1.0,0.003,0.2126676,0.17806,Advantage2_system1.13,2456,26,./penalty_sweep_qpu_v113/samples/4jsz_Kdist2.0_Kmono20.0/psweep113_r2_20260326_005503/4jsz_ligand_report.csv,./penalty_sweep_qpu_v113/samples/4jsz_Kdist2.0_Kmono20.0/psweep113_r2_20260326_005503/4jsz_ligand_samples.json,./penalty_sweep_qpu_v113/samples/4jsz_Kdist2.0_Kmono20.0/psweep113_r2_20260326_005503/result.json
4jsz,4jsz_Kdist2.5_Kmono1.0,psweep113_r2_20260326_005503,2.5,1.0,ok,1.878700018828356,1000,1000,1000,1,0.001,1.0,0.001,0.2124056,0.1778,Advantage2_system1.13,2713,29,./penalty_sweep_qpu_v113/samples/4jsz_Kdist2.5_Kmono1.0/psweep113_r2_20260326_005503/4jsz_ligand_report.csv,./penalty_sweep_qpu_v113/samples/4jsz_Kdist2.5_Kmono1.0/psweep113_r2_20260326_005503/4jsz_ligand_samples.json,./penalty_sweep_qpu_v113/samples/4jsz_Kdist2.5_Kmono1.0/psweep113_r2_20260326_005503/result.json
4jsz,4jsz_Kdist2.5_Kmono2.0,psweep113_r2_20260326_005503,2.5,2.0,ok,1.869845837195072,1000,1000,1000,3,0.003,1.0,0.003,0.2096988,0.1751,Advantage2_system1.13,2395,25,./penalty_sweep_qpu_v113/samples/4jsz_Kdist2.5_Kmono2.0/psweep113_r2_20260326_005503/4jsz_ligand_report.csv,./penalty_sweep_qpu_v113/samples/4jsz_Kdist2.5_Kmono2.0/psweep113_r2_20260326_005503/4jsz_ligand_samples.json,./penalty_sweep_qpu_v113/samples/4jsz_Kdist2.5_Kmono2.0/psweep113_r2_20260326_005503/result.json
4jsz,4jsz_Kdist2.5_Kmono3.0,psweep113_r2_20260326_005503,2.5,3.0,ok,2.7573270223008643,1000,1000,1000,0,0.0,1.0,0.0,0.2190208,0.18442,Advantage2_system1.13,2616,29,./penalty_sweep_qpu_v113/samples/4jsz_Kdist2.5_Kmono3.0/psweep113_r2_20260326_005503/4jsz_ligand_report.csv,./penalty_sweep_qpu_v113/samples/4jsz_Kdist2.5_Kmono3.0/psweep113_r2_20260326_005503/4jsz_ligand_samples.json,./penalty_sweep_qpu_v113/samples/4jsz_Kdist2.5_Kmono3.0/psweep113_r2_20260326_005503/result.json
4jsz,4jsz_Kdist2.5_Kmono4.0,psweep113_r2_20260326_005503,2.5,4.0,ok,1.7011669667266016,1000,1000,1000,20,0.02,1.0,0.02,0.21222839999999998,0.17762,Advantage2_system1.13,3028,33,./penalty_sweep_qpu_v113/samples/4jsz_Kdist2.5_Kmono4.0/psweep113_r2_20260326_005503/4jsz_ligand_report.csv,./penalty_sweep_qpu_v113/samples/4jsz_Kdist2.5_Kmono4.0/psweep113_r2_20260326_005503/4jsz_ligand_samples.json,./penalty_sweep_qpu_v113/samples/4jsz_Kdist2.5_Kmono4.0/psweep113_r2_20260326_005503/result.json
4jsz,4jsz_Kdist2.5_Kmono5.0,psweep113_r2_20260326_005503,2.5,5.0,ok,1.143852333013379,1000,1000,1000,13,0.013,1.0,0.013,0.21363279999999998,0.17902,Advantage2_system1.13,2475,28,./penalty_sweep_qpu_v113/samples/4jsz_Kdist2.5_Kmono5.0/psweep113_r2_20260326_005503/4jsz_ligand_report.csv,./penalty_sweep_qpu_v113/samples/4jsz_Kdist2.5_Kmono5.0/psweep113_r2_20260326_005503/4jsz_ligand_samples.json,./penalty_sweep_qpu_v113/samples/4jsz_Kdist2.5_Kmono5.0/psweep113_r2_20260326_005503/result.json
4jsz,4jsz_Kdist2.5_Kmono6.0,psweep113_r2_20260326_005503,2.5,6.0,ok,1.842353369134085,1000,1000,1000,14,0.014,1.0,0.014,0.21788839999999998,0.18328,Advantage2_system1.13,2430,26,./penalty_sweep_qpu_v113/samples/4jsz_Kdist2.5_Kmono6.0/psweep113_r2_20260326_005503/4jsz_ligand_report.csv,./penalty_sweep_qpu_v113/samples/4jsz_Kdist2.5_Kmono6.0/psweep113_r2_20260326_005503/4jsz_ligand_samples.json,./penalty_sweep_qpu_v113/samples/4jsz_Kdist2.5_Kmono6.0/psweep113_r2_20260326_005503/result.json
4jsz,4jsz_Kdist2.5_Kmono7.0,psweep113_r2_20260326_005503,2.5,7.0,ok,3.6351547074344546,1000,1000,1000,0,0.0,1.0,0.0,0.217842,0.18324,Advantage2_system1.13,2256,24,./penalty_sweep_qpu_v113/samples/4jsz_Kdist2.5_Kmono7.0/psweep113_r2_20260326_005503/4jsz_ligand_report.csv,./penalty_sweep_qpu_v113/samples/4jsz_Kdist2.5_Kmono7.0/psweep113_r2_20260326_005503/4jsz_ligand_samples.json,./penalty_sweep_qpu_v113/samples/4jsz_Kdist2.5_Kmono7.0/psweep113_r2_20260326_005503/result.json
4jsz,4jsz_Kdist2.5_Kmono8.0,psweep113_r2_20260326_005503,2.5,8.0,ok,3.0351840697833885,1000,1000,1000,0,0.0,1.0,0.0,0.2104492,0.17584,Advantage2_system1.13,3181,35,./penalty_sweep_qpu_v113/samples/4jsz_Kdist2.5_Kmono8.0/psweep113_r2_20260326_005503/4jsz_ligand_report.csv,./penalty_sweep_qpu_v113/samples/4jsz_Kdist2.5_Kmono8.0/psweep113_r2_20260326_005503/4jsz_ligand_samples.json,./penalty_sweep_qpu_v113/samples/4jsz_Kdist2.5_Kmono8.0/psweep113_r2_20260326_005503/result.json
4jsz,4jsz_Kdist2.5_Kmono9.0,psweep113_r2_20260326_005503,2.5,9.0,ok,2.299528074029782,1000,1000,1000,0,0.0,1.0,0.0,0.21912720000000002,0.18452,Advantage2_system1.13,2688,31,./penalty_sweep_qpu_v113/samples/4jsz_Kdist2.5_Kmono9.0/psweep113_r2_20260326_005503/4jsz_ligand_report.csv,./penalty_sweep_qpu_v113/samples/4jsz_Kdist2.5_Kmono9.0/psweep113_r2_20260326_005503/4jsz_ligand_samples.json,./penalty_sweep_qpu_v113/samples/4jsz_Kdist2.5_Kmono9.0/psweep113_r2_20260326_005503/result.json
4jsz,4jsz_Kdist2.5_Kmono10.0,psweep113_r2_20260326_005503,2.5,10.0,ok,1.142840036383239,1000,1000,1000,123,0.123,1.0,0.123,0.2160932,0.18148,Advantage2_system1.13,2534,29,./penalty_sweep_qpu_v113/samples/4jsz_Kdist2.5_Kmono10.0/psweep113_r2_20260326_005503/4jsz_ligand_report.csv,./penalty_sweep_qpu_v113/samples/4jsz_Kdist2.5_Kmono10.0/psweep113_r2_20260326_005503/4jsz_ligand_samples.json,./penalty_sweep_qpu_v113/samples/4jsz_Kdist2.5_Kmono10.0/psweep113_r2_20260326_005503/result.json
4jsz,4jsz_Kdist2.5_Kmono11.0,psweep113_r2_20260326_005503,2.5,11.0,ok,1.6709108889749185,1000,1000,1000,19,0.019,1.0,0.019,0.2115304,0.17692,Advantage2_system1.13,2461,26,./penalty_sweep_qpu_v113/samples/4jsz_Kdist2.5_Kmono11.0/psweep113_r2_20260326_005503/4jsz_ligand_report.csv,./penalty_sweep_qpu_v113/samples/4jsz_Kdist2.5_Kmono11.0/psweep113_r2_20260326_005503/4jsz_ligand_samples.json,./penalty_sweep_qpu_v113/samples/4jsz_Kdist2.5_Kmono11.0/psweep113_r2_20260326_005503/result.json
4jsz,4jsz_Kdist2.5_Kmono12.0,psweep113_r2_20260326_005503,2.5,12.0,ok,0.7310233909203906,1000,1000,1000,594,0.594,1.0,0.594,0.214216,0.1796,Advantage2_system1.13,2975,33,./penalty_sweep_qpu_v113/samples/4jsz_Kdist2.5_Kmono12.0/psweep113_r2_20260326_005503/4jsz_ligand_report.csv,./penalty_sweep_qpu_v113/samples/4jsz_Kdist2.5_Kmono12.0/psweep113_r2_20260326_005503/4jsz_ligand_samples.json,./penalty_sweep_qpu_v113/samples/4jsz_Kdist2.5_Kmono12.0/psweep113_r2_20260326_005503/result.json
4jsz,4jsz_Kdist2.5_Kmono13.0,psweep113_r2_20260326_005503,2.5,13.0,ok,1.3350179517815361,1000,1000,1000,4,0.004,1.0,0.004,0.214706,0.1801,Advantage2_system1.13,2592,27,./penalty_sweep_qpu_v113/samples/4jsz_Kdist2.5_Kmono13.0/psweep113_r2_20260326_005503/4jsz_ligand_report.csv,./penalty_sweep_qpu_v113/samples/4jsz_Kdist2.5_Kmono13.0/psweep113_r2_20260326_005503/4jsz_ligand_samples.json,./penalty_sweep_qpu_v113/samples/4jsz_Kdist2.5_Kmono13.0/psweep113_r2_20260326_005503/result.json
4jsz,4jsz_Kdist2.5_Kmono14.0,psweep113_r2_20260326_005503,2.5,14.0,ok,2.6212956919254187,1000,1000,1000,0,0.0,1.0,0.0,0.2114864,0.17688,Advantage2_system1.13,2401,27,./penalty_sweep_qpu_v113/samples/4jsz_Kdist2.5_Kmono14.0/psweep113_r2_20260326_005503/4jsz_ligand_report.csv,./penalty_sweep_qpu_v113/samples/4jsz_Kdist2.5_Kmono14.0/psweep113_r2_20260326_005503/4jsz_ligand_samples.json,./penalty_sweep_qpu_v113/samples/4jsz_Kdist2.5_Kmono14.0/psweep113_r2_20260326_005503/result.json
4jsz,4jsz_Kdist2.5_Kmono15.0,psweep113_r2_20260326_005503,2.5,15.0,ok,2.321208509146746,1000,1000,1000,0,0.0,1.0,0.0,0.2112736,0.17666,Advantage2_system1.13,2507,27,./penalty_sweep_qpu_v113/samples/4jsz_Kdist2.5_Kmono15.0/psweep113_r2_20260326_005503/4jsz_ligand_report.csv,./penalty_sweep_qpu_v113/samples/4jsz_Kdist2.5_Kmono15.0/psweep113_r2_20260326_005503/4jsz_ligand_samples.json,./penalty_sweep_qpu_v113/samples/4jsz_Kdist2.5_Kmono15.0/psweep113_r2_20260326_005503/result.json
4jsz,4jsz_Kdist2.5_Kmono16.0,psweep113_r2_20260326_005503,2.5,16.0,ok,1.6923286313211994,1000,1000,1000,2,0.002,1.0,0.002,0.2123144,0.1777,Advantage2_system1.13,2513,27,./penalty_sweep_qpu_v113/samples/4jsz_Kdist2.5_Kmono16.0/psweep113_r2_20260326_005503/4jsz_ligand_report.csv,./penalty_sweep_qpu_v113/samples/4jsz_Kdist2.5_Kmono16.0/psweep113_r2_20260326_005503/4jsz_ligand_samples.json,./penalty_sweep_qpu_v113/samples/4jsz_Kdist2.5_Kmono16.0/psweep113_r2_20260326_005503/result.json
4jsz,4jsz_Kdist2.5_Kmono17.0,psweep113_r2_20260326_005503,2.5,17.0,ok,1.275382679078879,1000,1000,1000,7,0.007,1.0,0.007,0.2142664,0.17966,Advantage2_system1.13,2675,29,./penalty_sweep_qpu_v113/samples/4jsz_Kdist2.5_Kmono17.0/psweep113_r2_20260326_005503/4jsz_ligand_report.csv,./penalty_sweep_qpu_v113/samples/4jsz_Kdist2.5_Kmono17.0/psweep113_r2_20260326_005503/4jsz_ligand_samples.json,./penalty_sweep_qpu_v113/samples/4jsz_Kdist2.5_Kmono17.0/psweep113_r2_20260326_005503/result.json
4jsz,4jsz_Kdist2.5_Kmono18.0,psweep113_r2_20260326_005503,2.5,18.0,ok,1.2655941212820896,1000,1000,1000,35,0.035,1.0,0.035,0.2143088,0.1797,Advantage2_system1.13,2598,27,./penalty_sweep_qpu_v113/samples/4jsz_Kdist2.5_Kmono18.0/psweep113_r2_20260326_005503/4jsz_ligand_report.csv,./penalty_sweep_qpu_v113/samples/4jsz_Kdist2.5_Kmono18.0/psweep113_r2_20260326_005503/4jsz_ligand_samples.json,./penalty_sweep_qpu_v113/samples/4jsz_Kdist2.5_Kmono18.0/psweep113_r2_20260326_005503/result.json
4jsz,4jsz_Kdist2.5_Kmono19.0,psweep113_r2_20260326_005503,2.5,19.0,ok,1.8417649500855802,1000,1000,1000,1,0.001,1.0,0.001,0.214312,0.1797,Advantage2_system1.13,2623,28,./penalty_sweep_qpu_v113/samples/4jsz_Kdist2.5_Kmono19.0/psweep113_r2_20260326_005503/4jsz_ligand_report.csv,./penalty_sweep_qpu_v113/samples/4jsz_Kdist2.5_Kmono19.0/psweep113_r2_20260326_005503/4jsz_ligand_samples.json,./penalty_sweep_qpu_v113/samples/4jsz_Kdist2.5_Kmono19.0/psweep113_r2_20260326_005503/result.json
4jsz,4jsz_Kdist2.5_Kmono20.0,psweep113_r2_20260326_005503,2.5,20.0,ok,1.7411863843160733,1000,1000,1000,6,0.006,1.0,0.006,0.2167116,0.1821,Advantage2_system1.13,2745,29,./penalty_sweep_qpu_v113/samples/4jsz_Kdist2.5_Kmono20.0/psweep113_r2_20260326_005503/4jsz_ligand_report.csv,./penalty_sweep_qpu_v113/samples/4jsz_Kdist2.5_Kmono20.0/psweep113_r2_20260326_005503/4jsz_ligand_samples.json,./penalty_sweep_qpu_v113/samples/4jsz_Kdist2.5_Kmono20.0/psweep113_r2_20260326_005503/result.json
4jsz,4jsz_Kdist3.0_Kmono1.0,psweep113_r2_20260326_005503,3.0,1.0,ok,3.363530391759085,1000,1000,1000,0,0.0,1.0,0.0,0.2068432,0.17224,Advantage2_system1.13,2737,29,./penalty_sweep_qpu_v113/samples/4jsz_Kdist3.0_Kmono1.0/psweep113_r2_20260326_005503/4jsz_ligand_report.csv,./penalty_sweep_qpu_v113/samples/4jsz_Kdist3.0_Kmono1.0/psweep113_r2_20260326_005503/4jsz_ligand_samples.json,./penalty_sweep_qpu_v113/samples/4jsz_Kdist3.0_Kmono1.0/psweep113_r2_20260326_005503/result.json
4jsz,4jsz_Kdist3.0_Kmono2.0,psweep113_r2_20260326_005503,3.0,2.0,ok,4.133133812415997,1000,1000,1000,0,0.0,1.0,0.0,0.2112256,0.17662,Advantage2_system1.13,2355,25,./penalty_sweep_qpu_v113/samples/4jsz_Kdist3.0_Kmono2.0/psweep113_r2_20260326_005503/4jsz_ligand_report.csv,./penalty_sweep_qpu_v113/samples/4jsz_Kdist3.0_Kmono2.0/psweep113_r2_20260326_005503/4jsz_ligand_samples.json,./penalty_sweep_qpu_v113/samples/4jsz_Kdist3.0_Kmono2.0/psweep113_r2_20260326_005503/result.json
4jsz,4jsz_Kdist3.0_Kmono3.0,psweep113_r2_20260326_005503,3.0,3.0,ok,2.0659803818018174,1000,1000,1000,0,0.0,1.0,0.0,0.2160984,0.18148,Advantage2_system1.13,2824,30,./penalty_sweep_qpu_v113/samples/4jsz_Kdist3.0_Kmono3.0/psweep113_r2_20260326_005503/4jsz_ligand_report.csv,./penalty_sweep_qpu_v113/samples/4jsz_Kdist3.0_Kmono3.0/psweep113_r2_20260326_005503/4jsz_ligand_samples.json,./penalty_sweep_qpu_v113/samples/4jsz_Kdist3.0_Kmono3.0/psweep113_r2_20260326_005503/result.json
4jsz,4jsz_Kdist3.0_Kmono4.0,psweep113_r2_20260326_005503,3.0,4.0,ok,3.1821259592806137,1000,1000,1000,0,0.0,1.0,0.0,0.2147644,0.18016,Advantage2_system1.13,2579,28,./penalty_sweep_qpu_v113/samples/4jsz_Kdist3.0_Kmono4.0/psweep113_r2_20260326_005503/4jsz_ligand_report.csv,./penalty_sweep_qpu_v113/samples/4jsz_Kdist3.0_Kmono4.0/psweep113_r2_20260326_005503/4jsz_ligand_samples.json,./penalty_sweep_qpu_v113/samples/4jsz_Kdist3.0_Kmono4.0/psweep113_r2_20260326_005503/result.json
4jsz,4jsz_Kdist3.0_Kmono5.0,psweep113_r2_20260326_005503,3.0,5.0,ok,3.0235090893970487,1000,1000,1000,0,0.0,1.0,0.0,0.2168496,0.18224,Advantage2_system1.13,2572,28,./penalty_sweep_qpu_v113/samples/4jsz_Kdist3.0_Kmono5.0/psweep113_r2_20260326_005503/4jsz_ligand_report.csv,./penalty_sweep_qpu_v113/samples/4jsz_Kdist3.0_Kmono5.0/psweep113_r2_20260326_005503/4jsz_ligand_samples.json,./penalty_sweep_qpu_v113/samples/4jsz_Kdist3.0_Kmono5.0/psweep113_r2_20260326_005503/result.json
4jsz,4jsz_Kdist3.0_Kmono6.0,psweep113_r2_20260326_005503,3.0,6.0,ok,1.6755443412944544,1000,1000,1000,4,0.004,1.0,0.004,0.21340879999999998,0.1788,Advantage2_system1.13,2649,29,./penalty_sweep_qpu_v113/samples/4jsz_Kdist3.0_Kmono6.0/psweep113_r2_20260326_005503/4jsz_ligand_report.csv,./penalty_sweep_qpu_v113/samples/4jsz_Kdist3.0_Kmono6.0/psweep113_r2_20260326_005503/4jsz_ligand_samples.json,./penalty_sweep_qpu_v113/samples/4jsz_Kdist3.0_Kmono6.0/psweep113_r2_20260326_005503/result.json
4jsz,4jsz_Kdist3.0_Kmono7.0,psweep113_r2_20260326_005503,3.0,7.0,ok,3.059008101909351,1000,1000,1000,0,0.0,1.0,0.0,0.2150904,0.18048,Advantage2_system1.13,2592,28,./penalty_sweep_qpu_v113/samples/4jsz_Kdist3.0_Kmono7.0/psweep113_r2_20260326_005503/4jsz_ligand_report.csv,./penalty_sweep_qpu_v113/samples/4jsz_Kdist3.0_Kmono7.0/psweep113_r2_20260326_005503/4jsz_ligand_samples.json,./penalty_sweep_qpu_v113/samples/4jsz_Kdist3.0_Kmono7.0/psweep113_r2_20260326_005503/result.json
4jsz,4jsz_Kdist3.0_Kmono8.0,psweep113_r2_20260326_005503,3.0,8.0,ok,3.535435399056086,1000,1000,1000,0,0.0,1.0,0.0,0.2088092,0.1742,Advantage2_system1.13,2986,33,./penalty_sweep_qpu_v113/samples/4jsz_Kdist3.0_Kmono8.0/psweep113_r2_20260326_005503/4jsz_ligand_report.csv,./penalty_sweep_qpu_v113/samples/4jsz_Kdist3.0_Kmono8.0/psweep113_r2_20260326_005503/4jsz_ligand_samples.json,./penalty_sweep_qpu_v113/samples/4jsz_Kdist3.0_Kmono8.0/psweep113_r2_20260326_005503/result.json
4jsz,4jsz_Kdist3.0_Kmono9.0,psweep113_r2_20260326_005503,3.0,9.0,ok,1.5891963542022676,1000,1000,1000,7,0.007,1.0,0.007,0.21222839999999998,0.17762,Advantage2_system1.13,2575,28,./penalty_sweep_qpu_v113/samples/4jsz_Kdist3.0_Kmono9.0/psweep113_r2_20260326_005503/4jsz_ligand_report.csv,./penalty_sweep_qpu_v113/samples/4jsz_Kdist3.0_Kmono9.0/psweep113_r2_20260326_005503/4jsz_ligand_samples.json,./penalty_sweep_qpu_v113/samples/4jsz_Kdist3.0_Kmono9.0/psweep113_r2_20260326_005503/result.json
4jsz,4jsz_Kdist3.0_Kmono10.0,psweep113_r2_20260326_005503,3.0,10.0,ok,2.2362219412490427,1000,1000,1000,0,0.0,1.0,0.0,0.21404520000000002,0.17944,Advantage2_system1.13,2485,27,./penalty_sweep_qpu_v113/samples/4jsz_Kdist3.0_Kmono10.0/psweep113_r2_20260326_005503/4jsz_ligand_report.csv,./penalty_sweep_qpu_v113/samples/4jsz_Kdist3.0_Kmono10.0/psweep113_r2_20260326_005503/4jsz_ligand_samples.json,./penalty_sweep_qpu_v113/samples/4jsz_Kdist3.0_Kmono10.0/psweep113_r2_20260326_005503/result.json
4jsz,4jsz_Kdist3.0_Kmono11.0,psweep113_r2_20260326_005503,3.0,11.0,ok,1.3748532122915684,1000,1000,1000,27,0.027,1.0,0.027,0.21599,0.18138,Advantage2_system1.13,2613,29,./penalty_sweep_qpu_v113/samples/4jsz_Kdist3.0_Kmono11.0/psweep113_r2_20260326_005503/4jsz_ligand_report.csv,./penalty_sweep_qpu_v113/samples/4jsz_Kdist3.0_Kmono11.0/psweep113_r2_20260326_005503/4jsz_ligand_samples.json,./penalty_sweep_qpu_v113/samples/4jsz_Kdist3.0_Kmono11.0/psweep113_r2_20260326_005503/result.json
4jsz,4jsz_Kdist3.0_Kmono12.0,psweep113_r2_20260326_005503,3.0,12.0,ok,1.766237453032041,1000,1000,1000,7,0.007,1.0,0.007,0.2170808,0.18248,Advantage2_system1.13,2368,26,./penalty_sweep_qpu_v113/samples/4jsz_Kdist3.0_Kmono12.0/psweep113_r2_20260326_005503/4jsz_ligand_report.csv,./penalty_sweep_qpu_v113/samples/4jsz_Kdist3.0_Kmono12.0/psweep113_r2_20260326_005503/4jsz_ligand_samples.json,./penalty_sweep_qpu_v113/samples/4jsz_Kdist3.0_Kmono12.0/psweep113_r2_20260326_005503/result.json
4jsz,4jsz_Kdist3.0_Kmono13.0,psweep113_r2_20260326_005503,3.0,13.0,ok,1.4707715095677458,1000,1000,1000,36,0.036,1.0,0.036,0.2150252,0.18042,Advantage2_system1.13,2608,28,./penalty_sweep_qpu_v113/samples/4jsz_Kdist3.0_Kmono13.0/psweep113_r2_20260326_005503/4jsz_ligand_report.csv,./penalty_sweep_qpu_v113/samples/4jsz_Kdist3.0_Kmono13.0/psweep113_r2_20260326_005503/4jsz_ligand_samples.json,./penalty_sweep_qpu_v113/samples/4jsz_Kdist3.0_Kmono13.0/psweep113_r2_20260326_005503/result.json
4jsz,4jsz_Kdist3.0_Kmono14.0,psweep113_r2_20260326_005503,3.0,14.0,ok,1.5581088580388314,1000,1000,1000,11,0.011,1.0,0.011,0.2310412,0.17238,Advantage2_system1.13,2446,25,./penalty_sweep_qpu_v113/samples/4jsz_Kdist3.0_Kmono14.0/psweep113_r2_20260326_005503/4jsz_ligand_report.csv,./penalty_sweep_qpu_v113/samples/4jsz_Kdist3.0_Kmono14.0/psweep113_r2_20260326_005503/4jsz_ligand_samples.json,./penalty_sweep_qpu_v113/samples/4jsz_Kdist3.0_Kmono14.0/psweep113_r2_20260326_005503/result.json
4jsz,4jsz_Kdist3.0_Kmono15.0,psweep113_r2_20260326_005503,3.0,15.0,ok,1.0885996006888654,1000,1000,1000,26,0.026,1.0,0.026,0.2162064,0.1816,Advantage2_system1.13,2512,28,./penalty_sweep_qpu_v113/samples/4jsz_Kdist3.0_Kmono15.0/psweep113_r2_20260326_005503/4jsz_ligand_report.csv,./penalty_sweep_qpu_v113/samples/4jsz_Kdist3.0_Kmono15.0/psweep113_r2_20260326_005503/4jsz_ligand_samples.json,./penalty_sweep_qpu_v113/samples/4jsz_Kdist3.0_Kmono15.0/psweep113_r2_20260326_005503/result.json
4jsz,4jsz_Kdist3.0_Kmono16.0,psweep113_r2_20260326_005503,3.0,16.0,ok,1.3148341130548555,1000,1000,1000,8,0.008,1.0,0.008,0.2182248,0.18362,Advantage2_system1.13,2754,28,./penalty_sweep_qpu_v113/samples/4jsz_Kdist3.0_Kmono16.0/psweep113_r2_20260326_005503/4jsz_ligand_report.csv,./penalty_sweep_qpu_v113/samples/4jsz_Kdist3.0_Kmono16.0/psweep113_r2_20260326_005503/4jsz_ligand_samples.json,./penalty_sweep_qpu_v113/samples/4jsz_Kdist3.0_Kmono16.0/psweep113_r2_20260326_005503/result.json
4jsz,4jsz_Kdist3.0_Kmono17.0,psweep113_r2_20260326_005503,3.0,17.0,ok,1.5979941057494997,1000,1000,1000,20,0.02,1.0,0.02,0.2130224,0.17842,Advantage2_system1.13,2457,26,./penalty_sweep_qpu_v113/samples/4jsz_Kdist3.0_Kmono17.0/psweep113_r2_20260326_005503/4jsz_ligand_report.csv,./penalty_sweep_qpu_v113/samples/4jsz_Kdist3.0_Kmono17.0/psweep113_r2_20260326_005503/4jsz_ligand_samples.json,./penalty_sweep_qpu_v113/samples/4jsz_Kdist3.0_Kmono17.0/psweep113_r2_20260326_005503/result.json
4jsz,4jsz_Kdist3.0_Kmono18.0,psweep113_r2_20260326_005503,3.0,18.0,ok,0.960867176451446,1000,1000,1000,71,0.071,1.0,0.071,0.21940720000000002,0.1848,Advantage2_system1.13,2689,29,./penalty_sweep_qpu_v113/samples/4jsz_Kdist3.0_Kmono18.0/psweep113_r2_20260326_005503/4jsz_ligand_report.csv,./penalty_sweep_qpu_v113/samples/4jsz_Kdist3.0_Kmono18.0/psweep113_r2_20260326_005503/4jsz_ligand_samples.json,./penalty_sweep_qpu_v113/samples/4jsz_Kdist3.0_Kmono18.0/psweep113_r2_20260326_005503/result.json
4jsz,4jsz_Kdist3.0_Kmono19.0,psweep113_r2_20260326_005503,3.0,19.0,ok,1.0095689787642672,1000,1000,1000,47,0.047,1.0,0.047,0.218622,0.18402,Advantage2_system1.13,2384,26,./penalty_sweep_qpu_v113/samples/4jsz_Kdist3.0_Kmono19.0/psweep113_r2_20260326_005503/4jsz_ligand_report.csv,./penalty_sweep_qpu_v113/samples/4jsz_Kdist3.0_Kmono19.0/psweep113_r2_20260326_005503/4jsz_ligand_samples.json,./penalty_sweep_qpu_v113/samples/4jsz_Kdist3.0_Kmono19.0/psweep113_r2_20260326_005503/result.json
4jsz,4jsz_Kdist3.0_Kmono20.0,psweep113_r2_20260326_005503,3.0,20.0,ok,1.5283994699000807,1000,1000,1000,7,0.007,1.0,0.007,0.215446,0.18084,Advantage2_system1.13,2700,29,./penalty_sweep_qpu_v113/samples/4jsz_Kdist3.0_Kmono20.0/psweep113_r2_20260326_005503/4jsz_ligand_report.csv,./penalty_sweep_qpu_v113/samples/4jsz_Kdist3.0_Kmono20.0/psweep113_r2_20260326_005503/4jsz_ligand_samples.json,./penalty_sweep_qpu_v113/samples/4jsz_Kdist3.0_Kmono20.0/psweep113_r2_20260326_005503/result.json
4jsz,4jsz_Kdist3.5_Kmono1.0,psweep113_r2_20260326_005503,3.5,1.0,ok,2.717545368450746,1000,1000,1000,0,0.0,1.0,0.0,0.2144916,0.17988,Advantage2_system1.13,2547,28,./penalty_sweep_qpu_v113/samples/4jsz_Kdist3.5_Kmono1.0/psweep113_r2_20260326_005503/4jsz_ligand_report.csv,./penalty_sweep_qpu_v113/samples/4jsz_Kdist3.5_Kmono1.0/psweep113_r2_20260326_005503/4jsz_ligand_samples.json,./penalty_sweep_qpu_v113/samples/4jsz_Kdist3.5_Kmono1.0/psweep113_r2_20260326_005503/result.json
4jsz,4jsz_Kdist3.5_Kmono2.0,psweep113_r2_20260326_005503,3.5,2.0,ok,1.6351450376371277,1000,1000,1000,1,0.001,1.0,0.001,0.2117072,0.1771,Advantage2_system1.13,2386,24,./penalty_sweep_qpu_v113/samples/4jsz_Kdist3.5_Kmono2.0/psweep113_r2_20260326_005503/4jsz_ligand_report.csv,./penalty_sweep_qpu_v113/samples/4jsz_Kdist3.5_Kmono2.0/psweep113_r2_20260326_005503/4jsz_ligand_samples.json,./penalty_sweep_qpu_v113/samples/4jsz_Kdist3.5_Kmono2.0/psweep113_r2_20260326_005503/result.json
4jsz,4jsz_Kdist3.5_Kmono3.0,psweep113_r2_20260326_005503,3.5,3.0,ok,2.5491514794630534,1000,1000,1000,0,0.0,1.0,0.0,0.2092112,0.1746,Advantage2_system1.13,2748,29,./penalty_sweep_qpu_v113/samples/4jsz_Kdist3.5_Kmono3.0/psweep113_r2_20260326_005503/4jsz_ligand_report.csv,./penalty_sweep_qpu_v113/samples/4jsz_Kdist3.5_Kmono3.0/psweep113_r2_20260326_005503/4jsz_ligand_samples.json,./penalty_sweep_qpu_v113/samples/4jsz_Kdist3.5_Kmono3.0/psweep113_r2_20260326_005503/result.json
4jsz,4jsz_Kdist3.5_Kmono4.0,psweep113_r2_20260326_005503,3.5,4.0,ok,2.682630716604399,1000,1000,1000,0,0.0,1.0,0.0,0.2119844,0.17738,Advantage2_system1.13,2622,29,./penalty_sweep_qpu_v113/samples/4jsz_Kdist3.5_Kmono4.0/psweep113_r2_20260326_005503/4jsz_ligand_report.csv,./penalty_sweep_qpu_v113/samples/4jsz_Kdist3.5_Kmono4.0/psweep113_r2_20260326_005503/4jsz_ligand_samples.json,./penalty_sweep_qpu_v113/samples/4jsz_Kdist3.5_Kmono4.0/psweep113_r2_20260326_005503/result.json
4jsz,4jsz_Kdist3.5_Kmono5.0,psweep113_r2_20260326_005503,3.5,5.0,ok,1.2669002691828761,1000,1000,1000,722,0.722,1.0,0.722,0.21608360000000001,0.18148,Advantage2_system1.13,2266,23,./penalty_sweep_qpu_v113/samples/4jsz_Kdist3.5_Kmono5.0/psweep113_r2_20260326_005503/4jsz_ligand_report.csv,./penalty_sweep_qpu_v113/samples/4jsz_Kdist3.5_Kmono5.0/psweep113_r2_20260326_005503/4jsz_ligand_samples.json,./penalty_sweep_qpu_v113/samples/4jsz_Kdist3.5_Kmono5.0/psweep113_r2_20260326_005503/result.json
4jsz,4jsz_Kdist3.5_Kmono6.0,psweep113_r2_20260326_005503,3.5,6.0,ok,1.5298805576326997,1000,1000,1000,6,0.006,1.0,0.006,0.2156692,0.18106,Advantage2_system1.13,2497,26,./penalty_sweep_qpu_v113/samples/4jsz_Kdist3.5_Kmono6.0/psweep113_r2_20260326_005503/4jsz_ligand_report.csv,./penalty_sweep_qpu_v113/samples/4jsz_Kdist3.5_Kmono6.0/psweep113_r2_20260326_005503/4jsz_ligand_samples.json,./penalty_sweep_qpu_v113/samples/4jsz_Kdist3.5_Kmono6.0/psweep113_r2_20260326_005503/result.json
4jsz,4jsz_Kdist3.5_Kmono7.0,psweep113_r2_20260326_005503,3.5,7.0,ok,3.237240382520505,1000,1000,1000,0,0.0,1.0,0.0,0.21062679999999998,0.17602,Advantage2_system1.13,2693,29,./penalty_sweep_qpu_v113/samples/4jsz_Kdist3.5_Kmono7.0/psweep113_r2_20260326_005503/4jsz_ligand_report.csv,./penalty_sweep_qpu_v113/samples/4jsz_Kdist3.5_Kmono7.0/psweep113_r2_20260326_005503/4jsz_ligand_samples.json,./penalty_sweep_qpu_v113/samples/4jsz_Kdist3.5_Kmono7.0/psweep113_r2_20260326_005503/result.json
4jsz,4jsz_Kdist3.5_Kmono8.0,psweep113_r2_20260326_005503,3.5,8.0,ok,3.775901896651111,1000,1000,1000,0,0.0,1.0,0.0,0.2132048,0.1786,Advantage2_system1.13,2446,25,./penalty_sweep_qpu_v113/samples/4jsz_Kdist3.5_Kmono8.0/psweep113_r2_20260326_005503/4jsz_ligand_report.csv,./penalty_sweep_qpu_v113/samples/4jsz_Kdist3.5_Kmono8.0/psweep113_r2_20260326_005503/4jsz_ligand_samples.json,./penalty_sweep_qpu_v113/samples/4jsz_Kdist3.5_Kmono8.0/psweep113_r2_20260326_005503/result.json
4jsz,4jsz_Kdist3.5_Kmono9.0,psweep113_r2_20260326_005503,3.5,9.0,ok,2.523778895300467,1000,1000,1000,0,0.0,1.0,0.0,0.216204,0.1816,Advantage2_system1.13,2434,29,./penalty_sweep_qpu_v113/samples/4jsz_Kdist3.5_Kmono9.0/psweep113_r2_20260326_005503/4jsz_ligand_report.csv,./penalty_sweep_qpu_v113/samples/4jsz_Kdist3.5_Kmono9.0/psweep113_r2_20260326_005503/4jsz_ligand_samples.json,./penalty_sweep_qpu_v113/samples/4jsz_Kdist3.5_Kmono9.0/psweep113_r2_20260326_005503/result.json
4jsz,4jsz_Kdist3.5_Kmono10.0,psweep113_r2_20260326_005503,3.5,10.0,ok,3.4168683870476766,1000,1000,1000,0,0.0,1.0,0.0,0.2122644,0.17766,Advantage2_system1.13,2674,29,./penalty_sweep_qpu_v113/samples/4jsz_Kdist3.5_Kmono10.0/psweep113_r2_20260326_005503/4jsz_ligand_report.csv,./penalty_sweep_qpu_v113/samples/4jsz_Kdist3.5_Kmono10.0/psweep113_r2_20260326_005503/4jsz_ligand_samples.json,./penalty_sweep_qpu_v113/samples/4jsz_Kdist3.5_Kmono10.0/psweep113_r2_20260326_005503/result.json
4jsz,4jsz_Kdist3.5_Kmono11.0,psweep113_r2_20260326_005503,3.5,11.0,ok,1.484170758614077,1000,1000,1000,6,0.006,1.0,0.006,0.21903,0.18442,Advantage2_system1.13,2629,28,./penalty_sweep_qpu_v113/samples/4jsz_Kdist3.5_Kmono11.0/psweep113_r2_20260326_005503/4jsz_ligand_report.csv,./penalty_sweep_qpu_v113/samples/4jsz_Kdist3.5_Kmono11.0/psweep113_r2_20260326_005503/4jsz_ligand_samples.json,./penalty_sweep_qpu_v113/samples/4jsz_Kdist3.5_Kmono11.0/psweep113_r2_20260326_005503/result.json
4jsz,4jsz_Kdist3.5_Kmono12.0,psweep113_r2_20260326_005503,3.5,12.0,ok,2.0419135479000556,1000,1000,1000,0,0.0,1.0,0.0,0.21281160000000002,0.1782,Advantage2_system1.13,2564,26,./penalty_sweep_qpu_v113/samples/4jsz_Kdist3.5_Kmono12.0/psweep113_r2_20260326_005503/4jsz_ligand_report.csv,./penalty_sweep_qpu_v113/samples/4jsz_Kdist3.5_Kmono12.0/psweep113_r2_20260326_005503/4jsz_ligand_samples.json,./penalty_sweep_qpu_v113/samples/4jsz_Kdist3.5_Kmono12.0/psweep113_r2_20260326_005503/result.json
4jsz,4jsz_Kdist3.5_Kmono13.0,psweep113_r2_20260326_005503,3.5,13.0,ok,2.3805795617571968,1000,1000,1000,0,0.0,1.0,0.0,0.2163564,0.18174,Advantage2_system1.13,2748,31,./penalty_sweep_qpu_v113/samples/4jsz_Kdist3.5_Kmono13.0/psweep113_r2_20260326_005503/4jsz_ligand_report.csv,./penalty_sweep_qpu_v113/samples/4jsz_Kdist3.5_Kmono13.0/psweep113_r2_20260326_005503/4jsz_ligand_samples.json,./penalty_sweep_qpu_v113/samples/4jsz_Kdist3.5_Kmono13.0/psweep113_r2_20260326_005503/result.json
4jsz,4jsz_Kdist3.5_Kmono14.0,psweep113_r2_20260326_005503,3.5,14.0,ok,1.7952926456865481,1000,1000,1000,1,0.001,1.0,0.001,0.2166988,0.1821,Advantage2_system1.13,2485,27,./penalty_sweep_qpu_v113/samples/4jsz_Kdist3.5_Kmono14.0/psweep113_r2_20260326_005503/4jsz_ligand_report.csv,./penalty_sweep_qpu_v113/samples/4jsz_Kdist3.5_Kmono14.0/psweep113_r2_20260326_005503/4jsz_ligand_samples.json,./penalty_sweep_qpu_v113/samples/4jsz_Kdist3.5_Kmono14.0/psweep113_r2_20260326_005503/result.json
4jsz,4jsz_Kdist3.5_Kmono15.0,psweep113_r2_20260326_005503,3.5,15.0,ok,2.507598892067577,1000,1000,1000,0,0.0,1.0,0.0,0.2135924,0.17898,Advantage2_system1.13,2443,26,./penalty_sweep_qpu_v113/samples/4jsz_Kdist3.5_Kmono15.0/psweep113_r2_20260326_005503/4jsz_ligand_report.csv,./penalty_sweep_qpu_v113/samples/4jsz_Kdist3.5_Kmono15.0/psweep113_r2_20260326_005503/4jsz_ligand_samples.json,./penalty_sweep_qpu_v113/samples/4jsz_Kdist3.5_Kmono15.0/psweep113_r2_20260326_005503/result.json
4jsz,4jsz_Kdist3.5_Kmono16.0,psweep113_r2_20260326_005503,3.5,16.0,ok,1.9389388965720447,1000,1000,1000,1,0.001,1.0,0.001,0.21644639999999998,0.18184,Advantage2_system1.13,2306,24,./penalty_sweep_qpu_v113/samples/4jsz_Kdist3.5_Kmono16.0/psweep113_r2_20260326_005503/4jsz_ligand_report.csv,./penalty_sweep_qpu_v113/samples/4jsz_Kdist3.5_Kmono16.0/psweep113_r2_20260326_005503/4jsz_ligand_samples.json,./penalty_sweep_qpu_v113/samples/4jsz_Kdist3.5_Kmono16.0/psweep113_r2_20260326_005503/result.json
4jsz,4jsz_Kdist3.5_Kmono17.0,psweep113_r2_20260326_005503,3.5,17.0,ok,2.440173647151336,1000,1000,1000,0,0.0,1.0,0.0,0.21549079999999998,0.18088,Advantage2_system1.13,2709,31,./penalty_sweep_qpu_v113/samples/4jsz_Kdist3.5_Kmono17.0/psweep113_r2_20260326_005503/4jsz_ligand_report.csv,./penalty_sweep_qpu_v113/samples/4jsz_Kdist3.5_Kmono17.0/psweep113_r2_20260326_005503/4jsz_ligand_samples.json,./penalty_sweep_qpu_v113/samples/4jsz_Kdist3.5_Kmono17.0/psweep113_r2_20260326_005503/result.json
4jsz,4jsz_Kdist3.5_Kmono18.0,psweep113_r2_20260326_005503,3.5,18.0,ok,2.0601453947356845,1000,1000,1000,0,0.0,1.0,0.0,0.21276920000000002,0.17816,Advantage2_system1.13,2854,31,./penalty_sweep_qpu_v113/samples/4jsz_Kdist3.5_Kmono18.0/psweep113_r2_20260326_005503/4jsz_ligand_report.csv,./penalty_sweep_qpu_v113/samples/4jsz_Kdist3.5_Kmono18.0/psweep113_r2_20260326_005503/4jsz_ligand_samples.json,./penalty_sweep_qpu_v113/samples/4jsz_Kdist3.5_Kmono18.0/psweep113_r2_20260326_005503/result.json
4jsz,4jsz_Kdist3.5_Kmono19.0,psweep113_r2_20260326_005503,3.5,19.0,ok,1.0551056494910378,1000,1000,1000,85,0.085,1.0,0.085,0.2155828,0.18098,Advantage2_system1.13,2499,26,./penalty_sweep_qpu_v113/samples/4jsz_Kdist3.5_Kmono19.0/psweep113_r2_20260326_005503/4jsz_ligand_report.csv,./penalty_sweep_qpu_v113/samples/4jsz_Kdist3.5_Kmono19.0/psweep113_r2_20260326_005503/4jsz_ligand_samples.json,./penalty_sweep_qpu_v113/samples/4jsz_Kdist3.5_Kmono19.0/psweep113_r2_20260326_005503/result.json
4jsz,4jsz_Kdist3.5_Kmono20.0,psweep113_r2_20260326_005503,3.5,20.0,ok,1.5740328770955858,1000,1000,1000,4,0.004,1.0,0.004,0.2140568,0.17944,Advantage2_system1.13,2643,30,./penalty_sweep_qpu_v113/samples/4jsz_Kdist3.5_Kmono20.0/psweep113_r2_20260326_005503/4jsz_ligand_report.csv,./penalty_sweep_qpu_v113/samples/4jsz_Kdist3.5_Kmono20.0/psweep113_r2_20260326_005503/4jsz_ligand_samples.json,./penalty_sweep_qpu_v113/samples/4jsz_Kdist3.5_Kmono20.0/psweep113_r2_20260326_005503/result.json
4jsz,4jsz_Kdist4.0_Kmono1.0,psweep113_r2_20260326_005503,4.0,1.0,ok,2.0567392691783173,1000,1000,1000,0,0.0,1.0,0.0,0.21223,0.17762,Advantage2_system1.13,2705,31,./penalty_sweep_qpu_v113/samples/4jsz_Kdist4.0_Kmono1.0/psweep113_r2_20260326_005503/4jsz_ligand_report.csv,./penalty_sweep_qpu_v113/samples/4jsz_Kdist4.0_Kmono1.0/psweep113_r2_20260326_005503/4jsz_ligand_samples.json,./penalty_sweep_qpu_v113/samples/4jsz_Kdist4.0_Kmono1.0/psweep113_r2_20260326_005503/result.json
4jsz,4jsz_Kdist4.0_Kmono2.0,psweep113_r2_20260326_005503,4.0,2.0,ok,3.743882628379256,1000,1000,1000,0,0.0,1.0,0.0,0.2102028,0.1756,Advantage2_system1.13,2433,26,./penalty_sweep_qpu_v113/samples/4jsz_Kdist4.0_Kmono2.0/psweep113_r2_20260326_005503/4jsz_ligand_report.csv,./penalty_sweep_qpu_v113/samples/4jsz_Kdist4.0_Kmono2.0/psweep113_r2_20260326_005503/4jsz_ligand_samples.json,./penalty_sweep_qpu_v113/samples/4jsz_Kdist4.0_Kmono2.0/psweep113_r2_20260326_005503/result.json
4jsz,4jsz_Kdist4.0_Kmono3.0,psweep113_r2_20260326_005503,4.0,3.0,ok,2.208292627053901,1000,1000,1000,0,0.0,1.0,0.0,0.21502839999999998,0.18042,Advantage2_system1.13,2540,26,./penalty_sweep_qpu_v113/samples/4jsz_Kdist4.0_Kmono3.0/psweep113_r2_20260326_005503/4jsz_ligand_report.csv,./penalty_sweep_qpu_v113/samples/4jsz_Kdist4.0_Kmono3.0/psweep113_r2_20260326_005503/4jsz_ligand_samples.json,./penalty_sweep_qpu_v113/samples/4jsz_Kdist4.0_Kmono3.0/psweep113_r2_20260326_005503/result.json
4jsz,4jsz_Kdist4.0_Kmono4.0,psweep113_r2_20260326_005503,4.0,4.0,ok,2.7084638316015908,1000,1000,1000,0,0.0,1.0,0.0,0.211268,0.17666,Advantage2_system1.13,2488,27,./penalty_sweep_qpu_v113/samples/4jsz_Kdist4.0_Kmono4.0/psweep113_r2_20260326_005503/4jsz_ligand_report.csv,./penalty_sweep_qpu_v113/samples/4jsz_Kdist4.0_Kmono4.0/psweep113_r2_20260326_005503/4jsz_ligand_samples.json,./penalty_sweep_qpu_v113/samples/4jsz_Kdist4.0_Kmono4.0/psweep113_r2_20260326_005503/result.json
4jsz,4jsz_Kdist4.0_Kmono5.0,psweep113_r2_20260326_005503,4.0,5.0,ok,2.255017065615734,1000,1000,1000,0,0.0,1.0,0.0,0.2162084,0.1816,Advantage2_system1.13,2291,24,./penalty_sweep_qpu_v113/samples/4jsz_Kdist4.0_Kmono5.0/psweep113_r2_20260326_005503/4jsz_ligand_report.csv,./penalty_sweep_qpu_v113/samples/4jsz_Kdist4.0_Kmono5.0/psweep113_r2_20260326_005503/4jsz_ligand_samples.json,./penalty_sweep_qpu_v113/samples/4jsz_Kdist4.0_Kmono5.0/psweep113_r2_20260326_005503/result.json
4jsz,4jsz_Kdist4.0_Kmono6.0,psweep113_r2_20260326_005503,4.0,6.0,ok,1.6328831894625868,1000,1000,1000,2,0.002,1.0,0.002,0.2145516,0.17994,Advantage2_system1.13,2747,30,./penalty_sweep_qpu_v113/samples/4jsz_Kdist4.0_Kmono6.0/psweep113_r2_20260326_005503/4jsz_ligand_report.csv,./penalty_sweep_qpu_v113/samples/4jsz_Kdist4.0_Kmono6.0/psweep113_r2_20260326_005503/4jsz_ligand_samples.json,./penalty_sweep_qpu_v113/samples/4jsz_Kdist4.0_Kmono6.0/psweep113_r2_20260326_005503/result.json
4jsz,4jsz_Kdist4.0_Kmono7.0,psweep113_r2_20260326_005503,4.0,7.0,ok,2.910365122987355,1000,1000,1000,0,0.0,1.0,0.0,0.2103036,0.1757,Advantage2_system1.13,2404,24,./penalty_sweep_qpu_v113/samples/4jsz_Kdist4.0_Kmono7.0/psweep113_r2_20260326_005503/4jsz_ligand_report.csv,./penalty_sweep_qpu_v113/samples/4jsz_Kdist4.0_Kmono7.0/psweep113_r2_20260326_005503/4jsz_ligand_samples.json,./penalty_sweep_qpu_v113/samples/4jsz_Kdist4.0_Kmono7.0/psweep113_r2_20260326_005503/result.json
4jsz,4jsz_Kdist4.0_Kmono8.0,psweep113_r2_20260326_005503,4.0,8.0,ok,2.250976247129569,1000,1000,1000,0,0.0,1.0,0.0,0.2162124,0.1816,Advantage2_system1.13,2638,30,./penalty_sweep_qpu_v113/samples/4jsz_Kdist4.0_Kmono8.0/psweep113_r2_20260326_005503/4jsz_ligand_report.csv,./penalty_sweep_qpu_v113/samples/4jsz_Kdist4.0_Kmono8.0/psweep113_r2_20260326_005503/4jsz_ligand_samples.json,./penalty_sweep_qpu_v113/samples/4jsz_Kdist4.0_Kmono8.0/psweep113_r2_20260326_005503/result.json
4jsz,4jsz_Kdist4.0_Kmono9.0,psweep113_r2_20260326_005503,4.0,9.0,ok,2.037764222976455,1000,1000,1000,0,0.0,1.0,0.0,0.21049879999999999,0.17588,Advantage2_system1.13,2520,26,./penalty_sweep_qpu_v113/samples/4jsz_Kdist4.0_Kmono9.0/psweep113_r2_20260326_005503/4jsz_ligand_report.csv,./penalty_sweep_qpu_v113/samples/4jsz_Kdist4.0_Kmono9.0/psweep113_r2_20260326_005503/4jsz_ligand_samples.json,./penalty_sweep_qpu_v113/samples/4jsz_Kdist4.0_Kmono9.0/psweep113_r2_20260326_005503/result.json
4jsz,4jsz_Kdist4.0_Kmono10.0,psweep113_r2_20260326_005503,4.0,10.0,ok,2.898141161666457,1000,1000,1000,0,0.0,1.0,0.0,0.2157268,0.18112,Advantage2_system1.13,2601,27,./penalty_sweep_qpu_v113/samples/4jsz_Kdist4.0_Kmono10.0/psweep113_r2_20260326_005503/4jsz_ligand_report.csv,./penalty_sweep_qpu_v113/samples/4jsz_Kdist4.0_Kmono10.0/psweep113_r2_20260326_005503/4jsz_ligand_samples.json,./penalty_sweep_qpu_v113/samples/4jsz_Kdist4.0_Kmono10.0/psweep113_r2_20260326_005503/result.json
4jsz,4jsz_Kdist4.0_Kmono11.0,psweep113_r2_20260326_005503,4.0,11.0,ok,3.2205481603122386,1000,1000,1000,0,0.0,1.0,0.0,0.21120160000000002,0.1766,Advantage2_system1.13,2403,25,./penalty_sweep_qpu_v113/samples/4jsz_Kdist4.0_Kmono11.0/psweep113_r2_20260326_005503/4jsz_ligand_report.csv,./penalty_sweep_qpu_v113/samples/4jsz_Kdist4.0_Kmono11.0/psweep113_r2_20260326_005503/4jsz_ligand_samples.json,./penalty_sweep_qpu_v113/samples/4jsz_Kdist4.0_Kmono11.0/psweep113_r2_20260326_005503/result.json
4jsz,4jsz_Kdist4.0_Kmono12.0,psweep113_r2_20260326_005503,4.0,12.0,ok,4.074885697240718,1000,1000,1000,0,0.0,1.0,0.0,0.21148679999999997,0.17688,Advantage2_system1.13,2739,29,./penalty_sweep_qpu_v113/samples/4jsz_Kdist4.0_Kmono12.0/psweep113_r2_20260326_005503/4jsz_ligand_report.csv,./penalty_sweep_qpu_v113/samples/4jsz_Kdist4.0_Kmono12.0/psweep113_r2_20260326_005503/4jsz_ligand_samples.json,./penalty_sweep_qpu_v113/samples/4jsz_Kdist4.0_Kmono12.0/psweep113_r2_20260326_005503/result.json
4jsz,4jsz_Kdist4.0_Kmono13.0,psweep113_r2_20260326_005503,4.0,13.0,ok,1.2305904456556127,1000,1000,1000,23,0.023,1.0,0.023,0.2123864,0.17778,Advantage2_system1.13,2454,25,./penalty_sweep_qpu_v113/samples/4jsz_Kdist4.0_Kmono13.0/psweep113_r2_20260326_005503/4jsz_ligand_report.csv,./penalty_sweep_qpu_v113/samples/4jsz_Kdist4.0_Kmono13.0/psweep113_r2_20260326_005503/4jsz_ligand_samples.json,./penalty_sweep_qpu_v113/samples/4jsz_Kdist4.0_Kmono13.0/psweep113_r2_20260326_005503/result.json
4jsz,4jsz_Kdist4.0_Kmono14.0,psweep113_r2_20260326_005503,4.0,14.0,ok,2.7563945327997526,1000,1000,1000,0,0.0,1.0,0.0,0.21470679999999998,0.1801,Advantage2_system1.13,2469,26,./penalty_sweep_qpu_v113/samples/4jsz_Kdist4.0_Kmono14.0/psweep113_r2_20260326_005503/4jsz_ligand_report.csv,./penalty_sweep_qpu_v113/samples/4jsz_Kdist4.0_Kmono14.0/psweep113_r2_20260326_005503/4jsz_ligand_samples.json,./penalty_sweep_qpu_v113/samples/4jsz_Kdist4.0_Kmono14.0/psweep113_r2_20260326_005503/result.json
4jsz,4jsz_Kdist4.0_Kmono15.0,psweep113_r2_20260326_005503,4.0,15.0,ok,1.5763779201499655,1000,1000,1000,47,0.047,1.0,0.047,0.21608760000000002,0.18148,Advantage2_system1.13,2418,26,./penalty_sweep_qpu_v113/samples/4jsz_Kdist4.0_Kmono15.0/psweep113_r2_20260326_005503/4jsz_ligand_report.csv,./penalty_sweep_qpu_v113/samples/4jsz_Kdist4.0_Kmono15.0/psweep113_r2_20260326_005503/4jsz_ligand_samples.json,./penalty_sweep_qpu_v113/samples/4jsz_Kdist4.0_Kmono15.0/psweep113_r2_20260326_005503/result.json
4jsz,4jsz_Kdist4.0_Kmono16.0,psweep113_r2_20260326_005503,4.0,16.0,ok,2.7065744197636077,1000,1000,1000,0,0.0,1.0,0.0,0.209772,0.17516,Advantage2_system1.13,2357,26,./penalty_sweep_qpu_v113/samples/4jsz_Kdist4.0_Kmono16.0/psweep113_r2_20260326_005503/4jsz_ligand_report.csv,./penalty_sweep_qpu_v113/samples/4jsz_Kdist4.0_Kmono16.0/psweep113_r2_20260326_005503/4jsz_ligand_samples.json,./penalty_sweep_qpu_v113/samples/4jsz_Kdist4.0_Kmono16.0/psweep113_r2_20260326_005503/result.json
4jsz,4jsz_Kdist4.0_Kmono17.0,psweep113_r2_20260326_005503,4.0,17.0,ok,2.5447636285668027,1000,1000,1000,0,0.0,1.0,0.0,0.2194092,0.1848,Advantage2_system1.13,2288,24,./penalty_sweep_qpu_v113/samples/4jsz_Kdist4.0_Kmono17.0/psweep113_r2_20260326_005503/4jsz_ligand_report.csv,./penalty_sweep_qpu_v113/samples/4jsz_Kdist4.0_Kmono17.0/psweep113_r2_20260326_005503/4jsz_ligand_samples.json,./penalty_sweep_qpu_v113/samples/4jsz_Kdist4.0_Kmono17.0/psweep113_r2_20260326_005503/result.json
4jsz,4jsz_Kdist4.0_Kmono18.0,psweep113_r2_20260326_005503,4.0,18.0,ok,1.740921605803181,1000,1000,1000,7,0.007,1.0,0.007,0.2148572,0.18024,Advantage2_system1.13,2740,28,./penalty_sweep_qpu_v113/samples/4jsz_Kdist4.0_Kmono18.0/psweep113_r2_20260326_005503/4jsz_ligand_report.csv,./penalty_sweep_qpu_v113/samples/4jsz_Kdist4.0_Kmono18.0/psweep113_r2_20260326_005503/4jsz_ligand_samples.json,./penalty_sweep_qpu_v113/samples/4jsz_Kdist4.0_Kmono18.0/psweep113_r2_20260326_005503/result.json
4jsz,4jsz_Kdist4.0_Kmono19.0,psweep113_r2_20260326_005503,4.0,19.0,ok,1.7976906501466248,1000,1000,1000,12,0.012,1.0,0.012,0.2114428,0.17684,Advantage2_system1.13,2348,24,./penalty_sweep_qpu_v113/samples/4jsz_Kdist4.0_Kmono19.0/psweep113_r2_20260326_005503/4jsz_ligand_report.csv,./penalty_sweep_qpu_v113/samples/4jsz_Kdist4.0_Kmono19.0/psweep113_r2_20260326_005503/4jsz_ligand_samples.json,./penalty_sweep_qpu_v113/samples/4jsz_Kdist4.0_Kmono19.0/psweep113_r2_20260326_005503/result.json
4jsz,4jsz_Kdist4.0_Kmono20.0,psweep113_r2_20260326_005503,4.0,20.0,ok,2.796814596036753,1000,1000,1000,0,0.0,1.0,0.0,0.2149528,0.18034,Advantage2_system1.13,2737,31,./penalty_sweep_qpu_v113/samples/4jsz_Kdist4.0_Kmono20.0/psweep113_r2_20260326_005503/4jsz_ligand_report.csv,./penalty_sweep_qpu_v113/samples/4jsz_Kdist4.0_Kmono20.0/psweep113_r2_20260326_005503/4jsz_ligand_samples.json,./penalty_sweep_qpu_v113/samples/4jsz_Kdist4.0_Kmono20.0/psweep113_r2_20260326_005503/result.json
4jsz,4jsz_Kdist4.5_Kmono1.0,psweep113_r2_20260326_005503,4.5,1.0,ok,2.0813931511173442,1000,1000,1000,0,0.0,1.0,0.0,0.2043452,0.16974,Advantage2_system1.13,2498,27,./penalty_sweep_qpu_v113/samples/4jsz_Kdist4.5_Kmono1.0/psweep113_r2_20260326_005503/4jsz_ligand_report.csv,./penalty_sweep_qpu_v113/samples/4jsz_Kdist4.5_Kmono1.0/psweep113_r2_20260326_005503/4jsz_ligand_samples.json,./penalty_sweep_qpu_v113/samples/4jsz_Kdist4.5_Kmono1.0/psweep113_r2_20260326_005503/result.json
4jsz,4jsz_Kdist4.5_Kmono2.0,psweep113_r2_20260326_005503,4.5,2.0,ok,1.272757713740763,1000,1000,1000,8,0.008,1.0,0.008,0.21109,0.17648,Advantage2_system1.13,2636,30,./penalty_sweep_qpu_v113/samples/4jsz_Kdist4.5_Kmono2.0/psweep113_r2_20260326_005503/4jsz_ligand_report.csv,./penalty_sweep_qpu_v113/samples/4jsz_Kdist4.5_Kmono2.0/psweep113_r2_20260326_005503/4jsz_ligand_samples.json,./penalty_sweep_qpu_v113/samples/4jsz_Kdist4.5_Kmono2.0/psweep113_r2_20260326_005503/result.json
4jsz,4jsz_Kdist4.5_Kmono3.0,psweep113_r2_20260326_005503,4.5,3.0,ok,2.388595568421717,1000,1000,1000,0,0.0,1.0,0.0,0.213666,0.17906,Advantage2_system1.13,2479,26,./penalty_sweep_qpu_v113/samples/4jsz_Kdist4.5_Kmono3.0/psweep113_r2_20260326_005503/4jsz_ligand_report.csv,./penalty_sweep_qpu_v113/samples/4jsz_Kdist4.5_Kmono3.0/psweep113_r2_20260326_005503/4jsz_ligand_samples.json,./penalty_sweep_qpu_v113/samples/4jsz_Kdist4.5_Kmono3.0/psweep113_r2_20260326_005503/result.json
4jsz,4jsz_Kdist4.5_Kmono4.0,psweep113_r2_20260326_005503,4.5,4.0,ok,1.5583755217079556,1000,1000,1000,3,0.003,1.0,0.003,0.209228,0.17462,Advantage2_system1.13,2351,24,./penalty_sweep_qpu_v113/samples/4jsz_Kdist4.5_Kmono4.0/psweep113_r2_20260326_005503/4jsz_ligand_report.csv,./penalty_sweep_qpu_v113/samples/4jsz_Kdist4.5_Kmono4.0/psweep113_r2_20260326_005503/4jsz_ligand_samples.json,./penalty_sweep_qpu_v113/samples/4jsz_Kdist4.5_Kmono4.0/psweep113_r2_20260326_005503/result.json
4jsz,4jsz_Kdist4.5_Kmono5.0,psweep113_r2_20260326_005503,4.5,5.0,ok,1.6728806716209867,1000,1000,1000,3,0.003,1.0,0.003,0.21203360000000002,0.17742,Advantage2_system1.13,2583,28,./penalty_sweep_qpu_v113/samples/4jsz_Kdist4.5_Kmono5.0/psweep113_r2_20260326_005503/4jsz_ligand_report.csv,./penalty_sweep_qpu_v113/samples/4jsz_Kdist4.5_Kmono5.0/psweep113_r2_20260326_005503/4jsz_ligand_samples.json,./penalty_sweep_qpu_v113/samples/4jsz_Kdist4.5_Kmono5.0/psweep113_r2_20260326_005503/result.json
4jsz,4jsz_Kdist4.5_Kmono6.0,psweep113_r2_20260326_005503,4.5,6.0,ok,1.8068276566676986,1000,1000,1000,7,0.007,1.0,0.007,0.209128,0.17452,Advantage2_system1.13,2777,28,./penalty_sweep_qpu_v113/samples/4jsz_Kdist4.5_Kmono6.0/psweep113_r2_20260326_005503/4jsz_ligand_report.csv,./penalty_sweep_qpu_v113/samples/4jsz_Kdist4.5_Kmono6.0/psweep113_r2_20260326_005503/4jsz_ligand_samples.json,./penalty_sweep_qpu_v113/samples/4jsz_Kdist4.5_Kmono6.0/psweep113_r2_20260326_005503/result.json
4jsz,4jsz_Kdist4.5_Kmono7.0,psweep113_r2_20260326_005503,4.5,7.0,ok,1.3950782936482378,1000,1000,1000,17,0.017,1.0,0.017,0.21838760000000002,0.18378,Advantage2_system1.13,2611,29,./penalty_sweep_qpu_v113/samples/4jsz_Kdist4.5_Kmono7.0/psweep113_r2_20260326_005503/4jsz_ligand_report.csv,./penalty_sweep_qpu_v113/samples/4jsz_Kdist4.5_Kmono7.0/psweep113_r2_20260326_005503/4jsz_ligand_samples.json,./penalty_sweep_qpu_v113/samples/4jsz_Kdist4.5_Kmono7.0/psweep113_r2_20260326_005503/result.json
4jsz,4jsz_Kdist4.5_Kmono8.0,psweep113_r2_20260326_005503,4.5,8.0,ok,2.3125035673672483,1000,1000,1000,0,0.0,1.0,0.0,0.214028,0.17942,Advantage2_system1.13,2578,28,./penalty_sweep_qpu_v113/samples/4jsz_Kdist4.5_Kmono8.0/psweep113_r2_20260326_005503/4jsz_ligand_report.csv,./penalty_sweep_qpu_v113/samples/4jsz_Kdist4.5_Kmono8.0/psweep113_r2_20260326_005503/4jsz_ligand_samples.json,./penalty_sweep_qpu_v113/samples/4jsz_Kdist4.5_Kmono8.0/psweep113_r2_20260326_005503/result.json
4jsz,4jsz_Kdist4.5_Kmono9.0,psweep113_r2_20260326_005503,4.5,9.0,ok,2.4334717431358337,1000,1000,1000,0,0.0,1.0,0.0,0.215816,0.1812,Advantage2_system1.13,2473,27,./penalty_sweep_qpu_v113/samples/4jsz_Kdist4.5_Kmono9.0/psweep113_r2_20260326_005503/4jsz_ligand_report.csv,./penalty_sweep_qpu_v113/samples/4jsz_Kdist4.5_Kmono9.0/psweep113_r2_20260326_005503/4jsz_ligand_samples.json,./penalty_sweep_qpu_v113/samples/4jsz_Kdist4.5_Kmono9.0/psweep113_r2_20260326_005503/result.json
4jsz,4jsz_Kdist4.5_Kmono10.0,psweep113_r2_20260326_005503,4.5,10.0,ok,1.1483839307612418,1000,1000,1000,263,0.263,1.0,0.263,0.2138152,0.1792,Advantage2_system1.13,2599,27,./penalty_sweep_qpu_v113/samples/4jsz_Kdist4.5_Kmono10.0/psweep113_r2_20260326_005503/4jsz_ligand_report.csv,./penalty_sweep_qpu_v113/samples/4jsz_Kdist4.5_Kmono10.0/psweep113_r2_20260326_005503/4jsz_ligand_samples.json,./penalty_sweep_qpu_v113/samples/4jsz_Kdist4.5_Kmono10.0/psweep113_r2_20260326_005503/result.json
4jsz,4jsz_Kdist4.5_Kmono11.0,psweep113_r2_20260326_005503,4.5,11.0,ok,1.9434184869052584,1000,1000,1000,1,0.001,1.0,0.001,0.2118172,0.1772,Advantage2_system1.13,2687,29,./penalty_sweep_qpu_v113/samples/4jsz_Kdist4.5_Kmono11.0/psweep113_r2_20260326_005503/4jsz_ligand_report.csv,./penalty_sweep_qpu_v113/samples/4jsz_Kdist4.5_Kmono11.0/psweep113_r2_20260326_005503/4jsz_ligand_samples.json,./penalty_sweep_qpu_v113/samples/4jsz_Kdist4.5_Kmono11.0/psweep113_r2_20260326_005503/result.json
4jsz,4jsz_Kdist4.5_Kmono12.0,psweep113_r2_20260326_005503,4.5,12.0,ok,2.444140876067387,1000,1000,1000,0,0.0,1.0,0.0,0.211812,0.1772,Advantage2_system1.13,2512,27,./penalty_sweep_qpu_v113/samples/4jsz_Kdist4.5_Kmono12.0/psweep113_r2_20260326_005503/4jsz_ligand_report.csv,./penalty_sweep_qpu_v113/samples/4jsz_Kdist4.5_Kmono12.0/psweep113_r2_20260326_005503/4jsz_ligand_samples.json,./penalty_sweep_qpu_v113/samples/4jsz_Kdist4.5_Kmono12.0/psweep113_r2_20260326_005503/result.json
4jsz,4jsz_Kdist4.5_Kmono13.0,psweep113_r2_20260326_005503,4.5,13.0,ok,1.4759879584533664,1000,1000,1000,3,0.003,1.0,0.003,0.2125312,0.17792,Advantage2_system1.13,2548,28,./penalty_sweep_qpu_v113/samples/4jsz_Kdist4.5_Kmono13.0/psweep113_r2_20260326_005503/4jsz_ligand_report.csv,./penalty_sweep_qpu_v113/samples/4jsz_Kdist4.5_Kmono13.0/psweep113_r2_20260326_005503/4jsz_ligand_samples.json,./penalty_sweep_qpu_v113/samples/4jsz_Kdist4.5_Kmono13.0/psweep113_r2_20260326_005503/result.json
4jsz,4jsz_Kdist4.5_Kmono14.0,psweep113_r2_20260326_005503,4.5,14.0,ok,1.5926415768013344,1000,1000,1000,22,0.022,1.0,0.022,0.211814,0.1772,Advantage2_system1.13,2439,24,./penalty_sweep_qpu_v113/samples/4jsz_Kdist4.5_Kmono14.0/psweep113_r2_20260326_005503/4jsz_ligand_report.csv,./penalty_sweep_qpu_v113/samples/4jsz_Kdist4.5_Kmono14.0/psweep113_r2_20260326_005503/4jsz_ligand_samples.json,./penalty_sweep_qpu_v113/samples/4jsz_Kdist4.5_Kmono14.0/psweep113_r2_20260326_005503/result.json
4jsz,4jsz_Kdist4.5_Kmono15.0,psweep113_r2_20260326_005503,4.5,15.0,ok,2.887118505988445,1000,1000,1000,0,0.0,1.0,0.0,0.21253,0.17792,Advantage2_system1.13,2613,29,./penalty_sweep_qpu_v113/samples/4jsz_Kdist4.5_Kmono15.0/psweep113_r2_20260326_005503/4jsz_ligand_report.csv,./penalty_sweep_qpu_v113/samples/4jsz_Kdist4.5_Kmono15.0/psweep113_r2_20260326_005503/4jsz_ligand_samples.json,./penalty_sweep_qpu_v113/samples/4jsz_Kdist4.5_Kmono15.0/psweep113_r2_20260326_005503/result.json
4jsz,4jsz_Kdist4.5_Kmono16.0,psweep113_r2_20260326_005503,4.5,16.0,ok,1.8228847261121583,1000,1000,1000,7,0.007,1.0,0.007,0.2126264,0.17802,Advantage2_system1.13,2544,29,./penalty_sweep_qpu_v113/samples/4jsz_Kdist4.5_Kmono16.0/psweep113_r2_20260326_005503/4jsz_ligand_report.csv,./penalty_sweep_qpu_v113/samples/4jsz_Kdist4.5_Kmono16.0/psweep113_r2_20260326_005503/4jsz_ligand_samples.json,./penalty_sweep_qpu_v113/samples/4jsz_Kdist4.5_Kmono16.0/psweep113_r2_20260326_005503/result.json
4jsz,4jsz_Kdist4.5_Kmono17.0,psweep113_r2_20260326_005503,4.5,17.0,ok,2.063018875277863,1000,1000,1000,0,0.0,1.0,0.0,0.21644760000000002,0.18184,Advantage2_system1.13,2409,25,./penalty_sweep_qpu_v113/samples/4jsz_Kdist4.5_Kmono17.0/psweep113_r2_20260326_005503/4jsz_ligand_report.csv,./penalty_sweep_qpu_v113/samples/4jsz_Kdist4.5_Kmono17.0/psweep113_r2_20260326_005503/4jsz_ligand_samples.json,./penalty_sweep_qpu_v113/samples/4jsz_Kdist4.5_Kmono17.0/psweep113_r2_20260326_005503/result.json
4jsz,4jsz_Kdist4.5_Kmono18.0,psweep113_r2_20260326_005503,4.5,18.0,ok,3.651053570846567,1000,1000,1000,0,0.0,1.0,0.0,0.2112612,0.17666,Advantage2_system1.13,2355,26,./penalty_sweep_qpu_v113/samples/4jsz_Kdist4.5_Kmono18.0/psweep113_r2_20260326_005503/4jsz_ligand_report.csv,./penalty_sweep_qpu_v113/samples/4jsz_Kdist4.5_Kmono18.0/psweep113_r2_20260326_005503/4jsz_ligand_samples.json,./penalty_sweep_qpu_v113/samples/4jsz_Kdist4.5_Kmono18.0/psweep113_r2_20260326_005503/result.json
4jsz,4jsz_Kdist4.5_Kmono19.0,psweep113_r2_20260326_005503,4.5,19.0,ok,1.5080362076502345,1000,1000,1000,9,0.009,1.0,0.009,0.21580839999999998,0.1812,Advantage2_system1.13,2581,28,./penalty_sweep_qpu_v113/samples/4jsz_Kdist4.5_Kmono19.0/psweep113_r2_20260326_005503/4jsz_ligand_report.csv,./penalty_sweep_qpu_v113/samples/4jsz_Kdist4.5_Kmono19.0/psweep113_r2_20260326_005503/4jsz_ligand_samples.json,./penalty_sweep_qpu_v113/samples/4jsz_Kdist4.5_Kmono19.0/psweep113_r2_20260326_005503/result.json
4jsz,4jsz_Kdist4.5_Kmono20.0,psweep113_r2_20260326_005503,4.5,20.0,ok,2.051299088975834,1000,1000,1000,0,0.0,1.0,0.0,0.2110496,0.17644,Advantage2_system1.13,2380,25,./penalty_sweep_qpu_v113/samples/4jsz_Kdist4.5_Kmono20.0/psweep113_r2_20260326_005503/4jsz_ligand_report.csv,./penalty_sweep_qpu_v113/samples/4jsz_Kdist4.5_Kmono20.0/psweep113_r2_20260326_005503/4jsz_ligand_samples.json,./penalty_sweep_qpu_v113/samples/4jsz_Kdist4.5_Kmono20.0/psweep113_r2_20260326_005503/result.json
4jsz,4jsz_Kdist5.0_Kmono1.0,psweep113_r2_20260326_005503,5.0,1.0,ok,2.2163394536253462,1000,1000,1000,0,0.0,1.0,0.0,0.2139432,0.17934,Advantage2_system1.13,2424,25,./penalty_sweep_qpu_v113/samples/4jsz_Kdist5.0_Kmono1.0/psweep113_r2_20260326_005503/4jsz_ligand_report.csv,./penalty_sweep_qpu_v113/samples/4jsz_Kdist5.0_Kmono1.0/psweep113_r2_20260326_005503/4jsz_ligand_samples.json,./penalty_sweep_qpu_v113/samples/4jsz_Kdist5.0_Kmono1.0/psweep113_r2_20260326_005503/result.json
4jsz,4jsz_Kdist5.0_Kmono2.0,psweep113_r2_20260326_005503,5.0,2.0,ok,2.5562702366959997,1000,1000,1000,0,0.0,1.0,0.0,0.2123036,0.1777,Advantage2_system1.13,2395,26,./penalty_sweep_qpu_v113/samples/4jsz_Kdist5.0_Kmono2.0/psweep113_r2_20260326_005503/4jsz_ligand_report.csv,./penalty_sweep_qpu_v113/samples/4jsz_Kdist5.0_Kmono2.0/psweep113_r2_20260326_005503/4jsz_ligand_samples.json,./penalty_sweep_qpu_v113/samples/4jsz_Kdist5.0_Kmono2.0/psweep113_r2_20260326_005503/result.json
4jsz,4jsz_Kdist5.0_Kmono3.0,psweep113_r2_20260326_005503,5.0,3.0,ok,1.2234777061464837,1000,1000,1000,553,0.553,1.0,0.553,0.2086244,0.17402,Advantage2_system1.13,2332,26,./penalty_sweep_qpu_v113/samples/4jsz_Kdist5.0_Kmono3.0/psweep113_r2_20260326_005503/4jsz_ligand_report.csv,./penalty_sweep_qpu_v113/samples/4jsz_Kdist5.0_Kmono3.0/psweep113_r2_20260326_005503/4jsz_ligand_samples.json,./penalty_sweep_qpu_v113/samples/4jsz_Kdist5.0_Kmono3.0/psweep113_r2_20260326_005503/result.json
4jsz,4jsz_Kdist5.0_Kmono4.0,psweep113_r2_20260326_005503,5.0,4.0,ok,1.6814758726685592,1000,1000,1000,37,0.037,1.0,0.037,0.2151672,0.18056,Advantage2_system1.13,2610,29,./penalty_sweep_qpu_v113/samples/4jsz_Kdist5.0_Kmono4.0/psweep113_r2_20260326_005503/4jsz_ligand_report.csv,./penalty_sweep_qpu_v113/samples/4jsz_Kdist5.0_Kmono4.0/psweep113_r2_20260326_005503/4jsz_ligand_samples.json,./penalty_sweep_qpu_v113/samples/4jsz_Kdist5.0_Kmono4.0/psweep113_r2_20260326_005503/result.json
4jsz,4jsz_Kdist5.0_Kmono5.0,psweep113_r2_20260326_005503,5.0,5.0,ok,1.8418598101249863,1000,1000,1000,15,0.015,1.0,0.015,0.2102236,0.17562,Advantage2_system1.13,2408,26,./penalty_sweep_qpu_v113/samples/4jsz_Kdist5.0_Kmono5.0/psweep113_r2_20260326_005503/4jsz_ligand_report.csv,./penalty_sweep_qpu_v113/samples/4jsz_Kdist5.0_Kmono5.0/psweep113_r2_20260326_005503/4jsz_ligand_samples.json,./penalty_sweep_qpu_v113/samples/4jsz_Kdist5.0_Kmono5.0/psweep113_r2_20260326_005503/result.json
4jsz,4jsz_Kdist5.0_Kmono6.0,psweep113_r2_20260326_005503,5.0,6.0,ok,1.1868734255839697,1000,1000,1000,157,0.157,1.0,0.157,0.2200216,0.18542,Advantage2_system1.13,2583,29,./penalty_sweep_qpu_v113/samples/4jsz_Kdist5.0_Kmono6.0/psweep113_r2_20260326_005503/4jsz_ligand_report.csv,./penalty_sweep_qpu_v113/samples/4jsz_Kdist5.0_Kmono6.0/psweep113_r2_20260326_005503/4jsz_ligand_samples.json,./penalty_sweep_qpu_v113/samples/4jsz_Kdist5.0_Kmono6.0/psweep113_r2_20260326_005503/result.json
4jsz,4jsz_Kdist5.0_Kmono7.0,psweep113_r2_20260326_005503,5.0,7.0,ok,2.6602041148199294,1000,1000,1000,0,0.0,1.0,0.0,0.210168,0.17556,Advantage2_system1.13,2442,26,./penalty_sweep_qpu_v113/samples/4jsz_Kdist5.0_Kmono7.0/psweep113_r2_20260326_005503/4jsz_ligand_report.csv,./penalty_sweep_qpu_v113/samples/4jsz_Kdist5.0_Kmono7.0/psweep113_r2_20260326_005503/4jsz_ligand_samples.json,./penalty_sweep_qpu_v113/samples/4jsz_Kdist5.0_Kmono7.0/psweep113_r2_20260326_005503/result.json
4jsz,4jsz_Kdist5.0_Kmono8.0,psweep113_r2_20260326_005503,5.0,8.0,ok,2.1630519358454503,1000,1000,1000,0,0.0,1.0,0.0,0.2138136,0.1792,Advantage2_system1.13,2749,30,./penalty_sweep_qpu_v113/samples/4jsz_Kdist5.0_Kmono8.0/psweep113_r2_20260326_005503/4jsz_ligand_report.csv,./penalty_sweep_qpu_v113/samples/4jsz_Kdist5.0_Kmono8.0/psweep113_r2_20260326_005503/4jsz_ligand_samples.json,./penalty_sweep_qpu_v113/samples/4jsz_Kdist5.0_Kmono8.0/psweep113_r2_20260326_005503/result.json
4jsz,4jsz_Kdist5.0_Kmono9.0,psweep113_r2_20260326_005503,5.0,9.0,ok,3.2666287799871876,1000,1000,1000,0,0.0,1.0,0.0,0.2162076,0.1816,Advantage2_system1.13,2571,26,./penalty_sweep_qpu_v113/samples/4jsz_Kdist5.0_Kmono9.0/psweep113_r2_20260326_005503/4jsz_ligand_report.csv,./penalty_sweep_qpu_v113/samples/4jsz_Kdist5.0_Kmono9.0/psweep113_r2_20260326_005503/4jsz_ligand_samples.json,./penalty_sweep_qpu_v113/samples/4jsz_Kdist5.0_Kmono9.0/psweep113_r2_20260326_005503/result.json
4jsz,4jsz_Kdist5.0_Kmono10.0,psweep113_r2_20260326_005503,5.0,10.0,ok,2.1146993560455956,1000,1000,1000,0,0.0,1.0,0.0,0.2159436,0.18134,Advantage2_system1.13,2501,28,./penalty_sweep_qpu_v113/samples/4jsz_Kdist5.0_Kmono10.0/psweep113_r2_20260326_005503/4jsz_ligand_report.csv,./penalty_sweep_qpu_v113/samples/4jsz_Kdist5.0_Kmono10.0/psweep113_r2_20260326_005503/4jsz_ligand_samples.json,./penalty_sweep_qpu_v113/samples/4jsz_Kdist5.0_Kmono10.0/psweep113_r2_20260326_005503/result.json
4jsz,4jsz_Kdist5.0_Kmono11.0,psweep113_r2_20260326_005503,5.0,11.0,ok,1.9741752912582438,1000,1000,1000,1,0.001,1.0,0.001,0.2176204,0.18302,Advantage2_system1.13,2535,28,./penalty_sweep_qpu_v113/samples/4jsz_Kdist5.0_Kmono11.0/psweep113_r2_20260326_005503/4jsz_ligand_report.csv,./penalty_sweep_qpu_v113/samples/4jsz_Kdist5.0_Kmono11.0/psweep113_r2_20260326_005503/4jsz_ligand_samples.json,./penalty_sweep_qpu_v113/samples/4jsz_Kdist5.0_Kmono11.0/psweep113_r2_20260326_005503/result.json
4jsz,4jsz_Kdist5.0_Kmono12.0,psweep113_r2_20260326_005503,5.0,12.0,ok,1.7446484681795726,1000,1000,1000,1,0.001,1.0,0.001,0.21748920000000002,0.18288,Advantage2_system1.13,2521,27,./penalty_sweep_qpu_v113/samples/4jsz_Kdist5.0_Kmono12.0/psweep113_r2_20260326_005503/4jsz_ligand_report.csv,./penalty_sweep_qpu_v113/samples/4jsz_Kdist5.0_Kmono12.0/psweep113_r2_20260326_005503/4jsz_ligand_samples.json,./penalty_sweep_qpu_v113/samples/4jsz_Kdist5.0_Kmono12.0/psweep113_r2_20260326_005503/result.json
4jsz,4jsz_Kdist5.0_Kmono13.0,psweep113_r2_20260326_005503,5.0,13.0,ok,2.1537051990534986,1000,1000,1000,0,0.0,1.0,0.0,0.21598879999999998,0.18138,Advantage2_system1.13,2343,26,./penalty_sweep_qpu_v113/samples/4jsz_Kdist5.0_Kmono13.0/psweep113_r2_20260326_005503/4jsz_ligand_report.csv,./penalty_sweep_qpu_v113/samples/4jsz_Kdist5.0_Kmono13.0/psweep113_r2_20260326_005503/4jsz_ligand_samples.json,./penalty_sweep_qpu_v113/samples/4jsz_Kdist5.0_Kmono13.0/psweep113_r2_20260326_005503/result.json
4jsz,4jsz_Kdist5.0_Kmono14.0,psweep113_r2_20260326_005503,5.0,14.0,ok,1.2615982320076773,1000,1000,1000,217,0.217,1.0,0.217,0.21276479999999998,0.17816,Advantage2_system1.13,2769,29,./penalty_sweep_qpu_v113/samples/4jsz_Kdist5.0_Kmono14.0/psweep113_r2_20260326_005503/4jsz_ligand_report.csv,./penalty_sweep_qpu_v113/samples/4jsz_Kdist5.0_Kmono14.0/psweep113_r2_20260326_005503/4jsz_ligand_samples.json,./penalty_sweep_qpu_v113/samples/4jsz_Kdist5.0_Kmono14.0/psweep113_r2_20260326_005503/result.json
4jsz,4jsz_Kdist5.0_Kmono15.0,psweep113_r2_20260326_005503,5.0,15.0,ok,1.6426893037989927,1000,1000,1000,177,0.177,1.0,0.177,0.2096704,0.17506,Advantage2_system1.13,2788,31,./penalty_sweep_qpu_v113/samples/4jsz_Kdist5.0_Kmono15.0/psweep113_r2_20260326_005503/4jsz_ligand_report.csv,./penalty_sweep_qpu_v113/samples/4jsz_Kdist5.0_Kmono15.0/psweep113_r2_20260326_005503/4jsz_ligand_samples.json,./penalty_sweep_qpu_v113/samples/4jsz_Kdist5.0_Kmono15.0/psweep113_r2_20260326_005503/result.json
4jsz,4jsz_Kdist5.0_Kmono16.0,psweep113_r2_20260326_005503,5.0,16.0,ok,1.3773006411961748,1000,1000,1000,288,0.288,1.0,0.288,0.2123844,0.17778,Advantage2_system1.13,2761,29,./penalty_sweep_qpu_v113/samples/4jsz_Kdist5.0_Kmono16.0/psweep113_r2_20260326_005503/4jsz_ligand_report.csv,./penalty_sweep_qpu_v113/samples/4jsz_Kdist5.0_Kmono16.0/psweep113_r2_20260326_005503/4jsz_ligand_samples.json,./penalty_sweep_qpu_v113/samples/4jsz_Kdist5.0_Kmono16.0/psweep113_r2_20260326_005503/result.json
4jsz,4jsz_Kdist5.0_Kmono17.0,psweep113_r2_20260326_005503,5.0,17.0,ok,2.4073630512807425,1000,1000,1000,0,0.0,1.0,0.0,0.21051879999999998,0.17592,Advantage2_system1.13,2277,24,./penalty_sweep_qpu_v113/samples/4jsz_Kdist5.0_Kmono17.0/psweep113_r2_20260326_005503/4jsz_ligand_report.csv,./penalty_sweep_qpu_v113/samples/4jsz_Kdist5.0_Kmono17.0/psweep113_r2_20260326_005503/4jsz_ligand_samples.json,./penalty_sweep_qpu_v113/samples/4jsz_Kdist5.0_Kmono17.0/psweep113_r2_20260326_005503/result.json
4jsz,4jsz_Kdist5.0_Kmono18.0,psweep113_r2_20260326_005503,5.0,18.0,ok,1.5871713375920822,1000,1000,1000,8,0.008,1.0,0.008,0.2147056,0.1801,Advantage2_system1.13,2385,26,./penalty_sweep_qpu_v113/samples/4jsz_Kdist5.0_Kmono18.0/psweep113_r2_20260326_005503/4jsz_ligand_report.csv,./penalty_sweep_qpu_v113/samples/4jsz_Kdist5.0_Kmono18.0/psweep113_r2_20260326_005503/4jsz_ligand_samples.json,./penalty_sweep_qpu_v113/samples/4jsz_Kdist5.0_Kmono18.0/psweep113_r2_20260326_005503/result.json
4jsz,4jsz_Kdist5.0_Kmono19.0,psweep113_r2_20260326_005503,5.0,19.0,ok,2.0356406656349,1000,1000,1000,0,0.0,1.0,0.0,0.21416120000000002,0.17956,Advantage2_system1.13,2415,26,./penalty_sweep_qpu_v113/samples/4jsz_Kdist5.0_Kmono19.0/psweep113_r2_20260326_005503/4jsz_ligand_report.csv,./penalty_sweep_qpu_v113/samples/4jsz_Kdist5.0_Kmono19.0/psweep113_r2_20260326_005503/4jsz_ligand_samples.json,./penalty_sweep_qpu_v113/samples/4jsz_Kdist5.0_Kmono19.0/psweep113_r2_20260326_005503/result.json
4jsz,4jsz_Kdist5.0_Kmono20.0,psweep113_r2_20260326_005503,5.0,20.0,ok,1.2470328311945955,1000,1000,1000,107,0.107,1.0,0.107,0.2179856,0.18338,Advantage2_system1.13,2356,26,./penalty_sweep_qpu_v113/samples/4jsz_Kdist5.0_Kmono20.0/psweep113_r2_20260326_005503/4jsz_ligand_report.csv,./penalty_sweep_qpu_v113/samples/4jsz_Kdist5.0_Kmono20.0/psweep113_r2_20260326_005503/4jsz_ligand_samples.json,./penalty_sweep_qpu_v113/samples/4jsz_Kdist5.0_Kmono20.0/psweep113_r2_20260326_005503/result.json
4jsz,4jsz_Kdist5.5_Kmono1.0,psweep113_r2_20260326_005503,5.5,1.0,ok,2.979910385780783,1000,1000,1000,0,0.0,1.0,0.0,0.2183848,0.18378,Advantage2_system1.13,2507,28,./penalty_sweep_qpu_v113/samples/4jsz_Kdist5.5_Kmono1.0/psweep113_r2_20260326_005503/4jsz_ligand_report.csv,./penalty_sweep_qpu_v113/samples/4jsz_Kdist5.5_Kmono1.0/psweep113_r2_20260326_005503/4jsz_ligand_samples.json,./penalty_sweep_qpu_v113/samples/4jsz_Kdist5.5_Kmono1.0/psweep113_r2_20260326_005503/result.json
4jsz,4jsz_Kdist5.5_Kmono2.0,psweep113_r2_20260326_005503,5.5,2.0,ok,2.839154180482711,1000,1000,1000,0,0.0,1.0,0.0,0.2048804,0.17028,Advantage2_system1.13,2327,26,./penalty_sweep_qpu_v113/samples/4jsz_Kdist5.5_Kmono2.0/psweep113_r2_20260326_005503/4jsz_ligand_report.csv,./penalty_sweep_qpu_v113/samples/4jsz_Kdist5.5_Kmono2.0/psweep113_r2_20260326_005503/4jsz_ligand_samples.json,./penalty_sweep_qpu_v113/samples/4jsz_Kdist5.5_Kmono2.0/psweep113_r2_20260326_005503/result.json
4jsz,4jsz_Kdist5.5_Kmono3.0,psweep113_r2_20260326_005503,5.5,3.0,ok,1.9353941587096162,1000,1000,1000,2,0.002,1.0,0.002,0.21070360000000002,0.1761,Advantage2_system1.13,2625,29,./penalty_sweep_qpu_v113/samples/4jsz_Kdist5.5_Kmono3.0/psweep113_r2_20260326_005503/4jsz_ligand_report.csv,./penalty_sweep_qpu_v113/samples/4jsz_Kdist5.5_Kmono3.0/psweep113_r2_20260326_005503/4jsz_ligand_samples.json,./penalty_sweep_qpu_v113/samples/4jsz_Kdist5.5_Kmono3.0/psweep113_r2_20260326_005503/result.json
4jsz,4jsz_Kdist5.5_Kmono4.0,psweep113_r2_20260326_005503,5.5,4.0,ok,2.4599319855406203,1000,1000,1000,0,0.0,1.0,0.0,0.2157232,0.18112,Advantage2_system1.13,2352,25,./penalty_sweep_qpu_v113/samples/4jsz_Kdist5.5_Kmono4.0/psweep113_r2_20260326_005503/4jsz_ligand_report.csv,./penalty_sweep_qpu_v113/samples/4jsz_Kdist5.5_Kmono4.0/psweep113_r2_20260326_005503/4jsz_ligand_samples.json,./penalty_sweep_qpu_v113/samples/4jsz_Kdist5.5_Kmono4.0/psweep113_r2_20260326_005503/result.json
4jsz,4jsz_Kdist5.5_Kmono5.0,psweep113_r2_20260326_005503,5.5,5.0,ok,1.276009270485704,1000,1000,1000,20,0.02,1.0,0.02,0.2123892,0.17778,Advantage2_system1.13,2656,29,./penalty_sweep_qpu_v113/samples/4jsz_Kdist5.5_Kmono5.0/psweep113_r2_20260326_005503/4jsz_ligand_report.csv,./penalty_sweep_qpu_v113/samples/4jsz_Kdist5.5_Kmono5.0/psweep113_r2_20260326_005503/4jsz_ligand_samples.json,./penalty_sweep_qpu_v113/samples/4jsz_Kdist5.5_Kmono5.0/psweep113_r2_20260326_005503/result.json
4jsz,4jsz_Kdist5.5_Kmono6.0,psweep113_r2_20260326_005503,5.5,6.0,ok,2.5526124419192104,1000,1000,1000,0,0.0,1.0,0.0,0.2115296,0.17692,Advantage2_system1.13,2513,27,./penalty_sweep_qpu_v113/samples/4jsz_Kdist5.5_Kmono6.0/psweep113_r2_20260326_005503/4jsz_ligand_report.csv,./penalty_sweep_qpu_v113/samples/4jsz_Kdist5.5_Kmono6.0/psweep113_r2_20260326_005503/4jsz_ligand_samples.json,./penalty_sweep_qpu_v113/samples/4jsz_Kdist5.5_Kmono6.0/psweep113_r2_20260326_005503/result.json
4jsz,4jsz_Kdist5.5_Kmono7.0,psweep113_r2_20260326_005503,5.5,7.0,ok,1.4012317355308965,1000,1000,1000,158,0.158,1.0,0.158,0.2148464,0.18024,Advantage2_system1.13,2603,29,./penalty_sweep_qpu_v113/samples/4jsz_Kdist5.5_Kmono7.0/psweep113_r2_20260326_005503/4jsz_ligand_report.csv,./penalty_sweep_qpu_v113/samples/4jsz_Kdist5.5_Kmono7.0/psweep113_r2_20260326_005503/4jsz_ligand_samples.json,./penalty_sweep_qpu_v113/samples/4jsz_Kdist5.5_Kmono7.0/psweep113_r2_20260326_005503/result.json
4jsz,4jsz_Kdist5.5_Kmono8.0,psweep113_r2_20260326_005503,5.5,8.0,ok,2.7346596857653065,1000,1000,1000,0,0.0,1.0,0.0,0.2145216,0.17992,Advantage2_system1.13,2523,27,./penalty_sweep_qpu_v113/samples/4jsz_Kdist5.5_Kmono8.0/psweep113_r2_20260326_005503/4jsz_ligand_report.csv,./penalty_sweep_qpu_v113/samples/4jsz_Kdist5.5_Kmono8.0/psweep113_r2_20260326_005503/4jsz_ligand_samples.json,./penalty_sweep_qpu_v113/samples/4jsz_Kdist5.5_Kmono8.0/psweep113_r2_20260326_005503/result.json
4jsz,4jsz_Kdist5.5_Kmono9.0,psweep113_r2_20260326_005503,5.5,9.0,ok,2.318281203788818,1000,1000,1000,0,0.0,1.0,0.0,0.2139512,0.17934,Advantage2_system1.13,2479,28,./penalty_sweep_qpu_v113/samples/4jsz_Kdist5.5_Kmono9.0/psweep113_r2_20260326_005503/4jsz_ligand_report.csv,./penalty_sweep_qpu_v113/samples/4jsz_Kdist5.5_Kmono9.0/psweep113_r2_20260326_005503/4jsz_ligand_samples.json,./penalty_sweep_qpu_v113/samples/4jsz_Kdist5.5_Kmono9.0/psweep113_r2_20260326_005503/result.json
4jsz,4jsz_Kdist5.5_Kmono10.0,psweep113_r2_20260326_005503,5.5,10.0,ok,1.9446998154994264,1000,1000,1000,3,0.003,1.0,0.003,0.21509,0.18048,Advantage2_system1.13,2566,28,./penalty_sweep_qpu_v113/samples/4jsz_Kdist5.5_Kmono10.0/psweep113_r2_20260326_005503/4jsz_ligand_report.csv,./penalty_sweep_qpu_v113/samples/4jsz_Kdist5.5_Kmono10.0/psweep113_r2_20260326_005503/4jsz_ligand_samples.json,./penalty_sweep_qpu_v113/samples/4jsz_Kdist5.5_Kmono10.0/psweep113_r2_20260326_005503/result.json
4jsz,4jsz_Kdist5.5_Kmono11.0,psweep113_r2_20260326_005503,5.5,11.0,ok,2.232246253707511,1000,1000,1000,0,0.0,1.0,0.0,0.21040520000000001,0.1758,Advantage2_system1.13,2467,26,./penalty_sweep_qpu_v113/samples/4jsz_Kdist5.5_Kmono11.0/psweep113_r2_20260326_005503/4jsz_ligand_report.csv,./penalty_sweep_qpu_v113/samples/4jsz_Kdist5.5_Kmono11.0/psweep113_r2_20260326_005503/4jsz_ligand_samples.json,./penalty_sweep_qpu_v113/samples/4jsz_Kdist5.5_Kmono11.0/psweep113_r2_20260326_005503/result.json
4jsz,4jsz_Kdist5.5_Kmono12.0,psweep113_r2_20260326_005503,5.5,12.0,ok,2.3518151059183032,1000,1000,1000,0,0.0,1.0,0.0,0.218884,0.18428,Advantage2_system1.13,2376,25,./penalty_sweep_qpu_v113/samples/4jsz_Kdist5.5_Kmono12.0/psweep113_r2_20260326_005503/4jsz_ligand_report.csv,./penalty_sweep_qpu_v113/samples/4jsz_Kdist5.5_Kmono12.0/psweep113_r2_20260326_005503/4jsz_ligand_samples.json,./penalty_sweep_qpu_v113/samples/4jsz_Kdist5.5_Kmono12.0/psweep113_r2_20260326_005503/result.json
4jsz,4jsz_Kdist5.5_Kmono13.0,psweep113_r2_20260326_005503,5.5,13.0,ok,2.855669143317508,1000,1000,1000,0,0.0,1.0,0.0,0.2176332,0.18302,Advantage2_system1.13,3034,33,./penalty_sweep_qpu_v113/samples/4jsz_Kdist5.5_Kmono13.0/psweep113_r2_20260326_005503/4jsz_ligand_report.csv,./penalty_sweep_qpu_v113/samples/4jsz_Kdist5.5_Kmono13.0/psweep113_r2_20260326_005503/4jsz_ligand_samples.json,./penalty_sweep_qpu_v113/samples/4jsz_Kdist5.5_Kmono13.0/psweep113_r2_20260326_005503/result.json
4jsz,4jsz_Kdist5.5_Kmono14.0,psweep113_r2_20260326_005503,5.5,14.0,ok,1.9412984340885977,1000,1000,1000,1,0.001,1.0,0.001,0.21316960000000001,0.17856,Advantage2_system1.13,2465,24,./penalty_sweep_qpu_v113/samples/4jsz_Kdist5.5_Kmono14.0/psweep113_r2_20260326_005503/4jsz_ligand_report.csv,./penalty_sweep_qpu_v113/samples/4jsz_Kdist5.5_Kmono14.0/psweep113_r2_20260326_005503/4jsz_ligand_samples.json,./penalty_sweep_qpu_v113/samples/4jsz_Kdist5.5_Kmono14.0/psweep113_r2_20260326_005503/result.json
4jsz,4jsz_Kdist5.5_Kmono15.0,psweep113_r2_20260326_005503,5.5,15.0,ok,1.9795776956458673,1000,1000,1000,1,0.001,1.0,0.001,0.2141652,0.17956,Advantage2_system1.13,2387,26,./penalty_sweep_qpu_v113/samples/4jsz_Kdist5.5_Kmono15.0/psweep113_r2_20260326_005503/4jsz_ligand_report.csv,./penalty_sweep_qpu_v113/samples/4jsz_Kdist5.5_Kmono15.0/psweep113_r2_20260326_005503/4jsz_ligand_samples.json,./penalty_sweep_qpu_v113/samples/4jsz_Kdist5.5_Kmono15.0/psweep113_r2_20260326_005503/result.json
4jsz,4jsz_Kdist5.5_Kmono16.0,psweep113_r2_20260326_005503,5.5,16.0,ok,3.7854461354268585,1000,1000,1000,0,0.0,1.0,0.0,0.21034160000000002,0.17574,Advantage2_system1.13,2433,26,./penalty_sweep_qpu_v113/samples/4jsz_Kdist5.5_Kmono16.0/psweep113_r2_20260326_005503/4jsz_ligand_report.csv,./penalty_sweep_qpu_v113/samples/4jsz_Kdist5.5_Kmono16.0/psweep113_r2_20260326_005503/4jsz_ligand_samples.json,./penalty_sweep_qpu_v113/samples/4jsz_Kdist5.5_Kmono16.0/psweep113_r2_20260326_005503/result.json
4jsz,4jsz_Kdist5.5_Kmono17.0,psweep113_r2_20260326_005503,5.5,17.0,ok,1.7372554637133384,1000,1000,1000,5,0.005,1.0,0.005,0.212026,0.17742,Advantage2_system1.13,2561,28,./penalty_sweep_qpu_v113/samples/4jsz_Kdist5.5_Kmono17.0/psweep113_r2_20260326_005503/4jsz_ligand_report.csv,./penalty_sweep_qpu_v113/samples/4jsz_Kdist5.5_Kmono17.0/psweep113_r2_20260326_005503/4jsz_ligand_samples.json,./penalty_sweep_qpu_v113/samples/4jsz_Kdist5.5_Kmono17.0/psweep113_r2_20260326_005503/result.json
4jsz,4jsz_Kdist5.5_Kmono18.0,psweep113_r2_20260326_005503,5.5,18.0,ok,1.2731920923635995,1000,1000,1000,3,0.003,1.0,0.003,0.21049,0.17588,Advantage2_system1.13,2448,26,./penalty_sweep_qpu_v113/samples/4jsz_Kdist5.5_Kmono18.0/psweep113_r2_20260326_005503/4jsz_ligand_report.csv,./penalty_sweep_qpu_v113/samples/4jsz_Kdist5.5_Kmono18.0/psweep113_r2_20260326_005503/4jsz_ligand_samples.json,./penalty_sweep_qpu_v113/samples/4jsz_Kdist5.5_Kmono18.0/psweep113_r2_20260326_005503/result.json
4jsz,4jsz_Kdist5.5_Kmono19.0,psweep113_r2_20260326_005503,5.5,19.0,ok,3.5575590087800713,1000,1000,1000,0,0.0,1.0,0.0,0.2096644,0.17506,Advantage2_system1.13,2361,24,./penalty_sweep_qpu_v113/samples/4jsz_Kdist5.5_Kmono19.0/psweep113_r2_20260326_005503/4jsz_ligand_report.csv,./penalty_sweep_qpu_v113/samples/4jsz_Kdist5.5_Kmono19.0/psweep113_r2_20260326_005503/4jsz_ligand_samples.json,./penalty_sweep_qpu_v113/samples/4jsz_Kdist5.5_Kmono19.0/psweep113_r2_20260326_005503/result.json
4jsz,4jsz_Kdist5.5_Kmono20.0,psweep113_r2_20260326_005503,5.5,20.0,ok,1.979361963235912,1000,1000,1000,1,0.001,1.0,0.001,0.21534879999999998,0.18074,Advantage2_system1.13,2636,29,./penalty_sweep_qpu_v113/samples/4jsz_Kdist5.5_Kmono20.0/psweep113_r2_20260326_005503/4jsz_ligand_report.csv,./penalty_sweep_qpu_v113/samples/4jsz_Kdist5.5_Kmono20.0/psweep113_r2_20260326_005503/4jsz_ligand_samples.json,./penalty_sweep_qpu_v113/samples/4jsz_Kdist5.5_Kmono20.0/psweep113_r2_20260326_005503/result.json
4jsz,4jsz_Kdist6.0_Kmono1.0,psweep113_r2_20260326_005503,6.0,1.0,ok,3.1759827119989854,1000,1000,1000,0,0.0,1.0,0.0,0.215994,0.18138,Advantage2_system1.13,2716,30,./penalty_sweep_qpu_v113/samples/4jsz_Kdist6.0_Kmono1.0/psweep113_r2_20260326_005503/4jsz_ligand_report.csv,./penalty_sweep_qpu_v113/samples/4jsz_Kdist6.0_Kmono1.0/psweep113_r2_20260326_005503/4jsz_ligand_samples.json,./penalty_sweep_qpu_v113/samples/4jsz_Kdist6.0_Kmono1.0/psweep113_r2_20260326_005503/result.json
4jsz,4jsz_Kdist6.0_Kmono2.0,psweep113_r2_20260326_005503,6.0,2.0,ok,2.2322061880933814,1000,1000,1000,0,0.0,1.0,0.0,0.21531039999999999,0.1807,Advantage2_system1.13,2389,24,./penalty_sweep_qpu_v113/samples/4jsz_Kdist6.0_Kmono2.0/psweep113_r2_20260326_005503/4jsz_ligand_report.csv,./penalty_sweep_qpu_v113/samples/4jsz_Kdist6.0_Kmono2.0/psweep113_r2_20260326_005503/4jsz_ligand_samples.json,./penalty_sweep_qpu_v113/samples/4jsz_Kdist6.0_Kmono2.0/psweep113_r2_20260326_005503/result.json
4jsz,4jsz_Kdist6.0_Kmono3.0,psweep113_r2_20260326_005503,6.0,3.0,ok,4.198774075860799,1000,1000,1000,0,0.0,1.0,0.0,0.216708,0.1821,Advantage2_system1.13,2336,25,./penalty_sweep_qpu_v113/samples/4jsz_Kdist6.0_Kmono3.0/psweep113_r2_20260326_005503/4jsz_ligand_report.csv,./penalty_sweep_qpu_v113/samples/4jsz_Kdist6.0_Kmono3.0/psweep113_r2_20260326_005503/4jsz_ligand_samples.json,./penalty_sweep_qpu_v113/samples/4jsz_Kdist6.0_Kmono3.0/psweep113_r2_20260326_005503/result.json
4jsz,4jsz_Kdist6.0_Kmono4.0,psweep113_r2_20260326_005503,6.0,4.0,ok,2.4330854148493266,1000,1000,1000,0,0.0,1.0,0.0,0.2121676,0.17756,Advantage2_system1.13,2565,27,./penalty_sweep_qpu_v113/samples/4jsz_Kdist6.0_Kmono4.0/psweep113_r2_20260326_005503/4jsz_ligand_report.csv,./penalty_sweep_qpu_v113/samples/4jsz_Kdist6.0_Kmono4.0/psweep113_r2_20260326_005503/4jsz_ligand_samples.json,./penalty_sweep_qpu_v113/samples/4jsz_Kdist6.0_Kmono4.0/psweep113_r2_20260326_005503/result.json
4jsz,4jsz_Kdist6.0_Kmono5.0,psweep113_r2_20260326_005503,6.0,5.0,ok,1.850586729689707,1000,1000,1000,1,0.001,1.0,0.001,0.2120308,0.17742,Advantage2_system1.13,2474,27,./penalty_sweep_qpu_v113/samples/4jsz_Kdist6.0_Kmono5.0/psweep113_r2_20260326_005503/4jsz_ligand_report.csv,./penalty_sweep_qpu_v113/samples/4jsz_Kdist6.0_Kmono5.0/psweep113_r2_20260326_005503/4jsz_ligand_samples.json,./penalty_sweep_qpu_v113/samples/4jsz_Kdist6.0_Kmono5.0/psweep113_r2_20260326_005503/result.json
4jsz,4jsz_Kdist6.0_Kmono6.0,psweep113_r2_20260326_005503,6.0,6.0,ok,1.880732488666162,1000,1000,1000,6,0.006,1.0,0.006,0.21288279999999998,0.17828,Advantage2_system1.13,2385,26,./penalty_sweep_qpu_v113/samples/4jsz_Kdist6.0_Kmono6.0/psweep113_r2_20260326_005503/4jsz_ligand_report.csv,./penalty_sweep_qpu_v113/samples/4jsz_Kdist6.0_Kmono6.0/psweep113_r2_20260326_005503/4jsz_ligand_samples.json,./penalty_sweep_qpu_v113/samples/4jsz_Kdist6.0_Kmono6.0/psweep113_r2_20260326_005503/result.json
4jsz,4jsz_Kdist6.0_Kmono7.0,psweep113_r2_20260326_005503,6.0,7.0,ok,1.8787928804064133,1000,1000,1000,3,0.003,1.0,0.003,0.20962920000000002,0.17502,Advantage2_system1.13,2416,25,./penalty_sweep_qpu_v113/samples/4jsz_Kdist6.0_Kmono7.0/psweep113_r2_20260326_005503/4jsz_ligand_report.csv,./penalty_sweep_qpu_v113/samples/4jsz_Kdist6.0_Kmono7.0/psweep113_r2_20260326_005503/4jsz_ligand_samples.json,./penalty_sweep_qpu_v113/samples/4jsz_Kdist6.0_Kmono7.0/psweep113_r2_20260326_005503/result.json
4jsz,4jsz_Kdist6.0_Kmono8.0,psweep113_r2_20260326_005503,6.0,8.0,ok,4.3369652911583865,1000,1000,1000,0,0.0,1.0,0.0,0.210412,0.1758,Advantage2_system1.13,2454,27,./penalty_sweep_qpu_v113/samples/4jsz_Kdist6.0_Kmono8.0/psweep113_r2_20260326_005503/4jsz_ligand_report.csv,./penalty_sweep_qpu_v113/samples/4jsz_Kdist6.0_Kmono8.0/psweep113_r2_20260326_005503/4jsz_ligand_samples.json,./penalty_sweep_qpu_v113/samples/4jsz_Kdist6.0_Kmono8.0/psweep113_r2_20260326_005503/result.json
4jsz,4jsz_Kdist6.0_Kmono9.0,psweep113_r2_20260326_005503,6.0,9.0,ok,1.351737842592062,1000,1000,1000,34,0.034,1.0,0.034,0.2182744,0.18366,Advantage2_system1.13,2621,30,./penalty_sweep_qpu_v113/samples/4jsz_Kdist6.0_Kmono9.0/psweep113_r2_20260326_005503/4jsz_ligand_report.csv,./penalty_sweep_qpu_v113/samples/4jsz_Kdist6.0_Kmono9.0/psweep113_r2_20260326_005503/4jsz_ligand_samples.json,./penalty_sweep_qpu_v113/samples/4jsz_Kdist6.0_Kmono9.0/psweep113_r2_20260326_005503/result.json
4jsz,4jsz_Kdist6.0_Kmono10.0,psweep113_r2_20260326_005503,6.0,10.0,ok,2.5786072174805414,1000,1000,1000,0,0.0,1.0,0.0,0.210526,0.17592,Advantage2_system1.13,2419,26,./penalty_sweep_qpu_v113/samples/4jsz_Kdist6.0_Kmono10.0/psweep113_r2_20260326_005503/4jsz_ligand_report.csv,./penalty_sweep_qpu_v113/samples/4jsz_Kdist6.0_Kmono10.0/psweep113_r2_20260326_005503/4jsz_ligand_samples.json,./penalty_sweep_qpu_v113/samples/4jsz_Kdist6.0_Kmono10.0/psweep113_r2_20260326_005503/result.json
4jsz,4jsz_Kdist6.0_Kmono11.0,psweep113_r2_20260326_005503,6.0,11.0,ok,3.063759414273289,1000,1000,1000,0,0.0,1.0,0.0,0.2165868,0.18198,Advantage2_system1.13,2720,30,./penalty_sweep_qpu_v113/samples/4jsz_Kdist6.0_Kmono11.0/psweep113_r2_20260326_005503/4jsz_ligand_report.csv,./penalty_sweep_qpu_v113/samples/4jsz_Kdist6.0_Kmono11.0/psweep113_r2_20260326_005503/4jsz_ligand_samples.json,./penalty_sweep_qpu_v113/samples/4jsz_Kdist6.0_Kmono11.0/psweep113_r2_20260326_005503/result.json
4jsz,4jsz_Kdist6.0_Kmono12.0,psweep113_r2_20260326_005503,6.0,12.0,ok,3.0163171562460906,1000,1000,1000,0,0.0,1.0,0.0,0.210706,0.1761,Advantage2_system1.13,2669,30,./penalty_sweep_qpu_v113/samples/4jsz_Kdist6.0_Kmono12.0/psweep113_r2_20260326_005503/4jsz_ligand_report.csv,./penalty_sweep_qpu_v113/samples/4jsz_Kdist6.0_Kmono12.0/psweep113_r2_20260326_005503/4jsz_ligand_samples.json,./penalty_sweep_qpu_v113/samples/4jsz_Kdist6.0_Kmono12.0/psweep113_r2_20260326_005503/result.json
4jsz,4jsz_Kdist6.0_Kmono13.0,psweep113_r2_20260326_005503,6.0,13.0,ok,1.5947014992231194,1000,1000,1000,113,0.113,1.0,0.113,0.2172124,0.1826,Advantage2_system1.13,2640,29,./penalty_sweep_qpu_v113/samples/4jsz_Kdist6.0_Kmono13.0/psweep113_r2_20260326_005503/4jsz_ligand_report.csv,./penalty_sweep_qpu_v113/samples/4jsz_Kdist6.0_Kmono13.0/psweep113_r2_20260326_005503/4jsz_ligand_samples.json,./penalty_sweep_qpu_v113/samples/4jsz_Kdist6.0_Kmono13.0/psweep113_r2_20260326_005503/result.json
4jsz,4jsz_Kdist6.0_Kmono14.0,psweep113_r2_20260326_005503,6.0,14.0,ok,1.5057907813007514,1000,1000,1000,6,0.006,1.0,0.006,0.2104444,0.17584,Advantage2_system1.13,2695,29,./penalty_sweep_qpu_v113/samples/4jsz_Kdist6.0_Kmono14.0/psweep113_r2_20260326_005503/4jsz_ligand_report.csv,./penalty_sweep_qpu_v113/samples/4jsz_Kdist6.0_Kmono14.0/psweep113_r2_20260326_005503/4jsz_ligand_samples.json,./penalty_sweep_qpu_v113/samples/4jsz_Kdist6.0_Kmono14.0/psweep113_r2_20260326_005503/result.json
4jsz,4jsz_Kdist6.0_Kmono15.0,psweep113_r2_20260326_005503,6.0,15.0,ok,1.9465752905577471,1000,1000,1000,1,0.001,1.0,0.001,0.21254920000000002,0.17794,Advantage2_system1.13,2657,31,./penalty_sweep_qpu_v113/samples/4jsz_Kdist6.0_Kmono15.0/psweep113_r2_20260326_005503/4jsz_ligand_report.csv,./penalty_sweep_qpu_v113/samples/4jsz_Kdist6.0_Kmono15.0/psweep113_r2_20260326_005503/4jsz_ligand_samples.json,./penalty_sweep_qpu_v113/samples/4jsz_Kdist6.0_Kmono15.0/psweep113_r2_20260326_005503/result.json
4jsz,4jsz_Kdist6.0_Kmono16.0,psweep113_r2_20260326_005503,6.0,16.0,ok,2.204397028130343,1000,1000,1000,0,0.0,1.0,0.0,0.2096676,0.17506,Advantage2_system1.13,2688,29,./penalty_sweep_qpu_v113/samples/4jsz_Kdist6.0_Kmono16.0/psweep113_r2_20260326_005503/4jsz_ligand_report.csv,./penalty_sweep_qpu_v113/samples/4jsz_Kdist6.0_Kmono16.0/psweep113_r2_20260326_005503/4jsz_ligand_samples.json,./penalty_sweep_qpu_v113/samples/4jsz_Kdist6.0_Kmono16.0/psweep113_r2_20260326_005503/result.json
4jsz,4jsz_Kdist6.0_Kmono17.0,psweep113_r2_20260326_005503,6.0,17.0,ok,1.3936280436565371,1000,1000,1000,23,0.023,1.0,0.023,0.2181328,0.18352,Advantage2_system1.13,2792,30,./penalty_sweep_qpu_v113/samples/4jsz_Kdist6.0_Kmono17.0/psweep113_r2_20260326_005503/4jsz_ligand_report.csv,./penalty_sweep_qpu_v113/samples/4jsz_Kdist6.0_Kmono17.0/psweep113_r2_20260326_005503/4jsz_ligand_samples.json,./penalty_sweep_qpu_v113/samples/4jsz_Kdist6.0_Kmono17.0/psweep113_r2_20260326_005503/result.json
4jsz,4jsz_Kdist6.0_Kmono18.0,psweep113_r2_20260326_005503,6.0,18.0,ok,1.6809917790016653,1000,1000,1000,3,0.003,1.0,0.003,0.214844,0.18024,Advantage2_system1.13,2398,26,./penalty_sweep_qpu_v113/samples/4jsz_Kdist6.0_Kmono18.0/psweep113_r2_20260326_005503/4jsz_ligand_report.csv,./penalty_sweep_qpu_v113/samples/4jsz_Kdist6.0_Kmono18.0/psweep113_r2_20260326_005503/4jsz_ligand_samples.json,./penalty_sweep_qpu_v113/samples/4jsz_Kdist6.0_Kmono18.0/psweep113_r2_20260326_005503/result.json
4jsz,4jsz_Kdist6.0_Kmono19.0,psweep113_r2_20260326_005503,6.0,19.0,ok,1.6707995051759712,1000,1000,1000,20,0.02,1.0,0.02,0.20738720000000002,0.17278,Advantage2_system1.13,2478,26,./penalty_sweep_qpu_v113/samples/4jsz_Kdist6.0_Kmono19.0/psweep113_r2_20260326_005503/4jsz_ligand_report.csv,./penalty_sweep_qpu_v113/samples/4jsz_Kdist6.0_Kmono19.0/psweep113_r2_20260326_005503/4jsz_ligand_samples.json,./penalty_sweep_qpu_v113/samples/4jsz_Kdist6.0_Kmono19.0/psweep113_r2_20260326_005503/result.json
4jsz,4jsz_Kdist6.0_Kmono20.0,psweep113_r2_20260326_005503,6.0,20.0,ok,1.0513317011454324,1000,1000,1000,107,0.107,1.0,0.107,0.2160896,0.18148,Advantage2_system1.13,2870,32,./penalty_sweep_qpu_v113/samples/4jsz_Kdist6.0_Kmono20.0/psweep113_r2_20260326_005503/4jsz_ligand_report.csv,./penalty_sweep_qpu_v113/samples/4jsz_Kdist6.0_Kmono20.0/psweep113_r2_20260326_005503/4jsz_ligand_samples.json,./penalty_sweep_qpu_v113/samples/4jsz_Kdist6.0_Kmono20.0/psweep113_r2_20260326_005503/result.json
4jsz,4jsz_Kdist6.5_Kmono1.0,psweep113_r2_20260326_005503,6.5,1.0,ok,4.317581997990051,1000,1000,1000,0,0.0,1.0,0.0,0.2120304,0.17742,Advantage2_system1.13,2445,27,./penalty_sweep_qpu_v113/samples/4jsz_Kdist6.5_Kmono1.0/psweep113_r2_20260326_005503/4jsz_ligand_report.csv,./penalty_sweep_qpu_v113/samples/4jsz_Kdist6.5_Kmono1.0/psweep113_r2_20260326_005503/4jsz_ligand_samples.json,./penalty_sweep_qpu_v113/samples/4jsz_Kdist6.5_Kmono1.0/psweep113_r2_20260326_005503/result.json
4jsz,4jsz_Kdist6.5_Kmono2.0,psweep113_r2_20260326_005503,6.5,2.0,ok,1.422317952979808,1000,1000,1000,35,0.035,1.0,0.035,0.2123048,0.1777,Advantage2_system1.13,2421,25,./penalty_sweep_qpu_v113/samples/4jsz_Kdist6.5_Kmono2.0/psweep113_r2_20260326_005503/4jsz_ligand_report.csv,./penalty_sweep_qpu_v113/samples/4jsz_Kdist6.5_Kmono2.0/psweep113_r2_20260326_005503/4jsz_ligand_samples.json,./penalty_sweep_qpu_v113/samples/4jsz_Kdist6.5_Kmono2.0/psweep113_r2_20260326_005503/result.json
4jsz,4jsz_Kdist6.5_Kmono3.0,psweep113_r2_20260326_005503,6.5,3.0,ok,1.3517582109584543,1000,1000,1000,14,0.014,1.0,0.014,0.21912920000000002,0.18452,Advantage2_system1.13,2649,30,./penalty_sweep_qpu_v113/samples/4jsz_Kdist6.5_Kmono3.0/psweep113_r2_20260326_005503/4jsz_ligand_report.csv,./penalty_sweep_qpu_v113/samples/4jsz_Kdist6.5_Kmono3.0/psweep113_r2_20260326_005503/4jsz_ligand_samples.json,./penalty_sweep_qpu_v113/samples/4jsz_Kdist6.5_Kmono3.0/psweep113_r2_20260326_005503/result.json
4jsz,4jsz_Kdist6.5_Kmono4.0,psweep113_r2_20260326_005503,6.5,4.0,ok,1.7401849018425153,1000,1000,1000,2,0.002,1.0,0.002,0.21263,0.17802,Advantage2_system1.13,2849,32,./penalty_sweep_qpu_v113/samples/4jsz_Kdist6.5_Kmono4.0/psweep113_r2_20260326_005503/4jsz_ligand_report.csv,./penalty_sweep_qpu_v113/samples/4jsz_Kdist6.5_Kmono4.0/psweep113_r2_20260326_005503/4jsz_ligand_samples.json,./penalty_sweep_qpu_v113/samples/4jsz_Kdist6.5_Kmono4.0/psweep113_r2_20260326_005503/result.json
4jsz,4jsz_Kdist6.5_Kmono5.0,psweep113_r2_20260326_005503,6.5,5.0,ok,1.659854823894363,1000,1000,1000,1,0.001,1.0,0.001,0.212312,0.1777,Advantage2_system1.13,2629,30,./penalty_sweep_qpu_v113/samples/4jsz_Kdist6.5_Kmono5.0/psweep113_r2_20260326_005503/4jsz_ligand_report.csv,./penalty_sweep_qpu_v113/samples/4jsz_Kdist6.5_Kmono5.0/psweep113_r2_20260326_005503/4jsz_ligand_samples.json,./penalty_sweep_qpu_v113/samples/4jsz_Kdist6.5_Kmono5.0/psweep113_r2_20260326_005503/result.json
4jsz,4jsz_Kdist6.5_Kmono6.0,psweep113_r2_20260326_005503,6.5,6.0,ok,0.8222937633070243,1000,1000,1000,567,0.567,1.0,0.567,0.2064784,0.17188,Advantage2_system1.13,2604,29,./penalty_sweep_qpu_v113/samples/4jsz_Kdist6.5_Kmono6.0/psweep113_r2_20260326_005503/4jsz_ligand_report.csv,./penalty_sweep_qpu_v113/samples/4jsz_Kdist6.5_Kmono6.0/psweep113_r2_20260326_005503/4jsz_ligand_samples.json,./penalty_sweep_qpu_v113/samples/4jsz_Kdist6.5_Kmono6.0/psweep113_r2_20260326_005503/result.json
4jsz,4jsz_Kdist6.5_Kmono7.0,psweep113_r2_20260326_005503,6.5,7.0,ok,3.0325960861123566,1000,1000,1000,0,0.0,1.0,0.0,0.2123132,0.1777,Advantage2_system1.13,2492,25,./penalty_sweep_qpu_v113/samples/4jsz_Kdist6.5_Kmono7.0/psweep113_r2_20260326_005503/4jsz_ligand_report.csv,./penalty_sweep_qpu_v113/samples/4jsz_Kdist6.5_Kmono7.0/psweep113_r2_20260326_005503/4jsz_ligand_samples.json,./penalty_sweep_qpu_v113/samples/4jsz_Kdist6.5_Kmono7.0/psweep113_r2_20260326_005503/result.json
4jsz,4jsz_Kdist6.5_Kmono8.0,psweep113_r2_20260326_005503,6.5,8.0,ok,1.8780308564933041,1000,1000,1000,1,0.001,1.0,0.001,0.2115352,0.17692,Advantage2_system1.13,2566,27,./penalty_sweep_qpu_v113/samples/4jsz_Kdist6.5_Kmono8.0/psweep113_r2_20260326_005503/4jsz_ligand_report.csv,./penalty_sweep_qpu_v113/samples/4jsz_Kdist6.5_Kmono8.0/psweep113_r2_20260326_005503/4jsz_ligand_samples.json,./penalty_sweep_qpu_v113/samples/4jsz_Kdist6.5_Kmono8.0/psweep113_r2_20260326_005503/result.json
4jsz,4jsz_Kdist6.5_Kmono9.0,psweep113_r2_20260326_005503,6.5,9.0,ok,1.3908894566031902,1000,1000,1000,16,0.016,1.0,0.016,0.21476879999999998,0.18016,Advantage2_system1.13,2551,28,./penalty_sweep_qpu_v113/samples/4jsz_Kdist6.5_Kmono9.0/psweep113_r2_20260326_005503/4jsz_ligand_report.csv,./penalty_sweep_qpu_v113/samples/4jsz_Kdist6.5_Kmono9.0/psweep113_r2_20260326_005503/4jsz_ligand_samples.json,./penalty_sweep_qpu_v113/samples/4jsz_Kdist6.5_Kmono9.0/psweep113_r2_20260326_005503/result.json
4jsz,4jsz_Kdist6.5_Kmono10.0,psweep113_r2_20260326_005503,6.5,10.0,ok,1.9427237098666774,1000,1000,1000,3,0.003,1.0,0.003,0.2170924,0.18248,Advantage2_system1.13,2656,30,./penalty_sweep_qpu_v113/samples/4jsz_Kdist6.5_Kmono10.0/psweep113_r2_20260326_005503/4jsz_ligand_report.csv,./penalty_sweep_qpu_v113/samples/4jsz_Kdist6.5_Kmono10.0/psweep113_r2_20260326_005503/4jsz_ligand_samples.json,./penalty_sweep_qpu_v113/samples/4jsz_Kdist6.5_Kmono10.0/psweep113_r2_20260326_005503/result.json
4jsz,4jsz_Kdist6.5_Kmono11.0,psweep113_r2_20260326_005503,6.5,11.0,ok,1.4516407227781258,1000,1000,1000,31,0.031,1.0,0.031,0.2119452,0.17734,Advantage2_system1.13,2642,28,./penalty_sweep_qpu_v113/samples/4jsz_Kdist6.5_Kmono11.0/psweep113_r2_20260326_005503/4jsz_ligand_report.csv,./penalty_sweep_qpu_v113/samples/4jsz_Kdist6.5_Kmono11.0/psweep113_r2_20260326_005503/4jsz_ligand_samples.json,./penalty_sweep_qpu_v113/samples/4jsz_Kdist6.5_Kmono11.0/psweep113_r2_20260326_005503/result.json
4jsz,4jsz_Kdist6.5_Kmono12.0,psweep113_r2_20260326_005503,6.5,12.0,ok,1.8814639242206765,1000,1000,1000,1,0.001,1.0,0.001,0.208544,0.17394,Advantage2_system1.13,2433,26,./penalty_sweep_qpu_v113/samples/4jsz_Kdist6.5_Kmono12.0/psweep113_r2_20260326_005503/4jsz_ligand_report.csv,./penalty_sweep_qpu_v113/samples/4jsz_Kdist6.5_Kmono12.0/psweep113_r2_20260326_005503/4jsz_ligand_samples.json,./penalty_sweep_qpu_v113/samples/4jsz_Kdist6.5_Kmono12.0/psweep113_r2_20260326_005503/result.json
4jsz,4jsz_Kdist6.5_Kmono13.0,psweep113_r2_20260326_005503,6.5,13.0,ok,1.2182635401610686,1000,1000,1000,53,0.053,1.0,0.053,0.21231,0.1777,Advantage2_system1.13,2374,26,./penalty_sweep_qpu_v113/samples/4jsz_Kdist6.5_Kmono13.0/psweep113_r2_20260326_005503/4jsz_ligand_report.csv,./penalty_sweep_qpu_v113/samples/4jsz_Kdist6.5_Kmono13.0/psweep113_r2_20260326_005503/4jsz_ligand_samples.json,./penalty_sweep_qpu_v113/samples/4jsz_Kdist6.5_Kmono13.0/psweep113_r2_20260326_005503/result.json
4jsz,4jsz_Kdist6.5_Kmono14.0,psweep113_r2_20260326_005503,6.5,14.0,ok,2.7938741441588766,1000,1000,1000,0,0.0,1.0,0.0,0.2135996,0.17898,Advantage2_system1.13,2697,30,./penalty_sweep_qpu_v113/samples/4jsz_Kdist6.5_Kmono14.0/psweep113_r2_20260326_005503/4jsz_ligand_report.csv,./penalty_sweep_qpu_v113/samples/4jsz_Kdist6.5_Kmono14.0/psweep113_r2_20260326_005503/4jsz_ligand_samples.json,./penalty_sweep_qpu_v113/samples/4jsz_Kdist6.5_Kmono14.0/psweep113_r2_20260326_005503/result.json
4jsz,4jsz_Kdist6.5_Kmono15.0,psweep113_r2_20260326_005503,6.5,15.0,ok,2.3501703357812116,1000,1000,1000,0,0.0,1.0,0.0,0.208206,0.1736,Advantage2_system1.13,2530,27,./penalty_sweep_qpu_v113/samples/4jsz_Kdist6.5_Kmono15.0/psweep113_r2_20260326_005503/4jsz_ligand_report.csv,./penalty_sweep_qpu_v113/samples/4jsz_Kdist6.5_Kmono15.0/psweep113_r2_20260326_005503/4jsz_ligand_samples.json,./penalty_sweep_qpu_v113/samples/4jsz_Kdist6.5_Kmono15.0/psweep113_r2_20260326_005503/result.json
4jsz,4jsz_Kdist6.5_Kmono16.0,psweep113_r2_20260326_005503,6.5,16.0,ok,3.6115751249336236,1000,1000,1000,0,0.0,1.0,0.0,0.2095868,0.17498,Advantage2_system1.13,2456,26,./penalty_sweep_qpu_v113/samples/4jsz_Kdist6.5_Kmono16.0/psweep113_r2_20260326_005503/4jsz_ligand_report.csv,./penalty_sweep_qpu_v113/samples/4jsz_Kdist6.5_Kmono16.0/psweep113_r2_20260326_005503/4jsz_ligand_samples.json,./penalty_sweep_qpu_v113/samples/4jsz_Kdist6.5_Kmono16.0/psweep113_r2_20260326_005503/result.json
4jsz,4jsz_Kdist6.5_Kmono17.0,psweep113_r2_20260326_005503,6.5,17.0,ok,0.6659661357835903,1000,1000,1000,59,0.059,1.0,0.059,0.21838960000000002,0.18378,Advantage2_system1.13,2467,26,./penalty_sweep_qpu_v113/samples/4jsz_Kdist6.5_Kmono17.0/psweep113_r2_20260326_005503/4jsz_ligand_report.csv,./penalty_sweep_qpu_v113/samples/4jsz_Kdist6.5_Kmono17.0/psweep113_r2_20260326_005503/4jsz_ligand_samples.json,./penalty_sweep_qpu_v113/samples/4jsz_Kdist6.5_Kmono17.0/psweep113_r2_20260326_005503/result.json
4jsz,4jsz_Kdist6.5_Kmono18.0,psweep113_r2_20260326_005503,6.5,18.0,ok,2.1179978707971725,1000,1000,1000,0,0.0,1.0,0.0,0.21517,0.18056,Advantage2_system1.13,2513,26,./penalty_sweep_qpu_v113/samples/4jsz_Kdist6.5_Kmono18.0/psweep113_r2_20260326_005503/4jsz_ligand_report.csv,./penalty_sweep_qpu_v113/samples/4jsz_Kdist6.5_Kmono18.0/psweep113_r2_20260326_005503/4jsz_ligand_samples.json,./penalty_sweep_qpu_v113/samples/4jsz_Kdist6.5_Kmono18.0/psweep113_r2_20260326_005503/result.json
4jsz,4jsz_Kdist6.5_Kmono19.0,psweep113_r2_20260326_005503,6.5,19.0,ok,2.047274239477696,1000,1000,1000,0,0.0,1.0,0.0,0.21762479999999998,0.18302,Advantage2_system1.13,2553,28,./penalty_sweep_qpu_v113/samples/4jsz_Kdist6.5_Kmono19.0/psweep113_r2_20260326_005503/4jsz_ligand_report.csv,./penalty_sweep_qpu_v113/samples/4jsz_Kdist6.5_Kmono19.0/psweep113_r2_20260326_005503/4jsz_ligand_samples.json,./penalty_sweep_qpu_v113/samples/4jsz_Kdist6.5_Kmono19.0/psweep113_r2_20260326_005503/result.json
4jsz,4jsz_Kdist6.5_Kmono20.0,psweep113_r2_20260326_005503,6.5,20.0,ok,2.4128803580980818,1000,1000,1000,0,0.0,1.0,0.0,0.21658,0.18198,Advantage2_system1.13,2464,26,./penalty_sweep_qpu_v113/samples/4jsz_Kdist6.5_Kmono20.0/psweep113_r2_20260326_005503/4jsz_ligand_report.csv,./penalty_sweep_qpu_v113/samples/4jsz_Kdist6.5_Kmono20.0/psweep113_r2_20260326_005503/4jsz_ligand_samples.json,./penalty_sweep_qpu_v113/samples/4jsz_Kdist6.5_Kmono20.0/psweep113_r2_20260326_005503/result.json
4jsz,4jsz_Kdist7.0_Kmono1.0,psweep113_r2_20260326_005503,7.0,1.0,ok,3.1346367049210224,1000,1000,1000,0,0.0,1.0,0.0,0.2143216,0.1797,Advantage2_system1.13,2742,29,./penalty_sweep_qpu_v113/samples/4jsz_Kdist7.0_Kmono1.0/psweep113_r2_20260326_005503/4jsz_ligand_report.csv,./penalty_sweep_qpu_v113/samples/4jsz_Kdist7.0_Kmono1.0/psweep113_r2_20260326_005503/4jsz_ligand_samples.json,./penalty_sweep_qpu_v113/samples/4jsz_Kdist7.0_Kmono1.0/psweep113_r2_20260326_005503/result.json
4jsz,4jsz_Kdist7.0_Kmono2.0,psweep113_r2_20260326_005503,7.0,2.0,ok,1.7738865714676657,1000,1000,1000,17,0.017,1.0,0.017,0.2125272,0.17792,Advantage2_system1.13,2546,27,./penalty_sweep_qpu_v113/samples/4jsz_Kdist7.0_Kmono2.0/psweep113_r2_20260326_005503/4jsz_ligand_report.csv,./penalty_sweep_qpu_v113/samples/4jsz_Kdist7.0_Kmono2.0/psweep113_r2_20260326_005503/4jsz_ligand_samples.json,./penalty_sweep_qpu_v113/samples/4jsz_Kdist7.0_Kmono2.0/psweep113_r2_20260326_005503/result.json
4jsz,4jsz_Kdist7.0_Kmono3.0,psweep113_r2_20260326_005503,7.0,3.0,ok,3.7257558721586537,1000,1000,1000,0,0.0,1.0,0.0,0.2073864,0.17278,Advantage2_system1.13,2694,31,./penalty_sweep_qpu_v113/samples/4jsz_Kdist7.0_Kmono3.0/psweep113_r2_20260326_005503/4jsz_ligand_report.csv,./penalty_sweep_qpu_v113/samples/4jsz_Kdist7.0_Kmono3.0/psweep113_r2_20260326_005503/4jsz_ligand_samples.json,./penalty_sweep_qpu_v113/samples/4jsz_Kdist7.0_Kmono3.0/psweep113_r2_20260326_005503/result.json
4jsz,4jsz_Kdist7.0_Kmono4.0,psweep113_r2_20260326_005503,7.0,4.0,ok,1.9055533215388227,1000,1000,1000,1,0.001,1.0,0.001,0.21223,0.17762,Advantage2_system1.13,2481,26,./penalty_sweep_qpu_v113/samples/4jsz_Kdist7.0_Kmono4.0/psweep113_r2_20260326_005503/4jsz_ligand_report.csv,./penalty_sweep_qpu_v113/samples/4jsz_Kdist7.0_Kmono4.0/psweep113_r2_20260326_005503/4jsz_ligand_samples.json,./penalty_sweep_qpu_v113/samples/4jsz_Kdist7.0_Kmono4.0/psweep113_r2_20260326_005503/result.json
4jsz,4jsz_Kdist7.0_Kmono5.0,psweep113_r2_20260326_005503,7.0,5.0,ok,1.456827360483057,1000,1000,1000,513,0.513,1.0,0.513,0.20962920000000002,0.17502,Advantage2_system1.13,2501,28,./penalty_sweep_qpu_v113/samples/4jsz_Kdist7.0_Kmono5.0/psweep113_r2_20260326_005503/4jsz_ligand_report.csv,./penalty_sweep_qpu_v113/samples/4jsz_Kdist7.0_Kmono5.0/psweep113_r2_20260326_005503/4jsz_ligand_samples.json,./penalty_sweep_qpu_v113/samples/4jsz_Kdist7.0_Kmono5.0/psweep113_r2_20260326_005503/result.json
4jsz,4jsz_Kdist7.0_Kmono6.0,psweep113_r2_20260326_005503,7.0,6.0,ok,1.184191212341292,1000,1000,1000,65,0.065,1.0,0.065,0.2177032,0.1831,Advantage2_system1.13,2615,27,./penalty_sweep_qpu_v113/samples/4jsz_Kdist7.0_Kmono6.0/psweep113_r2_20260326_005503/4jsz_ligand_report.csv,./penalty_sweep_qpu_v113/samples/4jsz_Kdist7.0_Kmono6.0/psweep113_r2_20260326_005503/4jsz_ligand_samples.json,./penalty_sweep_qpu_v113/samples/4jsz_Kdist7.0_Kmono6.0/psweep113_r2_20260326_005503/result.json
4jsz,4jsz_Kdist7.0_Kmono7.0,psweep113_r2_20260326_005503,7.0,7.0,ok,1.2667832365715677,1000,1000,1000,353,0.353,1.0,0.353,0.2130244,0.17842,Advantage2_system1.13,2761,30,./penalty_sweep_qpu_v113/samples/4jsz_Kdist7.0_Kmono7.0/psweep113_r2_20260326_005503/4jsz_ligand_report.csv,./penalty_sweep_qpu_v113/samples/4jsz_Kdist7.0_Kmono7.0/psweep113_r2_20260326_005503/4jsz_ligand_samples.json,./penalty_sweep_qpu_v113/samples/4jsz_Kdist7.0_Kmono7.0/psweep113_r2_20260326_005503/result.json
4jsz,4jsz_Kdist7.0_Kmono8.0,psweep113_r2_20260326_005503,7.0,8.0,ok,1.8426647752682335,1000,1000,1000,4,0.004,1.0,0.004,0.210412,0.1758,Advantage2_system1.13,2528,27,./penalty_sweep_qpu_v113/samples/4jsz_Kdist7.0_Kmono8.0/psweep113_r2_20260326_005503/4jsz_ligand_report.csv,./penalty_sweep_qpu_v113/samples/4jsz_Kdist7.0_Kmono8.0/psweep113_r2_20260326_005503/4jsz_ligand_samples.json,./penalty_sweep_qpu_v113/samples/4jsz_Kdist7.0_Kmono8.0/psweep113_r2_20260326_005503/result.json
4jsz,4jsz_Kdist7.0_Kmono9.0,psweep113_r2_20260326_005503,7.0,9.0,ok,2.803980811452658,1000,1000,1000,0,0.0,1.0,0.0,0.2143124,0.1797,Advantage2_system1.13,2690,29,./penalty_sweep_qpu_v113/samples/4jsz_Kdist7.0_Kmono9.0/psweep113_r2_20260326_005503/4jsz_ligand_report.csv,./penalty_sweep_qpu_v113/samples/4jsz_Kdist7.0_Kmono9.0/psweep113_r2_20260326_005503/4jsz_ligand_samples.json,./penalty_sweep_qpu_v113/samples/4jsz_Kdist7.0_Kmono9.0/psweep113_r2_20260326_005503/result.json
4jsz,4jsz_Kdist7.0_Kmono10.0,psweep113_r2_20260326_005503,7.0,10.0,ok,2.240395239605627,1000,1000,1000,0,0.0,1.0,0.0,0.21353439999999999,0.17892,Advantage2_system1.13,2536,26,./penalty_sweep_qpu_v113/samples/4jsz_Kdist7.0_Kmono10.0/psweep113_r2_20260326_005503/4jsz_ligand_report.csv,./penalty_sweep_qpu_v113/samples/4jsz_Kdist7.0_Kmono10.0/psweep113_r2_20260326_005503/4jsz_ligand_samples.json,./penalty_sweep_qpu_v113/samples/4jsz_Kdist7.0_Kmono10.0/psweep113_r2_20260326_005503/result.json
4jsz,4jsz_Kdist7.0_Kmono11.0,psweep113_r2_20260326_005503,7.0,11.0,ok,1.8516092945878262,1000,1000,1000,1,0.001,1.0,0.001,0.2123236,0.1777,Advantage2_system1.13,2587,29,./penalty_sweep_qpu_v113/samples/4jsz_Kdist7.0_Kmono11.0/psweep113_r2_20260326_005503/4jsz_ligand_report.csv,./penalty_sweep_qpu_v113/samples/4jsz_Kdist7.0_Kmono11.0/psweep113_r2_20260326_005503/4jsz_ligand_samples.json,./penalty_sweep_qpu_v113/samples/4jsz_Kdist7.0_Kmono11.0/psweep113_r2_20260326_005503/result.json
4jsz,4jsz_Kdist7.0_Kmono12.0,psweep113_r2_20260326_005503,7.0,12.0,ok,2.922961590268465,1000,1000,1000,0,0.0,1.0,0.0,0.215522,0.18092,Advantage2_system1.13,2363,25,./penalty_sweep_qpu_v113/samples/4jsz_Kdist7.0_Kmono12.0/psweep113_r2_20260326_005503/4jsz_ligand_report.csv,./penalty_sweep_qpu_v113/samples/4jsz_Kdist7.0_Kmono12.0/psweep113_r2_20260326_005503/4jsz_ligand_samples.json,./penalty_sweep_qpu_v113/samples/4jsz_Kdist7.0_Kmono12.0/psweep113_r2_20260326_005503/result.json
4jsz,4jsz_Kdist7.0_Kmono13.0,psweep113_r2_20260326_005503,7.0,13.0,ok,3.568509946456158,1000,1000,1000,0,0.0,1.0,0.0,0.20973039999999998,0.17512,Advantage2_system1.13,2371,26,./penalty_sweep_qpu_v113/samples/4jsz_Kdist7.0_Kmono13.0/psweep113_r2_20260326_005503/4jsz_ligand_report.csv,./penalty_sweep_qpu_v113/samples/4jsz_Kdist7.0_Kmono13.0/psweep113_r2_20260326_005503/4jsz_ligand_samples.json,./penalty_sweep_qpu_v113/samples/4jsz_Kdist7.0_Kmono13.0/psweep113_r2_20260326_005503/result.json
4jsz,4jsz_Kdist7.0_Kmono14.0,psweep113_r2_20260326_005503,7.0,14.0,ok,2.64416607693353,1000,1000,1000,0,0.0,1.0,0.0,0.2101684,0.17556,Advantage2_system1.13,2359,25,./penalty_sweep_qpu_v113/samples/4jsz_Kdist7.0_Kmono14.0/psweep113_r2_20260326_005503/4jsz_ligand_report.csv,./penalty_sweep_qpu_v113/samples/4jsz_Kdist7.0_Kmono14.0/psweep113_r2_20260326_005503/4jsz_ligand_samples.json,./penalty_sweep_qpu_v113/samples/4jsz_Kdist7.0_Kmono14.0/psweep113_r2_20260326_005503/result.json
4jsz,4jsz_Kdist7.0_Kmono15.0,psweep113_r2_20260326_005503,7.0,15.0,ok,2.562768954160731,1000,1000,1000,0,0.0,1.0,0.0,0.2140308,0.17942,Advantage2_system1.13,2485,28,./penalty_sweep_qpu_v113/samples/4jsz_Kdist7.0_Kmono15.0/psweep113_r2_20260326_005503/4jsz_ligand_report.csv,./penalty_sweep_qpu_v113/samples/4jsz_Kdist7.0_Kmono15.0/psweep113_r2_20260326_005503/4jsz_ligand_samples.json,./penalty_sweep_qpu_v113/samples/4jsz_Kdist7.0_Kmono15.0/psweep113_r2_20260326_005503/result.json
4jsz,4jsz_Kdist7.0_Kmono16.0,psweep113_r2_20260326_005503,7.0,16.0,ok,2.2827911616383205,1000,1000,1000,0,0.0,1.0,0.0,0.2107096,0.1761,Advantage2_system1.13,2719,29,./penalty_sweep_qpu_v113/samples/4jsz_Kdist7.0_Kmono16.0/psweep113_r2_20260326_005503/4jsz_ligand_report.csv,./penalty_sweep_qpu_v113/samples/4jsz_Kdist7.0_Kmono16.0/psweep113_r2_20260326_005503/4jsz_ligand_samples.json,./penalty_sweep_qpu_v113/samples/4jsz_Kdist7.0_Kmono16.0/psweep113_r2_20260326_005503/result.json
4jsz,4jsz_Kdist7.0_Kmono17.0,psweep113_r2_20260326_005503,7.0,17.0,ok,3.7010793973153104,1000,1000,1000,0,0.0,1.0,0.0,0.2114852,0.17688,Advantage2_system1.13,2504,26,./penalty_sweep_qpu_v113/samples/4jsz_Kdist7.0_Kmono17.0/psweep113_r2_20260326_005503/4jsz_ligand_report.csv,./penalty_sweep_qpu_v113/samples/4jsz_Kdist7.0_Kmono17.0/psweep113_r2_20260326_005503/4jsz_ligand_samples.json,./penalty_sweep_qpu_v113/samples/4jsz_Kdist7.0_Kmono17.0/psweep113_r2_20260326_005503/result.json
4jsz,4jsz_Kdist7.0_Kmono18.0,psweep113_r2_20260326_005503,7.0,18.0,ok,2.2055657059487808,1000,1000,1000,0,0.0,1.0,0.0,0.218904,0.1843,Advantage2_system1.13,2352,24,./penalty_sweep_qpu_v113/samples/4jsz_Kdist7.0_Kmono18.0/psweep113_r2_20260326_005503/4jsz_ligand_report.csv,./penalty_sweep_qpu_v113/samples/4jsz_Kdist7.0_Kmono18.0/psweep113_r2_20260326_005503/4jsz_ligand_samples.json,./penalty_sweep_qpu_v113/samples/4jsz_Kdist7.0_Kmono18.0/psweep113_r2_20260326_005503/result.json
4jsz,4jsz_Kdist7.0_Kmono19.0,psweep113_r2_20260326_005503,7.0,19.0,ok,1.3854102597269344,1000,1000,1000,36,0.036,1.0,0.036,0.2128064,0.1782,Advantage2_system1.13,2424,25,./penalty_sweep_qpu_v113/samples/4jsz_Kdist7.0_Kmono19.0/psweep113_r2_20260326_005503/4jsz_ligand_report.csv,./penalty_sweep_qpu_v113/samples/4jsz_Kdist7.0_Kmono19.0/psweep113_r2_20260326_005503/4jsz_ligand_samples.json,./penalty_sweep_qpu_v113/samples/4jsz_Kdist7.0_Kmono19.0/psweep113_r2_20260326_005503/result.json
4jsz,4jsz_Kdist7.0_Kmono20.0,psweep113_r2_20260326_005503,7.0,20.0,ok,2.406628346873504,1000,1000,1000,0,0.0,1.0,0.0,0.21303,0.17842,Advantage2_system1.13,2538,28,./penalty_sweep_qpu_v113/samples/4jsz_Kdist7.0_Kmono20.0/psweep113_r2_20260326_005503/4jsz_ligand_report.csv,./penalty_sweep_qpu_v113/samples/4jsz_Kdist7.0_Kmono20.0/psweep113_r2_20260326_005503/4jsz_ligand_samples.json,./penalty_sweep_qpu_v113/samples/4jsz_Kdist7.0_Kmono20.0/psweep113_r2_20260326_005503/result.json
4jsz,4jsz_Kdist7.5_Kmono1.0,psweep113_r2_20260326_005503,7.5,1.0,ok,4.119319203615971,1000,1000,1000,0,0.0,1.0,0.0,0.204796,0.1702,Advantage2_system1.13,2626,28,./penalty_sweep_qpu_v113/samples/4jsz_Kdist7.5_Kmono1.0/psweep113_r2_20260326_005503/4jsz_ligand_report.csv,./penalty_sweep_qpu_v113/samples/4jsz_Kdist7.5_Kmono1.0/psweep113_r2_20260326_005503/4jsz_ligand_samples.json,./penalty_sweep_qpu_v113/samples/4jsz_Kdist7.5_Kmono1.0/psweep113_r2_20260326_005503/result.json
4jsz,4jsz_Kdist7.5_Kmono2.0,psweep113_r2_20260326_005503,7.5,2.0,ok,1.9603023524783831,1000,1000,1000,3,0.003,1.0,0.003,0.21290920000000002,0.1783,Advantage2_system1.13,2440,28,./penalty_sweep_qpu_v113/samples/4jsz_Kdist7.5_Kmono2.0/psweep113_r2_20260326_005503/4jsz_ligand_report.csv,./penalty_sweep_qpu_v113/samples/4jsz_Kdist7.5_Kmono2.0/psweep113_r2_20260326_005503/4jsz_ligand_samples.json,./penalty_sweep_qpu_v113/samples/4jsz_Kdist7.5_Kmono2.0/psweep113_r2_20260326_005503/result.json
4jsz,4jsz_Kdist7.5_Kmono3.0,psweep113_r2_20260326_005503,7.5,3.0,ok,2.897675051032012,1000,1000,1000,0,0.0,1.0,0.0,0.213708,0.1791,Advantage2_system1.13,2669,30,./penalty_sweep_qpu_v113/samples/4jsz_Kdist7.5_Kmono3.0/psweep113_r2_20260326_005503/4jsz_ligand_report.csv,./penalty_sweep_qpu_v113/samples/4jsz_Kdist7.5_Kmono3.0/psweep113_r2_20260326_005503/4jsz_ligand_samples.json,./penalty_sweep_qpu_v113/samples/4jsz_Kdist7.5_Kmono3.0/psweep113_r2_20260326_005503/result.json
4jsz,4jsz_Kdist7.5_Kmono4.0,psweep113_r2_20260326_005503,7.5,4.0,ok,1.0716397500790302,1000,1000,1000,17,0.017,1.0,0.017,0.2150196,0.18042,Advantage2_system1.13,2387,25,./penalty_sweep_qpu_v113/samples/4jsz_Kdist7.5_Kmono4.0/psweep113_r2_20260326_005503/4jsz_ligand_report.csv,./penalty_sweep_qpu_v113/samples/4jsz_Kdist7.5_Kmono4.0/psweep113_r2_20260326_005503/4jsz_ligand_samples.json,./penalty_sweep_qpu_v113/samples/4jsz_Kdist7.5_Kmono4.0/psweep113_r2_20260326_005503/result.json
4jsz,4jsz_Kdist7.5_Kmono5.0,psweep113_r2_20260326_005503,7.5,5.0,ok,2.9112416487390576,1000,1000,1000,0,0.0,1.0,0.0,0.21405120000000002,0.17944,Advantage2_system1.13,2428,25,./penalty_sweep_qpu_v113/samples/4jsz_Kdist7.5_Kmono5.0/psweep113_r2_20260326_005503/4jsz_ligand_report.csv,./penalty_sweep_qpu_v113/samples/4jsz_Kdist7.5_Kmono5.0/psweep113_r2_20260326_005503/4jsz_ligand_samples.json,./penalty_sweep_qpu_v113/samples/4jsz_Kdist7.5_Kmono5.0/psweep113_r2_20260326_005503/result.json
4jsz,4jsz_Kdist7.5_Kmono6.0,psweep113_r2_20260326_005503,7.5,6.0,ok,2.3159265615915747,1000,1000,1000,0,0.0,1.0,0.0,0.2179812,0.18338,Advantage2_system1.13,2470,26,./penalty_sweep_qpu_v113/samples/4jsz_Kdist7.5_Kmono6.0/psweep113_r2_20260326_005503/4jsz_ligand_report.csv,./penalty_sweep_qpu_v113/samples/4jsz_Kdist7.5_Kmono6.0/psweep113_r2_20260326_005503/4jsz_ligand_samples.json,./penalty_sweep_qpu_v113/samples/4jsz_Kdist7.5_Kmono6.0/psweep113_r2_20260326_005503/result.json
4jsz,4jsz_Kdist7.5_Kmono7.0,psweep113_r2_20260326_005503,7.5,7.0,ok,3.914128693977605,1000,1000,1000,0,0.0,1.0,0.0,0.2181216,0.18352,Advantage2_system1.13,2685,29,./penalty_sweep_qpu_v113/samples/4jsz_Kdist7.5_Kmono7.0/psweep113_r2_20260326_005503/4jsz_ligand_report.csv,./penalty_sweep_qpu_v113/samples/4jsz_Kdist7.5_Kmono7.0/psweep113_r2_20260326_005503/4jsz_ligand_samples.json,./penalty_sweep_qpu_v113/samples/4jsz_Kdist7.5_Kmono7.0/psweep113_r2_20260326_005503/result.json
4jsz,4jsz_Kdist7.5_Kmono8.0,psweep113_r2_20260326_005503,7.5,8.0,ok,3.0371478232545845,1000,1000,1000,0,0.0,1.0,0.0,0.2148128,0.1802,Advantage2_system1.13,2675,30,./penalty_sweep_qpu_v113/samples/4jsz_Kdist7.5_Kmono8.0/psweep113_r2_20260326_005503/4jsz_ligand_report.csv,./penalty_sweep_qpu_v113/samples/4jsz_Kdist7.5_Kmono8.0/psweep113_r2_20260326_005503/4jsz_ligand_samples.json,./penalty_sweep_qpu_v113/samples/4jsz_Kdist7.5_Kmono8.0/psweep113_r2_20260326_005503/result.json
4jsz,4jsz_Kdist7.5_Kmono9.0,psweep113_r2_20260326_005503,7.5,9.0,ok,1.7576058845031264,1000,1000,1000,1,0.001,1.0,0.001,0.2148068,0.1802,Advantage2_system1.13,2447,25,./penalty_sweep_qpu_v113/samples/4jsz_Kdist7.5_Kmono9.0/psweep113_r2_20260326_005503/4jsz_ligand_report.csv,./penalty_sweep_qpu_v113/samples/4jsz_Kdist7.5_Kmono9.0/psweep113_r2_20260326_005503/4jsz_ligand_samples.json,./penalty_sweep_qpu_v113/samples/4jsz_Kdist7.5_Kmono9.0/psweep113_r2_20260326_005503/result.json
4jsz,4jsz_Kdist7.5_Kmono10.0,psweep113_r2_20260326_005503,7.5,10.0,ok,1.560112314160048,1000,1000,1000,30,0.03,1.0,0.03,0.2130252,0.17842,Advantage2_system1.13,2623,28,./penalty_sweep_qpu_v113/samples/4jsz_Kdist7.5_Kmono10.0/psweep113_r2_20260326_005503/4jsz_ligand_report.csv,./penalty_sweep_qpu_v113/samples/4jsz_Kdist7.5_Kmono10.0/psweep113_r2_20260326_005503/4jsz_ligand_samples.json,./penalty_sweep_qpu_v113/samples/4jsz_Kdist7.5_Kmono10.0/psweep113_r2_20260326_005503/result.json
4jsz,4jsz_Kdist7.5_Kmono11.0,psweep113_r2_20260326_005503,7.5,11.0,ok,1.1865677935333285,1000,1000,1000,15,0.015,1.0,0.015,0.2123868,0.17778,Advantage2_system1.13,2416,26,./penalty_sweep_qpu_v113/samples/4jsz_Kdist7.5_Kmono11.0/psweep113_r2_20260326_005503/4jsz_ligand_report.csv,./penalty_sweep_qpu_v113/samples/4jsz_Kdist7.5_Kmono11.0/psweep113_r2_20260326_005503/4jsz_ligand_samples.json,./penalty_sweep_qpu_v113/samples/4jsz_Kdist7.5_Kmono11.0/psweep113_r2_20260326_005503/result.json
4jsz,4jsz_Kdist7.5_Kmono12.0,psweep113_r2_20260326_005503,7.5,12.0,ok,1.9475083012172,1000,1000,1000,1,0.001,1.0,0.001,0.2116284,0.17702,Advantage2_system1.13,2611,28,./penalty_sweep_qpu_v113/samples/4jsz_Kdist7.5_Kmono12.0/psweep113_r2_20260326_005503/4jsz_ligand_report.csv,./penalty_sweep_qpu_v113/samples/4jsz_Kdist7.5_Kmono12.0/psweep113_r2_20260326_005503/4jsz_ligand_samples.json,./penalty_sweep_qpu_v113/samples/4jsz_Kdist7.5_Kmono12.0/psweep113_r2_20260326_005503/result.json
4jsz,4jsz_Kdist7.5_Kmono13.0,psweep113_r2_20260326_005503,7.5,13.0,ok,1.3417146034570986,1000,1000,1000,253,0.253,1.0,0.253,0.2099468,0.17534,Advantage2_system1.13,2769,30,./penalty_sweep_qpu_v113/samples/4jsz_Kdist7.5_Kmono13.0/psweep113_r2_20260326_005503/4jsz_ligand_report.csv,./penalty_sweep_qpu_v113/samples/4jsz_Kdist7.5_Kmono13.0/psweep113_r2_20260326_005503/4jsz_ligand_samples.json,./penalty_sweep_qpu_v113/samples/4jsz_Kdist7.5_Kmono13.0/psweep113_r2_20260326_005503/result.json
4jsz,4jsz_Kdist7.5_Kmono14.0,psweep113_r2_20260326_005503,7.5,14.0,ok,1.4970628994689033,1000,1000,1000,17,0.017,1.0,0.017,0.216584,0.18198,Advantage2_system1.13,2496,27,./penalty_sweep_qpu_v113/samples/4jsz_Kdist7.5_Kmono14.0/psweep113_r2_20260326_005503/4jsz_ligand_report.csv,./penalty_sweep_qpu_v113/samples/4jsz_Kdist7.5_Kmono14.0/psweep113_r2_20260326_005503/4jsz_ligand_samples.json,./penalty_sweep_qpu_v113/samples/4jsz_Kdist7.5_Kmono14.0/psweep113_r2_20260326_005503/result.json
4jsz,4jsz_Kdist7.5_Kmono15.0,psweep113_r2_20260326_005503,7.5,15.0,ok,1.9894006643369044,1000,1000,1000,1,0.001,1.0,0.001,0.21530639999999998,0.1807,Advantage2_system1.13,2686,27,./penalty_sweep_qpu_v113/samples/4jsz_Kdist7.5_Kmono15.0/psweep113_r2_20260326_005503/4jsz_ligand_report.csv,./penalty_sweep_qpu_v113/samples/4jsz_Kdist7.5_Kmono15.0/psweep113_r2_20260326_005503/4jsz_ligand_samples.json,./penalty_sweep_qpu_v113/samples/4jsz_Kdist7.5_Kmono15.0/psweep113_r2_20260326_005503/result.json
4jsz,4jsz_Kdist7.5_Kmono16.0,psweep113_r2_20260326_005503,7.5,16.0,ok,1.4982797085448951,1000,1000,1000,7,0.007,1.0,0.007,0.2170848,0.18248,Advantage2_system1.13,2434,25,./penalty_sweep_qpu_v113/samples/4jsz_Kdist7.5_Kmono16.0/psweep113_r2_20260326_005503/4jsz_ligand_report.csv,./penalty_sweep_qpu_v113/samples/4jsz_Kdist7.5_Kmono16.0/psweep113_r2_20260326_005503/4jsz_ligand_samples.json,./penalty_sweep_qpu_v113/samples/4jsz_Kdist7.5_Kmono16.0/psweep113_r2_20260326_005503/result.json
4jsz,4jsz_Kdist7.5_Kmono17.0,psweep113_r2_20260326_005503,7.5,17.0,ok,3.761983514076158,1000,1000,1000,0,0.0,1.0,0.0,0.2169512,0.18234,Advantage2_system1.13,2728,30,./penalty_sweep_qpu_v113/samples/4jsz_Kdist7.5_Kmono17.0/psweep113_r2_20260326_005503/4jsz_ligand_report.csv,./penalty_sweep_qpu_v113/samples/4jsz_Kdist7.5_Kmono17.0/psweep113_r2_20260326_005503/4jsz_ligand_samples.json,./penalty_sweep_qpu_v113/samples/4jsz_Kdist7.5_Kmono17.0/psweep113_r2_20260326_005503/result.json
4jsz,4jsz_Kdist7.5_Kmono18.0,psweep113_r2_20260326_005503,7.5,18.0,ok,2.1526994671670976,1000,1000,1000,0,0.0,1.0,0.0,0.21118479999999998,0.17656,Advantage2_system1.13,3185,34,./penalty_sweep_qpu_v113/samples/4jsz_Kdist7.5_Kmono18.0/psweep113_r2_20260326_005503/4jsz_ligand_report.csv,./penalty_sweep_qpu_v113/samples/4jsz_Kdist7.5_Kmono18.0/psweep113_r2_20260326_005503/4jsz_ligand_samples.json,./penalty_sweep_qpu_v113/samples/4jsz_Kdist7.5_Kmono18.0/psweep113_r2_20260326_005503/result.json
4jsz,4jsz_Kdist7.5_Kmono19.0,psweep113_r2_20260326_005503,7.5,19.0,ok,1.8674821733246585,1000,1000,1000,1,0.001,1.0,0.001,0.2111604,0.17656,Advantage2_system1.13,2585,29,./penalty_sweep_qpu_v113/samples/4jsz_Kdist7.5_Kmono19.0/psweep113_r2_20260326_005503/4jsz_ligand_report.csv,./penalty_sweep_qpu_v113/samples/4jsz_Kdist7.5_Kmono19.0/psweep113_r2_20260326_005503/4jsz_ligand_samples.json,./penalty_sweep_qpu_v113/samples/4jsz_Kdist7.5_Kmono19.0/psweep113_r2_20260326_005503/result.json
4jsz,4jsz_Kdist7.5_Kmono20.0,psweep113_r2_20260326_005503,7.5,20.0,ok,3.8551849205642004,1000,1000,1000,0,0.0,1.0,0.0,0.2168416,0.18224,Advantage2_system1.13,2401,25,./penalty_sweep_qpu_v113/samples/4jsz_Kdist7.5_Kmono20.0/psweep113_r2_20260326_005503/4jsz_ligand_report.csv,./penalty_sweep_qpu_v113/samples/4jsz_Kdist7.5_Kmono20.0/psweep113_r2_20260326_005503/4jsz_ligand_samples.json,./penalty_sweep_qpu_v113/samples/4jsz_Kdist7.5_Kmono20.0/psweep113_r2_20260326_005503/result.json
4jsz,4jsz_Kdist8.0_Kmono1.0,psweep113_r2_20260326_005503,8.0,1.0,ok,3.017049967068863,1000,1000,1000,0,0.0,1.0,0.0,0.2118068,0.1772,Advantage2_system1.13,2449,26,./penalty_sweep_qpu_v113/samples/4jsz_Kdist8.0_Kmono1.0/psweep113_r2_20260326_005503/4jsz_ligand_report.csv,./penalty_sweep_qpu_v113/samples/4jsz_Kdist8.0_Kmono1.0/psweep113_r2_20260326_005503/4jsz_ligand_samples.json,./penalty_sweep_qpu_v113/samples/4jsz_Kdist8.0_Kmono1.0/psweep113_r2_20260326_005503/result.json
4jsz,4jsz_Kdist8.0_Kmono2.0,psweep113_r2_20260326_005503,8.0,2.0,ok,3.260154284372275,1000,1000,1000,0,0.0,1.0,0.0,0.2162056,0.1816,Advantage2_system1.13,2647,28,./penalty_sweep_qpu_v113/samples/4jsz_Kdist8.0_Kmono2.0/psweep113_r2_20260326_005503/4jsz_ligand_report.csv,./penalty_sweep_qpu_v113/samples/4jsz_Kdist8.0_Kmono2.0/psweep113_r2_20260326_005503/4jsz_ligand_samples.json,./penalty_sweep_qpu_v113/samples/4jsz_Kdist8.0_Kmono2.0/psweep113_r2_20260326_005503/result.json
4jsz,4jsz_Kdist8.0_Kmono3.0,psweep113_r2_20260326_005503,8.0,3.0,ok,1.2980787805541352,1000,1000,1000,24,0.024,1.0,0.024,0.2154448,0.18084,Advantage2_system1.13,2407,25,./penalty_sweep_qpu_v113/samples/4jsz_Kdist8.0_Kmono3.0/psweep113_r2_20260326_005503/4jsz_ligand_report.csv,./penalty_sweep_qpu_v113/samples/4jsz_Kdist8.0_Kmono3.0/psweep113_r2_20260326_005503/4jsz_ligand_samples.json,./penalty_sweep_qpu_v113/samples/4jsz_Kdist8.0_Kmono3.0/psweep113_r2_20260326_005503/result.json
4jsz,4jsz_Kdist8.0_Kmono4.0,psweep113_r2_20260326_005503,8.0,4.0,ok,2.9145466886029863,1000,1000,1000,0,0.0,1.0,0.0,0.2142156,0.1796,Advantage2_system1.13,2750,30,./penalty_sweep_qpu_v113/samples/4jsz_Kdist8.0_Kmono4.0/psweep113_r2_20260326_005503/4jsz_ligand_report.csv,./penalty_sweep_qpu_v113/samples/4jsz_Kdist8.0_Kmono4.0/psweep113_r2_20260326_005503/4jsz_ligand_samples.json,./penalty_sweep_qpu_v113/samples/4jsz_Kdist8.0_Kmono4.0/psweep113_r2_20260326_005503/result.json
4jsz,4jsz_Kdist8.0_Kmono5.0,psweep113_r2_20260326_005503,8.0,5.0,ok,3.1740758755434664,1000,1000,1000,0,0.0,1.0,0.0,0.2122676,0.17766,Advantage2_system1.13,2410,26,./penalty_sweep_qpu_v113/samples/4jsz_Kdist8.0_Kmono5.0/psweep113_r2_20260326_005503/4jsz_ligand_report.csv,./penalty_sweep_qpu_v113/samples/4jsz_Kdist8.0_Kmono5.0/psweep113_r2_20260326_005503/4jsz_ligand_samples.json,./penalty_sweep_qpu_v113/samples/4jsz_Kdist8.0_Kmono5.0/psweep113_r2_20260326_005503/result.json
4jsz,4jsz_Kdist8.0_Kmono6.0,psweep113_r2_20260326_005503,8.0,6.0,ok,2.3619622680085532,1000,1000,1000,0,0.0,1.0,0.0,0.2157168,0.1811,Advantage2_system1.13,2835,30,./penalty_sweep_qpu_v113/samples/4jsz_Kdist8.0_Kmono6.0/psweep113_r2_20260326_005503/4jsz_ligand_report.csv,./penalty_sweep_qpu_v113/samples/4jsz_Kdist8.0_Kmono6.0/psweep113_r2_20260326_005503/4jsz_ligand_samples.json,./penalty_sweep_qpu_v113/samples/4jsz_Kdist8.0_Kmono6.0/psweep113_r2_20260326_005503/result.json
4jsz,4jsz_Kdist8.0_Kmono7.0,psweep113_r2_20260326_005503,8.0,7.0,ok,1.1478266258586762,1000,1000,1000,177,0.177,1.0,0.177,0.2053448,0.17074,Advantage2_system1.13,2403,24,./penalty_sweep_qpu_v113/samples/4jsz_Kdist8.0_Kmono7.0/psweep113_r2_20260326_005503/4jsz_ligand_report.csv,./penalty_sweep_qpu_v113/samples/4jsz_Kdist8.0_Kmono7.0/psweep113_r2_20260326_005503/4jsz_ligand_samples.json,./penalty_sweep_qpu_v113/samples/4jsz_Kdist8.0_Kmono7.0/psweep113_r2_20260326_005503/result.json
4jsz,4jsz_Kdist8.0_Kmono8.0,psweep113_r2_20260326_005503,8.0,8.0,ok,4.391359131853788,1000,1000,1000,0,0.0,1.0,0.0,0.2095328,0.17492,Advantage2_system1.13,2471,26,./penalty_sweep_qpu_v113/samples/4jsz_Kdist8.0_Kmono8.0/psweep113_r2_20260326_005503/4jsz_ligand_report.csv,./penalty_sweep_qpu_v113/samples/4jsz_Kdist8.0_Kmono8.0/psweep113_r2_20260326_005503/4jsz_ligand_samples.json,./penalty_sweep_qpu_v113/samples/4jsz_Kdist8.0_Kmono8.0/psweep113_r2_20260326_005503/result.json
4jsz,4jsz_Kdist8.0_Kmono9.0,psweep113_r2_20260326_005503,8.0,9.0,ok,2.041981703344726,1000,1000,1000,0,0.0,1.0,0.0,0.2142116,0.1796,Advantage2_system1.13,2677,30,./penalty_sweep_qpu_v113/samples/4jsz_Kdist8.0_Kmono9.0/psweep113_r2_20260326_005503/4jsz_ligand_report.csv,./penalty_sweep_qpu_v113/samples/4jsz_Kdist8.0_Kmono9.0/psweep113_r2_20260326_005503/4jsz_ligand_samples.json,./penalty_sweep_qpu_v113/samples/4jsz_Kdist8.0_Kmono9.0/psweep113_r2_20260326_005503/result.json
4jsz,4jsz_Kdist8.0_Kmono10.0,psweep113_r2_20260326_005503,8.0,10.0,ok,1.7678394338568901,1000,1000,1000,14,0.014,1.0,0.014,0.2123904,0.17778,Advantage2_system1.13,2386,25,./penalty_sweep_qpu_v113/samples/4jsz_Kdist8.0_Kmono10.0/psweep113_r2_20260326_005503/4jsz_ligand_report.csv,./penalty_sweep_qpu_v113/samples/4jsz_Kdist8.0_Kmono10.0/psweep113_r2_20260326_005503/4jsz_ligand_samples.json,./penalty_sweep_qpu_v113/samples/4jsz_Kdist8.0_Kmono10.0/psweep113_r2_20260326_005503/result.json
4jsz,4jsz_Kdist8.0_Kmono11.0,psweep113_r2_20260326_005503,8.0,11.0,ok,2.209070159035011,1000,1000,1000,0,0.0,1.0,0.0,0.21684479999999998,0.18224,Advantage2_system1.13,2567,26,./penalty_sweep_qpu_v113/samples/4jsz_Kdist8.0_Kmono11.0/psweep113_r2_20260326_005503/4jsz_ligand_report.csv,./penalty_sweep_qpu_v113/samples/4jsz_Kdist8.0_Kmono11.0/psweep113_r2_20260326_005503/4jsz_ligand_samples.json,./penalty_sweep_qpu_v113/samples/4jsz_Kdist8.0_Kmono11.0/psweep113_r2_20260326_005503/result.json
4jsz,4jsz_Kdist8.0_Kmono12.0,psweep113_r2_20260326_005503,8.0,12.0,ok,2.601918317023892,1000,1000,1000,0,0.0,1.0,0.0,0.21748720000000002,0.18288,Advantage2_system1.13,2406,26,./penalty_sweep_qpu_v113/samples/4jsz_Kdist8.0_Kmono12.0/psweep113_r2_20260326_005503/4jsz_ligand_report.csv,./penalty_sweep_qpu_v113/samples/4jsz_Kdist8.0_Kmono12.0/psweep113_r2_20260326_005503/4jsz_ligand_samples.json,./penalty_sweep_qpu_v113/samples/4jsz_Kdist8.0_Kmono12.0/psweep113_r2_20260326_005503/result.json
4jsz,4jsz_Kdist8.0_Kmono13.0,psweep113_r2_20260326_005503,8.0,13.0,ok,1.663228279669042,1000,1000,1000,23,0.023,1.0,0.023,0.213532,0.17892,Advantage2_system1.13,2644,30,./penalty_sweep_qpu_v113/samples/4jsz_Kdist8.0_Kmono13.0/psweep113_r2_20260326_005503/4jsz_ligand_report.csv,./penalty_sweep_qpu_v113/samples/4jsz_Kdist8.0_Kmono13.0/psweep113_r2_20260326_005503/4jsz_ligand_samples.json,./penalty_sweep_qpu_v113/samples/4jsz_Kdist8.0_Kmono13.0/psweep113_r2_20260326_005503/result.json
4jsz,4jsz_Kdist8.0_Kmono14.0,psweep113_r2_20260326_005503,8.0,14.0,ok,2.2721757739054884,1000,1000,1000,0,0.0,1.0,0.0,0.218124,0.18352,Advantage2_system1.13,2440,27,./penalty_sweep_qpu_v113/samples/4jsz_Kdist8.0_Kmono14.0/psweep113_r2_20260326_005503/4jsz_ligand_report.csv,./penalty_sweep_qpu_v113/samples/4jsz_Kdist8.0_Kmono14.0/psweep113_r2_20260326_005503/4jsz_ligand_samples.json,./penalty_sweep_qpu_v113/samples/4jsz_Kdist8.0_Kmono14.0/psweep113_r2_20260326_005503/result.json
4jsz,4jsz_Kdist8.0_Kmono15.0,psweep113_r2_20260326_005503,8.0,15.0,ok,2.9987549662017083,1000,1000,1000,0,0.0,1.0,0.0,0.21698,0.18238,Advantage2_system1.13,2329,24,./penalty_sweep_qpu_v113/samples/4jsz_Kdist8.0_Kmono15.0/psweep113_r2_20260326_005503/4jsz_ligand_report.csv,./penalty_sweep_qpu_v113/samples/4jsz_Kdist8.0_Kmono15.0/psweep113_r2_20260326_005503/4jsz_ligand_samples.json,./penalty_sweep_qpu_v113/samples/4jsz_Kdist8.0_Kmono15.0/psweep113_r2_20260326_005503/result.json
4jsz,4jsz_Kdist8.0_Kmono16.0,psweep113_r2_20260326_005503,8.0,16.0,ok,2.0716791616511427,1000,1000,1000,0,0.0,1.0,0.0,0.2133152,0.1787,Advantage2_system1.13,2663,30,./penalty_sweep_qpu_v113/samples/4jsz_Kdist8.0_Kmono16.0/psweep113_r2_20260326_005503/4jsz_ligand_report.csv,./penalty_sweep_qpu_v113/samples/4jsz_Kdist8.0_Kmono16.0/psweep113_r2_20260326_005503/4jsz_ligand_samples.json,./penalty_sweep_qpu_v113/samples/4jsz_Kdist8.0_Kmono16.0/psweep113_r2_20260326_005503/result.json
4jsz,4jsz_Kdist8.0_Kmono17.0,psweep113_r2_20260326_005503,8.0,17.0,ok,3.021112931490538,1000,1000,1000,0,0.0,1.0,0.0,0.2135496,0.17894,Advantage2_system1.13,2509,26,./penalty_sweep_qpu_v113/samples/4jsz_Kdist8.0_Kmono17.0/psweep113_r2_20260326_005503/4jsz_ligand_report.csv,./penalty_sweep_qpu_v113/samples/4jsz_Kdist8.0_Kmono17.0/psweep113_r2_20260326_005503/4jsz_ligand_samples.json,./penalty_sweep_qpu_v113/samples/4jsz_Kdist8.0_Kmono17.0/psweep113_r2_20260326_005503/result.json
4jsz,4jsz_Kdist8.0_Kmono18.0,psweep113_r2_20260326_005503,8.0,18.0,ok,1.4350148385343247,1000,1000,1000,245,0.245,1.0,0.245,0.214708,0.1801,Advantage2_system1.13,2609,28,./penalty_sweep_qpu_v113/samples/4jsz_Kdist8.0_Kmono18.0/psweep113_r2_20260326_005503/4jsz_ligand_report.csv,./penalty_sweep_qpu_v113/samples/4jsz_Kdist8.0_Kmono18.0/psweep113_r2_20260326_005503/4jsz_ligand_samples.json,./penalty_sweep_qpu_v113/samples/4jsz_Kdist8.0_Kmono18.0/psweep113_r2_20260326_005503/result.json
4jsz,4jsz_Kdist8.0_Kmono19.0,psweep113_r2_20260326_005503,8.0,19.0,ok,2.162081225252361,1000,1000,1000,0,0.0,1.0,0.0,0.211264,0.17666,Advantage2_system1.13,2490,27,./penalty_sweep_qpu_v113/samples/4jsz_Kdist8.0_Kmono19.0/psweep113_r2_20260326_005503/4jsz_ligand_report.csv,./penalty_sweep_qpu_v113/samples/4jsz_Kdist8.0_Kmono19.0/psweep113_r2_20260326_005503/4jsz_ligand_samples.json,./penalty_sweep_qpu_v113/samples/4jsz_Kdist8.0_Kmono19.0/psweep113_r2_20260326_005503/result.json
4jsz,4jsz_Kdist8.0_Kmono20.0,psweep113_r2_20260326_005503,8.0,20.0,ok,1.2790078002652518,1000,1000,1000,54,0.054,1.0,0.054,0.2095304,0.17492,Advantage2_system1.13,2558,27,./penalty_sweep_qpu_v113/samples/4jsz_Kdist8.0_Kmono20.0/psweep113_r2_20260326_005503/4jsz_ligand_report.csv,./penalty_sweep_qpu_v113/samples/4jsz_Kdist8.0_Kmono20.0/psweep113_r2_20260326_005503/4jsz_ligand_samples.json,./penalty_sweep_qpu_v113/samples/4jsz_Kdist8.0_Kmono20.0/psweep113_r2_20260326_005503/result.json
4jsz,4jsz_Kdist8.5_Kmono1.0,psweep113_r2_20260326_005503,8.5,1.0,ok,3.051871043681125,1000,1000,1000,0,0.0,1.0,0.0,0.21490879999999998,0.1803,Advantage2_system1.13,2458,26,./penalty_sweep_qpu_v113/samples/4jsz_Kdist8.5_Kmono1.0/psweep113_r2_20260326_005503/4jsz_ligand_report.csv,./penalty_sweep_qpu_v113/samples/4jsz_Kdist8.5_Kmono1.0/psweep113_r2_20260326_005503/4jsz_ligand_samples.json,./penalty_sweep_qpu_v113/samples/4jsz_Kdist8.5_Kmono1.0/psweep113_r2_20260326_005503/result.json
4jsz,4jsz_Kdist8.5_Kmono2.0,psweep113_r2_20260326_005503,8.5,2.0,ok,2.302940778663236,1000,1000,1000,0,0.0,1.0,0.0,0.2145912,0.17998,Advantage2_system1.13,2768,30,./penalty_sweep_qpu_v113/samples/4jsz_Kdist8.5_Kmono2.0/psweep113_r2_20260326_005503/4jsz_ligand_report.csv,./penalty_sweep_qpu_v113/samples/4jsz_Kdist8.5_Kmono2.0/psweep113_r2_20260326_005503/4jsz_ligand_samples.json,./penalty_sweep_qpu_v113/samples/4jsz_Kdist8.5_Kmono2.0/psweep113_r2_20260326_005503/result.json
4jsz,4jsz_Kdist8.5_Kmono3.0,psweep113_r2_20260326_005503,8.5,3.0,ok,1.7102686217843663,1000,1000,1000,3,0.003,1.0,0.003,0.2104552,0.17584,Advantage2_system1.13,2918,33,./penalty_sweep_qpu_v113/samples/4jsz_Kdist8.5_Kmono3.0/psweep113_r2_20260326_005503/4jsz_ligand_report.csv,./penalty_sweep_qpu_v113/samples/4jsz_Kdist8.5_Kmono3.0/psweep113_r2_20260326_005503/4jsz_ligand_samples.json,./penalty_sweep_qpu_v113/samples/4jsz_Kdist8.5_Kmono3.0/psweep113_r2_20260326_005503/result.json
4jsz,4jsz_Kdist8.5_Kmono4.0,psweep113_r2_20260326_005503,8.5,4.0,ok,2.170764095797908,1000,1000,1000,0,0.0,1.0,0.0,0.21658639999999998,0.18198,Advantage2_system1.13,2473,28,./penalty_sweep_qpu_v113/samples/4jsz_Kdist8.5_Kmono4.0/psweep113_r2_20260326_005503/4jsz_ligand_report.csv,./penalty_sweep_qpu_v113/samples/4jsz_Kdist8.5_Kmono4.0/psweep113_r2_20260326_005503/4jsz_ligand_samples.json,./penalty_sweep_qpu_v113/samples/4jsz_Kdist8.5_Kmono4.0/psweep113_r2_20260326_005503/result.json
4jsz,4jsz_Kdist8.5_Kmono5.0,psweep113_r2_20260326_005503,8.5,5.0,ok,2.975130500560381,1000,1000,1000,0,0.0,1.0,0.0,0.21698720000000002,0.18238,Advantage2_system1.13,2368,25,./penalty_sweep_qpu_v113/samples/4jsz_Kdist8.5_Kmono5.0/psweep113_r2_20260326_005503/4jsz_ligand_report.csv,./penalty_sweep_qpu_v113/samples/4jsz_Kdist8.5_Kmono5.0/psweep113_r2_20260326_005503/4jsz_ligand_samples.json,./penalty_sweep_qpu_v113/samples/4jsz_Kdist8.5_Kmono5.0/psweep113_r2_20260326_005503/result.json
4jsz,4jsz_Kdist8.5_Kmono6.0,psweep113_r2_20260326_005503,8.5,6.0,ok,2.5382753848936903,1000,1000,1000,0,0.0,1.0,0.0,0.208406,0.1738,Advantage2_system1.13,2584,27,./penalty_sweep_qpu_v113/samples/4jsz_Kdist8.5_Kmono6.0/psweep113_r2_20260326_005503/4jsz_ligand_report.csv,./penalty_sweep_qpu_v113/samples/4jsz_Kdist8.5_Kmono6.0/psweep113_r2_20260326_005503/4jsz_ligand_samples.json,./penalty_sweep_qpu_v113/samples/4jsz_Kdist8.5_Kmono6.0/psweep113_r2_20260326_005503/result.json
4jsz,4jsz_Kdist8.5_Kmono7.0,psweep113_r2_20260326_005503,8.5,7.0,ok,1.8672339978734667,1000,1000,1000,2,0.002,1.0,0.002,0.211228,0.17662,Advantage2_system1.13,2326,24,./penalty_sweep_qpu_v113/samples/4jsz_Kdist8.5_Kmono7.0/psweep113_r2_20260326_005503/4jsz_ligand_report.csv,./penalty_sweep_qpu_v113/samples/4jsz_Kdist8.5_Kmono7.0/psweep113_r2_20260326_005503/4jsz_ligand_samples.json,./penalty_sweep_qpu_v113/samples/4jsz_Kdist8.5_Kmono7.0/psweep113_r2_20260326_005503/result.json
4jsz,4jsz_Kdist8.5_Kmono8.0,psweep113_r2_20260326_005503,8.5,8.0,ok,2.0130400349808713,1000,1000,1000,0,0.0,1.0,0.0,0.2160908,0.18148,Advantage2_system1.13,2633,29,./penalty_sweep_qpu_v113/samples/4jsz_Kdist8.5_Kmono8.0/psweep113_r2_20260326_005503/4jsz_ligand_report.csv,./penalty_sweep_qpu_v113/samples/4jsz_Kdist8.5_Kmono8.0/psweep113_r2_20260326_005503/4jsz_ligand_samples.json,./penalty_sweep_qpu_v113/samples/4jsz_Kdist8.5_Kmono8.0/psweep113_r2_20260326_005503/result.json
4jsz,4jsz_Kdist8.5_Kmono9.0,psweep113_r2_20260326_005503,8.5,9.0,ok,2.140775749887818,1000,1000,1000,0,0.0,1.0,0.0,0.2111236,0.17652,Advantage2_system1.13,2466,25,./penalty_sweep_qpu_v113/samples/4jsz_Kdist8.5_Kmono9.0/psweep113_r2_20260326_005503/4jsz_ligand_report.csv,./penalty_sweep_qpu_v113/samples/4jsz_Kdist8.5_Kmono9.0/psweep113_r2_20260326_005503/4jsz_ligand_samples.json,./penalty_sweep_qpu_v113/samples/4jsz_Kdist8.5_Kmono9.0/psweep113_r2_20260326_005503/result.json
4jsz,4jsz_Kdist8.5_Kmono10.0,psweep113_r2_20260326_005503,8.5,10.0,ok,1.2574153195683664,1000,1000,1000,22,0.022,1.0,0.022,0.2144532,0.17984,Advantage2_system1.13,2698,30,./penalty_sweep_qpu_v113/samples/4jsz_Kdist8.5_Kmono10.0/psweep113_r2_20260326_005503/4jsz_ligand_report.csv,./penalty_sweep_qpu_v113/samples/4jsz_Kdist8.5_Kmono10.0/psweep113_r2_20260326_005503/4jsz_ligand_samples.json,./penalty_sweep_qpu_v113/samples/4jsz_Kdist8.5_Kmono10.0/psweep113_r2_20260326_005503/result.json
4jsz,4jsz_Kdist8.5_Kmono11.0,psweep113_r2_20260326_005503,8.5,11.0,ok,1.9504783290495649,1000,1000,1000,2,0.002,1.0,0.002,0.2046268,0.17002,Advantage2_system1.13,2496,26,./penalty_sweep_qpu_v113/samples/4jsz_Kdist8.5_Kmono11.0/psweep113_r2_20260326_005503/4jsz_ligand_report.csv,./penalty_sweep_qpu_v113/samples/4jsz_Kdist8.5_Kmono11.0/psweep113_r2_20260326_005503/4jsz_ligand_samples.json,./penalty_sweep_qpu_v113/samples/4jsz_Kdist8.5_Kmono11.0/psweep113_r2_20260326_005503/result.json
4jsz,4jsz_Kdist8.5_Kmono12.0,psweep113_r2_20260326_005503,8.5,12.0,ok,1.9944885361002294,1000,1000,1000,1,0.001,1.0,0.001,0.21185320000000002,0.17724,Advantage2_system1.13,2502,26,./penalty_sweep_qpu_v113/samples/4jsz_Kdist8.5_Kmono12.0/psweep113_r2_20260326_005503/4jsz_ligand_report.csv,./penalty_sweep_qpu_v113/samples/4jsz_Kdist8.5_Kmono12.0/psweep113_r2_20260326_005503/4jsz_ligand_samples.json,./penalty_sweep_qpu_v113/samples/4jsz_Kdist8.5_Kmono12.0/psweep113_r2_20260326_005503/result.json
4jsz,4jsz_Kdist8.5_Kmono13.0,psweep113_r2_20260326_005503,8.5,13.0,ok,1.900172922176049,1000,1000,1000,1,0.001,1.0,0.001,0.2121752,0.17756,Advantage2_system1.13,2787,29,./penalty_sweep_qpu_v113/samples/4jsz_Kdist8.5_Kmono13.0/psweep113_r2_20260326_005503/4jsz_ligand_report.csv,./penalty_sweep_qpu_v113/samples/4jsz_Kdist8.5_Kmono13.0/psweep113_r2_20260326_005503/4jsz_ligand_samples.json,./penalty_sweep_qpu_v113/samples/4jsz_Kdist8.5_Kmono13.0/psweep113_r2_20260326_005503/result.json
4jsz,4jsz_Kdist8.5_Kmono14.0,psweep113_r2_20260326_005503,8.5,14.0,ok,2.7878464205274645,1000,1000,1000,0,0.0,1.0,0.0,0.215206,0.1806,Advantage2_system1.13,2409,25,./penalty_sweep_qpu_v113/samples/4jsz_Kdist8.5_Kmono14.0/psweep113_r2_20260326_005503/4jsz_ligand_report.csv,./penalty_sweep_qpu_v113/samples/4jsz_Kdist8.5_Kmono14.0/psweep113_r2_20260326_005503/4jsz_ligand_samples.json,./penalty_sweep_qpu_v113/samples/4jsz_Kdist8.5_Kmono14.0/psweep113_r2_20260326_005503/result.json
4jsz,4jsz_Kdist8.5_Kmono15.0,psweep113_r2_20260326_005503,8.5,15.0,ok,1.381804358006418,1000,1000,1000,25,0.025,1.0,0.025,0.213556,0.17894,Advantage2_system1.13,2620,28,./penalty_sweep_qpu_v113/samples/4jsz_Kdist8.5_Kmono15.0/psweep113_r2_20260326_005503/4jsz_ligand_report.csv,./penalty_sweep_qpu_v113/samples/4jsz_Kdist8.5_Kmono15.0/psweep113_r2_20260326_005503/4jsz_ligand_samples.json,./penalty_sweep_qpu_v113/samples/4jsz_Kdist8.5_Kmono15.0/psweep113_r2_20260326_005503/result.json
4jsz,4jsz_Kdist8.5_Kmono16.0,psweep113_r2_20260326_005503,8.5,16.0,ok,1.816166746274555,1000,1000,1000,2,0.002,1.0,0.002,0.21330960000000002,0.1787,Advantage2_system1.13,2481,27,./penalty_sweep_qpu_v113/samples/4jsz_Kdist8.5_Kmono16.0/psweep113_r2_20260326_005503/4jsz_ligand_report.csv,./penalty_sweep_qpu_v113/samples/4jsz_Kdist8.5_Kmono16.0/psweep113_r2_20260326_005503/4jsz_ligand_samples.json,./penalty_sweep_qpu_v113/samples/4jsz_Kdist8.5_Kmono16.0/psweep113_r2_20260326_005503/result.json
4jsz,4jsz_Kdist8.5_Kmono17.0,psweep113_r2_20260326_005503,8.5,17.0,ok,1.9886133980888385,1000,1000,1000,2,0.002,1.0,0.002,0.21748679999999998,0.18288,Advantage2_system1.13,2472,27,./penalty_sweep_qpu_v113/samples/4jsz_Kdist8.5_Kmono17.0/psweep113_r2_20260326_005503/4jsz_ligand_report.csv,./penalty_sweep_qpu_v113/samples/4jsz_Kdist8.5_Kmono17.0/psweep113_r2_20260326_005503/4jsz_ligand_samples.json,./penalty_sweep_qpu_v113/samples/4jsz_Kdist8.5_Kmono17.0/psweep113_r2_20260326_005503/result.json
4jsz,4jsz_Kdist8.5_Kmono18.0,psweep113_r2_20260326_005503,8.5,18.0,ok,3.611973036890271,1000,1000,1000,0,0.0,1.0,0.0,0.2130272,0.17842,Advantage2_system1.13,2821,32,./penalty_sweep_qpu_v113/samples/4jsz_Kdist8.5_Kmono18.0/psweep113_r2_20260326_005503/4jsz_ligand_report.csv,./penalty_sweep_qpu_v113/samples/4jsz_Kdist8.5_Kmono18.0/psweep113_r2_20260326_005503/4jsz_ligand_samples.json,./penalty_sweep_qpu_v113/samples/4jsz_Kdist8.5_Kmono18.0/psweep113_r2_20260326_005503/result.json
4jsz,4jsz_Kdist8.5_Kmono19.0,psweep113_r2_20260326_005503,8.5,19.0,ok,2.1628056302228607,1000,1000,1000,0,0.0,1.0,0.0,0.20780720000000003,0.1732,Advantage2_system1.13,2834,31,./penalty_sweep_qpu_v113/samples/4jsz_Kdist8.5_Kmono19.0/psweep113_r2_20260326_005503/4jsz_ligand_report.csv,./penalty_sweep_qpu_v113/samples/4jsz_Kdist8.5_Kmono19.0/psweep113_r2_20260326_005503/4jsz_ligand_samples.json,./penalty_sweep_qpu_v113/samples/4jsz_Kdist8.5_Kmono19.0/psweep113_r2_20260326_005503/result.json
4jsz,4jsz_Kdist8.5_Kmono20.0,psweep113_r2_20260326_005503,8.5,20.0,ok,1.836053771288676,1000,1000,1000,1,0.001,1.0,0.001,0.211768,0.17716,Advantage2_system1.13,2528,27,./penalty_sweep_qpu_v113/samples/4jsz_Kdist8.5_Kmono20.0/psweep113_r2_20260326_005503/4jsz_ligand_report.csv,./penalty_sweep_qpu_v113/samples/4jsz_Kdist8.5_Kmono20.0/psweep113_r2_20260326_005503/4jsz_ligand_samples.json,./penalty_sweep_qpu_v113/samples/4jsz_Kdist8.5_Kmono20.0/psweep113_r2_20260326_005503/result.json
4jsz,4jsz_Kdist9.0_Kmono1.0,psweep113_r2_20260326_005503,9.0,1.0,ok,2.7044883159060404,1000,1000,1000,0,0.0,1.0,0.0,0.2143128,0.1797,Advantage2_system1.13,2780,32,./penalty_sweep_qpu_v113/samples/4jsz_Kdist9.0_Kmono1.0/psweep113_r2_20260326_005503/4jsz_ligand_report.csv,./penalty_sweep_qpu_v113/samples/4jsz_Kdist9.0_Kmono1.0/psweep113_r2_20260326_005503/4jsz_ligand_samples.json,./penalty_sweep_qpu_v113/samples/4jsz_Kdist9.0_Kmono1.0/psweep113_r2_20260326_005503/result.json
4jsz,4jsz_Kdist9.0_Kmono2.0,psweep113_r2_20260326_005503,9.0,2.0,ok,3.329750944065603,1000,1000,1000,0,0.0,1.0,0.0,0.21266120000000002,0.17806,Advantage2_system1.13,2445,26,./penalty_sweep_qpu_v113/samples/4jsz_Kdist9.0_Kmono2.0/psweep113_r2_20260326_005503/4jsz_ligand_report.csv,./penalty_sweep_qpu_v113/samples/4jsz_Kdist9.0_Kmono2.0/psweep113_r2_20260326_005503/4jsz_ligand_samples.json,./penalty_sweep_qpu_v113/samples/4jsz_Kdist9.0_Kmono2.0/psweep113_r2_20260326_005503/result.json
4jsz,4jsz_Kdist9.0_Kmono3.0,psweep113_r2_20260326_005503,9.0,3.0,ok,2.8840129450901695,1000,1000,1000,0,0.0,1.0,0.0,0.2112684,0.17666,Advantage2_system1.13,2435,25,./penalty_sweep_qpu_v113/samples/4jsz_Kdist9.0_Kmono3.0/psweep113_r2_20260326_005503/4jsz_ligand_report.csv,./penalty_sweep_qpu_v113/samples/4jsz_Kdist9.0_Kmono3.0/psweep113_r2_20260326_005503/4jsz_ligand_samples.json,./penalty_sweep_qpu_v113/samples/4jsz_Kdist9.0_Kmono3.0/psweep113_r2_20260326_005503/result.json
4jsz,4jsz_Kdist9.0_Kmono4.0,psweep113_r2_20260326_005503,9.0,4.0,ok,2.156508747263965,1000,1000,1000,0,0.0,1.0,0.0,0.2140252,0.17942,Advantage2_system1.13,2428,26,./penalty_sweep_qpu_v113/samples/4jsz_Kdist9.0_Kmono4.0/psweep113_r2_20260326_005503/4jsz_ligand_report.csv,./penalty_sweep_qpu_v113/samples/4jsz_Kdist9.0_Kmono4.0/psweep113_r2_20260326_005503/4jsz_ligand_samples.json,./penalty_sweep_qpu_v113/samples/4jsz_Kdist9.0_Kmono4.0/psweep113_r2_20260326_005503/result.json
4jsz,4jsz_Kdist9.0_Kmono5.0,psweep113_r2_20260326_005503,9.0,5.0,ok,3.7432661599753283,1000,1000,1000,0,0.0,1.0,0.0,0.2106324,0.17602,Advantage2_system1.13,2331,26,./penalty_sweep_qpu_v113/samples/4jsz_Kdist9.0_Kmono5.0/psweep113_r2_20260326_005503/4jsz_ligand_report.csv,./penalty_sweep_qpu_v113/samples/4jsz_Kdist9.0_Kmono5.0/psweep113_r2_20260326_005503/4jsz_ligand_samples.json,./penalty_sweep_qpu_v113/samples/4jsz_Kdist9.0_Kmono5.0/psweep113_r2_20260326_005503/result.json
4jsz,4jsz_Kdist9.0_Kmono6.0,psweep113_r2_20260326_005503,9.0,6.0,ok,2.4198024532891487,1000,1000,1000,0,0.0,1.0,0.0,0.208662,0.17406,Advantage2_system1.13,2396,25,./penalty_sweep_qpu_v113/samples/4jsz_Kdist9.0_Kmono6.0/psweep113_r2_20260326_005503/4jsz_ligand_report.csv,./penalty_sweep_qpu_v113/samples/4jsz_Kdist9.0_Kmono6.0/psweep113_r2_20260326_005503/4jsz_ligand_samples.json,./penalty_sweep_qpu_v113/samples/4jsz_Kdist9.0_Kmono6.0/psweep113_r2_20260326_005503/result.json
4jsz,4jsz_Kdist9.0_Kmono7.0,psweep113_r2_20260326_005503,9.0,7.0,ok,3.0318183155709884,1000,1000,1000,0,0.0,1.0,0.0,0.213022,0.17842,Advantage2_system1.13,2456,27,./penalty_sweep_qpu_v113/samples/4jsz_Kdist9.0_Kmono7.0/psweep113_r2_20260326_005503/4jsz_ligand_report.csv,./penalty_sweep_qpu_v113/samples/4jsz_Kdist9.0_Kmono7.0/psweep113_r2_20260326_005503/4jsz_ligand_samples.json,./penalty_sweep_qpu_v113/samples/4jsz_Kdist9.0_Kmono7.0/psweep113_r2_20260326_005503/result.json
4jsz,4jsz_Kdist9.0_Kmono8.0,psweep113_r2_20260326_005503,9.0,8.0,ok,1.845422165193464,1000,1000,1000,3,0.003,1.0,0.003,0.21176720000000002,0.17716,Advantage2_system1.13,2497,26,./penalty_sweep_qpu_v113/samples/4jsz_Kdist9.0_Kmono8.0/psweep113_r2_20260326_005503/4jsz_ligand_report.csv,./penalty_sweep_qpu_v113/samples/4jsz_Kdist9.0_Kmono8.0/psweep113_r2_20260326_005503/4jsz_ligand_samples.json,./penalty_sweep_qpu_v113/samples/4jsz_Kdist9.0_Kmono8.0/psweep113_r2_20260326_005503/result.json
4jsz,4jsz_Kdist9.0_Kmono9.0,psweep113_r2_20260326_005503,9.0,9.0,ok,1.5043471210687207,1000,1000,1000,45,0.045,1.0,0.045,0.2112656,0.17666,Advantage2_system1.13,2580,27,./penalty_sweep_qpu_v113/samples/4jsz_Kdist9.0_Kmono9.0/psweep113_r2_20260326_005503/4jsz_ligand_report.csv,./penalty_sweep_qpu_v113/samples/4jsz_Kdist9.0_Kmono9.0/psweep113_r2_20260326_005503/4jsz_ligand_samples.json,./penalty_sweep_qpu_v113/samples/4jsz_Kdist9.0_Kmono9.0/psweep113_r2_20260326_005503/result.json
4jsz,4jsz_Kdist9.0_Kmono10.0,psweep113_r2_20260326_005503,9.0,10.0,ok,1.787070878087251,1000,1000,1000,106,0.106,1.0,0.106,0.2122076,0.1776,Advantage2_system1.13,2709,29,./penalty_sweep_qpu_v113/samples/4jsz_Kdist9.0_Kmono10.0/psweep113_r2_20260326_005503/4jsz_ligand_report.csv,./penalty_sweep_qpu_v113/samples/4jsz_Kdist9.0_Kmono10.0/psweep113_r2_20260326_005503/4jsz_ligand_samples.json,./penalty_sweep_qpu_v113/samples/4jsz_Kdist9.0_Kmono10.0/psweep113_r2_20260326_005503/result.json
4jsz,4jsz_Kdist9.0_Kmono11.0,psweep113_r2_20260326_005503,9.0,11.0,ok,1.900996605093242,1000,1000,1000,3,0.003,1.0,0.003,0.215946,0.18134,Advantage2_system1.13,2383,26,./penalty_sweep_qpu_v113/samples/4jsz_Kdist9.0_Kmono11.0/psweep113_r2_20260326_005503/4jsz_ligand_report.csv,./penalty_sweep_qpu_v113/samples/4jsz_Kdist9.0_Kmono11.0/psweep113_r2_20260326_005503/4jsz_ligand_samples.json,./penalty_sweep_qpu_v113/samples/4jsz_Kdist9.0_Kmono11.0/psweep113_r2_20260326_005503/result.json
4jsz,4jsz_Kdist9.0_Kmono12.0,psweep113_r2_20260326_005503,9.0,12.0,ok,1.6694047507375562,1000,1000,1000,18,0.018,1.0,0.018,0.21834879999999998,0.18374,Advantage2_system1.13,2403,25,./penalty_sweep_qpu_v113/samples/4jsz_Kdist9.0_Kmono12.0/psweep113_r2_20260326_005503/4jsz_ligand_report.csv,./penalty_sweep_qpu_v113/samples/4jsz_Kdist9.0_Kmono12.0/psweep113_r2_20260326_005503/4jsz_ligand_samples.json,./penalty_sweep_qpu_v113/samples/4jsz_Kdist9.0_Kmono12.0/psweep113_r2_20260326_005503/result.json
4jsz,4jsz_Kdist9.0_Kmono13.0,psweep113_r2_20260326_005503,9.0,13.0,ok,1.7650626385579005,1000,1000,1000,1,0.001,1.0,0.001,0.218128,0.18352,Advantage2_system1.13,2618,27,./penalty_sweep_qpu_v113/samples/4jsz_Kdist9.0_Kmono13.0/psweep113_r2_20260326_005503/4jsz_ligand_report.csv,./penalty_sweep_qpu_v113/samples/4jsz_Kdist9.0_Kmono13.0/psweep113_r2_20260326_005503/4jsz_ligand_samples.json,./penalty_sweep_qpu_v113/samples/4jsz_Kdist9.0_Kmono13.0/psweep113_r2_20260326_005503/result.json
4jsz,4jsz_Kdist9.0_Kmono14.0,psweep113_r2_20260326_005503,9.0,14.0,ok,0.6795565100805713,1000,1000,1000,81,0.081,1.0,0.081,0.2121204,0.17752,Advantage2_system1.13,2582,28,./penalty_sweep_qpu_v113/samples/4jsz_Kdist9.0_Kmono14.0/psweep113_r2_20260326_005503/4jsz_ligand_report.csv,./penalty_sweep_qpu_v113/samples/4jsz_Kdist9.0_Kmono14.0/psweep113_r2_20260326_005503/4jsz_ligand_samples.json,./penalty_sweep_qpu_v113/samples/4jsz_Kdist9.0_Kmono14.0/psweep113_r2_20260326_005503/result.json
4jsz,4jsz_Kdist9.0_Kmono15.0,psweep113_r2_20260326_005503,9.0,15.0,ok,3.193915848415152,1000,1000,1000,0,0.0,1.0,0.0,0.2116656,0.17706,Advantage2_system1.13,2365,25,./penalty_sweep_qpu_v113/samples/4jsz_Kdist9.0_Kmono15.0/psweep113_r2_20260326_005503/4jsz_ligand_report.csv,./penalty_sweep_qpu_v113/samples/4jsz_Kdist9.0_Kmono15.0/psweep113_r2_20260326_005503/4jsz_ligand_samples.json,./penalty_sweep_qpu_v113/samples/4jsz_Kdist9.0_Kmono15.0/psweep113_r2_20260326_005503/result.json
4jsz,4jsz_Kdist9.0_Kmono16.0,psweep113_r2_20260326_005503,9.0,16.0,ok,1.7678566222554757,1000,1000,1000,13,0.013,1.0,0.013,0.21470679999999998,0.1801,Advantage2_system1.13,2595,28,./penalty_sweep_qpu_v113/samples/4jsz_Kdist9.0_Kmono16.0/psweep113_r2_20260326_005503/4jsz_ligand_report.csv,./penalty_sweep_qpu_v113/samples/4jsz_Kdist9.0_Kmono16.0/psweep113_r2_20260326_005503/4jsz_ligand_samples.json,./penalty_sweep_qpu_v113/samples/4jsz_Kdist9.0_Kmono16.0/psweep113_r2_20260326_005503/result.json
4jsz,4jsz_Kdist9.0_Kmono17.0,psweep113_r2_20260326_005503,9.0,17.0,ok,4.122677569528707,1000,1000,1000,0,0.0,1.0,0.0,0.212664,0.17806,Advantage2_system1.13,2462,27,./penalty_sweep_qpu_v113/samples/4jsz_Kdist9.0_Kmono17.0/psweep113_r2_20260326_005503/4jsz_ligand_report.csv,./penalty_sweep_qpu_v113/samples/4jsz_Kdist9.0_Kmono17.0/psweep113_r2_20260326_005503/4jsz_ligand_samples.json,./penalty_sweep_qpu_v113/samples/4jsz_Kdist9.0_Kmono17.0/psweep113_r2_20260326_005503/result.json
4jsz,4jsz_Kdist9.0_Kmono18.0,psweep113_r2_20260326_005503,9.0,18.0,ok,1.840851561842384,1000,1000,1000,3,0.003,1.0,0.003,0.211804,0.1772,Advantage2_system1.13,2553,27,./penalty_sweep_qpu_v113/samples/4jsz_Kdist9.0_Kmono18.0/psweep113_r2_20260326_005503/4jsz_ligand_report.csv,./penalty_sweep_qpu_v113/samples/4jsz_Kdist9.0_Kmono18.0/psweep113_r2_20260326_005503/4jsz_ligand_samples.json,./penalty_sweep_qpu_v113/samples/4jsz_Kdist9.0_Kmono18.0/psweep113_r2_20260326_005503/result.json
4jsz,4jsz_Kdist9.0_Kmono19.0,psweep113_r2_20260326_005503,9.0,19.0,ok,1.0787541783628647,1000,1000,1000,18,0.018,1.0,0.018,0.2110276,0.17642,Advantage2_system1.13,2469,26,./penalty_sweep_qpu_v113/samples/4jsz_Kdist9.0_Kmono19.0/psweep113_r2_20260326_005503/4jsz_ligand_report.csv,./penalty_sweep_qpu_v113/samples/4jsz_Kdist9.0_Kmono19.0/psweep113_r2_20260326_005503/4jsz_ligand_samples.json,./penalty_sweep_qpu_v113/samples/4jsz_Kdist9.0_Kmono19.0/psweep113_r2_20260326_005503/result.json
4jsz,4jsz_Kdist9.0_Kmono20.0,psweep113_r2_20260326_005503,9.0,20.0,ok,1.4026505454973444,1000,1000,1000,2,0.002,1.0,0.002,0.21520879999999998,0.1806,Advantage2_system1.13,2893,32,./penalty_sweep_qpu_v113/samples/4jsz_Kdist9.0_Kmono20.0/psweep113_r2_20260326_005503/4jsz_ligand_report.csv,./penalty_sweep_qpu_v113/samples/4jsz_Kdist9.0_Kmono20.0/psweep113_r2_20260326_005503/4jsz_ligand_samples.json,./penalty_sweep_qpu_v113/samples/4jsz_Kdist9.0_Kmono20.0/psweep113_r2_20260326_005503/result.json
4jsz,4jsz_Kdist9.5_Kmono1.0,psweep113_r2_20260326_005503,9.5,1.0,ok,1.0274407579430176,1000,1000,1000,406,0.406,1.0,0.406,0.21888960000000002,0.18428,Advantage2_system1.13,2386,26,./penalty_sweep_qpu_v113/samples/4jsz_Kdist9.5_Kmono1.0/psweep113_r2_20260326_005503/4jsz_ligand_report.csv,./penalty_sweep_qpu_v113/samples/4jsz_Kdist9.5_Kmono1.0/psweep113_r2_20260326_005503/4jsz_ligand_samples.json,./penalty_sweep_qpu_v113/samples/4jsz_Kdist9.5_Kmono1.0/psweep113_r2_20260326_005503/result.json
4jsz,4jsz_Kdist9.5_Kmono2.0,psweep113_r2_20260326_005503,9.5,2.0,ok,4.065865650898024,1000,1000,1000,0,0.0,1.0,0.0,0.21404879999999998,0.17944,Advantage2_system1.13,2525,28,./penalty_sweep_qpu_v113/samples/4jsz_Kdist9.5_Kmono2.0/psweep113_r2_20260326_005503/4jsz_ligand_report.csv,./penalty_sweep_qpu_v113/samples/4jsz_Kdist9.5_Kmono2.0/psweep113_r2_20260326_005503/4jsz_ligand_samples.json,./penalty_sweep_qpu_v113/samples/4jsz_Kdist9.5_Kmono2.0/psweep113_r2_20260326_005503/result.json
4jsz,4jsz_Kdist9.5_Kmono3.0,psweep113_r2_20260326_005503,9.5,3.0,ok,2.393020947445616,1000,1000,1000,0,0.0,1.0,0.0,0.2140224,0.17942,Advantage2_system1.13,2427,26,./penalty_sweep_qpu_v113/samples/4jsz_Kdist9.5_Kmono3.0/psweep113_r2_20260326_005503/4jsz_ligand_report.csv,./penalty_sweep_qpu_v113/samples/4jsz_Kdist9.5_Kmono3.0/psweep113_r2_20260326_005503/4jsz_ligand_samples.json,./penalty_sweep_qpu_v113/samples/4jsz_Kdist9.5_Kmono3.0/psweep113_r2_20260326_005503/result.json
4jsz,4jsz_Kdist9.5_Kmono4.0,psweep113_r2_20260326_005503,9.5,4.0,ok,1.271320092912457,1000,1000,1000,400,0.4,1.0,0.4,0.218772,0.18416,Advantage2_system1.13,2672,31,./penalty_sweep_qpu_v113/samples/4jsz_Kdist9.5_Kmono4.0/psweep113_r2_20260326_005503/4jsz_ligand_report.csv,./penalty_sweep_qpu_v113/samples/4jsz_Kdist9.5_Kmono4.0/psweep113_r2_20260326_005503/4jsz_ligand_samples.json,./penalty_sweep_qpu_v113/samples/4jsz_Kdist9.5_Kmono4.0/psweep113_r2_20260326_005503/result.json
4jsz,4jsz_Kdist9.5_Kmono5.0,psweep113_r2_20260326_005503,9.5,5.0,ok,1.9508931126782165,1000,1000,1000,1,0.001,1.0,0.001,0.2095312,0.17492,Advantage2_system1.13,2465,27,./penalty_sweep_qpu_v113/samples/4jsz_Kdist9.5_Kmono5.0/psweep113_r2_20260326_005503/4jsz_ligand_report.csv,./penalty_sweep_qpu_v113/samples/4jsz_Kdist9.5_Kmono5.0/psweep113_r2_20260326_005503/4jsz_ligand_samples.json,./penalty_sweep_qpu_v113/samples/4jsz_Kdist9.5_Kmono5.0/psweep113_r2_20260326_005503/result.json
4jsz,4jsz_Kdist9.5_Kmono6.0,psweep113_r2_20260326_005503,9.5,6.0,ok,1.8941479031432686,1000,1000,1000,1,0.001,1.0,0.001,0.2128112,0.1782,Advantage2_system1.13,2628,30,./penalty_sweep_qpu_v113/samples/4jsz_Kdist9.5_Kmono6.0/psweep113_r2_20260326_005503/4jsz_ligand_report.csv,./penalty_sweep_qpu_v113/samples/4jsz_Kdist9.5_Kmono6.0/psweep113_r2_20260326_005503/4jsz_ligand_samples.json,./penalty_sweep_qpu_v113/samples/4jsz_Kdist9.5_Kmono6.0/psweep113_r2_20260326_005503/result.json
4jsz,4jsz_Kdist9.5_Kmono7.0,psweep113_r2_20260326_005503,9.5,7.0,ok,2.8893623256759127,1000,1000,1000,0,0.0,1.0,0.0,0.2133164,0.1787,Advantage2_system1.13,2715,29,./penalty_sweep_qpu_v113/samples/4jsz_Kdist9.5_Kmono7.0/psweep113_r2_20260326_005503/4jsz_ligand_report.csv,./penalty_sweep_qpu_v113/samples/4jsz_Kdist9.5_Kmono7.0/psweep113_r2_20260326_005503/4jsz_ligand_samples.json,./penalty_sweep_qpu_v113/samples/4jsz_Kdist9.5_Kmono7.0/psweep113_r2_20260326_005503/result.json
4jsz,4jsz_Kdist9.5_Kmono8.0,psweep113_r2_20260326_005503,9.5,8.0,ok,2.44660318073235,1000,1000,1000,0,0.0,1.0,0.0,0.2171296,0.18252,Advantage2_system1.13,2550,28,./penalty_sweep_qpu_v113/samples/4jsz_Kdist9.5_Kmono8.0/psweep113_r2_20260326_005503/4jsz_ligand_report.csv,./penalty_sweep_qpu_v113/samples/4jsz_Kdist9.5_Kmono8.0/psweep113_r2_20260326_005503/4jsz_ligand_samples.json,./penalty_sweep_qpu_v113/samples/4jsz_Kdist9.5_Kmono8.0/psweep113_r2_20260326_005503/result.json
4jsz,4jsz_Kdist9.5_Kmono9.0,psweep113_r2_20260326_005503,9.5,9.0,ok,3.0154003368549063,1000,1000,1000,0,0.0,1.0,0.0,0.218536,0.18392,Advantage2_system1.13,3197,35,./penalty_sweep_qpu_v113/samples/4jsz_Kdist9.5_Kmono9.0/psweep113_r2_20260326_005503/4jsz_ligand_report.csv,./penalty_sweep_qpu_v113/samples/4jsz_Kdist9.5_Kmono9.0/psweep113_r2_20260326_005503/4jsz_ligand_samples.json,./penalty_sweep_qpu_v113/samples/4jsz_Kdist9.5_Kmono9.0/psweep113_r2_20260326_005503/result.json
4jsz,4jsz_Kdist9.5_Kmono10.0,psweep113_r2_20260326_005503,9.5,10.0,ok,3.555787451110721,1000,1000,1000,0,0.0,1.0,0.0,0.21772360000000002,0.18312,Advantage2_system1.13,2467,26,./penalty_sweep_qpu_v113/samples/4jsz_Kdist9.5_Kmono10.0/psweep113_r2_20260326_005503/4jsz_ligand_report.csv,./penalty_sweep_qpu_v113/samples/4jsz_Kdist9.5_Kmono10.0/psweep113_r2_20260326_005503/4jsz_ligand_samples.json,./penalty_sweep_qpu_v113/samples/4jsz_Kdist9.5_Kmono10.0/psweep113_r2_20260326_005503/result.json
4jsz,4jsz_Kdist9.5_Kmono11.0,psweep113_r2_20260326_005503,9.5,11.0,ok,1.8249247337390986,1000,1000,1000,2,0.002,1.0,0.002,0.2178856,0.18328,Advantage2_system1.13,2683,29,./penalty_sweep_qpu_v113/samples/4jsz_Kdist9.5_Kmono11.0/psweep113_r2_20260326_005503/4jsz_ligand_report.csv,./penalty_sweep_qpu_v113/samples/4jsz_Kdist9.5_Kmono11.0/psweep113_r2_20260326_005503/4jsz_ligand_samples.json,./penalty_sweep_qpu_v113/samples/4jsz_Kdist9.5_Kmono11.0/psweep113_r2_20260326_005503/result.json
4jsz,4jsz_Kdist9.5_Kmono12.0,psweep113_r2_20260326_005503,9.5,12.0,ok,2.733204302194189,1000,1000,1000,0,0.0,1.0,0.0,0.21784479999999998,0.18324,Advantage2_system1.13,2398,26,./penalty_sweep_qpu_v113/samples/4jsz_Kdist9.5_Kmono12.0/psweep113_r2_20260326_005503/4jsz_ligand_report.csv,./penalty_sweep_qpu_v113/samples/4jsz_Kdist9.5_Kmono12.0/psweep113_r2_20260326_005503/4jsz_ligand_samples.json,./penalty_sweep_qpu_v113/samples/4jsz_Kdist9.5_Kmono12.0/psweep113_r2_20260326_005503/result.json
4jsz,4jsz_Kdist9.5_Kmono13.0,psweep113_r2_20260326_005503,9.5,13.0,ok,2.523141316304626,1000,1000,1000,0,0.0,1.0,0.0,0.21617160000000002,0.18156,Advantage2_system1.13,2742,32,./penalty_sweep_qpu_v113/samples/4jsz_Kdist9.5_Kmono13.0/psweep113_r2_20260326_005503/4jsz_ligand_report.csv,./penalty_sweep_qpu_v113/samples/4jsz_Kdist9.5_Kmono13.0/psweep113_r2_20260326_005503/4jsz_ligand_samples.json,./penalty_sweep_qpu_v113/samples/4jsz_Kdist9.5_Kmono13.0/psweep113_r2_20260326_005503/result.json
4jsz,4jsz_Kdist9.5_Kmono14.0,psweep113_r2_20260326_005503,9.5,14.0,ok,3.2818875157256544,1000,1000,1000,0,0.0,1.0,0.0,0.2066252,0.17202,Advantage2_system1.13,2709,30,./penalty_sweep_qpu_v113/samples/4jsz_Kdist9.5_Kmono14.0/psweep113_r2_20260326_005503/4jsz_ligand_report.csv,./penalty_sweep_qpu_v113/samples/4jsz_Kdist9.5_Kmono14.0/psweep113_r2_20260326_005503/4jsz_ligand_samples.json,./penalty_sweep_qpu_v113/samples/4jsz_Kdist9.5_Kmono14.0/psweep113_r2_20260326_005503/result.json
4jsz,4jsz_Kdist9.5_Kmono15.0,psweep113_r2_20260326_005503,9.5,15.0,ok,3.0221029252605836,1000,1000,1000,0,0.0,1.0,0.0,0.21452320000000002,0.17992,Advantage2_system1.13,2420,26,./penalty_sweep_qpu_v113/samples/4jsz_Kdist9.5_Kmono15.0/psweep113_r2_20260326_005503/4jsz_ligand_report.csv,./penalty_sweep_qpu_v113/samples/4jsz_Kdist9.5_Kmono15.0/psweep113_r2_20260326_005503/4jsz_ligand_samples.json,./penalty_sweep_qpu_v113/samples/4jsz_Kdist9.5_Kmono15.0/psweep113_r2_20260326_005503/result.json
4jsz,4jsz_Kdist9.5_Kmono16.0,psweep113_r2_20260326_005503,9.5,16.0,ok,1.5589871790575949,1000,1000,1000,2,0.002,1.0,0.002,0.2135556,0.17894,Advantage2_system1.13,2578,27,./penalty_sweep_qpu_v113/samples/4jsz_Kdist9.5_Kmono16.0/psweep113_r2_20260326_005503/4jsz_ligand_report.csv,./penalty_sweep_qpu_v113/samples/4jsz_Kdist9.5_Kmono16.0/psweep113_r2_20260326_005503/4jsz_ligand_samples.json,./penalty_sweep_qpu_v113/samples/4jsz_Kdist9.5_Kmono16.0/psweep113_r2_20260326_005503/result.json
4jsz,4jsz_Kdist9.5_Kmono17.0,psweep113_r2_20260326_005503,9.5,17.0,ok,2.570583939622523,1000,1000,1000,0,0.0,1.0,0.0,0.21735320000000002,0.18274,Advantage2_system1.13,2704,28,./penalty_sweep_qpu_v113/samples/4jsz_Kdist9.5_Kmono17.0/psweep113_r2_20260326_005503/4jsz_ligand_report.csv,./penalty_sweep_qpu_v113/samples/4jsz_Kdist9.5_Kmono17.0/psweep113_r2_20260326_005503/4jsz_ligand_samples.json,./penalty_sweep_qpu_v113/samples/4jsz_Kdist9.5_Kmono17.0/psweep113_r2_20260326_005503/result.json
4jsz,4jsz_Kdist9.5_Kmono18.0,psweep113_r2_20260326_005503,9.5,18.0,ok,2.9927579168202483,1000,1000,1000,0,0.0,1.0,0.0,0.212396,0.17778,Advantage2_system1.13,2525,26,./penalty_sweep_qpu_v113/samples/4jsz_Kdist9.5_Kmono18.0/psweep113_r2_20260326_005503/4jsz_ligand_report.csv,./penalty_sweep_qpu_v113/samples/4jsz_Kdist9.5_Kmono18.0/psweep113_r2_20260326_005503/4jsz_ligand_samples.json,./penalty_sweep_qpu_v113/samples/4jsz_Kdist9.5_Kmono18.0/psweep113_r2_20260326_005503/result.json
4jsz,4jsz_Kdist9.5_Kmono19.0,psweep113_r2_20260326_005503,9.5,19.0,ok,2.1435074300941035,1000,1000,1000,0,0.0,1.0,0.0,0.2143588,0.17974,Advantage2_system1.13,2820,32,./penalty_sweep_qpu_v113/samples/4jsz_Kdist9.5_Kmono19.0/psweep113_r2_20260326_005503/4jsz_ligand_report.csv,./penalty_sweep_qpu_v113/samples/4jsz_Kdist9.5_Kmono19.0/psweep113_r2_20260326_005503/4jsz_ligand_samples.json,./penalty_sweep_qpu_v113/samples/4jsz_Kdist9.5_Kmono19.0/psweep113_r2_20260326_005503/result.json
4jsz,4jsz_Kdist9.5_Kmono20.0,psweep113_r2_20260326_005503,9.5,20.0,ok,1.593551500089627,1000,1000,1000,9,0.009,1.0,0.009,0.21241120000000002,0.1778,Advantage2_system1.13,2583,29,./penalty_sweep_qpu_v113/samples/4jsz_Kdist9.5_Kmono20.0/psweep113_r2_20260326_005503/4jsz_ligand_report.csv,./penalty_sweep_qpu_v113/samples/4jsz_Kdist9.5_Kmono20.0/psweep113_r2_20260326_005503/4jsz_ligand_samples.json,./penalty_sweep_qpu_v113/samples/4jsz_Kdist9.5_Kmono20.0/psweep113_r2_20260326_005503/result.json
4jsz,4jsz_Kdist10.0_Kmono1.0,psweep113_r2_20260326_005503,10.0,1.0,ok,1.2281560700065195,1000,1000,1000,932,0.932,1.0,0.932,0.21184,0.17724,Advantage2_system1.13,2286,25,./penalty_sweep_qpu_v113/samples/4jsz_Kdist10.0_Kmono1.0/psweep113_r2_20260326_005503/4jsz_ligand_report.csv,./penalty_sweep_qpu_v113/samples/4jsz_Kdist10.0_Kmono1.0/psweep113_r2_20260326_005503/4jsz_ligand_samples.json,./penalty_sweep_qpu_v113/samples/4jsz_Kdist10.0_Kmono1.0/psweep113_r2_20260326_005503/result.json
4jsz,4jsz_Kdist10.0_Kmono2.0,psweep113_r2_20260326_005503,10.0,2.0,ok,4.048818561308641,1000,1000,1000,0,0.0,1.0,0.0,0.206344,0.17174,Advantage2_system1.13,2730,30,./penalty_sweep_qpu_v113/samples/4jsz_Kdist10.0_Kmono2.0/psweep113_r2_20260326_005503/4jsz_ligand_report.csv,./penalty_sweep_qpu_v113/samples/4jsz_Kdist10.0_Kmono2.0/psweep113_r2_20260326_005503/4jsz_ligand_samples.json,./penalty_sweep_qpu_v113/samples/4jsz_Kdist10.0_Kmono2.0/psweep113_r2_20260326_005503/result.json
4jsz,4jsz_Kdist10.0_Kmono3.0,psweep113_r2_20260326_005503,10.0,3.0,ok,1.6646885363108785,1000,1000,1000,40,0.04,1.0,0.04,0.21190679999999998,0.1773,Advantage2_system1.13,2486,27,./penalty_sweep_qpu_v113/samples/4jsz_Kdist10.0_Kmono3.0/psweep113_r2_20260326_005503/4jsz_ligand_report.csv,./penalty_sweep_qpu_v113/samples/4jsz_Kdist10.0_Kmono3.0/psweep113_r2_20260326_005503/4jsz_ligand_samples.json,./penalty_sweep_qpu_v113/samples/4jsz_Kdist10.0_Kmono3.0/psweep113_r2_20260326_005503/result.json
4jsz,4jsz_Kdist10.0_Kmono4.0,psweep113_r2_20260326_005503,10.0,4.0,ok,1.7016756749127486,1000,1000,1000,10,0.01,1.0,0.01,0.2118156,0.1772,Advantage2_system1.13,2581,29,./penalty_sweep_qpu_v113/samples/4jsz_Kdist10.0_Kmono4.0/psweep113_r2_20260326_005503/4jsz_ligand_report.csv,./penalty_sweep_qpu_v113/samples/4jsz_Kdist10.0_Kmono4.0/psweep113_r2_20260326_005503/4jsz_ligand_samples.json,./penalty_sweep_qpu_v113/samples/4jsz_Kdist10.0_Kmono4.0/psweep113_r2_20260326_005503/result.json
4jsz,4jsz_Kdist10.0_Kmono5.0,psweep113_r2_20260326_005503,10.0,5.0,ok,1.4746602531510127,1000,1000,1000,9,0.009,1.0,0.009,0.2077008,0.1731,Advantage2_system1.13,2412,26,./penalty_sweep_qpu_v113/samples/4jsz_Kdist10.0_Kmono5.0/psweep113_r2_20260326_005503/4jsz_ligand_report.csv,./penalty_sweep_qpu_v113/samples/4jsz_Kdist10.0_Kmono5.0/psweep113_r2_20260326_005503/4jsz_ligand_samples.json,./penalty_sweep_qpu_v113/samples/4jsz_Kdist10.0_Kmono5.0/psweep113_r2_20260326_005503/result.json
4jsz,4jsz_Kdist10.0_Kmono6.0,psweep113_r2_20260326_005503,10.0,6.0,ok,1.552751631491072,1000,1000,1000,207,0.207,1.0,0.207,0.2182676,0.18366,Advantage2_system1.13,3043,33,./penalty_sweep_qpu_v113/samples/4jsz_Kdist10.0_Kmono6.0/psweep113_r2_20260326_005503/4jsz_ligand_report.csv,./penalty_sweep_qpu_v113/samples/4jsz_Kdist10.0_Kmono6.0/psweep113_r2_20260326_005503/4jsz_ligand_samples.json,./penalty_sweep_qpu_v113/samples/4jsz_Kdist10.0_Kmono6.0/psweep113_r2_20260326_005503/result.json
4jsz,4jsz_Kdist10.0_Kmono7.0,psweep113_r2_20260326_005503,10.0,7.0,ok,1.9323772743995034,1000,1000,1000,1,0.001,1.0,0.001,0.2184836,0.18388,Advantage2_system1.13,2394,26,./penalty_sweep_qpu_v113/samples/4jsz_Kdist10.0_Kmono7.0/psweep113_r2_20260326_005503/4jsz_ligand_report.csv,./penalty_sweep_qpu_v113/samples/4jsz_Kdist10.0_Kmono7.0/psweep113_r2_20260326_005503/4jsz_ligand_samples.json,./penalty_sweep_qpu_v113/samples/4jsz_Kdist10.0_Kmono7.0/psweep113_r2_20260326_005503/result.json
4jsz,4jsz_Kdist10.0_Kmono8.0,psweep113_r2_20260326_005503,10.0,8.0,ok,1.4102698114504708,1000,1000,1000,6,0.006,1.0,0.006,0.211404,0.1768,Advantage2_system1.13,2677,30,./penalty_sweep_qpu_v113/samples/4jsz_Kdist10.0_Kmono8.0/psweep113_r2_20260326_005503/4jsz_ligand_report.csv,./penalty_sweep_qpu_v113/samples/4jsz_Kdist10.0_Kmono8.0/psweep113_r2_20260326_005503/4jsz_ligand_samples.json,./penalty_sweep_qpu_v113/samples/4jsz_Kdist10.0_Kmono8.0/psweep113_r2_20260326_005503/result.json
4jsz,4jsz_Kdist10.0_Kmono9.0,psweep113_r2_20260326_005503,10.0,9.0,ok,3.257829881277417,1000,1000,1000,0,0.0,1.0,0.0,0.2164452,0.18184,Advantage2_system1.13,2331,24,./penalty_sweep_qpu_v113/samples/4jsz_Kdist10.0_Kmono9.0/psweep113_r2_20260326_005503/4jsz_ligand_report.csv,./penalty_sweep_qpu_v113/samples/4jsz_Kdist10.0_Kmono9.0/psweep113_r2_20260326_005503/4jsz_ligand_samples.json,./penalty_sweep_qpu_v113/samples/4jsz_Kdist10.0_Kmono9.0/psweep113_r2_20260326_005503/result.json
4jsz,4jsz_Kdist10.0_Kmono10.0,psweep113_r2_20260326_005503,10.0,10.0,ok,2.6804875780135777,1000,1000,1000,0,0.0,1.0,0.0,0.212126,0.17752,Advantage2_system1.13,2551,26,./penalty_sweep_qpu_v113/samples/4jsz_Kdist10.0_Kmono10.0/psweep113_r2_20260326_005503/4jsz_ligand_report.csv,./penalty_sweep_qpu_v113/samples/4jsz_Kdist10.0_Kmono10.0/psweep113_r2_20260326_005503/4jsz_ligand_samples.json,./penalty_sweep_qpu_v113/samples/4jsz_Kdist10.0_Kmono10.0/psweep113_r2_20260326_005503/result.json
4jsz,4jsz_Kdist10.0_Kmono11.0,psweep113_r2_20260326_005503,10.0,11.0,ok,2.1398159084240054,1000,1000,1000,0,0.0,1.0,0.0,0.2159812,0.18138,Advantage2_system1.13,2552,27,./penalty_sweep_qpu_v113/samples/4jsz_Kdist10.0_Kmono11.0/psweep113_r2_20260326_005503/4jsz_ligand_report.csv,./penalty_sweep_qpu_v113/samples/4jsz_Kdist10.0_Kmono11.0/psweep113_r2_20260326_005503/4jsz_ligand_samples.json,./penalty_sweep_qpu_v113/samples/4jsz_Kdist10.0_Kmono11.0/psweep113_r2_20260326_005503/result.json
4jsz,4jsz_Kdist10.0_Kmono12.0,psweep113_r2_20260326_005503,10.0,12.0,ok,3.3139929729191926,1000,1000,1000,0,0.0,1.0,0.0,0.2114104,0.1768,Advantage2_system1.13,2589,27,./penalty_sweep_qpu_v113/samples/4jsz_Kdist10.0_Kmono12.0/psweep113_r2_20260326_005503/4jsz_ligand_report.csv,./penalty_sweep_qpu_v113/samples/4jsz_Kdist10.0_Kmono12.0/psweep113_r2_20260326_005503/4jsz_ligand_samples.json,./penalty_sweep_qpu_v113/samples/4jsz_Kdist10.0_Kmono12.0/psweep113_r2_20260326_005503/result.json
4jsz,4jsz_Kdist10.0_Kmono13.0,psweep113_r2_20260326_005503,10.0,13.0,ok,3.3743126335987257,1000,1000,1000,0,0.0,1.0,0.0,0.2200304,0.18542,Advantage2_system1.13,2667,30,./penalty_sweep_qpu_v113/samples/4jsz_Kdist10.0_Kmono13.0/psweep113_r2_20260326_005503/4jsz_ligand_report.csv,./penalty_sweep_qpu_v113/samples/4jsz_Kdist10.0_Kmono13.0/psweep113_r2_20260326_005503/4jsz_ligand_samples.json,./penalty_sweep_qpu_v113/samples/4jsz_Kdist10.0_Kmono13.0/psweep113_r2_20260326_005503/result.json
4jsz,4jsz_Kdist10.0_Kmono14.0,psweep113_r2_20260326_005503,10.0,14.0,ok,2.5588483134356554,1000,1000,1000,0,0.0,1.0,0.0,0.2135516,0.17894,Advantage2_system1.13,2785,30,./penalty_sweep_qpu_v113/samples/4jsz_Kdist10.0_Kmono14.0/psweep113_r2_20260326_005503/4jsz_ligand_report.csv,./penalty_sweep_qpu_v113/samples/4jsz_Kdist10.0_Kmono14.0/psweep113_r2_20260326_005503/4jsz_ligand_samples.json,./penalty_sweep_qpu_v113/samples/4jsz_Kdist10.0_Kmono14.0/psweep113_r2_20260326_005503/result.json
4jsz,4jsz_Kdist10.0_Kmono15.0,psweep113_r2_20260326_005503,10.0,15.0,ok,3.548545700725946,1000,1000,1000,0,0.0,1.0,0.0,0.2197636,0.18516,Advantage2_system1.13,2369,25,./penalty_sweep_qpu_v113/samples/4jsz_Kdist10.0_Kmono15.0/psweep113_r2_20260326_005503/4jsz_ligand_report.csv,./penalty_sweep_qpu_v113/samples/4jsz_Kdist10.0_Kmono15.0/psweep113_r2_20260326_005503/4jsz_ligand_samples.json,./penalty_sweep_qpu_v113/samples/4jsz_Kdist10.0_Kmono15.0/psweep113_r2_20260326_005503/result.json
4jsz,4jsz_Kdist10.0_Kmono16.0,psweep113_r2_20260326_005503,10.0,16.0,ok,1.8921004181628434,1000,1000,1000,1,0.001,1.0,0.001,0.21814039999999998,0.18352,Advantage2_system1.13,3021,36,./penalty_sweep_qpu_v113/samples/4jsz_Kdist10.0_Kmono16.0/psweep113_r2_20260326_005503/4jsz_ligand_report.csv,./penalty_sweep_qpu_v113/samples/4jsz_Kdist10.0_Kmono16.0/psweep113_r2_20260326_005503/4jsz_ligand_samples.json,./penalty_sweep_qpu_v113/samples/4jsz_Kdist10.0_Kmono16.0/psweep113_r2_20260326_005503/result.json
4jsz,4jsz_Kdist10.0_Kmono17.0,psweep113_r2_20260326_005503,10.0,17.0,ok,1.6276840913751642,1000,1000,1000,20,0.02,1.0,0.02,0.212526,0.17792,Advantage2_system1.13,2408,27,./penalty_sweep_qpu_v113/samples/4jsz_Kdist10.0_Kmono17.0/psweep113_r2_20260326_005503/4jsz_ligand_report.csv,./penalty_sweep_qpu_v113/samples/4jsz_Kdist10.0_Kmono17.0/psweep113_r2_20260326_005503/4jsz_ligand_samples.json,./penalty_sweep_qpu_v113/samples/4jsz_Kdist10.0_Kmono17.0/psweep113_r2_20260326_005503/result.json
4jsz,4jsz_Kdist10.0_Kmono18.0,psweep113_r2_20260326_005503,10.0,18.0,ok,1.5937415745465573,1000,1000,1000,1,0.001,1.0,0.001,0.21341079999999998,0.1788,Advantage2_system1.13,2309,24,./penalty_sweep_qpu_v113/samples/4jsz_Kdist10.0_Kmono18.0/psweep113_r2_20260326_005503/4jsz_ligand_report.csv,./penalty_sweep_qpu_v113/samples/4jsz_Kdist10.0_Kmono18.0/psweep113_r2_20260326_005503/4jsz_ligand_samples.json,./penalty_sweep_qpu_v113/samples/4jsz_Kdist10.0_Kmono18.0/psweep113_r2_20260326_005503/result.json
4jsz,4jsz_Kdist10.0_Kmono19.0,psweep113_r2_20260326_005503,10.0,19.0,ok,2.0991005531421325,1000,1000,1000,0,0.0,1.0,0.0,0.21798679999999998,0.18338,Advantage2_system1.13,2380,24,./penalty_sweep_qpu_v113/samples/4jsz_Kdist10.0_Kmono19.0/psweep113_r2_20260326_005503/4jsz_ligand_report.csv,./penalty_sweep_qpu_v113/samples/4jsz_Kdist10.0_Kmono19.0/psweep113_r2_20260326_005503/4jsz_ligand_samples.json,./penalty_sweep_qpu_v113/samples/4jsz_Kdist10.0_Kmono19.0/psweep113_r2_20260326_005503/result.json
4jsz,4jsz_Kdist10.0_Kmono20.0,psweep113_r2_20260326_005503,10.0,20.0,ok,1.2715493072286042,1000,1000,1000,54,0.054,1.0,0.054,0.2133048,0.1787,Advantage2_system1.13,2433,26,./penalty_sweep_qpu_v113/samples/4jsz_Kdist10.0_Kmono20.0/psweep113_r2_20260326_005503/4jsz_ligand_report.csv,./penalty_sweep_qpu_v113/samples/4jsz_Kdist10.0_Kmono20.0/psweep113_r2_20260326_005503/4jsz_ligand_samples.json,./penalty_sweep_qpu_v113/samples/4jsz_Kdist10.0_Kmono20.0/psweep113_r2_20260326_005503/result.json
