ligand,case_name,run_tag,Kdist,Kmono,status,mRMSD,n_poses,n_reads,n_valid,n_success_valid,quality,validity_rate,success_rate,qpu_access_sec,qpu_sampling_sec,solver,physical_qubits,max_chain_length,report_csv,samples_json,result_json
3nq9,3nq9_Kdist0.5_Kmono1.0,psweep113_r4_20260328_171213,0.5,1.0,ok,3.8117587932345973,1000,1000,1000,0,0.0,1.0,0.0,0.211124,0.17652,Advantage2_system1.13,2215,27,./penalty_sweep_qpu_v113/samples/3nq9_Kdist0.5_Kmono1.0/psweep113_r4_20260328_171213/3nq9_ligand_report.csv,./penalty_sweep_qpu_v113/samples/3nq9_Kdist0.5_Kmono1.0/psweep113_r4_20260328_171213/3nq9_ligand_samples.json,./penalty_sweep_qpu_v113/samples/3nq9_Kdist0.5_Kmono1.0/psweep113_r4_20260328_171213/result.json
3nq9,3nq9_Kdist0.5_Kmono2.0,psweep113_r4_20260328_171213,0.5,2.0,ok,0.9646203460057753,1000,1000,1000,124,0.124,1.0,0.124,0.21226720000000002,0.17766,Advantage2_system1.13,2087,25,./penalty_sweep_qpu_v113/samples/3nq9_Kdist0.5_Kmono2.0/psweep113_r4_20260328_171213/3nq9_ligand_report.csv,./penalty_sweep_qpu_v113/samples/3nq9_Kdist0.5_Kmono2.0/psweep113_r4_20260328_171213/3nq9_ligand_samples.json,./penalty_sweep_qpu_v113/samples/3nq9_Kdist0.5_Kmono2.0/psweep113_r4_20260328_171213/result.json
3nq9,3nq9_Kdist0.5_Kmono3.0,psweep113_r4_20260328_171213,0.5,3.0,ok,1.2309278603601501,1000,1000,1000,10,0.01,1.0,0.01,0.204714,0.1701,Advantage2_system1.13,2039,24,./penalty_sweep_qpu_v113/samples/3nq9_Kdist0.5_Kmono3.0/psweep113_r4_20260328_171213/3nq9_ligand_report.csv,./penalty_sweep_qpu_v113/samples/3nq9_Kdist0.5_Kmono3.0/psweep113_r4_20260328_171213/3nq9_ligand_samples.json,./penalty_sweep_qpu_v113/samples/3nq9_Kdist0.5_Kmono3.0/psweep113_r4_20260328_171213/result.json
3nq9,3nq9_Kdist0.5_Kmono4.0,psweep113_r4_20260328_171213,0.5,4.0,ok,1.0861844779709693,1000,1000,1000,28,0.028,1.0,0.028,0.2059876,0.17138,Advantage2_system1.13,2260,28,./penalty_sweep_qpu_v113/samples/3nq9_Kdist0.5_Kmono4.0/psweep113_r4_20260328_171213/3nq9_ligand_report.csv,./penalty_sweep_qpu_v113/samples/3nq9_Kdist0.5_Kmono4.0/psweep113_r4_20260328_171213/3nq9_ligand_samples.json,./penalty_sweep_qpu_v113/samples/3nq9_Kdist0.5_Kmono4.0/psweep113_r4_20260328_171213/result.json
3nq9,3nq9_Kdist0.5_Kmono5.0,psweep113_r4_20260328_171213,0.5,5.0,ok,1.4942494426860107,1000,1000,1000,7,0.007,1.0,0.007,0.21302279999999998,0.17842,Advantage2_system1.13,2171,27,./penalty_sweep_qpu_v113/samples/3nq9_Kdist0.5_Kmono5.0/psweep113_r4_20260328_171213/3nq9_ligand_report.csv,./penalty_sweep_qpu_v113/samples/3nq9_Kdist0.5_Kmono5.0/psweep113_r4_20260328_171213/3nq9_ligand_samples.json,./penalty_sweep_qpu_v113/samples/3nq9_Kdist0.5_Kmono5.0/psweep113_r4_20260328_171213/result.json
3nq9,3nq9_Kdist0.5_Kmono6.0,psweep113_r4_20260328_171213,0.5,6.0,ok,1.8033767287527318,1000,1000,1000,1,0.001,1.0,0.001,0.2176328,0.18302,Advantage2_system1.13,2601,31,./penalty_sweep_qpu_v113/samples/3nq9_Kdist0.5_Kmono6.0/psweep113_r4_20260328_171213/3nq9_ligand_report.csv,./penalty_sweep_qpu_v113/samples/3nq9_Kdist0.5_Kmono6.0/psweep113_r4_20260328_171213/3nq9_ligand_samples.json,./penalty_sweep_qpu_v113/samples/3nq9_Kdist0.5_Kmono6.0/psweep113_r4_20260328_171213/result.json
3nq9,3nq9_Kdist0.5_Kmono7.0,psweep113_r4_20260328_171213,0.5,7.0,ok,1.2106947006650057,1000,1000,1000,8,0.008,1.0,0.008,0.2137748,0.17916,Advantage2_system1.13,2320,26,./penalty_sweep_qpu_v113/samples/3nq9_Kdist0.5_Kmono7.0/psweep113_r4_20260328_171213/3nq9_ligand_report.csv,./penalty_sweep_qpu_v113/samples/3nq9_Kdist0.5_Kmono7.0/psweep113_r4_20260328_171213/3nq9_ligand_samples.json,./penalty_sweep_qpu_v113/samples/3nq9_Kdist0.5_Kmono7.0/psweep113_r4_20260328_171213/result.json
3nq9,3nq9_Kdist0.5_Kmono8.0,psweep113_r4_20260328_171213,0.5,8.0,ok,2.913398180413447,1000,1000,1000,0,0.0,1.0,0.0,0.208346,0.17374,Advantage2_system1.13,2058,24,./penalty_sweep_qpu_v113/samples/3nq9_Kdist0.5_Kmono8.0/psweep113_r4_20260328_171213/3nq9_ligand_report.csv,./penalty_sweep_qpu_v113/samples/3nq9_Kdist0.5_Kmono8.0/psweep113_r4_20260328_171213/3nq9_ligand_samples.json,./penalty_sweep_qpu_v113/samples/3nq9_Kdist0.5_Kmono8.0/psweep113_r4_20260328_171213/result.json
3nq9,3nq9_Kdist0.5_Kmono9.0,psweep113_r4_20260328_171213,0.5,9.0,ok,1.3967827848159091,1000,1000,1000,5,0.005,1.0,0.005,0.20815879999999998,0.17356,Advantage2_system1.13,2130,27,./penalty_sweep_qpu_v113/samples/3nq9_Kdist0.5_Kmono9.0/psweep113_r4_20260328_171213/3nq9_ligand_report.csv,./penalty_sweep_qpu_v113/samples/3nq9_Kdist0.5_Kmono9.0/psweep113_r4_20260328_171213/3nq9_ligand_samples.json,./penalty_sweep_qpu_v113/samples/3nq9_Kdist0.5_Kmono9.0/psweep113_r4_20260328_171213/result.json
3nq9,3nq9_Kdist0.5_Kmono10.0,psweep113_r4_20260328_171213,0.5,10.0,ok,0.500420733356217,1000,1000,1000,14,0.014,1.0,0.014,0.21608760000000002,0.18148,Advantage2_system1.13,2207,28,./penalty_sweep_qpu_v113/samples/3nq9_Kdist0.5_Kmono10.0/psweep113_r4_20260328_171213/3nq9_ligand_report.csv,./penalty_sweep_qpu_v113/samples/3nq9_Kdist0.5_Kmono10.0/psweep113_r4_20260328_171213/3nq9_ligand_samples.json,./penalty_sweep_qpu_v113/samples/3nq9_Kdist0.5_Kmono10.0/psweep113_r4_20260328_171213/result.json
3nq9,3nq9_Kdist0.5_Kmono11.0,psweep113_r4_20260328_171213,0.5,11.0,ok,1.280845970235974,1000,1000,1000,72,0.072,1.0,0.072,0.205306,0.1707,Advantage2_system1.13,2024,23,./penalty_sweep_qpu_v113/samples/3nq9_Kdist0.5_Kmono11.0/psweep113_r4_20260328_171213/3nq9_ligand_report.csv,./penalty_sweep_qpu_v113/samples/3nq9_Kdist0.5_Kmono11.0/psweep113_r4_20260328_171213/3nq9_ligand_samples.json,./penalty_sweep_qpu_v113/samples/3nq9_Kdist0.5_Kmono11.0/psweep113_r4_20260328_171213/result.json
3nq9,3nq9_Kdist0.5_Kmono12.0,psweep113_r4_20260328_171213,0.5,12.0,ok,1.6906643810201358,1000,1000,1000,4,0.004,1.0,0.004,0.204298,0.1697,Advantage2_system1.13,2000,22,./penalty_sweep_qpu_v113/samples/3nq9_Kdist0.5_Kmono12.0/psweep113_r4_20260328_171213/3nq9_ligand_report.csv,./penalty_sweep_qpu_v113/samples/3nq9_Kdist0.5_Kmono12.0/psweep113_r4_20260328_171213/3nq9_ligand_samples.json,./penalty_sweep_qpu_v113/samples/3nq9_Kdist0.5_Kmono12.0/psweep113_r4_20260328_171213/result.json
3nq9,3nq9_Kdist0.5_Kmono13.0,psweep113_r4_20260328_171213,0.5,13.0,ok,1.7227227552020368,1000,1000,1000,5,0.005,1.0,0.005,0.2048016,0.1702,Advantage2_system1.13,2049,23,./penalty_sweep_qpu_v113/samples/3nq9_Kdist0.5_Kmono13.0/psweep113_r4_20260328_171213/3nq9_ligand_report.csv,./penalty_sweep_qpu_v113/samples/3nq9_Kdist0.5_Kmono13.0/psweep113_r4_20260328_171213/3nq9_ligand_samples.json,./penalty_sweep_qpu_v113/samples/3nq9_Kdist0.5_Kmono13.0/psweep113_r4_20260328_171213/result.json
3nq9,3nq9_Kdist0.5_Kmono14.0,psweep113_r4_20260328_171213,0.5,14.0,ok,1.6036300091098132,1000,1000,1000,6,0.006,1.0,0.006,0.2082264,0.17362,Advantage2_system1.13,2199,26,./penalty_sweep_qpu_v113/samples/3nq9_Kdist0.5_Kmono14.0/psweep113_r4_20260328_171213/3nq9_ligand_report.csv,./penalty_sweep_qpu_v113/samples/3nq9_Kdist0.5_Kmono14.0/psweep113_r4_20260328_171213/3nq9_ligand_samples.json,./penalty_sweep_qpu_v113/samples/3nq9_Kdist0.5_Kmono14.0/psweep113_r4_20260328_171213/result.json
3nq9,3nq9_Kdist0.5_Kmono15.0,psweep113_r4_20260328_171213,0.5,15.0,ok,1.255894687161857,1000,1000,1000,28,0.028,1.0,0.028,0.2102776,0.17566,Advantage2_system1.13,2117,25,./penalty_sweep_qpu_v113/samples/3nq9_Kdist0.5_Kmono15.0/psweep113_r4_20260328_171213/3nq9_ligand_report.csv,./penalty_sweep_qpu_v113/samples/3nq9_Kdist0.5_Kmono15.0/psweep113_r4_20260328_171213/3nq9_ligand_samples.json,./penalty_sweep_qpu_v113/samples/3nq9_Kdist0.5_Kmono15.0/psweep113_r4_20260328_171213/result.json
3nq9,3nq9_Kdist0.5_Kmono16.0,psweep113_r4_20260328_171213,0.5,16.0,ok,0.9494598145222175,1000,1000,1000,111,0.111,1.0,0.111,0.2098888,0.17528,Advantage2_system1.13,2286,25,./penalty_sweep_qpu_v113/samples/3nq9_Kdist0.5_Kmono16.0/psweep113_r4_20260328_171213/3nq9_ligand_report.csv,./penalty_sweep_qpu_v113/samples/3nq9_Kdist0.5_Kmono16.0/psweep113_r4_20260328_171213/3nq9_ligand_samples.json,./penalty_sweep_qpu_v113/samples/3nq9_Kdist0.5_Kmono16.0/psweep113_r4_20260328_171213/result.json
3nq9,3nq9_Kdist0.5_Kmono17.0,psweep113_r4_20260328_171213,0.5,17.0,ok,1.3062205257354362,1000,1000,1000,7,0.007,1.0,0.007,0.2112684,0.17666,Advantage2_system1.13,2142,26,./penalty_sweep_qpu_v113/samples/3nq9_Kdist0.5_Kmono17.0/psweep113_r4_20260328_171213/3nq9_ligand_report.csv,./penalty_sweep_qpu_v113/samples/3nq9_Kdist0.5_Kmono17.0/psweep113_r4_20260328_171213/3nq9_ligand_samples.json,./penalty_sweep_qpu_v113/samples/3nq9_Kdist0.5_Kmono17.0/psweep113_r4_20260328_171213/result.json
3nq9,3nq9_Kdist0.5_Kmono18.0,psweep113_r4_20260328_171213,0.5,18.0,ok,1.841760068656781,1000,1000,1000,2,0.002,1.0,0.002,0.2009396,0.16634,Advantage2_system1.13,2017,24,./penalty_sweep_qpu_v113/samples/3nq9_Kdist0.5_Kmono18.0/psweep113_r4_20260328_171213/3nq9_ligand_report.csv,./penalty_sweep_qpu_v113/samples/3nq9_Kdist0.5_Kmono18.0/psweep113_r4_20260328_171213/3nq9_ligand_samples.json,./penalty_sweep_qpu_v113/samples/3nq9_Kdist0.5_Kmono18.0/psweep113_r4_20260328_171213/result.json
3nq9,3nq9_Kdist0.5_Kmono19.0,psweep113_r4_20260328_171213,0.5,19.0,ok,1.2303936757556655,1000,1000,1000,37,0.037,1.0,0.037,0.2190244,0.18442,Advantage2_system1.13,2157,25,./penalty_sweep_qpu_v113/samples/3nq9_Kdist0.5_Kmono19.0/psweep113_r4_20260328_171213/3nq9_ligand_report.csv,./penalty_sweep_qpu_v113/samples/3nq9_Kdist0.5_Kmono19.0/psweep113_r4_20260328_171213/3nq9_ligand_samples.json,./penalty_sweep_qpu_v113/samples/3nq9_Kdist0.5_Kmono19.0/psweep113_r4_20260328_171213/result.json
3nq9,3nq9_Kdist0.5_Kmono20.0,psweep113_r4_20260328_171213,0.5,20.0,ok,1.0101486085379876,1000,1000,1000,2,0.002,1.0,0.002,0.2069052,0.1723,Advantage2_system1.13,2168,24,./penalty_sweep_qpu_v113/samples/3nq9_Kdist0.5_Kmono20.0/psweep113_r4_20260328_171213/3nq9_ligand_report.csv,./penalty_sweep_qpu_v113/samples/3nq9_Kdist0.5_Kmono20.0/psweep113_r4_20260328_171213/3nq9_ligand_samples.json,./penalty_sweep_qpu_v113/samples/3nq9_Kdist0.5_Kmono20.0/psweep113_r4_20260328_171213/result.json
3nq9,3nq9_Kdist1.0_Kmono1.0,psweep113_r4_20260328_171213,1.0,1.0,ok,1.909790509210371,1000,1000,1000,3,0.003,1.0,0.003,0.2063476,0.17174,Advantage2_system1.13,2156,26,./penalty_sweep_qpu_v113/samples/3nq9_Kdist1.0_Kmono1.0/psweep113_r4_20260328_171213/3nq9_ligand_report.csv,./penalty_sweep_qpu_v113/samples/3nq9_Kdist1.0_Kmono1.0/psweep113_r4_20260328_171213/3nq9_ligand_samples.json,./penalty_sweep_qpu_v113/samples/3nq9_Kdist1.0_Kmono1.0/psweep113_r4_20260328_171213/result.json
3nq9,3nq9_Kdist1.0_Kmono2.0,psweep113_r4_20260328_171213,1.0,2.0,ok,1.9777489819508256,1000,1000,1000,1,0.001,1.0,0.001,0.21158079999999999,0.17698,Advantage2_system1.13,1944,23,./penalty_sweep_qpu_v113/samples/3nq9_Kdist1.0_Kmono2.0/psweep113_r4_20260328_171213/3nq9_ligand_report.csv,./penalty_sweep_qpu_v113/samples/3nq9_Kdist1.0_Kmono2.0/psweep113_r4_20260328_171213/3nq9_ligand_samples.json,./penalty_sweep_qpu_v113/samples/3nq9_Kdist1.0_Kmono2.0/psweep113_r4_20260328_171213/result.json
3nq9,3nq9_Kdist1.0_Kmono3.0,psweep113_r4_20260328_171213,1.0,3.0,ok,2.0550494499055985,1000,1000,1000,0,0.0,1.0,0.0,0.2080872,0.17348,Advantage2_system1.13,1908,21,./penalty_sweep_qpu_v113/samples/3nq9_Kdist1.0_Kmono3.0/psweep113_r4_20260328_171213/3nq9_ligand_report.csv,./penalty_sweep_qpu_v113/samples/3nq9_Kdist1.0_Kmono3.0/psweep113_r4_20260328_171213/3nq9_ligand_samples.json,./penalty_sweep_qpu_v113/samples/3nq9_Kdist1.0_Kmono3.0/psweep113_r4_20260328_171213/result.json
3nq9,3nq9_Kdist1.0_Kmono4.0,psweep113_r4_20260328_171213,1.0,4.0,ok,1.5485021869297861,1000,1000,1000,4,0.004,1.0,0.004,0.20793679999999998,0.17334,Advantage2_system1.13,2101,25,./penalty_sweep_qpu_v113/samples/3nq9_Kdist1.0_Kmono4.0/psweep113_r4_20260328_171213/3nq9_ligand_report.csv,./penalty_sweep_qpu_v113/samples/3nq9_Kdist1.0_Kmono4.0/psweep113_r4_20260328_171213/3nq9_ligand_samples.json,./penalty_sweep_qpu_v113/samples/3nq9_Kdist1.0_Kmono4.0/psweep113_r4_20260328_171213/result.json
3nq9,3nq9_Kdist1.0_Kmono5.0,psweep113_r4_20260328_171213,1.0,5.0,ok,1.5030941768569386,1000,1000,1000,1,0.001,1.0,0.001,0.207236,0.17262,Advantage2_system1.13,2165,26,./penalty_sweep_qpu_v113/samples/3nq9_Kdist1.0_Kmono5.0/psweep113_r4_20260328_171213/3nq9_ligand_report.csv,./penalty_sweep_qpu_v113/samples/3nq9_Kdist1.0_Kmono5.0/psweep113_r4_20260328_171213/3nq9_ligand_samples.json,./penalty_sweep_qpu_v113/samples/3nq9_Kdist1.0_Kmono5.0/psweep113_r4_20260328_171213/result.json
3nq9,3nq9_Kdist1.0_Kmono6.0,psweep113_r4_20260328_171213,1.0,6.0,ok,1.8675454682820456,1000,1000,1000,1,0.001,1.0,0.001,0.21976120000000002,0.18516,Advantage2_system1.13,2137,25,./penalty_sweep_qpu_v113/samples/3nq9_Kdist1.0_Kmono6.0/psweep113_r4_20260328_171213/3nq9_ligand_report.csv,./penalty_sweep_qpu_v113/samples/3nq9_Kdist1.0_Kmono6.0/psweep113_r4_20260328_171213/3nq9_ligand_samples.json,./penalty_sweep_qpu_v113/samples/3nq9_Kdist1.0_Kmono6.0/psweep113_r4_20260328_171213/result.json
3nq9,3nq9_Kdist1.0_Kmono7.0,psweep113_r4_20260328_171213,1.0,7.0,ok,2.0866173248804296,1000,1000,1000,0,0.0,1.0,0.0,0.2172044,0.1826,Advantage2_system1.13,2211,26,./penalty_sweep_qpu_v113/samples/3nq9_Kdist1.0_Kmono7.0/psweep113_r4_20260328_171213/3nq9_ligand_report.csv,./penalty_sweep_qpu_v113/samples/3nq9_Kdist1.0_Kmono7.0/psweep113_r4_20260328_171213/3nq9_ligand_samples.json,./penalty_sweep_qpu_v113/samples/3nq9_Kdist1.0_Kmono7.0/psweep113_r4_20260328_171213/result.json
3nq9,3nq9_Kdist1.0_Kmono8.0,psweep113_r4_20260328_171213,1.0,8.0,ok,2.3083528765935175,1000,1000,1000,0,0.0,1.0,0.0,0.208664,0.17406,Advantage2_system1.13,1972,23,./penalty_sweep_qpu_v113/samples/3nq9_Kdist1.0_Kmono8.0/psweep113_r4_20260328_171213/3nq9_ligand_report.csv,./penalty_sweep_qpu_v113/samples/3nq9_Kdist1.0_Kmono8.0/psweep113_r4_20260328_171213/3nq9_ligand_samples.json,./penalty_sweep_qpu_v113/samples/3nq9_Kdist1.0_Kmono8.0/psweep113_r4_20260328_171213/result.json
3nq9,3nq9_Kdist1.0_Kmono9.0,psweep113_r4_20260328_171213,1.0,9.0,ok,1.4522500586302527,1000,1000,1000,2,0.002,1.0,0.002,0.217586,0.18298,Advantage2_system1.13,1931,23,./penalty_sweep_qpu_v113/samples/3nq9_Kdist1.0_Kmono9.0/psweep113_r4_20260328_171213/3nq9_ligand_report.csv,./penalty_sweep_qpu_v113/samples/3nq9_Kdist1.0_Kmono9.0/psweep113_r4_20260328_171213/3nq9_ligand_samples.json,./penalty_sweep_qpu_v113/samples/3nq9_Kdist1.0_Kmono9.0/psweep113_r4_20260328_171213/result.json
3nq9,3nq9_Kdist1.0_Kmono10.0,psweep113_r4_20260328_171213,1.0,10.0,ok,1.5462858834299875,1000,1000,1000,4,0.004,1.0,0.004,0.2038384,0.16924,Advantage2_system1.13,2051,25,./penalty_sweep_qpu_v113/samples/3nq9_Kdist1.0_Kmono10.0/psweep113_r4_20260328_171213/3nq9_ligand_report.csv,./penalty_sweep_qpu_v113/samples/3nq9_Kdist1.0_Kmono10.0/psweep113_r4_20260328_171213/3nq9_ligand_samples.json,./penalty_sweep_qpu_v113/samples/3nq9_Kdist1.0_Kmono10.0/psweep113_r4_20260328_171213/result.json
3nq9,3nq9_Kdist1.0_Kmono11.0,psweep113_r4_20260328_171213,1.0,11.0,ok,2.1986301730055358,1000,1000,1000,0,0.0,1.0,0.0,0.215662,0.18106,Advantage2_system1.13,2015,23,./penalty_sweep_qpu_v113/samples/3nq9_Kdist1.0_Kmono11.0/psweep113_r4_20260328_171213/3nq9_ligand_report.csv,./penalty_sweep_qpu_v113/samples/3nq9_Kdist1.0_Kmono11.0/psweep113_r4_20260328_171213/3nq9_ligand_samples.json,./penalty_sweep_qpu_v113/samples/3nq9_Kdist1.0_Kmono11.0/psweep113_r4_20260328_171213/result.json
3nq9,3nq9_Kdist1.0_Kmono12.0,psweep113_r4_20260328_171213,1.0,12.0,ok,2.487482339035755,1000,1000,1000,0,0.0,1.0,0.0,0.204344,0.16974,Advantage2_system1.13,1995,24,./penalty_sweep_qpu_v113/samples/3nq9_Kdist1.0_Kmono12.0/psweep113_r4_20260328_171213/3nq9_ligand_report.csv,./penalty_sweep_qpu_v113/samples/3nq9_Kdist1.0_Kmono12.0/psweep113_r4_20260328_171213/3nq9_ligand_samples.json,./penalty_sweep_qpu_v113/samples/3nq9_Kdist1.0_Kmono12.0/psweep113_r4_20260328_171213/result.json
3nq9,3nq9_Kdist1.0_Kmono13.0,psweep113_r4_20260328_171213,1.0,13.0,ok,2.0213954000886005,1000,1000,1000,0,0.0,1.0,0.0,0.2140276,0.17942,Advantage2_system1.13,2135,25,./penalty_sweep_qpu_v113/samples/3nq9_Kdist1.0_Kmono13.0/psweep113_r4_20260328_171213/3nq9_ligand_report.csv,./penalty_sweep_qpu_v113/samples/3nq9_Kdist1.0_Kmono13.0/psweep113_r4_20260328_171213/3nq9_ligand_samples.json,./penalty_sweep_qpu_v113/samples/3nq9_Kdist1.0_Kmono13.0/psweep113_r4_20260328_171213/result.json
3nq9,3nq9_Kdist1.0_Kmono14.0,psweep113_r4_20260328_171213,1.0,14.0,ok,2.666444283307721,1000,1000,1000,0,0.0,1.0,0.0,0.207086,0.17248,Advantage2_system1.13,2234,26,./penalty_sweep_qpu_v113/samples/3nq9_Kdist1.0_Kmono14.0/psweep113_r4_20260328_171213/3nq9_ligand_report.csv,./penalty_sweep_qpu_v113/samples/3nq9_Kdist1.0_Kmono14.0/psweep113_r4_20260328_171213/3nq9_ligand_samples.json,./penalty_sweep_qpu_v113/samples/3nq9_Kdist1.0_Kmono14.0/psweep113_r4_20260328_171213/result.json
3nq9,3nq9_Kdist1.0_Kmono15.0,psweep113_r4_20260328_171213,1.0,15.0,ok,1.9128421758913774,1000,1000,1000,2,0.002,1.0,0.002,0.2099452,0.17534,Advantage2_system1.13,2074,24,./penalty_sweep_qpu_v113/samples/3nq9_Kdist1.0_Kmono15.0/psweep113_r4_20260328_171213/3nq9_ligand_report.csv,./penalty_sweep_qpu_v113/samples/3nq9_Kdist1.0_Kmono15.0/psweep113_r4_20260328_171213/3nq9_ligand_samples.json,./penalty_sweep_qpu_v113/samples/3nq9_Kdist1.0_Kmono15.0/psweep113_r4_20260328_171213/result.json
3nq9,3nq9_Kdist1.0_Kmono16.0,psweep113_r4_20260328_171213,1.0,16.0,ok,2.523145287226939,1000,1000,1000,0,0.0,1.0,0.0,0.2182272,0.18362,Advantage2_system1.13,2269,28,./penalty_sweep_qpu_v113/samples/3nq9_Kdist1.0_Kmono16.0/psweep113_r4_20260328_171213/3nq9_ligand_report.csv,./penalty_sweep_qpu_v113/samples/3nq9_Kdist1.0_Kmono16.0/psweep113_r4_20260328_171213/3nq9_ligand_samples.json,./penalty_sweep_qpu_v113/samples/3nq9_Kdist1.0_Kmono16.0/psweep113_r4_20260328_171213/result.json
3nq9,3nq9_Kdist1.0_Kmono17.0,psweep113_r4_20260328_171213,1.0,17.0,ok,3.6258412268527174,1000,1000,1000,0,0.0,1.0,0.0,0.21898520000000002,0.18438,Advantage2_system1.13,2068,23,./penalty_sweep_qpu_v113/samples/3nq9_Kdist1.0_Kmono17.0/psweep113_r4_20260328_171213/3nq9_ligand_report.csv,./penalty_sweep_qpu_v113/samples/3nq9_Kdist1.0_Kmono17.0/psweep113_r4_20260328_171213/3nq9_ligand_samples.json,./penalty_sweep_qpu_v113/samples/3nq9_Kdist1.0_Kmono17.0/psweep113_r4_20260328_171213/result.json
3nq9,3nq9_Kdist1.0_Kmono18.0,psweep113_r4_20260328_171213,1.0,18.0,ok,1.7377974342848688,1000,1000,1000,2,0.002,1.0,0.002,0.2176192,0.18302,Advantage2_system1.13,1985,23,./penalty_sweep_qpu_v113/samples/3nq9_Kdist1.0_Kmono18.0/psweep113_r4_20260328_171213/3nq9_ligand_report.csv,./penalty_sweep_qpu_v113/samples/3nq9_Kdist1.0_Kmono18.0/psweep113_r4_20260328_171213/3nq9_ligand_samples.json,./penalty_sweep_qpu_v113/samples/3nq9_Kdist1.0_Kmono18.0/psweep113_r4_20260328_171213/result.json
3nq9,3nq9_Kdist1.0_Kmono19.0,psweep113_r4_20260328_171213,1.0,19.0,ok,2.0005736612767917,1000,1000,1000,0,0.0,1.0,0.0,0.21454920000000002,0.17994,Advantage2_system1.13,2241,25,./penalty_sweep_qpu_v113/samples/3nq9_Kdist1.0_Kmono19.0/psweep113_r4_20260328_171213/3nq9_ligand_report.csv,./penalty_sweep_qpu_v113/samples/3nq9_Kdist1.0_Kmono19.0/psweep113_r4_20260328_171213/3nq9_ligand_samples.json,./penalty_sweep_qpu_v113/samples/3nq9_Kdist1.0_Kmono19.0/psweep113_r4_20260328_171213/result.json
3nq9,3nq9_Kdist1.0_Kmono20.0,psweep113_r4_20260328_171213,1.0,20.0,ok,2.0233934657292103,1000,1000,1000,0,0.0,1.0,0.0,0.211724,0.17712,Advantage2_system1.13,2082,25,./penalty_sweep_qpu_v113/samples/3nq9_Kdist1.0_Kmono20.0/psweep113_r4_20260328_171213/3nq9_ligand_report.csv,./penalty_sweep_qpu_v113/samples/3nq9_Kdist1.0_Kmono20.0/psweep113_r4_20260328_171213/3nq9_ligand_samples.json,./penalty_sweep_qpu_v113/samples/3nq9_Kdist1.0_Kmono20.0/psweep113_r4_20260328_171213/result.json
3nq9,3nq9_Kdist1.5_Kmono1.0,psweep113_r4_20260328_171213,1.5,1.0,ok,5.024375105488867,1000,1000,1000,0,0.0,1.0,0.0,0.2089012,0.1743,Advantage2_system1.13,1995,23,./penalty_sweep_qpu_v113/samples/3nq9_Kdist1.5_Kmono1.0/psweep113_r4_20260328_171213/3nq9_ligand_report.csv,./penalty_sweep_qpu_v113/samples/3nq9_Kdist1.5_Kmono1.0/psweep113_r4_20260328_171213/3nq9_ligand_samples.json,./penalty_sweep_qpu_v113/samples/3nq9_Kdist1.5_Kmono1.0/psweep113_r4_20260328_171213/result.json
3nq9,3nq9_Kdist1.5_Kmono2.0,psweep113_r4_20260328_171213,1.5,2.0,ok,2.747782297946289,1000,1000,1000,0,0.0,1.0,0.0,0.2067652,0.17216,Advantage2_system1.13,2082,24,./penalty_sweep_qpu_v113/samples/3nq9_Kdist1.5_Kmono2.0/psweep113_r4_20260328_171213/3nq9_ligand_report.csv,./penalty_sweep_qpu_v113/samples/3nq9_Kdist1.5_Kmono2.0/psweep113_r4_20260328_171213/3nq9_ligand_samples.json,./penalty_sweep_qpu_v113/samples/3nq9_Kdist1.5_Kmono2.0/psweep113_r4_20260328_171213/result.json
3nq9,3nq9_Kdist1.5_Kmono3.0,psweep113_r4_20260328_171213,1.5,3.0,ok,0.9656681689967582,1000,1000,1000,37,0.037,1.0,0.037,0.21516760000000001,0.18056,Advantage2_system1.13,2276,27,./penalty_sweep_qpu_v113/samples/3nq9_Kdist1.5_Kmono3.0/psweep113_r4_20260328_171213/3nq9_ligand_report.csv,./penalty_sweep_qpu_v113/samples/3nq9_Kdist1.5_Kmono3.0/psweep113_r4_20260328_171213/3nq9_ligand_samples.json,./penalty_sweep_qpu_v113/samples/3nq9_Kdist1.5_Kmono3.0/psweep113_r4_20260328_171213/result.json
3nq9,3nq9_Kdist1.5_Kmono4.0,psweep113_r4_20260328_171213,1.5,4.0,ok,1.6808864703109663,1000,1000,1000,16,0.016,1.0,0.016,0.2064848,0.17188,Advantage2_system1.13,2187,26,./penalty_sweep_qpu_v113/samples/3nq9_Kdist1.5_Kmono4.0/psweep113_r4_20260328_171213/3nq9_ligand_report.csv,./penalty_sweep_qpu_v113/samples/3nq9_Kdist1.5_Kmono4.0/psweep113_r4_20260328_171213/3nq9_ligand_samples.json,./penalty_sweep_qpu_v113/samples/3nq9_Kdist1.5_Kmono4.0/psweep113_r4_20260328_171213/result.json
3nq9,3nq9_Kdist1.5_Kmono5.0,psweep113_r4_20260328_171213,1.5,5.0,ok,0.9250544824471238,1000,1000,1000,20,0.02,1.0,0.02,0.217984,0.18338,Advantage2_system1.13,2026,24,./penalty_sweep_qpu_v113/samples/3nq9_Kdist1.5_Kmono5.0/psweep113_r4_20260328_171213/3nq9_ligand_report.csv,./penalty_sweep_qpu_v113/samples/3nq9_Kdist1.5_Kmono5.0/psweep113_r4_20260328_171213/3nq9_ligand_samples.json,./penalty_sweep_qpu_v113/samples/3nq9_Kdist1.5_Kmono5.0/psweep113_r4_20260328_171213/result.json
3nq9,3nq9_Kdist1.5_Kmono6.0,psweep113_r4_20260328_171213,1.5,6.0,ok,2.3622938963283615,1000,1000,1000,0,0.0,1.0,0.0,0.2084456,0.17384,Advantage2_system1.13,1981,23,./penalty_sweep_qpu_v113/samples/3nq9_Kdist1.5_Kmono6.0/psweep113_r4_20260328_171213/3nq9_ligand_report.csv,./penalty_sweep_qpu_v113/samples/3nq9_Kdist1.5_Kmono6.0/psweep113_r4_20260328_171213/3nq9_ligand_samples.json,./penalty_sweep_qpu_v113/samples/3nq9_Kdist1.5_Kmono6.0/psweep113_r4_20260328_171213/result.json
3nq9,3nq9_Kdist1.5_Kmono7.0,psweep113_r4_20260328_171213,1.5,7.0,ok,1.29470925750809,1000,1000,1000,15,0.015,1.0,0.015,0.2146752,0.18006,Advantage2_system1.13,2505,29,./penalty_sweep_qpu_v113/samples/3nq9_Kdist1.5_Kmono7.0/psweep113_r4_20260328_171213/3nq9_ligand_report.csv,./penalty_sweep_qpu_v113/samples/3nq9_Kdist1.5_Kmono7.0/psweep113_r4_20260328_171213/3nq9_ligand_samples.json,./penalty_sweep_qpu_v113/samples/3nq9_Kdist1.5_Kmono7.0/psweep113_r4_20260328_171213/result.json
3nq9,3nq9_Kdist1.5_Kmono8.0,psweep113_r4_20260328_171213,1.5,8.0,ok,2.402202795221524,1000,1000,1000,0,0.0,1.0,0.0,0.2196724,0.18506,Advantage2_system1.13,2128,24,./penalty_sweep_qpu_v113/samples/3nq9_Kdist1.5_Kmono8.0/psweep113_r4_20260328_171213/3nq9_ligand_report.csv,./penalty_sweep_qpu_v113/samples/3nq9_Kdist1.5_Kmono8.0/psweep113_r4_20260328_171213/3nq9_ligand_samples.json,./penalty_sweep_qpu_v113/samples/3nq9_Kdist1.5_Kmono8.0/psweep113_r4_20260328_171213/result.json
3nq9,3nq9_Kdist1.5_Kmono9.0,psweep113_r4_20260328_171213,1.5,9.0,ok,0.8793241174673612,1000,1000,1000,5,0.005,1.0,0.005,0.210206,0.1756,Advantage2_system1.13,2045,25,./penalty_sweep_qpu_v113/samples/3nq9_Kdist1.5_Kmono9.0/psweep113_r4_20260328_171213/3nq9_ligand_report.csv,./penalty_sweep_qpu_v113/samples/3nq9_Kdist1.5_Kmono9.0/psweep113_r4_20260328_171213/3nq9_ligand_samples.json,./penalty_sweep_qpu_v113/samples/3nq9_Kdist1.5_Kmono9.0/psweep113_r4_20260328_171213/result.json
3nq9,3nq9_Kdist1.5_Kmono10.0,psweep113_r4_20260328_171213,1.5,10.0,ok,3.533836580484054,1000,1000,1000,0,0.0,1.0,0.0,0.20734360000000002,0.17274,Advantage2_system1.13,2124,25,./penalty_sweep_qpu_v113/samples/3nq9_Kdist1.5_Kmono10.0/psweep113_r4_20260328_171213/3nq9_ligand_report.csv,./penalty_sweep_qpu_v113/samples/3nq9_Kdist1.5_Kmono10.0/psweep113_r4_20260328_171213/3nq9_ligand_samples.json,./penalty_sweep_qpu_v113/samples/3nq9_Kdist1.5_Kmono10.0/psweep113_r4_20260328_171213/result.json
3nq9,3nq9_Kdist1.5_Kmono11.0,psweep113_r4_20260328_171213,1.5,11.0,ok,0.5381728896330208,1000,1000,1000,19,0.019,1.0,0.019,0.20444079999999998,0.16984,Advantage2_system1.13,1984,22,./penalty_sweep_qpu_v113/samples/3nq9_Kdist1.5_Kmono11.0/psweep113_r4_20260328_171213/3nq9_ligand_report.csv,./penalty_sweep_qpu_v113/samples/3nq9_Kdist1.5_Kmono11.0/psweep113_r4_20260328_171213/3nq9_ligand_samples.json,./penalty_sweep_qpu_v113/samples/3nq9_Kdist1.5_Kmono11.0/psweep113_r4_20260328_171213/result.json
3nq9,3nq9_Kdist1.5_Kmono12.0,psweep113_r4_20260328_171213,1.5,12.0,ok,1.2984098049845767,1000,1000,1000,2,0.002,1.0,0.002,0.2084964,0.17388,Advantage2_system1.13,2323,28,./penalty_sweep_qpu_v113/samples/3nq9_Kdist1.5_Kmono12.0/psweep113_r4_20260328_171213/3nq9_ligand_report.csv,./penalty_sweep_qpu_v113/samples/3nq9_Kdist1.5_Kmono12.0/psweep113_r4_20260328_171213/3nq9_ligand_samples.json,./penalty_sweep_qpu_v113/samples/3nq9_Kdist1.5_Kmono12.0/psweep113_r4_20260328_171213/result.json
3nq9,3nq9_Kdist1.5_Kmono13.0,psweep113_r4_20260328_171213,1.5,13.0,ok,2.0572437537544945,1000,1000,1000,0,0.0,1.0,0.0,0.2084868,0.17388,Advantage2_system1.13,2025,24,./penalty_sweep_qpu_v113/samples/3nq9_Kdist1.5_Kmono13.0/psweep113_r4_20260328_171213/3nq9_ligand_report.csv,./penalty_sweep_qpu_v113/samples/3nq9_Kdist1.5_Kmono13.0/psweep113_r4_20260328_171213/3nq9_ligand_samples.json,./penalty_sweep_qpu_v113/samples/3nq9_Kdist1.5_Kmono13.0/psweep113_r4_20260328_171213/result.json
3nq9,3nq9_Kdist1.5_Kmono14.0,psweep113_r4_20260328_171213,1.5,14.0,ok,1.6843546839957386,1000,1000,1000,11,0.011,1.0,0.011,0.2019484,0.16734,Advantage2_system1.13,2174,27,./penalty_sweep_qpu_v113/samples/3nq9_Kdist1.5_Kmono14.0/psweep113_r4_20260328_171213/3nq9_ligand_report.csv,./penalty_sweep_qpu_v113/samples/3nq9_Kdist1.5_Kmono14.0/psweep113_r4_20260328_171213/3nq9_ligand_samples.json,./penalty_sweep_qpu_v113/samples/3nq9_Kdist1.5_Kmono14.0/psweep113_r4_20260328_171213/result.json
3nq9,3nq9_Kdist1.5_Kmono15.0,psweep113_r4_20260328_171213,1.5,15.0,ok,1.8179319062301431,1000,1000,1000,2,0.002,1.0,0.002,0.21749,0.18288,Advantage2_system1.13,2126,25,./penalty_sweep_qpu_v113/samples/3nq9_Kdist1.5_Kmono15.0/psweep113_r4_20260328_171213/3nq9_ligand_report.csv,./penalty_sweep_qpu_v113/samples/3nq9_Kdist1.5_Kmono15.0/psweep113_r4_20260328_171213/3nq9_ligand_samples.json,./penalty_sweep_qpu_v113/samples/3nq9_Kdist1.5_Kmono15.0/psweep113_r4_20260328_171213/result.json
3nq9,3nq9_Kdist1.5_Kmono16.0,psweep113_r4_20260328_171213,1.5,16.0,ok,0.7708294279448533,1000,1000,1000,42,0.042,1.0,0.042,0.21247960000000002,0.17788,Advantage2_system1.13,2129,25,./penalty_sweep_qpu_v113/samples/3nq9_Kdist1.5_Kmono16.0/psweep113_r4_20260328_171213/3nq9_ligand_report.csv,./penalty_sweep_qpu_v113/samples/3nq9_Kdist1.5_Kmono16.0/psweep113_r4_20260328_171213/3nq9_ligand_samples.json,./penalty_sweep_qpu_v113/samples/3nq9_Kdist1.5_Kmono16.0/psweep113_r4_20260328_171213/result.json
3nq9,3nq9_Kdist1.5_Kmono17.0,psweep113_r4_20260328_171213,1.5,17.0,ok,1.5438249453578714,1000,1000,1000,4,0.004,1.0,0.004,0.20907879999999998,0.17448,Advantage2_system1.13,2121,26,./penalty_sweep_qpu_v113/samples/3nq9_Kdist1.5_Kmono17.0/psweep113_r4_20260328_171213/3nq9_ligand_report.csv,./penalty_sweep_qpu_v113/samples/3nq9_Kdist1.5_Kmono17.0/psweep113_r4_20260328_171213/3nq9_ligand_samples.json,./penalty_sweep_qpu_v113/samples/3nq9_Kdist1.5_Kmono17.0/psweep113_r4_20260328_171213/result.json
3nq9,3nq9_Kdist1.5_Kmono18.0,psweep113_r4_20260328_171213,1.5,18.0,ok,1.397801139426085,1000,1000,1000,7,0.007,1.0,0.007,0.2061212,0.17152,Advantage2_system1.13,2002,24,./penalty_sweep_qpu_v113/samples/3nq9_Kdist1.5_Kmono18.0/psweep113_r4_20260328_171213/3nq9_ligand_report.csv,./penalty_sweep_qpu_v113/samples/3nq9_Kdist1.5_Kmono18.0/psweep113_r4_20260328_171213/3nq9_ligand_samples.json,./penalty_sweep_qpu_v113/samples/3nq9_Kdist1.5_Kmono18.0/psweep113_r4_20260328_171213/result.json
3nq9,3nq9_Kdist1.5_Kmono19.0,psweep113_r4_20260328_171213,1.5,19.0,ok,1.0097625726901633,1000,1000,1000,42,0.042,1.0,0.042,0.210224,0.17562,Advantage2_system1.13,2157,25,./penalty_sweep_qpu_v113/samples/3nq9_Kdist1.5_Kmono19.0/psweep113_r4_20260328_171213/3nq9_ligand_report.csv,./penalty_sweep_qpu_v113/samples/3nq9_Kdist1.5_Kmono19.0/psweep113_r4_20260328_171213/3nq9_ligand_samples.json,./penalty_sweep_qpu_v113/samples/3nq9_Kdist1.5_Kmono19.0/psweep113_r4_20260328_171213/result.json
3nq9,3nq9_Kdist1.5_Kmono20.0,psweep113_r4_20260328_171213,1.5,20.0,ok,1.8640982297768338,1000,1000,1000,4,0.004,1.0,0.004,0.2053468,0.17074,Advantage2_system1.13,2298,28,./penalty_sweep_qpu_v113/samples/3nq9_Kdist1.5_Kmono20.0/psweep113_r4_20260328_171213/3nq9_ligand_report.csv,./penalty_sweep_qpu_v113/samples/3nq9_Kdist1.5_Kmono20.0/psweep113_r4_20260328_171213/3nq9_ligand_samples.json,./penalty_sweep_qpu_v113/samples/3nq9_Kdist1.5_Kmono20.0/psweep113_r4_20260328_171213/result.json
3nq9,3nq9_Kdist2.0_Kmono1.0,psweep113_r4_20260328_171213,2.0,1.0,ok,2.533896138295482,1000,1000,1000,0,0.0,1.0,0.0,0.209908,0.1753,Advantage2_system1.13,2342,28,./penalty_sweep_qpu_v113/samples/3nq9_Kdist2.0_Kmono1.0/psweep113_r4_20260328_171213/3nq9_ligand_report.csv,./penalty_sweep_qpu_v113/samples/3nq9_Kdist2.0_Kmono1.0/psweep113_r4_20260328_171213/3nq9_ligand_samples.json,./penalty_sweep_qpu_v113/samples/3nq9_Kdist2.0_Kmono1.0/psweep113_r4_20260328_171213/result.json
3nq9,3nq9_Kdist2.0_Kmono2.0,psweep113_r4_20260328_171213,2.0,2.0,ok,2.492607292254688,1000,1000,1000,0,0.0,1.0,0.0,0.2177296,0.18312,Advantage2_system1.13,2314,26,./penalty_sweep_qpu_v113/samples/3nq9_Kdist2.0_Kmono2.0/psweep113_r4_20260328_171213/3nq9_ligand_report.csv,./penalty_sweep_qpu_v113/samples/3nq9_Kdist2.0_Kmono2.0/psweep113_r4_20260328_171213/3nq9_ligand_samples.json,./penalty_sweep_qpu_v113/samples/3nq9_Kdist2.0_Kmono2.0/psweep113_r4_20260328_171213/result.json
3nq9,3nq9_Kdist2.0_Kmono3.0,psweep113_r4_20260328_171213,2.0,3.0,ok,1.5606963100523112,1000,1000,1000,108,0.108,1.0,0.108,0.2053044,0.1707,Advantage2_system1.13,2300,27,./penalty_sweep_qpu_v113/samples/3nq9_Kdist2.0_Kmono3.0/psweep113_r4_20260328_171213/3nq9_ligand_report.csv,./penalty_sweep_qpu_v113/samples/3nq9_Kdist2.0_Kmono3.0/psweep113_r4_20260328_171213/3nq9_ligand_samples.json,./penalty_sweep_qpu_v113/samples/3nq9_Kdist2.0_Kmono3.0/psweep113_r4_20260328_171213/result.json
3nq9,3nq9_Kdist2.0_Kmono4.0,psweep113_r4_20260328_171213,2.0,4.0,ok,1.1420428493042194,1000,1000,1000,17,0.017,1.0,0.017,0.2131712,0.17856,Advantage2_system1.13,2098,26,./penalty_sweep_qpu_v113/samples/3nq9_Kdist2.0_Kmono4.0/psweep113_r4_20260328_171213/3nq9_ligand_report.csv,./penalty_sweep_qpu_v113/samples/3nq9_Kdist2.0_Kmono4.0/psweep113_r4_20260328_171213/3nq9_ligand_samples.json,./penalty_sweep_qpu_v113/samples/3nq9_Kdist2.0_Kmono4.0/psweep113_r4_20260328_171213/result.json
3nq9,3nq9_Kdist2.0_Kmono5.0,psweep113_r4_20260328_171213,2.0,5.0,ok,2.002331733624655,1000,1000,1000,0,0.0,1.0,0.0,0.205166,0.17056,Advantage2_system1.13,1979,24,./penalty_sweep_qpu_v113/samples/3nq9_Kdist2.0_Kmono5.0/psweep113_r4_20260328_171213/3nq9_ligand_report.csv,./penalty_sweep_qpu_v113/samples/3nq9_Kdist2.0_Kmono5.0/psweep113_r4_20260328_171213/3nq9_ligand_samples.json,./penalty_sweep_qpu_v113/samples/3nq9_Kdist2.0_Kmono5.0/psweep113_r4_20260328_171213/result.json
3nq9,3nq9_Kdist2.0_Kmono6.0,psweep113_r4_20260328_171213,2.0,6.0,ok,1.9956188758072937,1000,1000,1000,2,0.002,1.0,0.002,0.20612,0.17152,Advantage2_system1.13,2483,30,./penalty_sweep_qpu_v113/samples/3nq9_Kdist2.0_Kmono6.0/psweep113_r4_20260328_171213/3nq9_ligand_report.csv,./penalty_sweep_qpu_v113/samples/3nq9_Kdist2.0_Kmono6.0/psweep113_r4_20260328_171213/3nq9_ligand_samples.json,./penalty_sweep_qpu_v113/samples/3nq9_Kdist2.0_Kmono6.0/psweep113_r4_20260328_171213/result.json
3nq9,3nq9_Kdist2.0_Kmono7.0,psweep113_r4_20260328_171213,2.0,7.0,ok,4.318652369124492,1000,1000,1000,0,0.0,1.0,0.0,0.2063596,0.17174,Advantage2_system1.13,2237,26,./penalty_sweep_qpu_v113/samples/3nq9_Kdist2.0_Kmono7.0/psweep113_r4_20260328_171213/3nq9_ligand_report.csv,./penalty_sweep_qpu_v113/samples/3nq9_Kdist2.0_Kmono7.0/psweep113_r4_20260328_171213/3nq9_ligand_samples.json,./penalty_sweep_qpu_v113/samples/3nq9_Kdist2.0_Kmono7.0/psweep113_r4_20260328_171213/result.json
3nq9,3nq9_Kdist2.0_Kmono8.0,psweep113_r4_20260328_171213,2.0,8.0,ok,0.813448685288965,1000,1000,1000,525,0.525,1.0,0.525,0.2190228,0.18442,Advantage2_system1.13,2157,26,./penalty_sweep_qpu_v113/samples/3nq9_Kdist2.0_Kmono8.0/psweep113_r4_20260328_171213/3nq9_ligand_report.csv,./penalty_sweep_qpu_v113/samples/3nq9_Kdist2.0_Kmono8.0/psweep113_r4_20260328_171213/3nq9_ligand_samples.json,./penalty_sweep_qpu_v113/samples/3nq9_Kdist2.0_Kmono8.0/psweep113_r4_20260328_171213/result.json
3nq9,3nq9_Kdist2.0_Kmono9.0,psweep113_r4_20260328_171213,2.0,9.0,ok,2.156487664693002,1000,1000,1000,0,0.0,1.0,0.0,0.213904,0.1793,Advantage2_system1.13,2072,24,./penalty_sweep_qpu_v113/samples/3nq9_Kdist2.0_Kmono9.0/psweep113_r4_20260328_171213/3nq9_ligand_report.csv,./penalty_sweep_qpu_v113/samples/3nq9_Kdist2.0_Kmono9.0/psweep113_r4_20260328_171213/3nq9_ligand_samples.json,./penalty_sweep_qpu_v113/samples/3nq9_Kdist2.0_Kmono9.0/psweep113_r4_20260328_171213/result.json
3nq9,3nq9_Kdist2.0_Kmono10.0,psweep113_r4_20260328_171213,2.0,10.0,ok,1.929591125864669,1000,1000,1000,3,0.003,1.0,0.003,0.2126256,0.17802,Advantage2_system1.13,2049,23,./penalty_sweep_qpu_v113/samples/3nq9_Kdist2.0_Kmono10.0/psweep113_r4_20260328_171213/3nq9_ligand_report.csv,./penalty_sweep_qpu_v113/samples/3nq9_Kdist2.0_Kmono10.0/psweep113_r4_20260328_171213/3nq9_ligand_samples.json,./penalty_sweep_qpu_v113/samples/3nq9_Kdist2.0_Kmono10.0/psweep113_r4_20260328_171213/result.json
3nq9,3nq9_Kdist2.0_Kmono11.0,psweep113_r4_20260328_171213,2.0,11.0,ok,0.521642453442088,1000,1000,1000,40,0.04,1.0,0.04,0.216706,0.1821,Advantage2_system1.13,2053,24,./penalty_sweep_qpu_v113/samples/3nq9_Kdist2.0_Kmono11.0/psweep113_r4_20260328_171213/3nq9_ligand_report.csv,./penalty_sweep_qpu_v113/samples/3nq9_Kdist2.0_Kmono11.0/psweep113_r4_20260328_171213/3nq9_ligand_samples.json,./penalty_sweep_qpu_v113/samples/3nq9_Kdist2.0_Kmono11.0/psweep113_r4_20260328_171213/result.json
3nq9,3nq9_Kdist2.0_Kmono12.0,psweep113_r4_20260328_171213,2.0,12.0,ok,3.1875472663003905,1000,1000,1000,0,0.0,1.0,0.0,0.2083924,0.17378,Advantage2_system1.13,2231,27,./penalty_sweep_qpu_v113/samples/3nq9_Kdist2.0_Kmono12.0/psweep113_r4_20260328_171213/3nq9_ligand_report.csv,./penalty_sweep_qpu_v113/samples/3nq9_Kdist2.0_Kmono12.0/psweep113_r4_20260328_171213/3nq9_ligand_samples.json,./penalty_sweep_qpu_v113/samples/3nq9_Kdist2.0_Kmono12.0/psweep113_r4_20260328_171213/result.json
3nq9,3nq9_Kdist2.0_Kmono13.0,psweep113_r4_20260328_171213,2.0,13.0,ok,1.107088534433858,1000,1000,1000,7,0.007,1.0,0.007,0.2086296,0.17402,Advantage2_system1.13,2208,26,./penalty_sweep_qpu_v113/samples/3nq9_Kdist2.0_Kmono13.0/psweep113_r4_20260328_171213/3nq9_ligand_report.csv,./penalty_sweep_qpu_v113/samples/3nq9_Kdist2.0_Kmono13.0/psweep113_r4_20260328_171213/3nq9_ligand_samples.json,./penalty_sweep_qpu_v113/samples/3nq9_Kdist2.0_Kmono13.0/psweep113_r4_20260328_171213/result.json
3nq9,3nq9_Kdist2.0_Kmono14.0,psweep113_r4_20260328_171213,2.0,14.0,ok,2.3786756597517233,1000,1000,1000,0,0.0,1.0,0.0,0.2067088,0.1721,Advantage2_system1.13,2120,24,./penalty_sweep_qpu_v113/samples/3nq9_Kdist2.0_Kmono14.0/psweep113_r4_20260328_171213/3nq9_ligand_report.csv,./penalty_sweep_qpu_v113/samples/3nq9_Kdist2.0_Kmono14.0/psweep113_r4_20260328_171213/3nq9_ligand_samples.json,./penalty_sweep_qpu_v113/samples/3nq9_Kdist2.0_Kmono14.0/psweep113_r4_20260328_171213/result.json
3nq9,3nq9_Kdist2.0_Kmono15.0,psweep113_r4_20260328_171213,2.0,15.0,ok,2.0228477121904236,1000,1000,1000,0,0.0,1.0,0.0,0.2172288,0.18262,Advantage2_system1.13,2456,29,./penalty_sweep_qpu_v113/samples/3nq9_Kdist2.0_Kmono15.0/psweep113_r4_20260328_171213/3nq9_ligand_report.csv,./penalty_sweep_qpu_v113/samples/3nq9_Kdist2.0_Kmono15.0/psweep113_r4_20260328_171213/3nq9_ligand_samples.json,./penalty_sweep_qpu_v113/samples/3nq9_Kdist2.0_Kmono15.0/psweep113_r4_20260328_171213/result.json
3nq9,3nq9_Kdist2.0_Kmono16.0,psweep113_r4_20260328_171213,2.0,16.0,ok,1.8652911284574785,1000,1000,1000,1,0.001,1.0,0.001,0.212668,0.17806,Advantage2_system1.13,2134,25,./penalty_sweep_qpu_v113/samples/3nq9_Kdist2.0_Kmono16.0/psweep113_r4_20260328_171213/3nq9_ligand_report.csv,./penalty_sweep_qpu_v113/samples/3nq9_Kdist2.0_Kmono16.0/psweep113_r4_20260328_171213/3nq9_ligand_samples.json,./penalty_sweep_qpu_v113/samples/3nq9_Kdist2.0_Kmono16.0/psweep113_r4_20260328_171213/result.json
3nq9,3nq9_Kdist2.0_Kmono17.0,psweep113_r4_20260328_171213,2.0,17.0,ok,1.6064010061593985,1000,1000,1000,1,0.001,1.0,0.001,0.2105848,0.17598,Advantage2_system1.13,2402,30,./penalty_sweep_qpu_v113/samples/3nq9_Kdist2.0_Kmono17.0/psweep113_r4_20260328_171213/3nq9_ligand_report.csv,./penalty_sweep_qpu_v113/samples/3nq9_Kdist2.0_Kmono17.0/psweep113_r4_20260328_171213/3nq9_ligand_samples.json,./penalty_sweep_qpu_v113/samples/3nq9_Kdist2.0_Kmono17.0/psweep113_r4_20260328_171213/result.json
3nq9,3nq9_Kdist2.0_Kmono18.0,psweep113_r4_20260328_171213,2.0,18.0,ok,4.322885696764666,1000,1000,1000,0,0.0,1.0,0.0,0.2064872,0.17188,Advantage2_system1.13,2166,25,./penalty_sweep_qpu_v113/samples/3nq9_Kdist2.0_Kmono18.0/psweep113_r4_20260328_171213/3nq9_ligand_report.csv,./penalty_sweep_qpu_v113/samples/3nq9_Kdist2.0_Kmono18.0/psweep113_r4_20260328_171213/3nq9_ligand_samples.json,./penalty_sweep_qpu_v113/samples/3nq9_Kdist2.0_Kmono18.0/psweep113_r4_20260328_171213/result.json
3nq9,3nq9_Kdist2.0_Kmono19.0,psweep113_r4_20260328_171213,2.0,19.0,ok,2.6075958502468537,1000,1000,1000,0,0.0,1.0,0.0,0.214524,0.17992,Advantage2_system1.13,2176,25,./penalty_sweep_qpu_v113/samples/3nq9_Kdist2.0_Kmono19.0/psweep113_r4_20260328_171213/3nq9_ligand_report.csv,./penalty_sweep_qpu_v113/samples/3nq9_Kdist2.0_Kmono19.0/psweep113_r4_20260328_171213/3nq9_ligand_samples.json,./penalty_sweep_qpu_v113/samples/3nq9_Kdist2.0_Kmono19.0/psweep113_r4_20260328_171213/result.json
3nq9,3nq9_Kdist2.0_Kmono20.0,psweep113_r4_20260328_171213,2.0,20.0,ok,1.3475952215577272,1000,1000,1000,7,0.007,1.0,0.007,0.21158120000000002,0.17698,Advantage2_system1.13,2082,25,./penalty_sweep_qpu_v113/samples/3nq9_Kdist2.0_Kmono20.0/psweep113_r4_20260328_171213/3nq9_ligand_report.csv,./penalty_sweep_qpu_v113/samples/3nq9_Kdist2.0_Kmono20.0/psweep113_r4_20260328_171213/3nq9_ligand_samples.json,./penalty_sweep_qpu_v113/samples/3nq9_Kdist2.0_Kmono20.0/psweep113_r4_20260328_171213/result.json
3nq9,3nq9_Kdist2.5_Kmono1.0,psweep113_r4_20260328_171213,2.5,1.0,ok,2.446329741853707,1000,1000,1000,0,0.0,1.0,0.0,0.2048024,0.1702,Advantage2_system1.13,2390,29,./penalty_sweep_qpu_v113/samples/3nq9_Kdist2.5_Kmono1.0/psweep113_r4_20260328_171213/3nq9_ligand_report.csv,./penalty_sweep_qpu_v113/samples/3nq9_Kdist2.5_Kmono1.0/psweep113_r4_20260328_171213/3nq9_ligand_samples.json,./penalty_sweep_qpu_v113/samples/3nq9_Kdist2.5_Kmono1.0/psweep113_r4_20260328_171213/result.json
3nq9,3nq9_Kdist2.5_Kmono2.0,psweep113_r4_20260328_171213,2.5,2.0,ok,2.185812736442577,1000,1000,1000,0,0.0,1.0,0.0,0.2053488,0.17074,Advantage2_system1.13,2063,24,./penalty_sweep_qpu_v113/samples/3nq9_Kdist2.5_Kmono2.0/psweep113_r4_20260328_171213/3nq9_ligand_report.csv,./penalty_sweep_qpu_v113/samples/3nq9_Kdist2.5_Kmono2.0/psweep113_r4_20260328_171213/3nq9_ligand_samples.json,./penalty_sweep_qpu_v113/samples/3nq9_Kdist2.5_Kmono2.0/psweep113_r4_20260328_171213/result.json
3nq9,3nq9_Kdist2.5_Kmono3.0,psweep113_r4_20260328_171213,2.5,3.0,ok,4.453556553454744,1000,1000,1000,0,0.0,1.0,0.0,0.2119852,0.17738,Advantage2_system1.13,2247,26,./penalty_sweep_qpu_v113/samples/3nq9_Kdist2.5_Kmono3.0/psweep113_r4_20260328_171213/3nq9_ligand_report.csv,./penalty_sweep_qpu_v113/samples/3nq9_Kdist2.5_Kmono3.0/psweep113_r4_20260328_171213/3nq9_ligand_samples.json,./penalty_sweep_qpu_v113/samples/3nq9_Kdist2.5_Kmono3.0/psweep113_r4_20260328_171213/result.json
3nq9,3nq9_Kdist2.5_Kmono4.0,psweep113_r4_20260328_171213,2.5,4.0,ok,2.5214750639588392,1000,1000,1000,0,0.0,1.0,0.0,0.2099852,0.17538,Advantage2_system1.13,2272,27,./penalty_sweep_qpu_v113/samples/3nq9_Kdist2.5_Kmono4.0/psweep113_r4_20260328_171213/3nq9_ligand_report.csv,./penalty_sweep_qpu_v113/samples/3nq9_Kdist2.5_Kmono4.0/psweep113_r4_20260328_171213/3nq9_ligand_samples.json,./penalty_sweep_qpu_v113/samples/3nq9_Kdist2.5_Kmono4.0/psweep113_r4_20260328_171213/result.json
3nq9,3nq9_Kdist2.5_Kmono5.0,psweep113_r4_20260328_171213,2.5,5.0,ok,0.7446550310273724,1000,1000,1000,26,0.026,1.0,0.026,0.20609239999999998,0.17148,Advantage2_system1.13,2197,26,./penalty_sweep_qpu_v113/samples/3nq9_Kdist2.5_Kmono5.0/psweep113_r4_20260328_171213/3nq9_ligand_report.csv,./penalty_sweep_qpu_v113/samples/3nq9_Kdist2.5_Kmono5.0/psweep113_r4_20260328_171213/3nq9_ligand_samples.json,./penalty_sweep_qpu_v113/samples/3nq9_Kdist2.5_Kmono5.0/psweep113_r4_20260328_171213/result.json
3nq9,3nq9_Kdist2.5_Kmono6.0,psweep113_r4_20260328_171213,2.5,6.0,ok,2.7328006068807564,1000,1000,1000,0,0.0,1.0,0.0,0.2079012,0.1733,Advantage2_system1.13,1964,23,./penalty_sweep_qpu_v113/samples/3nq9_Kdist2.5_Kmono6.0/psweep113_r4_20260328_171213/3nq9_ligand_report.csv,./penalty_sweep_qpu_v113/samples/3nq9_Kdist2.5_Kmono6.0/psweep113_r4_20260328_171213/3nq9_ligand_samples.json,./penalty_sweep_qpu_v113/samples/3nq9_Kdist2.5_Kmono6.0/psweep113_r4_20260328_171213/result.json
3nq9,3nq9_Kdist2.5_Kmono7.0,psweep113_r4_20260328_171213,2.5,7.0,ok,1.425024477209917,1000,1000,1000,65,0.065,1.0,0.065,0.205586,0.17098,Advantage2_system1.13,2098,25,./penalty_sweep_qpu_v113/samples/3nq9_Kdist2.5_Kmono7.0/psweep113_r4_20260328_171213/3nq9_ligand_report.csv,./penalty_sweep_qpu_v113/samples/3nq9_Kdist2.5_Kmono7.0/psweep113_r4_20260328_171213/3nq9_ligand_samples.json,./penalty_sweep_qpu_v113/samples/3nq9_Kdist2.5_Kmono7.0/psweep113_r4_20260328_171213/result.json
3nq9,3nq9_Kdist2.5_Kmono8.0,psweep113_r4_20260328_171213,2.5,8.0,ok,3.381004630830116,1000,1000,1000,0,0.0,1.0,0.0,0.209984,0.17538,Advantage2_system1.13,2066,23,./penalty_sweep_qpu_v113/samples/3nq9_Kdist2.5_Kmono8.0/psweep113_r4_20260328_171213/3nq9_ligand_report.csv,./penalty_sweep_qpu_v113/samples/3nq9_Kdist2.5_Kmono8.0/psweep113_r4_20260328_171213/3nq9_ligand_samples.json,./penalty_sweep_qpu_v113/samples/3nq9_Kdist2.5_Kmono8.0/psweep113_r4_20260328_171213/result.json
3nq9,3nq9_Kdist2.5_Kmono9.0,psweep113_r4_20260328_171213,2.5,9.0,ok,4.017028965882644,1000,1000,1000,0,0.0,1.0,0.0,0.2135544,0.17894,Advantage2_system1.13,2140,25,./penalty_sweep_qpu_v113/samples/3nq9_Kdist2.5_Kmono9.0/psweep113_r4_20260328_171213/3nq9_ligand_report.csv,./penalty_sweep_qpu_v113/samples/3nq9_Kdist2.5_Kmono9.0/psweep113_r4_20260328_171213/3nq9_ligand_samples.json,./penalty_sweep_qpu_v113/samples/3nq9_Kdist2.5_Kmono9.0/psweep113_r4_20260328_171213/result.json
3nq9,3nq9_Kdist2.5_Kmono10.0,psweep113_r4_20260328_171213,2.5,10.0,ok,1.6120028035065332,1000,1000,1000,5,0.005,1.0,0.005,0.2145292,0.17992,Advantage2_system1.13,2511,30,./penalty_sweep_qpu_v113/samples/3nq9_Kdist2.5_Kmono10.0/psweep113_r4_20260328_171213/3nq9_ligand_report.csv,./penalty_sweep_qpu_v113/samples/3nq9_Kdist2.5_Kmono10.0/psweep113_r4_20260328_171213/3nq9_ligand_samples.json,./penalty_sweep_qpu_v113/samples/3nq9_Kdist2.5_Kmono10.0/psweep113_r4_20260328_171213/result.json
3nq9,3nq9_Kdist2.5_Kmono11.0,psweep113_r4_20260328_171213,2.5,11.0,ok,1.8215340046494968,1000,1000,1000,3,0.003,1.0,0.003,0.2126224,0.17802,Advantage2_system1.13,2190,26,./penalty_sweep_qpu_v113/samples/3nq9_Kdist2.5_Kmono11.0/psweep113_r4_20260328_171213/3nq9_ligand_report.csv,./penalty_sweep_qpu_v113/samples/3nq9_Kdist2.5_Kmono11.0/psweep113_r4_20260328_171213/3nq9_ligand_samples.json,./penalty_sweep_qpu_v113/samples/3nq9_Kdist2.5_Kmono11.0/psweep113_r4_20260328_171213/result.json
3nq9,3nq9_Kdist2.5_Kmono12.0,psweep113_r4_20260328_171213,2.5,12.0,ok,0.9230138430482455,1000,1000,1000,3,0.003,1.0,0.003,0.20962879999999998,0.17502,Advantage2_system1.13,2399,30,./penalty_sweep_qpu_v113/samples/3nq9_Kdist2.5_Kmono12.0/psweep113_r4_20260328_171213/3nq9_ligand_report.csv,./penalty_sweep_qpu_v113/samples/3nq9_Kdist2.5_Kmono12.0/psweep113_r4_20260328_171213/3nq9_ligand_samples.json,./penalty_sweep_qpu_v113/samples/3nq9_Kdist2.5_Kmono12.0/psweep113_r4_20260328_171213/result.json
3nq9,3nq9_Kdist2.5_Kmono13.0,psweep113_r4_20260328_171213,2.5,13.0,ok,1.085078158831163,1000,1000,1000,21,0.021,1.0,0.021,0.2116672,0.17706,Advantage2_system1.13,2429,28,./penalty_sweep_qpu_v113/samples/3nq9_Kdist2.5_Kmono13.0/psweep113_r4_20260328_171213/3nq9_ligand_report.csv,./penalty_sweep_qpu_v113/samples/3nq9_Kdist2.5_Kmono13.0/psweep113_r4_20260328_171213/3nq9_ligand_samples.json,./penalty_sweep_qpu_v113/samples/3nq9_Kdist2.5_Kmono13.0/psweep113_r4_20260328_171213/result.json
3nq9,3nq9_Kdist2.5_Kmono14.0,psweep113_r4_20260328_171213,2.5,14.0,ok,1.9341081385083996,1000,1000,1000,1,0.001,1.0,0.001,0.2177292,0.18312,Advantage2_system1.13,2027,23,./penalty_sweep_qpu_v113/samples/3nq9_Kdist2.5_Kmono14.0/psweep113_r4_20260328_171213/3nq9_ligand_report.csv,./penalty_sweep_qpu_v113/samples/3nq9_Kdist2.5_Kmono14.0/psweep113_r4_20260328_171213/3nq9_ligand_samples.json,./penalty_sweep_qpu_v113/samples/3nq9_Kdist2.5_Kmono14.0/psweep113_r4_20260328_171213/result.json
3nq9,3nq9_Kdist2.5_Kmono15.0,psweep113_r4_20260328_171213,2.5,15.0,ok,1.7644743764562638,1000,1000,1000,4,0.004,1.0,0.004,0.214202,0.1796,Advantage2_system1.13,1991,23,./penalty_sweep_qpu_v113/samples/3nq9_Kdist2.5_Kmono15.0/psweep113_r4_20260328_171213/3nq9_ligand_report.csv,./penalty_sweep_qpu_v113/samples/3nq9_Kdist2.5_Kmono15.0/psweep113_r4_20260328_171213/3nq9_ligand_samples.json,./penalty_sweep_qpu_v113/samples/3nq9_Kdist2.5_Kmono15.0/psweep113_r4_20260328_171213/result.json
3nq9,3nq9_Kdist2.5_Kmono16.0,psweep113_r4_20260328_171213,2.5,16.0,ok,2.1478989669121367,1000,1000,1000,0,0.0,1.0,0.0,0.2121604,0.17756,Advantage2_system1.13,2026,23,./penalty_sweep_qpu_v113/samples/3nq9_Kdist2.5_Kmono16.0/psweep113_r4_20260328_171213/3nq9_ligand_report.csv,./penalty_sweep_qpu_v113/samples/3nq9_Kdist2.5_Kmono16.0/psweep113_r4_20260328_171213/3nq9_ligand_samples.json,./penalty_sweep_qpu_v113/samples/3nq9_Kdist2.5_Kmono16.0/psweep113_r4_20260328_171213/result.json
3nq9,3nq9_Kdist2.5_Kmono17.0,psweep113_r4_20260328_171213,2.5,17.0,ok,1.180320846447395,1000,1000,1000,41,0.041,1.0,0.041,0.2152036,0.1806,Advantage2_system1.13,2134,26,./penalty_sweep_qpu_v113/samples/3nq9_Kdist2.5_Kmono17.0/psweep113_r4_20260328_171213/3nq9_ligand_report.csv,./penalty_sweep_qpu_v113/samples/3nq9_Kdist2.5_Kmono17.0/psweep113_r4_20260328_171213/3nq9_ligand_samples.json,./penalty_sweep_qpu_v113/samples/3nq9_Kdist2.5_Kmono17.0/psweep113_r4_20260328_171213/result.json
3nq9,3nq9_Kdist2.5_Kmono18.0,psweep113_r4_20260328_171213,2.5,18.0,ok,4.744897842691907,1000,1000,1000,0,0.0,1.0,0.0,0.204338,0.16974,Advantage2_system1.13,2420,29,./penalty_sweep_qpu_v113/samples/3nq9_Kdist2.5_Kmono18.0/psweep113_r4_20260328_171213/3nq9_ligand_report.csv,./penalty_sweep_qpu_v113/samples/3nq9_Kdist2.5_Kmono18.0/psweep113_r4_20260328_171213/3nq9_ligand_samples.json,./penalty_sweep_qpu_v113/samples/3nq9_Kdist2.5_Kmono18.0/psweep113_r4_20260328_171213/result.json
3nq9,3nq9_Kdist2.5_Kmono19.0,psweep113_r4_20260328_171213,2.5,19.0,ok,1.9098990436628447,1000,1000,1000,7,0.007,1.0,0.007,0.2062128,0.1716,Advantage2_system1.13,2054,24,./penalty_sweep_qpu_v113/samples/3nq9_Kdist2.5_Kmono19.0/psweep113_r4_20260328_171213/3nq9_ligand_report.csv,./penalty_sweep_qpu_v113/samples/3nq9_Kdist2.5_Kmono19.0/psweep113_r4_20260328_171213/3nq9_ligand_samples.json,./penalty_sweep_qpu_v113/samples/3nq9_Kdist2.5_Kmono19.0/psweep113_r4_20260328_171213/result.json
3nq9,3nq9_Kdist2.5_Kmono20.0,psweep113_r4_20260328_171213,2.5,20.0,ok,0.93731107997502,1000,1000,1000,271,0.271,1.0,0.271,0.2064508,0.17184,Advantage2_system1.13,2222,25,./penalty_sweep_qpu_v113/samples/3nq9_Kdist2.5_Kmono20.0/psweep113_r4_20260328_171213/3nq9_ligand_report.csv,./penalty_sweep_qpu_v113/samples/3nq9_Kdist2.5_Kmono20.0/psweep113_r4_20260328_171213/3nq9_ligand_samples.json,./penalty_sweep_qpu_v113/samples/3nq9_Kdist2.5_Kmono20.0/psweep113_r4_20260328_171213/result.json
3nq9,3nq9_Kdist3.0_Kmono1.0,psweep113_r4_20260328_171213,3.0,1.0,ok,4.074002424117647,1000,1000,1000,0,0.0,1.0,0.0,0.2065884,0.17198,Advantage2_system1.13,2063,24,./penalty_sweep_qpu_v113/samples/3nq9_Kdist3.0_Kmono1.0/psweep113_r4_20260328_171213/3nq9_ligand_report.csv,./penalty_sweep_qpu_v113/samples/3nq9_Kdist3.0_Kmono1.0/psweep113_r4_20260328_171213/3nq9_ligand_samples.json,./penalty_sweep_qpu_v113/samples/3nq9_Kdist3.0_Kmono1.0/psweep113_r4_20260328_171213/result.json
3nq9,3nq9_Kdist3.0_Kmono2.0,psweep113_r4_20260328_171213,3.0,2.0,ok,4.031362514890774,1000,1000,1000,0,0.0,1.0,0.0,0.2181244,0.18352,Advantage2_system1.13,2082,25,./penalty_sweep_qpu_v113/samples/3nq9_Kdist3.0_Kmono2.0/psweep113_r4_20260328_171213/3nq9_ligand_report.csv,./penalty_sweep_qpu_v113/samples/3nq9_Kdist3.0_Kmono2.0/psweep113_r4_20260328_171213/3nq9_ligand_samples.json,./penalty_sweep_qpu_v113/samples/3nq9_Kdist3.0_Kmono2.0/psweep113_r4_20260328_171213/result.json
3nq9,3nq9_Kdist3.0_Kmono3.0,psweep113_r4_20260328_171213,3.0,3.0,ok,2.0049434336980503,1000,1000,1000,0,0.0,1.0,0.0,0.20429879999999997,0.1697,Advantage2_system1.13,1990,22,./penalty_sweep_qpu_v113/samples/3nq9_Kdist3.0_Kmono3.0/psweep113_r4_20260328_171213/3nq9_ligand_report.csv,./penalty_sweep_qpu_v113/samples/3nq9_Kdist3.0_Kmono3.0/psweep113_r4_20260328_171213/3nq9_ligand_samples.json,./penalty_sweep_qpu_v113/samples/3nq9_Kdist3.0_Kmono3.0/psweep113_r4_20260328_171213/result.json
3nq9,3nq9_Kdist3.0_Kmono4.0,psweep113_r4_20260328_171213,3.0,4.0,ok,2.0848515112039534,1000,1000,1000,0,0.0,1.0,0.0,0.2100004,0.17538,Advantage2_system1.13,2448,30,./penalty_sweep_qpu_v113/samples/3nq9_Kdist3.0_Kmono4.0/psweep113_r4_20260328_171213/3nq9_ligand_report.csv,./penalty_sweep_qpu_v113/samples/3nq9_Kdist3.0_Kmono4.0/psweep113_r4_20260328_171213/3nq9_ligand_samples.json,./penalty_sweep_qpu_v113/samples/3nq9_Kdist3.0_Kmono4.0/psweep113_r4_20260328_171213/result.json
3nq9,3nq9_Kdist3.0_Kmono5.0,psweep113_r4_20260328_171213,3.0,5.0,ok,2.8731708002418666,1000,1000,1000,0,0.0,1.0,0.0,0.2186256,0.18402,Advantage2_system1.13,2230,27,./penalty_sweep_qpu_v113/samples/3nq9_Kdist3.0_Kmono5.0/psweep113_r4_20260328_171213/3nq9_ligand_report.csv,./penalty_sweep_qpu_v113/samples/3nq9_Kdist3.0_Kmono5.0/psweep113_r4_20260328_171213/3nq9_ligand_samples.json,./penalty_sweep_qpu_v113/samples/3nq9_Kdist3.0_Kmono5.0/psweep113_r4_20260328_171213/result.json
3nq9,3nq9_Kdist3.0_Kmono6.0,psweep113_r4_20260328_171213,3.0,6.0,ok,3.324824919779334,1000,1000,1000,0,0.0,1.0,0.0,0.2036636,0.16906,Advantage2_system1.13,2375,28,./penalty_sweep_qpu_v113/samples/3nq9_Kdist3.0_Kmono6.0/psweep113_r4_20260328_171213/3nq9_ligand_report.csv,./penalty_sweep_qpu_v113/samples/3nq9_Kdist3.0_Kmono6.0/psweep113_r4_20260328_171213/3nq9_ligand_samples.json,./penalty_sweep_qpu_v113/samples/3nq9_Kdist3.0_Kmono6.0/psweep113_r4_20260328_171213/result.json
3nq9,3nq9_Kdist3.0_Kmono7.0,psweep113_r4_20260328_171213,3.0,7.0,ok,3.2058636916813827,1000,1000,1000,0,0.0,1.0,0.0,0.21139239999999998,0.17678,Advantage2_system1.13,2339,26,./penalty_sweep_qpu_v113/samples/3nq9_Kdist3.0_Kmono7.0/psweep113_r4_20260328_171213/3nq9_ligand_report.csv,./penalty_sweep_qpu_v113/samples/3nq9_Kdist3.0_Kmono7.0/psweep113_r4_20260328_171213/3nq9_ligand_samples.json,./penalty_sweep_qpu_v113/samples/3nq9_Kdist3.0_Kmono7.0/psweep113_r4_20260328_171213/result.json
3nq9,3nq9_Kdist3.0_Kmono8.0,psweep113_r4_20260328_171213,3.0,8.0,ok,4.811140520594666,1000,1000,1000,0,0.0,1.0,0.0,0.211404,0.1768,Advantage2_system1.13,1960,22,./penalty_sweep_qpu_v113/samples/3nq9_Kdist3.0_Kmono8.0/psweep113_r4_20260328_171213/3nq9_ligand_report.csv,./penalty_sweep_qpu_v113/samples/3nq9_Kdist3.0_Kmono8.0/psweep113_r4_20260328_171213/3nq9_ligand_samples.json,./penalty_sweep_qpu_v113/samples/3nq9_Kdist3.0_Kmono8.0/psweep113_r4_20260328_171213/result.json
3nq9,3nq9_Kdist3.0_Kmono9.0,psweep113_r4_20260328_171213,3.0,9.0,ok,1.2457893176528791,1000,1000,1000,5,0.005,1.0,0.005,0.21134039999999998,0.17674,Advantage2_system1.13,2273,28,./penalty_sweep_qpu_v113/samples/3nq9_Kdist3.0_Kmono9.0/psweep113_r4_20260328_171213/3nq9_ligand_report.csv,./penalty_sweep_qpu_v113/samples/3nq9_Kdist3.0_Kmono9.0/psweep113_r4_20260328_171213/3nq9_ligand_samples.json,./penalty_sweep_qpu_v113/samples/3nq9_Kdist3.0_Kmono9.0/psweep113_r4_20260328_171213/result.json
3nq9,3nq9_Kdist3.0_Kmono10.0,psweep113_r4_20260328_171213,3.0,10.0,ok,3.011780643373067,1000,1000,1000,0,0.0,1.0,0.0,0.216094,0.18148,Advantage2_system1.13,2378,28,./penalty_sweep_qpu_v113/samples/3nq9_Kdist3.0_Kmono10.0/psweep113_r4_20260328_171213/3nq9_ligand_report.csv,./penalty_sweep_qpu_v113/samples/3nq9_Kdist3.0_Kmono10.0/psweep113_r4_20260328_171213/3nq9_ligand_samples.json,./penalty_sweep_qpu_v113/samples/3nq9_Kdist3.0_Kmono10.0/psweep113_r4_20260328_171213/result.json
3nq9,3nq9_Kdist3.0_Kmono11.0,psweep113_r4_20260328_171213,3.0,11.0,ok,1.666257475880411,1000,1000,1000,6,0.006,1.0,0.006,0.2116976,0.1771,Advantage2_system1.13,2007,25,./penalty_sweep_qpu_v113/samples/3nq9_Kdist3.0_Kmono11.0/psweep113_r4_20260328_171213/3nq9_ligand_report.csv,./penalty_sweep_qpu_v113/samples/3nq9_Kdist3.0_Kmono11.0/psweep113_r4_20260328_171213/3nq9_ligand_samples.json,./penalty_sweep_qpu_v113/samples/3nq9_Kdist3.0_Kmono11.0/psweep113_r4_20260328_171213/result.json
3nq9,3nq9_Kdist3.0_Kmono12.0,psweep113_r4_20260328_171213,3.0,12.0,ok,4.645962145817641,1000,1000,1000,0,0.0,1.0,0.0,0.2149532,0.18034,Advantage2_system1.13,2117,25,./penalty_sweep_qpu_v113/samples/3nq9_Kdist3.0_Kmono12.0/psweep113_r4_20260328_171213/3nq9_ligand_report.csv,./penalty_sweep_qpu_v113/samples/3nq9_Kdist3.0_Kmono12.0/psweep113_r4_20260328_171213/3nq9_ligand_samples.json,./penalty_sweep_qpu_v113/samples/3nq9_Kdist3.0_Kmono12.0/psweep113_r4_20260328_171213/result.json
3nq9,3nq9_Kdist3.0_Kmono13.0,psweep113_r4_20260328_171213,3.0,13.0,ok,1.6219861945638958,1000,1000,1000,2,0.002,1.0,0.002,0.206212,0.1716,Advantage2_system1.13,2183,25,./penalty_sweep_qpu_v113/samples/3nq9_Kdist3.0_Kmono13.0/psweep113_r4_20260328_171213/3nq9_ligand_report.csv,./penalty_sweep_qpu_v113/samples/3nq9_Kdist3.0_Kmono13.0/psweep113_r4_20260328_171213/3nq9_ligand_samples.json,./penalty_sweep_qpu_v113/samples/3nq9_Kdist3.0_Kmono13.0/psweep113_r4_20260328_171213/result.json
3nq9,3nq9_Kdist3.0_Kmono14.0,psweep113_r4_20260328_171213,3.0,14.0,ok,1.2473395391615396,1000,1000,1000,8,0.008,1.0,0.008,0.2073036,0.1727,Advantage2_system1.13,1968,22,./penalty_sweep_qpu_v113/samples/3nq9_Kdist3.0_Kmono14.0/psweep113_r4_20260328_171213/3nq9_ligand_report.csv,./penalty_sweep_qpu_v113/samples/3nq9_Kdist3.0_Kmono14.0/psweep113_r4_20260328_171213/3nq9_ligand_samples.json,./penalty_sweep_qpu_v113/samples/3nq9_Kdist3.0_Kmono14.0/psweep113_r4_20260328_171213/result.json
3nq9,3nq9_Kdist3.0_Kmono15.0,psweep113_r4_20260328_171213,3.0,15.0,ok,2.289945563359369,1000,1000,1000,0,0.0,1.0,0.0,0.20698360000000002,0.17238,Advantage2_system1.13,1982,23,./penalty_sweep_qpu_v113/samples/3nq9_Kdist3.0_Kmono15.0/psweep113_r4_20260328_171213/3nq9_ligand_report.csv,./penalty_sweep_qpu_v113/samples/3nq9_Kdist3.0_Kmono15.0/psweep113_r4_20260328_171213/3nq9_ligand_samples.json,./penalty_sweep_qpu_v113/samples/3nq9_Kdist3.0_Kmono15.0/psweep113_r4_20260328_171213/result.json
3nq9,3nq9_Kdist3.0_Kmono16.0,psweep113_r4_20260328_171213,3.0,16.0,ok,3.921765042948834,1000,1000,1000,0,0.0,1.0,0.0,0.214796,0.1802,Advantage2_system1.13,2057,23,./penalty_sweep_qpu_v113/samples/3nq9_Kdist3.0_Kmono16.0/psweep113_r4_20260328_171213/3nq9_ligand_report.csv,./penalty_sweep_qpu_v113/samples/3nq9_Kdist3.0_Kmono16.0/psweep113_r4_20260328_171213/3nq9_ligand_samples.json,./penalty_sweep_qpu_v113/samples/3nq9_Kdist3.0_Kmono16.0/psweep113_r4_20260328_171213/result.json
3nq9,3nq9_Kdist3.0_Kmono17.0,psweep113_r4_20260328_171213,3.0,17.0,ok,2.8127218802617953,1000,1000,1000,0,0.0,1.0,0.0,0.2029744,0.16838,Advantage2_system1.13,2128,25,./penalty_sweep_qpu_v113/samples/3nq9_Kdist3.0_Kmono17.0/psweep113_r4_20260328_171213/3nq9_ligand_report.csv,./penalty_sweep_qpu_v113/samples/3nq9_Kdist3.0_Kmono17.0/psweep113_r4_20260328_171213/3nq9_ligand_samples.json,./penalty_sweep_qpu_v113/samples/3nq9_Kdist3.0_Kmono17.0/psweep113_r4_20260328_171213/result.json
3nq9,3nq9_Kdist3.0_Kmono18.0,psweep113_r4_20260328_171213,3.0,18.0,ok,2.920278985068159,1000,1000,1000,0,0.0,1.0,0.0,0.2079032,0.1733,Advantage2_system1.13,2538,32,./penalty_sweep_qpu_v113/samples/3nq9_Kdist3.0_Kmono18.0/psweep113_r4_20260328_171213/3nq9_ligand_report.csv,./penalty_sweep_qpu_v113/samples/3nq9_Kdist3.0_Kmono18.0/psweep113_r4_20260328_171213/3nq9_ligand_samples.json,./penalty_sweep_qpu_v113/samples/3nq9_Kdist3.0_Kmono18.0/psweep113_r4_20260328_171213/result.json
3nq9,3nq9_Kdist3.0_Kmono19.0,psweep113_r4_20260328_171213,3.0,19.0,ok,1.8767113902470303,1000,1000,1000,3,0.003,1.0,0.003,0.21490520000000002,0.1803,Advantage2_system1.13,2127,25,./penalty_sweep_qpu_v113/samples/3nq9_Kdist3.0_Kmono19.0/psweep113_r4_20260328_171213/3nq9_ligand_report.csv,./penalty_sweep_qpu_v113/samples/3nq9_Kdist3.0_Kmono19.0/psweep113_r4_20260328_171213/3nq9_ligand_samples.json,./penalty_sweep_qpu_v113/samples/3nq9_Kdist3.0_Kmono19.0/psweep113_r4_20260328_171213/result.json
3nq9,3nq9_Kdist3.0_Kmono20.0,psweep113_r4_20260328_171213,3.0,20.0,ok,2.4344129272136095,1000,1000,1000,0,0.0,1.0,0.0,0.2015856,0.16698,Advantage2_system1.13,2304,29,./penalty_sweep_qpu_v113/samples/3nq9_Kdist3.0_Kmono20.0/psweep113_r4_20260328_171213/3nq9_ligand_report.csv,./penalty_sweep_qpu_v113/samples/3nq9_Kdist3.0_Kmono20.0/psweep113_r4_20260328_171213/3nq9_ligand_samples.json,./penalty_sweep_qpu_v113/samples/3nq9_Kdist3.0_Kmono20.0/psweep113_r4_20260328_171213/result.json
3nq9,3nq9_Kdist3.5_Kmono1.0,psweep113_r4_20260328_171213,3.5,1.0,ok,1.7225738627362284,1000,1000,1000,1,0.001,1.0,0.001,0.2099532,0.17534,Advantage2_system1.13,2450,29,./penalty_sweep_qpu_v113/samples/3nq9_Kdist3.5_Kmono1.0/psweep113_r4_20260328_171213/3nq9_ligand_report.csv,./penalty_sweep_qpu_v113/samples/3nq9_Kdist3.5_Kmono1.0/psweep113_r4_20260328_171213/3nq9_ligand_samples.json,./penalty_sweep_qpu_v113/samples/3nq9_Kdist3.5_Kmono1.0/psweep113_r4_20260328_171213/result.json
3nq9,3nq9_Kdist3.5_Kmono2.0,psweep113_r4_20260328_171213,3.5,2.0,ok,2.6662723247512763,1000,1000,1000,0,0.0,1.0,0.0,0.2069012,0.1723,Advantage2_system1.13,1915,22,./penalty_sweep_qpu_v113/samples/3nq9_Kdist3.5_Kmono2.0/psweep113_r4_20260328_171213/3nq9_ligand_report.csv,./penalty_sweep_qpu_v113/samples/3nq9_Kdist3.5_Kmono2.0/psweep113_r4_20260328_171213/3nq9_ligand_samples.json,./penalty_sweep_qpu_v113/samples/3nq9_Kdist3.5_Kmono2.0/psweep113_r4_20260328_171213/result.json
3nq9,3nq9_Kdist3.5_Kmono3.0,psweep113_r4_20260328_171213,3.5,3.0,ok,1.3717138563235889,1000,1000,1000,2,0.002,1.0,0.002,0.2155896,0.18098,Advantage2_system1.13,2077,23,./penalty_sweep_qpu_v113/samples/3nq9_Kdist3.5_Kmono3.0/psweep113_r4_20260328_171213/3nq9_ligand_report.csv,./penalty_sweep_qpu_v113/samples/3nq9_Kdist3.5_Kmono3.0/psweep113_r4_20260328_171213/3nq9_ligand_samples.json,./penalty_sweep_qpu_v113/samples/3nq9_Kdist3.5_Kmono3.0/psweep113_r4_20260328_171213/result.json
3nq9,3nq9_Kdist3.5_Kmono4.0,psweep113_r4_20260328_171213,3.5,4.0,ok,4.717421034237765,1000,1000,1000,0,0.0,1.0,0.0,0.2127252,0.17812,Advantage2_system1.13,2265,27,./penalty_sweep_qpu_v113/samples/3nq9_Kdist3.5_Kmono4.0/psweep113_r4_20260328_171213/3nq9_ligand_report.csv,./penalty_sweep_qpu_v113/samples/3nq9_Kdist3.5_Kmono4.0/psweep113_r4_20260328_171213/3nq9_ligand_samples.json,./penalty_sweep_qpu_v113/samples/3nq9_Kdist3.5_Kmono4.0/psweep113_r4_20260328_171213/result.json
3nq9,3nq9_Kdist3.5_Kmono5.0,psweep113_r4_20260328_171213,3.5,5.0,ok,2.787920126235371,1000,1000,1000,0,0.0,1.0,0.0,0.2158412,0.18124,Advantage2_system1.13,1975,23,./penalty_sweep_qpu_v113/samples/3nq9_Kdist3.5_Kmono5.0/psweep113_r4_20260328_171213/3nq9_ligand_report.csv,./penalty_sweep_qpu_v113/samples/3nq9_Kdist3.5_Kmono5.0/psweep113_r4_20260328_171213/3nq9_ligand_samples.json,./penalty_sweep_qpu_v113/samples/3nq9_Kdist3.5_Kmono5.0/psweep113_r4_20260328_171213/result.json
3nq9,3nq9_Kdist3.5_Kmono6.0,psweep113_r4_20260328_171213,3.5,6.0,ok,2.103363265296024,1000,1000,1000,0,0.0,1.0,0.0,0.2121232,0.17752,Advantage2_system1.13,2098,24,./penalty_sweep_qpu_v113/samples/3nq9_Kdist3.5_Kmono6.0/psweep113_r4_20260328_171213/3nq9_ligand_report.csv,./penalty_sweep_qpu_v113/samples/3nq9_Kdist3.5_Kmono6.0/psweep113_r4_20260328_171213/3nq9_ligand_samples.json,./penalty_sweep_qpu_v113/samples/3nq9_Kdist3.5_Kmono6.0/psweep113_r4_20260328_171213/result.json
3nq9,3nq9_Kdist3.5_Kmono7.0,psweep113_r4_20260328_171213,3.5,7.0,ok,3.992047500226611,1000,1000,1000,0,0.0,1.0,0.0,0.216348,0.18174,Advantage2_system1.13,2070,24,./penalty_sweep_qpu_v113/samples/3nq9_Kdist3.5_Kmono7.0/psweep113_r4_20260328_171213/3nq9_ligand_report.csv,./penalty_sweep_qpu_v113/samples/3nq9_Kdist3.5_Kmono7.0/psweep113_r4_20260328_171213/3nq9_ligand_samples.json,./penalty_sweep_qpu_v113/samples/3nq9_Kdist3.5_Kmono7.0/psweep113_r4_20260328_171213/result.json
3nq9,3nq9_Kdist3.5_Kmono8.0,psweep113_r4_20260328_171213,3.5,8.0,ok,5.148346410083933,1000,1000,1000,0,0.0,1.0,0.0,0.21002120000000002,0.17542,Advantage2_system1.13,2159,27,./penalty_sweep_qpu_v113/samples/3nq9_Kdist3.5_Kmono8.0/psweep113_r4_20260328_171213/3nq9_ligand_report.csv,./penalty_sweep_qpu_v113/samples/3nq9_Kdist3.5_Kmono8.0/psweep113_r4_20260328_171213/3nq9_ligand_samples.json,./penalty_sweep_qpu_v113/samples/3nq9_Kdist3.5_Kmono8.0/psweep113_r4_20260328_171213/result.json
3nq9,3nq9_Kdist3.5_Kmono9.0,psweep113_r4_20260328_171213,3.5,9.0,ok,4.889922668119794,1000,1000,1000,0,0.0,1.0,0.0,0.21594760000000002,0.18134,Advantage2_system1.13,2053,24,./penalty_sweep_qpu_v113/samples/3nq9_Kdist3.5_Kmono9.0/psweep113_r4_20260328_171213/3nq9_ligand_report.csv,./penalty_sweep_qpu_v113/samples/3nq9_Kdist3.5_Kmono9.0/psweep113_r4_20260328_171213/3nq9_ligand_samples.json,./penalty_sweep_qpu_v113/samples/3nq9_Kdist3.5_Kmono9.0/psweep113_r4_20260328_171213/result.json
3nq9,3nq9_Kdist3.5_Kmono10.0,psweep113_r4_20260328_171213,3.5,10.0,ok,2.687871962400487,1000,1000,1000,0,0.0,1.0,0.0,0.2125268,0.17792,Advantage2_system1.13,2024,23,./penalty_sweep_qpu_v113/samples/3nq9_Kdist3.5_Kmono10.0/psweep113_r4_20260328_171213/3nq9_ligand_report.csv,./penalty_sweep_qpu_v113/samples/3nq9_Kdist3.5_Kmono10.0/psweep113_r4_20260328_171213/3nq9_ligand_samples.json,./penalty_sweep_qpu_v113/samples/3nq9_Kdist3.5_Kmono10.0/psweep113_r4_20260328_171213/result.json
3nq9,3nq9_Kdist3.5_Kmono11.0,psweep113_r4_20260328_171213,3.5,11.0,ok,3.0650800332568413,1000,1000,1000,0,0.0,1.0,0.0,0.20705,0.17244,Advantage2_system1.13,2114,25,./penalty_sweep_qpu_v113/samples/3nq9_Kdist3.5_Kmono11.0/psweep113_r4_20260328_171213/3nq9_ligand_report.csv,./penalty_sweep_qpu_v113/samples/3nq9_Kdist3.5_Kmono11.0/psweep113_r4_20260328_171213/3nq9_ligand_samples.json,./penalty_sweep_qpu_v113/samples/3nq9_Kdist3.5_Kmono11.0/psweep113_r4_20260328_171213/result.json
3nq9,3nq9_Kdist3.5_Kmono12.0,psweep113_r4_20260328_171213,3.5,12.0,ok,3.354415697673374,1000,1000,1000,0,0.0,1.0,0.0,0.20784560000000002,0.17324,Advantage2_system1.13,2353,29,./penalty_sweep_qpu_v113/samples/3nq9_Kdist3.5_Kmono12.0/psweep113_r4_20260328_171213/3nq9_ligand_report.csv,./penalty_sweep_qpu_v113/samples/3nq9_Kdist3.5_Kmono12.0/psweep113_r4_20260328_171213/3nq9_ligand_samples.json,./penalty_sweep_qpu_v113/samples/3nq9_Kdist3.5_Kmono12.0/psweep113_r4_20260328_171213/result.json
3nq9,3nq9_Kdist3.5_Kmono13.0,psweep113_r4_20260328_171213,3.5,13.0,ok,3.5447180045287237,1000,1000,1000,0,0.0,1.0,0.0,0.20659639999999999,0.17198,Advantage2_system1.13,2189,27,./penalty_sweep_qpu_v113/samples/3nq9_Kdist3.5_Kmono13.0/psweep113_r4_20260328_171213/3nq9_ligand_report.csv,./penalty_sweep_qpu_v113/samples/3nq9_Kdist3.5_Kmono13.0/psweep113_r4_20260328_171213/3nq9_ligand_samples.json,./penalty_sweep_qpu_v113/samples/3nq9_Kdist3.5_Kmono13.0/psweep113_r4_20260328_171213/result.json
3nq9,3nq9_Kdist3.5_Kmono14.0,psweep113_r4_20260328_171213,3.5,14.0,ok,2.473562933830104,1000,1000,1000,0,0.0,1.0,0.0,0.207404,0.1728,Advantage2_system1.13,1999,24,./penalty_sweep_qpu_v113/samples/3nq9_Kdist3.5_Kmono14.0/psweep113_r4_20260328_171213/3nq9_ligand_report.csv,./penalty_sweep_qpu_v113/samples/3nq9_Kdist3.5_Kmono14.0/psweep113_r4_20260328_171213/3nq9_ligand_samples.json,./penalty_sweep_qpu_v113/samples/3nq9_Kdist3.5_Kmono14.0/psweep113_r4_20260328_171213/result.json
3nq9,3nq9_Kdist3.5_Kmono15.0,psweep113_r4_20260328_171213,3.5,15.0,ok,1.5537956712339376,1000,1000,1000,6,0.006,1.0,0.006,0.20649479999999998,0.17188,Advantage2_system1.13,2003,22,./penalty_sweep_qpu_v113/samples/3nq9_Kdist3.5_Kmono15.0/psweep113_r4_20260328_171213/3nq9_ligand_report.csv,./penalty_sweep_qpu_v113/samples/3nq9_Kdist3.5_Kmono15.0/psweep113_r4_20260328_171213/3nq9_ligand_samples.json,./penalty_sweep_qpu_v113/samples/3nq9_Kdist3.5_Kmono15.0/psweep113_r4_20260328_171213/result.json
3nq9,3nq9_Kdist3.5_Kmono16.0,psweep113_r4_20260328_171213,3.5,16.0,ok,2.8240006426810162,1000,1000,1000,0,0.0,1.0,0.0,0.2169416,0.18234,Advantage2_system1.13,2121,25,./penalty_sweep_qpu_v113/samples/3nq9_Kdist3.5_Kmono16.0/psweep113_r4_20260328_171213/3nq9_ligand_report.csv,./penalty_sweep_qpu_v113/samples/3nq9_Kdist3.5_Kmono16.0/psweep113_r4_20260328_171213/3nq9_ligand_samples.json,./penalty_sweep_qpu_v113/samples/3nq9_Kdist3.5_Kmono16.0/psweep113_r4_20260328_171213/result.json
3nq9,3nq9_Kdist3.5_Kmono17.0,psweep113_r4_20260328_171213,3.5,17.0,ok,1.437272585957845,1000,1000,1000,46,0.046,1.0,0.046,0.2013428,0.16674,Advantage2_system1.13,2185,26,./penalty_sweep_qpu_v113/samples/3nq9_Kdist3.5_Kmono17.0/psweep113_r4_20260328_171213/3nq9_ligand_report.csv,./penalty_sweep_qpu_v113/samples/3nq9_Kdist3.5_Kmono17.0/psweep113_r4_20260328_171213/3nq9_ligand_samples.json,./penalty_sweep_qpu_v113/samples/3nq9_Kdist3.5_Kmono17.0/psweep113_r4_20260328_171213/result.json
3nq9,3nq9_Kdist3.5_Kmono18.0,psweep113_r4_20260328_171213,3.5,18.0,ok,2.6339898873611056,1000,1000,1000,0,0.0,1.0,0.0,0.2035468,0.16894,Advantage2_system1.13,2196,27,./penalty_sweep_qpu_v113/samples/3nq9_Kdist3.5_Kmono18.0/psweep113_r4_20260328_171213/3nq9_ligand_report.csv,./penalty_sweep_qpu_v113/samples/3nq9_Kdist3.5_Kmono18.0/psweep113_r4_20260328_171213/3nq9_ligand_samples.json,./penalty_sweep_qpu_v113/samples/3nq9_Kdist3.5_Kmono18.0/psweep113_r4_20260328_171213/result.json
3nq9,3nq9_Kdist3.5_Kmono19.0,psweep113_r4_20260328_171213,3.5,19.0,ok,4.8758524376043795,1000,1000,1000,0,0.0,1.0,0.0,0.2113428,0.17674,Advantage2_system1.13,2240,26,./penalty_sweep_qpu_v113/samples/3nq9_Kdist3.5_Kmono19.0/psweep113_r4_20260328_171213/3nq9_ligand_report.csv,./penalty_sweep_qpu_v113/samples/3nq9_Kdist3.5_Kmono19.0/psweep113_r4_20260328_171213/3nq9_ligand_samples.json,./penalty_sweep_qpu_v113/samples/3nq9_Kdist3.5_Kmono19.0/psweep113_r4_20260328_171213/result.json
3nq9,3nq9_Kdist3.5_Kmono20.0,psweep113_r4_20260328_171213,3.5,20.0,ok,1.0078747308171867,1000,1000,1000,38,0.038,1.0,0.038,0.2140288,0.17942,Advantage2_system1.13,2035,23,./penalty_sweep_qpu_v113/samples/3nq9_Kdist3.5_Kmono20.0/psweep113_r4_20260328_171213/3nq9_ligand_report.csv,./penalty_sweep_qpu_v113/samples/3nq9_Kdist3.5_Kmono20.0/psweep113_r4_20260328_171213/3nq9_ligand_samples.json,./penalty_sweep_qpu_v113/samples/3nq9_Kdist3.5_Kmono20.0/psweep113_r4_20260328_171213/result.json
3nq9,3nq9_Kdist4.0_Kmono1.0,psweep113_r4_20260328_171213,4.0,1.0,ok,4.435308846112071,1000,1000,1000,0,0.0,1.0,0.0,0.206206,0.1716,Advantage2_system1.13,2088,24,./penalty_sweep_qpu_v113/samples/3nq9_Kdist4.0_Kmono1.0/psweep113_r4_20260328_171213/3nq9_ligand_report.csv,./penalty_sweep_qpu_v113/samples/3nq9_Kdist4.0_Kmono1.0/psweep113_r4_20260328_171213/3nq9_ligand_samples.json,./penalty_sweep_qpu_v113/samples/3nq9_Kdist4.0_Kmono1.0/psweep113_r4_20260328_171213/result.json
3nq9,3nq9_Kdist4.0_Kmono2.0,psweep113_r4_20260328_171213,4.0,2.0,ok,2.7387936549682363,1000,1000,1000,0,0.0,1.0,0.0,0.2042092,0.1696,Advantage2_system1.13,1996,23,./penalty_sweep_qpu_v113/samples/3nq9_Kdist4.0_Kmono2.0/psweep113_r4_20260328_171213/3nq9_ligand_report.csv,./penalty_sweep_qpu_v113/samples/3nq9_Kdist4.0_Kmono2.0/psweep113_r4_20260328_171213/3nq9_ligand_samples.json,./penalty_sweep_qpu_v113/samples/3nq9_Kdist4.0_Kmono2.0/psweep113_r4_20260328_171213/result.json
3nq9,3nq9_Kdist4.0_Kmono3.0,psweep113_r4_20260328_171213,4.0,3.0,ok,3.013001461383497,1000,1000,1000,0,0.0,1.0,0.0,0.2132976,0.1787,Advantage2_system1.13,1939,24,./penalty_sweep_qpu_v113/samples/3nq9_Kdist4.0_Kmono3.0/psweep113_r4_20260328_171213/3nq9_ligand_report.csv,./penalty_sweep_qpu_v113/samples/3nq9_Kdist4.0_Kmono3.0/psweep113_r4_20260328_171213/3nq9_ligand_samples.json,./penalty_sweep_qpu_v113/samples/3nq9_Kdist4.0_Kmono3.0/psweep113_r4_20260328_171213/result.json
3nq9,3nq9_Kdist4.0_Kmono4.0,psweep113_r4_20260328_171213,4.0,4.0,ok,4.718356923830116,1000,1000,1000,0,0.0,1.0,0.0,0.2157996,0.1812,Advantage2_system1.13,2031,23,./penalty_sweep_qpu_v113/samples/3nq9_Kdist4.0_Kmono4.0/psweep113_r4_20260328_171213/3nq9_ligand_report.csv,./penalty_sweep_qpu_v113/samples/3nq9_Kdist4.0_Kmono4.0/psweep113_r4_20260328_171213/3nq9_ligand_samples.json,./penalty_sweep_qpu_v113/samples/3nq9_Kdist4.0_Kmono4.0/psweep113_r4_20260328_171213/result.json
3nq9,3nq9_Kdist4.0_Kmono5.0,psweep113_r4_20260328_171213,4.0,5.0,ok,2.834639894742057,1000,1000,1000,0,0.0,1.0,0.0,0.21071520000000002,0.1761,Advantage2_system1.13,2166,25,./penalty_sweep_qpu_v113/samples/3nq9_Kdist4.0_Kmono5.0/psweep113_r4_20260328_171213/3nq9_ligand_report.csv,./penalty_sweep_qpu_v113/samples/3nq9_Kdist4.0_Kmono5.0/psweep113_r4_20260328_171213/3nq9_ligand_samples.json,./penalty_sweep_qpu_v113/samples/3nq9_Kdist4.0_Kmono5.0/psweep113_r4_20260328_171213/result.json
3nq9,3nq9_Kdist4.0_Kmono6.0,psweep113_r4_20260328_171213,4.0,6.0,ok,3.5899532579920943,1000,1000,1000,0,0.0,1.0,0.0,0.2068484,0.17224,Advantage2_system1.13,2195,25,./penalty_sweep_qpu_v113/samples/3nq9_Kdist4.0_Kmono6.0/psweep113_r4_20260328_171213/3nq9_ligand_report.csv,./penalty_sweep_qpu_v113/samples/3nq9_Kdist4.0_Kmono6.0/psweep113_r4_20260328_171213/3nq9_ligand_samples.json,./penalty_sweep_qpu_v113/samples/3nq9_Kdist4.0_Kmono6.0/psweep113_r4_20260328_171213/result.json
3nq9,3nq9_Kdist4.0_Kmono7.0,psweep113_r4_20260328_171213,4.0,7.0,ok,1.2753448521268076,1000,1000,1000,18,0.018,1.0,0.018,0.2110368,0.17642,Advantage2_system1.13,2324,29,./penalty_sweep_qpu_v113/samples/3nq9_Kdist4.0_Kmono7.0/psweep113_r4_20260328_171213/3nq9_ligand_report.csv,./penalty_sweep_qpu_v113/samples/3nq9_Kdist4.0_Kmono7.0/psweep113_r4_20260328_171213/3nq9_ligand_samples.json,./penalty_sweep_qpu_v113/samples/3nq9_Kdist4.0_Kmono7.0/psweep113_r4_20260328_171213/result.json
3nq9,3nq9_Kdist4.0_Kmono8.0,psweep113_r4_20260328_171213,4.0,8.0,ok,3.2222243555184513,1000,1000,1000,0,0.0,1.0,0.0,0.21863960000000002,0.18402,Advantage2_system1.13,2519,31,./penalty_sweep_qpu_v113/samples/3nq9_Kdist4.0_Kmono8.0/psweep113_r4_20260328_171213/3nq9_ligand_report.csv,./penalty_sweep_qpu_v113/samples/3nq9_Kdist4.0_Kmono8.0/psweep113_r4_20260328_171213/3nq9_ligand_samples.json,./penalty_sweep_qpu_v113/samples/3nq9_Kdist4.0_Kmono8.0/psweep113_r4_20260328_171213/result.json
3nq9,3nq9_Kdist4.0_Kmono9.0,psweep113_r4_20260328_171213,4.0,9.0,ok,0.9994926128588207,1000,1000,1000,11,0.011,1.0,0.011,0.2057984,0.1712,Advantage2_system1.13,2218,26,./penalty_sweep_qpu_v113/samples/3nq9_Kdist4.0_Kmono9.0/psweep113_r4_20260328_171213/3nq9_ligand_report.csv,./penalty_sweep_qpu_v113/samples/3nq9_Kdist4.0_Kmono9.0/psweep113_r4_20260328_171213/3nq9_ligand_samples.json,./penalty_sweep_qpu_v113/samples/3nq9_Kdist4.0_Kmono9.0/psweep113_r4_20260328_171213/result.json
3nq9,3nq9_Kdist4.0_Kmono10.0,psweep113_r4_20260328_171213,4.0,10.0,ok,3.7252689221162916,1000,1000,1000,0,0.0,1.0,0.0,0.2096672,0.17506,Advantage2_system1.13,2040,25,./penalty_sweep_qpu_v113/samples/3nq9_Kdist4.0_Kmono10.0/psweep113_r4_20260328_171213/3nq9_ligand_report.csv,./penalty_sweep_qpu_v113/samples/3nq9_Kdist4.0_Kmono10.0/psweep113_r4_20260328_171213/3nq9_ligand_samples.json,./penalty_sweep_qpu_v113/samples/3nq9_Kdist4.0_Kmono10.0/psweep113_r4_20260328_171213/result.json
3nq9,3nq9_Kdist4.0_Kmono11.0,psweep113_r4_20260328_171213,4.0,11.0,ok,5.120335696820433,1000,1000,1000,0,0.0,1.0,0.0,0.2167104,0.1821,Advantage2_system1.13,2171,24,./penalty_sweep_qpu_v113/samples/3nq9_Kdist4.0_Kmono11.0/psweep113_r4_20260328_171213/3nq9_ligand_report.csv,./penalty_sweep_qpu_v113/samples/3nq9_Kdist4.0_Kmono11.0/psweep113_r4_20260328_171213/3nq9_ligand_samples.json,./penalty_sweep_qpu_v113/samples/3nq9_Kdist4.0_Kmono11.0/psweep113_r4_20260328_171213/result.json
3nq9,3nq9_Kdist4.0_Kmono12.0,psweep113_r4_20260328_171213,4.0,12.0,ok,3.4012722860935423,1000,1000,1000,0,0.0,1.0,0.0,0.2127764,0.17816,Advantage2_system1.13,2489,30,./penalty_sweep_qpu_v113/samples/3nq9_Kdist4.0_Kmono12.0/psweep113_r4_20260328_171213/3nq9_ligand_report.csv,./penalty_sweep_qpu_v113/samples/3nq9_Kdist4.0_Kmono12.0/psweep113_r4_20260328_171213/3nq9_ligand_samples.json,./penalty_sweep_qpu_v113/samples/3nq9_Kdist4.0_Kmono12.0/psweep113_r4_20260328_171213/result.json
3nq9,3nq9_Kdist4.0_Kmono13.0,psweep113_r4_20260328_171213,4.0,13.0,ok,4.03019844009836,1000,1000,1000,0,0.0,1.0,0.0,0.2108068,0.1762,Advantage2_system1.13,1932,22,./penalty_sweep_qpu_v113/samples/3nq9_Kdist4.0_Kmono13.0/psweep113_r4_20260328_171213/3nq9_ligand_report.csv,./penalty_sweep_qpu_v113/samples/3nq9_Kdist4.0_Kmono13.0/psweep113_r4_20260328_171213/3nq9_ligand_samples.json,./penalty_sweep_qpu_v113/samples/3nq9_Kdist4.0_Kmono13.0/psweep113_r4_20260328_171213/result.json
3nq9,3nq9_Kdist4.0_Kmono14.0,psweep113_r4_20260328_171213,4.0,14.0,ok,6.178119889110206,1000,1000,1000,0,0.0,1.0,0.0,0.2102252,0.17562,Advantage2_system1.13,2191,26,./penalty_sweep_qpu_v113/samples/3nq9_Kdist4.0_Kmono14.0/psweep113_r4_20260328_171213/3nq9_ligand_report.csv,./penalty_sweep_qpu_v113/samples/3nq9_Kdist4.0_Kmono14.0/psweep113_r4_20260328_171213/3nq9_ligand_samples.json,./penalty_sweep_qpu_v113/samples/3nq9_Kdist4.0_Kmono14.0/psweep113_r4_20260328_171213/result.json
3nq9,3nq9_Kdist4.0_Kmono15.0,psweep113_r4_20260328_171213,4.0,15.0,ok,2.494264430598813,1000,1000,1000,0,0.0,1.0,0.0,0.2089848,0.17438,Advantage2_system1.13,2226,26,./penalty_sweep_qpu_v113/samples/3nq9_Kdist4.0_Kmono15.0/psweep113_r4_20260328_171213/3nq9_ligand_report.csv,./penalty_sweep_qpu_v113/samples/3nq9_Kdist4.0_Kmono15.0/psweep113_r4_20260328_171213/3nq9_ligand_samples.json,./penalty_sweep_qpu_v113/samples/3nq9_Kdist4.0_Kmono15.0/psweep113_r4_20260328_171213/result.json
3nq9,3nq9_Kdist4.0_Kmono16.0,psweep113_r4_20260328_171213,4.0,16.0,ok,2.9761983441180764,1000,1000,1000,0,0.0,1.0,0.0,0.2074828,0.17288,Advantage2_system1.13,2150,27,./penalty_sweep_qpu_v113/samples/3nq9_Kdist4.0_Kmono16.0/psweep113_r4_20260328_171213/3nq9_ligand_report.csv,./penalty_sweep_qpu_v113/samples/3nq9_Kdist4.0_Kmono16.0/psweep113_r4_20260328_171213/3nq9_ligand_samples.json,./penalty_sweep_qpu_v113/samples/3nq9_Kdist4.0_Kmono16.0/psweep113_r4_20260328_171213/result.json
3nq9,3nq9_Kdist4.0_Kmono17.0,psweep113_r4_20260328_171213,4.0,17.0,ok,3.343555242854376,1000,1000,1000,0,0.0,1.0,0.0,0.2114444,0.17684,Advantage2_system1.13,2328,29,./penalty_sweep_qpu_v113/samples/3nq9_Kdist4.0_Kmono17.0/psweep113_r4_20260328_171213/3nq9_ligand_report.csv,./penalty_sweep_qpu_v113/samples/3nq9_Kdist4.0_Kmono17.0/psweep113_r4_20260328_171213/3nq9_ligand_samples.json,./penalty_sweep_qpu_v113/samples/3nq9_Kdist4.0_Kmono17.0/psweep113_r4_20260328_171213/result.json
3nq9,3nq9_Kdist4.0_Kmono18.0,psweep113_r4_20260328_171213,4.0,18.0,ok,4.980318091604279,1000,1000,1000,0,0.0,1.0,0.0,0.2057096,0.1711,Advantage2_system1.13,2142,27,./penalty_sweep_qpu_v113/samples/3nq9_Kdist4.0_Kmono18.0/psweep113_r4_20260328_171213/3nq9_ligand_report.csv,./penalty_sweep_qpu_v113/samples/3nq9_Kdist4.0_Kmono18.0/psweep113_r4_20260328_171213/3nq9_ligand_samples.json,./penalty_sweep_qpu_v113/samples/3nq9_Kdist4.0_Kmono18.0/psweep113_r4_20260328_171213/result.json
3nq9,3nq9_Kdist4.0_Kmono19.0,psweep113_r4_20260328_171213,4.0,19.0,ok,1.7150991231604293,1000,1000,1000,2,0.002,1.0,0.002,0.2132704,0.17866,Advantage2_system1.13,2143,24,./penalty_sweep_qpu_v113/samples/3nq9_Kdist4.0_Kmono19.0/psweep113_r4_20260328_171213/3nq9_ligand_report.csv,./penalty_sweep_qpu_v113/samples/3nq9_Kdist4.0_Kmono19.0/psweep113_r4_20260328_171213/3nq9_ligand_samples.json,./penalty_sweep_qpu_v113/samples/3nq9_Kdist4.0_Kmono19.0/psweep113_r4_20260328_171213/result.json
3nq9,3nq9_Kdist4.0_Kmono20.0,psweep113_r4_20260328_171213,4.0,20.0,ok,2.7020423702138956,1000,1000,1000,0,0.0,1.0,0.0,0.2115804,0.17698,Advantage2_system1.13,2112,25,./penalty_sweep_qpu_v113/samples/3nq9_Kdist4.0_Kmono20.0/psweep113_r4_20260328_171213/3nq9_ligand_report.csv,./penalty_sweep_qpu_v113/samples/3nq9_Kdist4.0_Kmono20.0/psweep113_r4_20260328_171213/3nq9_ligand_samples.json,./penalty_sweep_qpu_v113/samples/3nq9_Kdist4.0_Kmono20.0/psweep113_r4_20260328_171213/result.json
3nq9,3nq9_Kdist4.5_Kmono1.0,psweep113_r4_20260328_171213,4.5,1.0,ok,3.9398282919595577,1000,1000,1000,0,0.0,1.0,0.0,0.21238,0.17778,Advantage2_system1.13,1817,21,./penalty_sweep_qpu_v113/samples/3nq9_Kdist4.5_Kmono1.0/psweep113_r4_20260328_171213/3nq9_ligand_report.csv,./penalty_sweep_qpu_v113/samples/3nq9_Kdist4.5_Kmono1.0/psweep113_r4_20260328_171213/3nq9_ligand_samples.json,./penalty_sweep_qpu_v113/samples/3nq9_Kdist4.5_Kmono1.0/psweep113_r4_20260328_171213/result.json
3nq9,3nq9_Kdist4.5_Kmono2.0,psweep113_r4_20260328_171213,4.5,2.0,ok,2.12398888458819,1000,1000,1000,0,0.0,1.0,0.0,0.2069888,0.17238,Advantage2_system1.13,2251,26,./penalty_sweep_qpu_v113/samples/3nq9_Kdist4.5_Kmono2.0/psweep113_r4_20260328_171213/3nq9_ligand_report.csv,./penalty_sweep_qpu_v113/samples/3nq9_Kdist4.5_Kmono2.0/psweep113_r4_20260328_171213/3nq9_ligand_samples.json,./penalty_sweep_qpu_v113/samples/3nq9_Kdist4.5_Kmono2.0/psweep113_r4_20260328_171213/result.json
3nq9,3nq9_Kdist4.5_Kmono3.0,psweep113_r4_20260328_171213,4.5,3.0,ok,3.6085499563016388,1000,1000,1000,0,0.0,1.0,0.0,0.2177636,0.18316,Advantage2_system1.13,2002,24,./penalty_sweep_qpu_v113/samples/3nq9_Kdist4.5_Kmono3.0/psweep113_r4_20260328_171213/3nq9_ligand_report.csv,./penalty_sweep_qpu_v113/samples/3nq9_Kdist4.5_Kmono3.0/psweep113_r4_20260328_171213/3nq9_ligand_samples.json,./penalty_sweep_qpu_v113/samples/3nq9_Kdist4.5_Kmono3.0/psweep113_r4_20260328_171213/result.json
3nq9,3nq9_Kdist4.5_Kmono4.0,psweep113_r4_20260328_171213,4.5,4.0,ok,2.3762487193174695,1000,1000,1000,0,0.0,1.0,0.0,0.208522,0.17392,Advantage2_system1.13,2060,23,./penalty_sweep_qpu_v113/samples/3nq9_Kdist4.5_Kmono4.0/psweep113_r4_20260328_171213/3nq9_ligand_report.csv,./penalty_sweep_qpu_v113/samples/3nq9_Kdist4.5_Kmono4.0/psweep113_r4_20260328_171213/3nq9_ligand_samples.json,./penalty_sweep_qpu_v113/samples/3nq9_Kdist4.5_Kmono4.0/psweep113_r4_20260328_171213/result.json
3nq9,3nq9_Kdist4.5_Kmono5.0,psweep113_r4_20260328_171213,4.5,5.0,ok,4.080558753398518,1000,1000,1000,0,0.0,1.0,0.0,0.2127604,0.17816,Advantage2_system1.13,2200,28,./penalty_sweep_qpu_v113/samples/3nq9_Kdist4.5_Kmono5.0/psweep113_r4_20260328_171213/3nq9_ligand_report.csv,./penalty_sweep_qpu_v113/samples/3nq9_Kdist4.5_Kmono5.0/psweep113_r4_20260328_171213/3nq9_ligand_samples.json,./penalty_sweep_qpu_v113/samples/3nq9_Kdist4.5_Kmono5.0/psweep113_r4_20260328_171213/result.json
3nq9,3nq9_Kdist4.5_Kmono6.0,psweep113_r4_20260328_171213,4.5,6.0,ok,4.0312653799733615,1000,1000,1000,0,0.0,1.0,0.0,0.2019028,0.1673,Advantage2_system1.13,2044,24,./penalty_sweep_qpu_v113/samples/3nq9_Kdist4.5_Kmono6.0/psweep113_r4_20260328_171213/3nq9_ligand_report.csv,./penalty_sweep_qpu_v113/samples/3nq9_Kdist4.5_Kmono6.0/psweep113_r4_20260328_171213/3nq9_ligand_samples.json,./penalty_sweep_qpu_v113/samples/3nq9_Kdist4.5_Kmono6.0/psweep113_r4_20260328_171213/result.json
3nq9,3nq9_Kdist4.5_Kmono7.0,psweep113_r4_20260328_171213,4.5,7.0,ok,3.738510956680733,1000,1000,1000,0,0.0,1.0,0.0,0.208138,0.17352,Advantage2_system1.13,2244,29,./penalty_sweep_qpu_v113/samples/3nq9_Kdist4.5_Kmono7.0/psweep113_r4_20260328_171213/3nq9_ligand_report.csv,./penalty_sweep_qpu_v113/samples/3nq9_Kdist4.5_Kmono7.0/psweep113_r4_20260328_171213/3nq9_ligand_samples.json,./penalty_sweep_qpu_v113/samples/3nq9_Kdist4.5_Kmono7.0/psweep113_r4_20260328_171213/result.json
3nq9,3nq9_Kdist4.5_Kmono8.0,psweep113_r4_20260328_171213,4.5,8.0,ok,1.7009271093766178,1000,1000,1000,11,0.011,1.0,0.011,0.20620639999999998,0.1716,Advantage2_system1.13,2129,27,./penalty_sweep_qpu_v113/samples/3nq9_Kdist4.5_Kmono8.0/psweep113_r4_20260328_171213/3nq9_ligand_report.csv,./penalty_sweep_qpu_v113/samples/3nq9_Kdist4.5_Kmono8.0/psweep113_r4_20260328_171213/3nq9_ligand_samples.json,./penalty_sweep_qpu_v113/samples/3nq9_Kdist4.5_Kmono8.0/psweep113_r4_20260328_171213/result.json
3nq9,3nq9_Kdist4.5_Kmono9.0,psweep113_r4_20260328_171213,4.5,9.0,ok,0.9219199675634837,1000,1000,1000,5,0.005,1.0,0.005,0.2078512,0.17324,Advantage2_system1.13,2065,25,./penalty_sweep_qpu_v113/samples/3nq9_Kdist4.5_Kmono9.0/psweep113_r4_20260328_171213/3nq9_ligand_report.csv,./penalty_sweep_qpu_v113/samples/3nq9_Kdist4.5_Kmono9.0/psweep113_r4_20260328_171213/3nq9_ligand_samples.json,./penalty_sweep_qpu_v113/samples/3nq9_Kdist4.5_Kmono9.0/psweep113_r4_20260328_171213/result.json
3nq9,3nq9_Kdist4.5_Kmono10.0,psweep113_r4_20260328_171213,4.5,10.0,ok,1.8925502731009478,1000,1000,1000,2,0.002,1.0,0.002,0.2159448,0.18134,Advantage2_system1.13,2306,27,./penalty_sweep_qpu_v113/samples/3nq9_Kdist4.5_Kmono10.0/psweep113_r4_20260328_171213/3nq9_ligand_report.csv,./penalty_sweep_qpu_v113/samples/3nq9_Kdist4.5_Kmono10.0/psweep113_r4_20260328_171213/3nq9_ligand_samples.json,./penalty_sweep_qpu_v113/samples/3nq9_Kdist4.5_Kmono10.0/psweep113_r4_20260328_171213/result.json
3nq9,3nq9_Kdist4.5_Kmono11.0,psweep113_r4_20260328_171213,4.5,11.0,ok,6.651552594017318,1000,1000,1000,0,0.0,1.0,0.0,0.2053136,0.1707,Advantage2_system1.13,2412,30,./penalty_sweep_qpu_v113/samples/3nq9_Kdist4.5_Kmono11.0/psweep113_r4_20260328_171213/3nq9_ligand_report.csv,./penalty_sweep_qpu_v113/samples/3nq9_Kdist4.5_Kmono11.0/psweep113_r4_20260328_171213/3nq9_ligand_samples.json,./penalty_sweep_qpu_v113/samples/3nq9_Kdist4.5_Kmono11.0/psweep113_r4_20260328_171213/result.json
3nq9,3nq9_Kdist4.5_Kmono12.0,psweep113_r4_20260328_171213,4.5,12.0,ok,1.2115453306754234,1000,1000,1000,10,0.01,1.0,0.01,0.2083516,0.17374,Advantage2_system1.13,2189,26,./penalty_sweep_qpu_v113/samples/3nq9_Kdist4.5_Kmono12.0/psweep113_r4_20260328_171213/3nq9_ligand_report.csv,./penalty_sweep_qpu_v113/samples/3nq9_Kdist4.5_Kmono12.0/psweep113_r4_20260328_171213/3nq9_ligand_samples.json,./penalty_sweep_qpu_v113/samples/3nq9_Kdist4.5_Kmono12.0/psweep113_r4_20260328_171213/result.json
3nq9,3nq9_Kdist4.5_Kmono13.0,psweep113_r4_20260328_171213,4.5,13.0,ok,4.533813937328191,1000,1000,1000,0,0.0,1.0,0.0,0.2149492,0.18034,Advantage2_system1.13,2131,26,./penalty_sweep_qpu_v113/samples/3nq9_Kdist4.5_Kmono13.0/psweep113_r4_20260328_171213/3nq9_ligand_report.csv,./penalty_sweep_qpu_v113/samples/3nq9_Kdist4.5_Kmono13.0/psweep113_r4_20260328_171213/3nq9_ligand_samples.json,./penalty_sweep_qpu_v113/samples/3nq9_Kdist4.5_Kmono13.0/psweep113_r4_20260328_171213/result.json
3nq9,3nq9_Kdist4.5_Kmono14.0,psweep113_r4_20260328_171213,4.5,14.0,ok,3.6494745068327488,1000,1000,1000,0,0.0,1.0,0.0,0.20820560000000002,0.1736,Advantage2_system1.13,2129,25,./penalty_sweep_qpu_v113/samples/3nq9_Kdist4.5_Kmono14.0/psweep113_r4_20260328_171213/3nq9_ligand_report.csv,./penalty_sweep_qpu_v113/samples/3nq9_Kdist4.5_Kmono14.0/psweep113_r4_20260328_171213/3nq9_ligand_samples.json,./penalty_sweep_qpu_v113/samples/3nq9_Kdist4.5_Kmono14.0/psweep113_r4_20260328_171213/result.json
3nq9,3nq9_Kdist4.5_Kmono15.0,psweep113_r4_20260328_171213,4.5,15.0,ok,3.5093603152474007,1000,1000,1000,0,0.0,1.0,0.0,0.21544560000000001,0.18084,Advantage2_system1.13,2092,24,./penalty_sweep_qpu_v113/samples/3nq9_Kdist4.5_Kmono15.0/psweep113_r4_20260328_171213/3nq9_ligand_report.csv,./penalty_sweep_qpu_v113/samples/3nq9_Kdist4.5_Kmono15.0/psweep113_r4_20260328_171213/3nq9_ligand_samples.json,./penalty_sweep_qpu_v113/samples/3nq9_Kdist4.5_Kmono15.0/psweep113_r4_20260328_171213/result.json
3nq9,3nq9_Kdist4.5_Kmono16.0,psweep113_r4_20260328_171213,4.5,16.0,ok,2.1581744927231457,1000,1000,1000,0,0.0,1.0,0.0,0.2132596,0.17866,Advantage2_system1.13,2032,22,./penalty_sweep_qpu_v113/samples/3nq9_Kdist4.5_Kmono16.0/psweep113_r4_20260328_171213/3nq9_ligand_report.csv,./penalty_sweep_qpu_v113/samples/3nq9_Kdist4.5_Kmono16.0/psweep113_r4_20260328_171213/3nq9_ligand_samples.json,./penalty_sweep_qpu_v113/samples/3nq9_Kdist4.5_Kmono16.0/psweep113_r4_20260328_171213/result.json
3nq9,3nq9_Kdist4.5_Kmono17.0,psweep113_r4_20260328_171213,4.5,17.0,ok,1.6867075939813174,1000,1000,1000,3,0.003,1.0,0.003,0.2133984,0.1788,Advantage2_system1.13,1953,22,./penalty_sweep_qpu_v113/samples/3nq9_Kdist4.5_Kmono17.0/psweep113_r4_20260328_171213/3nq9_ligand_report.csv,./penalty_sweep_qpu_v113/samples/3nq9_Kdist4.5_Kmono17.0/psweep113_r4_20260328_171213/3nq9_ligand_samples.json,./penalty_sweep_qpu_v113/samples/3nq9_Kdist4.5_Kmono17.0/psweep113_r4_20260328_171213/result.json
3nq9,3nq9_Kdist4.5_Kmono18.0,psweep113_r4_20260328_171213,4.5,18.0,ok,2.15769651928188,1000,1000,1000,0,0.0,1.0,0.0,0.20348,0.16888,Advantage2_system1.13,2277,26,./penalty_sweep_qpu_v113/samples/3nq9_Kdist4.5_Kmono18.0/psweep113_r4_20260328_171213/3nq9_ligand_report.csv,./penalty_sweep_qpu_v113/samples/3nq9_Kdist4.5_Kmono18.0/psweep113_r4_20260328_171213/3nq9_ligand_samples.json,./penalty_sweep_qpu_v113/samples/3nq9_Kdist4.5_Kmono18.0/psweep113_r4_20260328_171213/result.json
3nq9,3nq9_Kdist4.5_Kmono19.0,psweep113_r4_20260328_171213,4.5,19.0,ok,4.17691773149168,1000,1000,1000,0,0.0,1.0,0.0,0.2067048,0.1721,Advantage2_system1.13,2075,24,./penalty_sweep_qpu_v113/samples/3nq9_Kdist4.5_Kmono19.0/psweep113_r4_20260328_171213/3nq9_ligand_report.csv,./penalty_sweep_qpu_v113/samples/3nq9_Kdist4.5_Kmono19.0/psweep113_r4_20260328_171213/3nq9_ligand_samples.json,./penalty_sweep_qpu_v113/samples/3nq9_Kdist4.5_Kmono19.0/psweep113_r4_20260328_171213/result.json
3nq9,3nq9_Kdist4.5_Kmono20.0,psweep113_r4_20260328_171213,4.5,20.0,ok,4.357443174411099,1000,1000,1000,0,0.0,1.0,0.0,0.2042004,0.1696,Advantage2_system1.13,2415,28,./penalty_sweep_qpu_v113/samples/3nq9_Kdist4.5_Kmono20.0/psweep113_r4_20260328_171213/3nq9_ligand_report.csv,./penalty_sweep_qpu_v113/samples/3nq9_Kdist4.5_Kmono20.0/psweep113_r4_20260328_171213/3nq9_ligand_samples.json,./penalty_sweep_qpu_v113/samples/3nq9_Kdist4.5_Kmono20.0/psweep113_r4_20260328_171213/result.json
3nq9,3nq9_Kdist5.0_Kmono1.0,psweep113_r4_20260328_171213,5.0,1.0,ok,3.1574041157223545,1000,1000,1000,0,0.0,1.0,0.0,0.2056564,0.17106,Advantage2_system1.13,2017,23,./penalty_sweep_qpu_v113/samples/3nq9_Kdist5.0_Kmono1.0/psweep113_r4_20260328_171213/3nq9_ligand_report.csv,./penalty_sweep_qpu_v113/samples/3nq9_Kdist5.0_Kmono1.0/psweep113_r4_20260328_171213/3nq9_ligand_samples.json,./penalty_sweep_qpu_v113/samples/3nq9_Kdist5.0_Kmono1.0/psweep113_r4_20260328_171213/result.json
3nq9,3nq9_Kdist5.0_Kmono2.0,psweep113_r4_20260328_171213,5.0,2.0,ok,4.661823172032806,1000,1000,1000,0,0.0,1.0,0.0,0.211266,0.17666,Advantage2_system1.13,2097,26,./penalty_sweep_qpu_v113/samples/3nq9_Kdist5.0_Kmono2.0/psweep113_r4_20260328_171213/3nq9_ligand_report.csv,./penalty_sweep_qpu_v113/samples/3nq9_Kdist5.0_Kmono2.0/psweep113_r4_20260328_171213/3nq9_ligand_samples.json,./penalty_sweep_qpu_v113/samples/3nq9_Kdist5.0_Kmono2.0/psweep113_r4_20260328_171213/result.json
3nq9,3nq9_Kdist5.0_Kmono3.0,psweep113_r4_20260328_171213,5.0,3.0,ok,2.631304303138268,1000,1000,1000,0,0.0,1.0,0.0,0.2119084,0.1773,Advantage2_system1.13,2083,24,./penalty_sweep_qpu_v113/samples/3nq9_Kdist5.0_Kmono3.0/psweep113_r4_20260328_171213/3nq9_ligand_report.csv,./penalty_sweep_qpu_v113/samples/3nq9_Kdist5.0_Kmono3.0/psweep113_r4_20260328_171213/3nq9_ligand_samples.json,./penalty_sweep_qpu_v113/samples/3nq9_Kdist5.0_Kmono3.0/psweep113_r4_20260328_171213/result.json
3nq9,3nq9_Kdist5.0_Kmono4.0,psweep113_r4_20260328_171213,5.0,4.0,ok,3.475514855110309,1000,1000,1000,0,0.0,1.0,0.0,0.2092344,0.17462,Advantage2_system1.13,2227,27,./penalty_sweep_qpu_v113/samples/3nq9_Kdist5.0_Kmono4.0/psweep113_r4_20260328_171213/3nq9_ligand_report.csv,./penalty_sweep_qpu_v113/samples/3nq9_Kdist5.0_Kmono4.0/psweep113_r4_20260328_171213/3nq9_ligand_samples.json,./penalty_sweep_qpu_v113/samples/3nq9_Kdist5.0_Kmono4.0/psweep113_r4_20260328_171213/result.json
3nq9,3nq9_Kdist5.0_Kmono5.0,psweep113_r4_20260328_171213,5.0,5.0,ok,3.568290655462033,1000,1000,1000,0,0.0,1.0,0.0,0.21849079999999999,0.18388,Advantage2_system1.13,2053,25,./penalty_sweep_qpu_v113/samples/3nq9_Kdist5.0_Kmono5.0/psweep113_r4_20260328_171213/3nq9_ligand_report.csv,./penalty_sweep_qpu_v113/samples/3nq9_Kdist5.0_Kmono5.0/psweep113_r4_20260328_171213/3nq9_ligand_samples.json,./penalty_sweep_qpu_v113/samples/3nq9_Kdist5.0_Kmono5.0/psweep113_r4_20260328_171213/result.json
3nq9,3nq9_Kdist5.0_Kmono6.0,psweep113_r4_20260328_171213,5.0,6.0,ok,3.3590482058287714,1000,1000,1000,0,0.0,1.0,0.0,0.20648160000000002,0.17188,Advantage2_system1.13,2248,27,./penalty_sweep_qpu_v113/samples/3nq9_Kdist5.0_Kmono6.0/psweep113_r4_20260328_171213/3nq9_ligand_report.csv,./penalty_sweep_qpu_v113/samples/3nq9_Kdist5.0_Kmono6.0/psweep113_r4_20260328_171213/3nq9_ligand_samples.json,./penalty_sweep_qpu_v113/samples/3nq9_Kdist5.0_Kmono6.0/psweep113_r4_20260328_171213/result.json
3nq9,3nq9_Kdist5.0_Kmono7.0,psweep113_r4_20260328_171213,5.0,7.0,ok,4.109905769690007,1000,1000,1000,0,0.0,1.0,0.0,0.21063320000000002,0.17602,Advantage2_system1.13,2232,26,./penalty_sweep_qpu_v113/samples/3nq9_Kdist5.0_Kmono7.0/psweep113_r4_20260328_171213/3nq9_ligand_report.csv,./penalty_sweep_qpu_v113/samples/3nq9_Kdist5.0_Kmono7.0/psweep113_r4_20260328_171213/3nq9_ligand_samples.json,./penalty_sweep_qpu_v113/samples/3nq9_Kdist5.0_Kmono7.0/psweep113_r4_20260328_171213/result.json
3nq9,3nq9_Kdist5.0_Kmono8.0,psweep113_r4_20260328_171213,5.0,8.0,ok,2.881712161971064,1000,1000,1000,0,0.0,1.0,0.0,0.21888,0.18428,Advantage2_system1.13,1995,23,./penalty_sweep_qpu_v113/samples/3nq9_Kdist5.0_Kmono8.0/psweep113_r4_20260328_171213/3nq9_ligand_report.csv,./penalty_sweep_qpu_v113/samples/3nq9_Kdist5.0_Kmono8.0/psweep113_r4_20260328_171213/3nq9_ligand_samples.json,./penalty_sweep_qpu_v113/samples/3nq9_Kdist5.0_Kmono8.0/psweep113_r4_20260328_171213/result.json
3nq9,3nq9_Kdist5.0_Kmono9.0,psweep113_r4_20260328_171213,5.0,9.0,ok,3.181495704907796,1000,1000,1000,0,0.0,1.0,0.0,0.2029888,0.16838,Advantage2_system1.13,2306,26,./penalty_sweep_qpu_v113/samples/3nq9_Kdist5.0_Kmono9.0/psweep113_r4_20260328_171213/3nq9_ligand_report.csv,./penalty_sweep_qpu_v113/samples/3nq9_Kdist5.0_Kmono9.0/psweep113_r4_20260328_171213/3nq9_ligand_samples.json,./penalty_sweep_qpu_v113/samples/3nq9_Kdist5.0_Kmono9.0/psweep113_r4_20260328_171213/result.json
3nq9,3nq9_Kdist5.0_Kmono10.0,psweep113_r4_20260328_171213,5.0,10.0,ok,2.5736422595704025,1000,1000,1000,0,0.0,1.0,0.0,0.21876879999999999,0.18416,Advantage2_system1.13,1981,23,./penalty_sweep_qpu_v113/samples/3nq9_Kdist5.0_Kmono10.0/psweep113_r4_20260328_171213/3nq9_ligand_report.csv,./penalty_sweep_qpu_v113/samples/3nq9_Kdist5.0_Kmono10.0/psweep113_r4_20260328_171213/3nq9_ligand_samples.json,./penalty_sweep_qpu_v113/samples/3nq9_Kdist5.0_Kmono10.0/psweep113_r4_20260328_171213/result.json
3nq9,3nq9_Kdist5.0_Kmono11.0,psweep113_r4_20260328_171213,5.0,11.0,ok,3.2593747803725357,1000,1000,1000,0,0.0,1.0,0.0,0.212202,0.1776,Advantage2_system1.13,2152,25,./penalty_sweep_qpu_v113/samples/3nq9_Kdist5.0_Kmono11.0/psweep113_r4_20260328_171213/3nq9_ligand_report.csv,./penalty_sweep_qpu_v113/samples/3nq9_Kdist5.0_Kmono11.0/psweep113_r4_20260328_171213/3nq9_ligand_samples.json,./penalty_sweep_qpu_v113/samples/3nq9_Kdist5.0_Kmono11.0/psweep113_r4_20260328_171213/result.json
3nq9,3nq9_Kdist5.0_Kmono12.0,psweep113_r4_20260328_171213,5.0,12.0,ok,3.639449914937467,1000,1000,1000,0,0.0,1.0,0.0,0.2130256,0.17842,Advantage2_system1.13,2580,30,./penalty_sweep_qpu_v113/samples/3nq9_Kdist5.0_Kmono12.0/psweep113_r4_20260328_171213/3nq9_ligand_report.csv,./penalty_sweep_qpu_v113/samples/3nq9_Kdist5.0_Kmono12.0/psweep113_r4_20260328_171213/3nq9_ligand_samples.json,./penalty_sweep_qpu_v113/samples/3nq9_Kdist5.0_Kmono12.0/psweep113_r4_20260328_171213/result.json
3nq9,3nq9_Kdist5.0_Kmono13.0,psweep113_r4_20260328_171213,5.0,13.0,ok,2.575012049680191,1000,1000,1000,0,0.0,1.0,0.0,0.21281039999999998,0.1782,Advantage2_system1.13,2175,26,./penalty_sweep_qpu_v113/samples/3nq9_Kdist5.0_Kmono13.0/psweep113_r4_20260328_171213/3nq9_ligand_report.csv,./penalty_sweep_qpu_v113/samples/3nq9_Kdist5.0_Kmono13.0/psweep113_r4_20260328_171213/3nq9_ligand_samples.json,./penalty_sweep_qpu_v113/samples/3nq9_Kdist5.0_Kmono13.0/psweep113_r4_20260328_171213/result.json
3nq9,3nq9_Kdist5.0_Kmono14.0,psweep113_r4_20260328_171213,5.0,14.0,ok,4.56562034312783,1000,1000,1000,0,0.0,1.0,0.0,0.2007068,0.1661,Advantage2_system1.13,2091,25,./penalty_sweep_qpu_v113/samples/3nq9_Kdist5.0_Kmono14.0/psweep113_r4_20260328_171213/3nq9_ligand_report.csv,./penalty_sweep_qpu_v113/samples/3nq9_Kdist5.0_Kmono14.0/psweep113_r4_20260328_171213/3nq9_ligand_samples.json,./penalty_sweep_qpu_v113/samples/3nq9_Kdist5.0_Kmono14.0/psweep113_r4_20260328_171213/result.json
3nq9,3nq9_Kdist5.0_Kmono15.0,psweep113_r4_20260328_171213,5.0,15.0,ok,1.4732832260081485,1000,1000,1000,4,0.004,1.0,0.004,0.2112592,0.17666,Advantage2_system1.13,2205,25,./penalty_sweep_qpu_v113/samples/3nq9_Kdist5.0_Kmono15.0/psweep113_r4_20260328_171213/3nq9_ligand_report.csv,./penalty_sweep_qpu_v113/samples/3nq9_Kdist5.0_Kmono15.0/psweep113_r4_20260328_171213/3nq9_ligand_samples.json,./penalty_sweep_qpu_v113/samples/3nq9_Kdist5.0_Kmono15.0/psweep113_r4_20260328_171213/result.json
3nq9,3nq9_Kdist5.0_Kmono16.0,psweep113_r4_20260328_171213,5.0,16.0,ok,3.4753278150450932,1000,1000,1000,0,0.0,1.0,0.0,0.209762,0.17516,Advantage2_system1.13,2015,22,./penalty_sweep_qpu_v113/samples/3nq9_Kdist5.0_Kmono16.0/psweep113_r4_20260328_171213/3nq9_ligand_report.csv,./penalty_sweep_qpu_v113/samples/3nq9_Kdist5.0_Kmono16.0/psweep113_r4_20260328_171213/3nq9_ligand_samples.json,./penalty_sweep_qpu_v113/samples/3nq9_Kdist5.0_Kmono16.0/psweep113_r4_20260328_171213/result.json
3nq9,3nq9_Kdist5.0_Kmono17.0,psweep113_r4_20260328_171213,5.0,17.0,ok,2.3123420425812715,1000,1000,1000,0,0.0,1.0,0.0,0.2022988,0.1677,Advantage2_system1.13,2082,24,./penalty_sweep_qpu_v113/samples/3nq9_Kdist5.0_Kmono17.0/psweep113_r4_20260328_171213/3nq9_ligand_report.csv,./penalty_sweep_qpu_v113/samples/3nq9_Kdist5.0_Kmono17.0/psweep113_r4_20260328_171213/3nq9_ligand_samples.json,./penalty_sweep_qpu_v113/samples/3nq9_Kdist5.0_Kmono17.0/psweep113_r4_20260328_171213/result.json
3nq9,3nq9_Kdist5.0_Kmono18.0,psweep113_r4_20260328_171213,5.0,18.0,ok,0.5894295103966772,1000,1000,1000,611,0.611,1.0,0.611,0.2052092,0.1706,Advantage2_system1.13,2072,24,./penalty_sweep_qpu_v113/samples/3nq9_Kdist5.0_Kmono18.0/psweep113_r4_20260328_171213/3nq9_ligand_report.csv,./penalty_sweep_qpu_v113/samples/3nq9_Kdist5.0_Kmono18.0/psweep113_r4_20260328_171213/3nq9_ligand_samples.json,./penalty_sweep_qpu_v113/samples/3nq9_Kdist5.0_Kmono18.0/psweep113_r4_20260328_171213/result.json
3nq9,3nq9_Kdist5.0_Kmono19.0,psweep113_r4_20260328_171213,5.0,19.0,ok,1.5372018750509036,1000,1000,1000,10,0.01,1.0,0.01,0.2142568,0.17966,Advantage2_system1.13,2132,25,./penalty_sweep_qpu_v113/samples/3nq9_Kdist5.0_Kmono19.0/psweep113_r4_20260328_171213/3nq9_ligand_report.csv,./penalty_sweep_qpu_v113/samples/3nq9_Kdist5.0_Kmono19.0/psweep113_r4_20260328_171213/3nq9_ligand_samples.json,./penalty_sweep_qpu_v113/samples/3nq9_Kdist5.0_Kmono19.0/psweep113_r4_20260328_171213/result.json
3nq9,3nq9_Kdist5.0_Kmono20.0,psweep113_r4_20260328_171213,5.0,20.0,ok,3.654102877173297,1000,1000,1000,0,0.0,1.0,0.0,0.21403160000000002,0.17942,Advantage2_system1.13,2302,27,./penalty_sweep_qpu_v113/samples/3nq9_Kdist5.0_Kmono20.0/psweep113_r4_20260328_171213/3nq9_ligand_report.csv,./penalty_sweep_qpu_v113/samples/3nq9_Kdist5.0_Kmono20.0/psweep113_r4_20260328_171213/3nq9_ligand_samples.json,./penalty_sweep_qpu_v113/samples/3nq9_Kdist5.0_Kmono20.0/psweep113_r4_20260328_171213/result.json
3nq9,3nq9_Kdist5.5_Kmono1.0,psweep113_r4_20260328_171213,5.5,1.0,ok,4.474895869830645,1000,1000,1000,0,0.0,1.0,0.0,0.20394079999999998,0.16934,Advantage2_system1.13,1982,23,./penalty_sweep_qpu_v113/samples/3nq9_Kdist5.5_Kmono1.0/psweep113_r4_20260328_171213/3nq9_ligand_report.csv,./penalty_sweep_qpu_v113/samples/3nq9_Kdist5.5_Kmono1.0/psweep113_r4_20260328_171213/3nq9_ligand_samples.json,./penalty_sweep_qpu_v113/samples/3nq9_Kdist5.5_Kmono1.0/psweep113_r4_20260328_171213/result.json
3nq9,3nq9_Kdist5.5_Kmono2.0,psweep113_r4_20260328_171213,5.5,2.0,ok,3.771430374510143,1000,1000,1000,0,0.0,1.0,0.0,0.20758,0.17298,Advantage2_system1.13,1977,23,./penalty_sweep_qpu_v113/samples/3nq9_Kdist5.5_Kmono2.0/psweep113_r4_20260328_171213/3nq9_ligand_report.csv,./penalty_sweep_qpu_v113/samples/3nq9_Kdist5.5_Kmono2.0/psweep113_r4_20260328_171213/3nq9_ligand_samples.json,./penalty_sweep_qpu_v113/samples/3nq9_Kdist5.5_Kmono2.0/psweep113_r4_20260328_171213/result.json
3nq9,3nq9_Kdist5.5_Kmono3.0,psweep113_r4_20260328_171213,5.5,3.0,ok,2.6763679839770775,1000,1000,1000,0,0.0,1.0,0.0,0.2154812,0.18088,Advantage2_system1.13,2093,24,./penalty_sweep_qpu_v113/samples/3nq9_Kdist5.5_Kmono3.0/psweep113_r4_20260328_171213/3nq9_ligand_report.csv,./penalty_sweep_qpu_v113/samples/3nq9_Kdist5.5_Kmono3.0/psweep113_r4_20260328_171213/3nq9_ligand_samples.json,./penalty_sweep_qpu_v113/samples/3nq9_Kdist5.5_Kmono3.0/psweep113_r4_20260328_171213/result.json
3nq9,3nq9_Kdist5.5_Kmono4.0,psweep113_r4_20260328_171213,5.5,4.0,ok,2.6679409950092796,1000,1000,1000,0,0.0,1.0,0.0,0.20183720000000002,0.16724,Advantage2_system1.13,2023,23,./penalty_sweep_qpu_v113/samples/3nq9_Kdist5.5_Kmono4.0/psweep113_r4_20260328_171213/3nq9_ligand_report.csv,./penalty_sweep_qpu_v113/samples/3nq9_Kdist5.5_Kmono4.0/psweep113_r4_20260328_171213/3nq9_ligand_samples.json,./penalty_sweep_qpu_v113/samples/3nq9_Kdist5.5_Kmono4.0/psweep113_r4_20260328_171213/result.json
3nq9,3nq9_Kdist5.5_Kmono5.0,psweep113_r4_20260328_171213,5.5,5.0,ok,3.4236037425005246,1000,1000,1000,0,0.0,1.0,0.0,0.2161968,0.1816,Advantage2_system1.13,2014,22,./penalty_sweep_qpu_v113/samples/3nq9_Kdist5.5_Kmono5.0/psweep113_r4_20260328_171213/3nq9_ligand_report.csv,./penalty_sweep_qpu_v113/samples/3nq9_Kdist5.5_Kmono5.0/psweep113_r4_20260328_171213/3nq9_ligand_samples.json,./penalty_sweep_qpu_v113/samples/3nq9_Kdist5.5_Kmono5.0/psweep113_r4_20260328_171213/result.json
3nq9,3nq9_Kdist5.5_Kmono6.0,psweep113_r4_20260328_171213,5.5,6.0,ok,3.6623212320872702,1000,1000,1000,0,0.0,1.0,0.0,0.21490920000000002,0.1803,Advantage2_system1.13,2256,27,./penalty_sweep_qpu_v113/samples/3nq9_Kdist5.5_Kmono6.0/psweep113_r4_20260328_171213/3nq9_ligand_report.csv,./penalty_sweep_qpu_v113/samples/3nq9_Kdist5.5_Kmono6.0/psweep113_r4_20260328_171213/3nq9_ligand_samples.json,./penalty_sweep_qpu_v113/samples/3nq9_Kdist5.5_Kmono6.0/psweep113_r4_20260328_171213/result.json
3nq9,3nq9_Kdist5.5_Kmono7.0,psweep113_r4_20260328_171213,5.5,7.0,ok,3.914833232769044,1000,1000,1000,0,0.0,1.0,0.0,0.2163136,0.1817,Advantage2_system1.13,2513,32,./penalty_sweep_qpu_v113/samples/3nq9_Kdist5.5_Kmono7.0/psweep113_r4_20260328_171213/3nq9_ligand_report.csv,./penalty_sweep_qpu_v113/samples/3nq9_Kdist5.5_Kmono7.0/psweep113_r4_20260328_171213/3nq9_ligand_samples.json,./penalty_sweep_qpu_v113/samples/3nq9_Kdist5.5_Kmono7.0/psweep113_r4_20260328_171213/result.json
3nq9,3nq9_Kdist5.5_Kmono8.0,psweep113_r4_20260328_171213,5.5,8.0,ok,4.113837448203499,1000,1000,1000,0,0.0,1.0,0.0,0.2090864,0.17448,Advantage2_system1.13,2122,24,./penalty_sweep_qpu_v113/samples/3nq9_Kdist5.5_Kmono8.0/psweep113_r4_20260328_171213/3nq9_ligand_report.csv,./penalty_sweep_qpu_v113/samples/3nq9_Kdist5.5_Kmono8.0/psweep113_r4_20260328_171213/3nq9_ligand_samples.json,./penalty_sweep_qpu_v113/samples/3nq9_Kdist5.5_Kmono8.0/psweep113_r4_20260328_171213/result.json
3nq9,3nq9_Kdist5.5_Kmono9.0,psweep113_r4_20260328_171213,5.5,9.0,ok,5.530996319060969,1000,1000,1000,0,0.0,1.0,0.0,0.2156644,0.18106,Advantage2_system1.13,2064,24,./penalty_sweep_qpu_v113/samples/3nq9_Kdist5.5_Kmono9.0/psweep113_r4_20260328_171213/3nq9_ligand_report.csv,./penalty_sweep_qpu_v113/samples/3nq9_Kdist5.5_Kmono9.0/psweep113_r4_20260328_171213/3nq9_ligand_samples.json,./penalty_sweep_qpu_v113/samples/3nq9_Kdist5.5_Kmono9.0/psweep113_r4_20260328_171213/result.json
3nq9,3nq9_Kdist5.5_Kmono10.0,psweep113_r4_20260328_171213,5.5,10.0,ok,5.5371828687347255,1000,1000,1000,0,0.0,1.0,0.0,0.2074436,0.17284,Advantage2_system1.13,2130,26,./penalty_sweep_qpu_v113/samples/3nq9_Kdist5.5_Kmono10.0/psweep113_r4_20260328_171213/3nq9_ligand_report.csv,./penalty_sweep_qpu_v113/samples/3nq9_Kdist5.5_Kmono10.0/psweep113_r4_20260328_171213/3nq9_ligand_samples.json,./penalty_sweep_qpu_v113/samples/3nq9_Kdist5.5_Kmono10.0/psweep113_r4_20260328_171213/result.json
3nq9,3nq9_Kdist5.5_Kmono11.0,psweep113_r4_20260328_171213,5.5,11.0,ok,3.0857245725886586,1000,1000,1000,0,0.0,1.0,0.0,0.205952,0.17134,Advantage2_system1.13,2217,26,./penalty_sweep_qpu_v113/samples/3nq9_Kdist5.5_Kmono11.0/psweep113_r4_20260328_171213/3nq9_ligand_report.csv,./penalty_sweep_qpu_v113/samples/3nq9_Kdist5.5_Kmono11.0/psweep113_r4_20260328_171213/3nq9_ligand_samples.json,./penalty_sweep_qpu_v113/samples/3nq9_Kdist5.5_Kmono11.0/psweep113_r4_20260328_171213/result.json
3nq9,3nq9_Kdist5.5_Kmono12.0,psweep113_r4_20260328_171213,5.5,12.0,ok,4.494546328008139,1000,1000,1000,0,0.0,1.0,0.0,0.2106212,0.17602,Advantage2_system1.13,2057,23,./penalty_sweep_qpu_v113/samples/3nq9_Kdist5.5_Kmono12.0/psweep113_r4_20260328_171213/3nq9_ligand_report.csv,./penalty_sweep_qpu_v113/samples/3nq9_Kdist5.5_Kmono12.0/psweep113_r4_20260328_171213/3nq9_ligand_samples.json,./penalty_sweep_qpu_v113/samples/3nq9_Kdist5.5_Kmono12.0/psweep113_r4_20260328_171213/result.json
3nq9,3nq9_Kdist5.5_Kmono13.0,psweep113_r4_20260328_171213,5.5,13.0,ok,2.5199239692362516,1000,1000,1000,0,0.0,1.0,0.0,0.2077084,0.1731,Advantage2_system1.13,2066,24,./penalty_sweep_qpu_v113/samples/3nq9_Kdist5.5_Kmono13.0/psweep113_r4_20260328_171213/3nq9_ligand_report.csv,./penalty_sweep_qpu_v113/samples/3nq9_Kdist5.5_Kmono13.0/psweep113_r4_20260328_171213/3nq9_ligand_samples.json,./penalty_sweep_qpu_v113/samples/3nq9_Kdist5.5_Kmono13.0/psweep113_r4_20260328_171213/result.json
3nq9,3nq9_Kdist5.5_Kmono14.0,psweep113_r4_20260328_171213,5.5,14.0,ok,2.457568571888549,1000,1000,1000,0,0.0,1.0,0.0,0.20276239999999998,0.16816,Advantage2_system1.13,2129,25,./penalty_sweep_qpu_v113/samples/3nq9_Kdist5.5_Kmono14.0/psweep113_r4_20260328_171213/3nq9_ligand_report.csv,./penalty_sweep_qpu_v113/samples/3nq9_Kdist5.5_Kmono14.0/psweep113_r4_20260328_171213/3nq9_ligand_samples.json,./penalty_sweep_qpu_v113/samples/3nq9_Kdist5.5_Kmono14.0/psweep113_r4_20260328_171213/result.json
3nq9,3nq9_Kdist5.5_Kmono15.0,psweep113_r4_20260328_171213,5.5,15.0,ok,2.6770024092860205,1000,1000,1000,0,0.0,1.0,0.0,0.2059456,0.17134,Advantage2_system1.13,1942,22,./penalty_sweep_qpu_v113/samples/3nq9_Kdist5.5_Kmono15.0/psweep113_r4_20260328_171213/3nq9_ligand_report.csv,./penalty_sweep_qpu_v113/samples/3nq9_Kdist5.5_Kmono15.0/psweep113_r4_20260328_171213/3nq9_ligand_samples.json,./penalty_sweep_qpu_v113/samples/3nq9_Kdist5.5_Kmono15.0/psweep113_r4_20260328_171213/result.json
3nq9,3nq9_Kdist5.5_Kmono16.0,psweep113_r4_20260328_171213,5.5,16.0,ok,3.8280379377326166,1000,1000,1000,0,0.0,1.0,0.0,0.213768,0.17916,Advantage2_system1.13,2271,27,./penalty_sweep_qpu_v113/samples/3nq9_Kdist5.5_Kmono16.0/psweep113_r4_20260328_171213/3nq9_ligand_report.csv,./penalty_sweep_qpu_v113/samples/3nq9_Kdist5.5_Kmono16.0/psweep113_r4_20260328_171213/3nq9_ligand_samples.json,./penalty_sweep_qpu_v113/samples/3nq9_Kdist5.5_Kmono16.0/psweep113_r4_20260328_171213/result.json
3nq9,3nq9_Kdist5.5_Kmono17.0,psweep113_r4_20260328_171213,5.5,17.0,ok,1.8562720415502527,1000,1000,1000,2,0.002,1.0,0.002,0.19895,0.16434,Advantage2_system1.13,2034,23,./penalty_sweep_qpu_v113/samples/3nq9_Kdist5.5_Kmono17.0/psweep113_r4_20260328_171213/3nq9_ligand_report.csv,./penalty_sweep_qpu_v113/samples/3nq9_Kdist5.5_Kmono17.0/psweep113_r4_20260328_171213/3nq9_ligand_samples.json,./penalty_sweep_qpu_v113/samples/3nq9_Kdist5.5_Kmono17.0/psweep113_r4_20260328_171213/result.json
3nq9,3nq9_Kdist5.5_Kmono18.0,psweep113_r4_20260328_171213,5.5,18.0,ok,2.824064413528729,1000,1000,1000,0,0.0,1.0,0.0,0.2137996,0.1792,Advantage2_system1.13,2043,24,./penalty_sweep_qpu_v113/samples/3nq9_Kdist5.5_Kmono18.0/psweep113_r4_20260328_171213/3nq9_ligand_report.csv,./penalty_sweep_qpu_v113/samples/3nq9_Kdist5.5_Kmono18.0/psweep113_r4_20260328_171213/3nq9_ligand_samples.json,./penalty_sweep_qpu_v113/samples/3nq9_Kdist5.5_Kmono18.0/psweep113_r4_20260328_171213/result.json
3nq9,3nq9_Kdist5.5_Kmono19.0,psweep113_r4_20260328_171213,5.5,19.0,ok,3.1239676094723694,1000,1000,1000,0,0.0,1.0,0.0,0.2060856,0.17148,Advantage2_system1.13,1970,24,./penalty_sweep_qpu_v113/samples/3nq9_Kdist5.5_Kmono19.0/psweep113_r4_20260328_171213/3nq9_ligand_report.csv,./penalty_sweep_qpu_v113/samples/3nq9_Kdist5.5_Kmono19.0/psweep113_r4_20260328_171213/3nq9_ligand_samples.json,./penalty_sweep_qpu_v113/samples/3nq9_Kdist5.5_Kmono19.0/psweep113_r4_20260328_171213/result.json
3nq9,3nq9_Kdist5.5_Kmono20.0,psweep113_r4_20260328_171213,5.5,20.0,ok,2.8908360374824893,1000,1000,1000,0,0.0,1.0,0.0,0.2072288,0.17262,Advantage2_system1.13,2236,26,./penalty_sweep_qpu_v113/samples/3nq9_Kdist5.5_Kmono20.0/psweep113_r4_20260328_171213/3nq9_ligand_report.csv,./penalty_sweep_qpu_v113/samples/3nq9_Kdist5.5_Kmono20.0/psweep113_r4_20260328_171213/3nq9_ligand_samples.json,./penalty_sweep_qpu_v113/samples/3nq9_Kdist5.5_Kmono20.0/psweep113_r4_20260328_171213/result.json
3nq9,3nq9_Kdist6.0_Kmono1.0,psweep113_r4_20260328_171213,6.0,1.0,ok,3.2164896976816673,1000,1000,1000,0,0.0,1.0,0.0,0.2090312,0.17442,Advantage2_system1.13,2234,27,./penalty_sweep_qpu_v113/samples/3nq9_Kdist6.0_Kmono1.0/psweep113_r4_20260328_171213/3nq9_ligand_report.csv,./penalty_sweep_qpu_v113/samples/3nq9_Kdist6.0_Kmono1.0/psweep113_r4_20260328_171213/3nq9_ligand_samples.json,./penalty_sweep_qpu_v113/samples/3nq9_Kdist6.0_Kmono1.0/psweep113_r4_20260328_171213/result.json
3nq9,3nq9_Kdist6.0_Kmono2.0,psweep113_r4_20260328_171213,6.0,2.0,ok,2.4968467413596795,1000,1000,1000,0,0.0,1.0,0.0,0.2191316,0.18452,Advantage2_system1.13,2075,23,./penalty_sweep_qpu_v113/samples/3nq9_Kdist6.0_Kmono2.0/psweep113_r4_20260328_171213/3nq9_ligand_report.csv,./penalty_sweep_qpu_v113/samples/3nq9_Kdist6.0_Kmono2.0/psweep113_r4_20260328_171213/3nq9_ligand_samples.json,./penalty_sweep_qpu_v113/samples/3nq9_Kdist6.0_Kmono2.0/psweep113_r4_20260328_171213/result.json
3nq9,3nq9_Kdist6.0_Kmono3.0,psweep113_r4_20260328_171213,6.0,3.0,ok,3.479589446581957,1000,1000,1000,0,0.0,1.0,0.0,0.2066676,0.17206,Advantage2_system1.13,2167,26,./penalty_sweep_qpu_v113/samples/3nq9_Kdist6.0_Kmono3.0/psweep113_r4_20260328_171213/3nq9_ligand_report.csv,./penalty_sweep_qpu_v113/samples/3nq9_Kdist6.0_Kmono3.0/psweep113_r4_20260328_171213/3nq9_ligand_samples.json,./penalty_sweep_qpu_v113/samples/3nq9_Kdist6.0_Kmono3.0/psweep113_r4_20260328_171213/result.json
3nq9,3nq9_Kdist6.0_Kmono4.0,psweep113_r4_20260328_171213,6.0,4.0,ok,1.278545279953027,1000,1000,1000,546,0.546,1.0,0.546,0.2068428,0.17224,Advantage2_system1.13,2102,24,./penalty_sweep_qpu_v113/samples/3nq9_Kdist6.0_Kmono4.0/psweep113_r4_20260328_171213/3nq9_ligand_report.csv,./penalty_sweep_qpu_v113/samples/3nq9_Kdist6.0_Kmono4.0/psweep113_r4_20260328_171213/3nq9_ligand_samples.json,./penalty_sweep_qpu_v113/samples/3nq9_Kdist6.0_Kmono4.0/psweep113_r4_20260328_171213/result.json
3nq9,3nq9_Kdist6.0_Kmono5.0,psweep113_r4_20260328_171213,6.0,5.0,ok,2.4488241377832476,1000,1000,1000,0,0.0,1.0,0.0,0.21103,0.17642,Advantage2_system1.13,2287,27,./penalty_sweep_qpu_v113/samples/3nq9_Kdist6.0_Kmono5.0/psweep113_r4_20260328_171213/3nq9_ligand_report.csv,./penalty_sweep_qpu_v113/samples/3nq9_Kdist6.0_Kmono5.0/psweep113_r4_20260328_171213/3nq9_ligand_samples.json,./penalty_sweep_qpu_v113/samples/3nq9_Kdist6.0_Kmono5.0/psweep113_r4_20260328_171213/result.json
3nq9,3nq9_Kdist6.0_Kmono6.0,psweep113_r4_20260328_171213,6.0,6.0,ok,3.907463995883822,1000,1000,1000,0,0.0,1.0,0.0,0.214668,0.18006,Advantage2_system1.13,2140,25,./penalty_sweep_qpu_v113/samples/3nq9_Kdist6.0_Kmono6.0/psweep113_r4_20260328_171213/3nq9_ligand_report.csv,./penalty_sweep_qpu_v113/samples/3nq9_Kdist6.0_Kmono6.0/psweep113_r4_20260328_171213/3nq9_ligand_samples.json,./penalty_sweep_qpu_v113/samples/3nq9_Kdist6.0_Kmono6.0/psweep113_r4_20260328_171213/result.json
3nq9,3nq9_Kdist6.0_Kmono7.0,psweep113_r4_20260328_171213,6.0,7.0,ok,2.3309065116622447,1000,1000,1000,0,0.0,1.0,0.0,0.20989,0.17528,Advantage2_system1.13,2175,26,./penalty_sweep_qpu_v113/samples/3nq9_Kdist6.0_Kmono7.0/psweep113_r4_20260328_171213/3nq9_ligand_report.csv,./penalty_sweep_qpu_v113/samples/3nq9_Kdist6.0_Kmono7.0/psweep113_r4_20260328_171213/3nq9_ligand_samples.json,./penalty_sweep_qpu_v113/samples/3nq9_Kdist6.0_Kmono7.0/psweep113_r4_20260328_171213/result.json
3nq9,3nq9_Kdist6.0_Kmono8.0,psweep113_r4_20260328_171213,6.0,8.0,ok,3.159655341589848,1000,1000,1000,0,0.0,1.0,0.0,0.209118,0.17452,Advantage2_system1.13,1898,22,./penalty_sweep_qpu_v113/samples/3nq9_Kdist6.0_Kmono8.0/psweep113_r4_20260328_171213/3nq9_ligand_report.csv,./penalty_sweep_qpu_v113/samples/3nq9_Kdist6.0_Kmono8.0/psweep113_r4_20260328_171213/3nq9_ligand_samples.json,./penalty_sweep_qpu_v113/samples/3nq9_Kdist6.0_Kmono8.0/psweep113_r4_20260328_171213/result.json
3nq9,3nq9_Kdist6.0_Kmono9.0,psweep113_r4_20260328_171213,6.0,9.0,ok,4.234170781558745,1000,1000,1000,0,0.0,1.0,0.0,0.2082624,0.17366,Advantage2_system1.13,2653,32,./penalty_sweep_qpu_v113/samples/3nq9_Kdist6.0_Kmono9.0/psweep113_r4_20260328_171213/3nq9_ligand_report.csv,./penalty_sweep_qpu_v113/samples/3nq9_Kdist6.0_Kmono9.0/psweep113_r4_20260328_171213/3nq9_ligand_samples.json,./penalty_sweep_qpu_v113/samples/3nq9_Kdist6.0_Kmono9.0/psweep113_r4_20260328_171213/result.json
3nq9,3nq9_Kdist6.0_Kmono10.0,psweep113_r4_20260328_171213,6.0,10.0,ok,3.4355749286761683,1000,1000,1000,0,0.0,1.0,0.0,0.21002,0.17542,Advantage2_system1.13,2212,27,./penalty_sweep_qpu_v113/samples/3nq9_Kdist6.0_Kmono10.0/psweep113_r4_20260328_171213/3nq9_ligand_report.csv,./penalty_sweep_qpu_v113/samples/3nq9_Kdist6.0_Kmono10.0/psweep113_r4_20260328_171213/3nq9_ligand_samples.json,./penalty_sweep_qpu_v113/samples/3nq9_Kdist6.0_Kmono10.0/psweep113_r4_20260328_171213/result.json
3nq9,3nq9_Kdist6.0_Kmono11.0,psweep113_r4_20260328_171213,6.0,11.0,ok,3.339988238675011,1000,1000,1000,0,0.0,1.0,0.0,0.2115308,0.17692,Advantage2_system1.13,2010,23,./penalty_sweep_qpu_v113/samples/3nq9_Kdist6.0_Kmono11.0/psweep113_r4_20260328_171213/3nq9_ligand_report.csv,./penalty_sweep_qpu_v113/samples/3nq9_Kdist6.0_Kmono11.0/psweep113_r4_20260328_171213/3nq9_ligand_samples.json,./penalty_sweep_qpu_v113/samples/3nq9_Kdist6.0_Kmono11.0/psweep113_r4_20260328_171213/result.json
3nq9,3nq9_Kdist6.0_Kmono12.0,psweep113_r4_20260328_171213,6.0,12.0,ok,1.5712785646003045,1000,1000,1000,160,0.16,1.0,0.16,0.20749,0.17288,Advantage2_system1.13,2239,27,./penalty_sweep_qpu_v113/samples/3nq9_Kdist6.0_Kmono12.0/psweep113_r4_20260328_171213/3nq9_ligand_report.csv,./penalty_sweep_qpu_v113/samples/3nq9_Kdist6.0_Kmono12.0/psweep113_r4_20260328_171213/3nq9_ligand_samples.json,./penalty_sweep_qpu_v113/samples/3nq9_Kdist6.0_Kmono12.0/psweep113_r4_20260328_171213/result.json
3nq9,3nq9_Kdist6.0_Kmono13.0,psweep113_r4_20260328_171213,6.0,13.0,ok,2.321327873597466,1000,1000,1000,0,0.0,1.0,0.0,0.2130456,0.17844,Advantage2_system1.13,2096,26,./penalty_sweep_qpu_v113/samples/3nq9_Kdist6.0_Kmono13.0/psweep113_r4_20260328_171213/3nq9_ligand_report.csv,./penalty_sweep_qpu_v113/samples/3nq9_Kdist6.0_Kmono13.0/psweep113_r4_20260328_171213/3nq9_ligand_samples.json,./penalty_sweep_qpu_v113/samples/3nq9_Kdist6.0_Kmono13.0/psweep113_r4_20260328_171213/result.json
3nq9,3nq9_Kdist6.0_Kmono14.0,psweep113_r4_20260328_171213,6.0,14.0,ok,4.915667555455614,1000,1000,1000,0,0.0,1.0,0.0,0.2132224,0.17862,Advantage2_system1.13,1996,23,./penalty_sweep_qpu_v113/samples/3nq9_Kdist6.0_Kmono14.0/psweep113_r4_20260328_171213/3nq9_ligand_report.csv,./penalty_sweep_qpu_v113/samples/3nq9_Kdist6.0_Kmono14.0/psweep113_r4_20260328_171213/3nq9_ligand_samples.json,./penalty_sweep_qpu_v113/samples/3nq9_Kdist6.0_Kmono14.0/psweep113_r4_20260328_171213/result.json
3nq9,3nq9_Kdist6.0_Kmono15.0,psweep113_r4_20260328_171213,6.0,15.0,ok,3.0819192792429986,1000,1000,1000,0,0.0,1.0,0.0,0.2065484,0.17194,Advantage2_system1.13,2153,25,./penalty_sweep_qpu_v113/samples/3nq9_Kdist6.0_Kmono15.0/psweep113_r4_20260328_171213/3nq9_ligand_report.csv,./penalty_sweep_qpu_v113/samples/3nq9_Kdist6.0_Kmono15.0/psweep113_r4_20260328_171213/3nq9_ligand_samples.json,./penalty_sweep_qpu_v113/samples/3nq9_Kdist6.0_Kmono15.0/psweep113_r4_20260328_171213/result.json
3nq9,3nq9_Kdist6.0_Kmono16.0,psweep113_r4_20260328_171213,6.0,16.0,ok,3.806676562322407,1000,1000,1000,0,0.0,1.0,0.0,0.2107696,0.17616,Advantage2_system1.13,2226,26,./penalty_sweep_qpu_v113/samples/3nq9_Kdist6.0_Kmono16.0/psweep113_r4_20260328_171213/3nq9_ligand_report.csv,./penalty_sweep_qpu_v113/samples/3nq9_Kdist6.0_Kmono16.0/psweep113_r4_20260328_171213/3nq9_ligand_samples.json,./penalty_sweep_qpu_v113/samples/3nq9_Kdist6.0_Kmono16.0/psweep113_r4_20260328_171213/result.json
3nq9,3nq9_Kdist6.0_Kmono17.0,psweep113_r4_20260328_171213,6.0,17.0,ok,2.284544044177431,1000,1000,1000,0,0.0,1.0,0.0,0.2168388,0.18224,Advantage2_system1.13,2120,26,./penalty_sweep_qpu_v113/samples/3nq9_Kdist6.0_Kmono17.0/psweep113_r4_20260328_171213/3nq9_ligand_report.csv,./penalty_sweep_qpu_v113/samples/3nq9_Kdist6.0_Kmono17.0/psweep113_r4_20260328_171213/3nq9_ligand_samples.json,./penalty_sweep_qpu_v113/samples/3nq9_Kdist6.0_Kmono17.0/psweep113_r4_20260328_171213/result.json
3nq9,3nq9_Kdist6.0_Kmono18.0,psweep113_r4_20260328_171213,6.0,18.0,ok,1.0556801696446634,1000,1000,1000,17,0.017,1.0,0.017,0.21022839999999998,0.17562,Advantage2_system1.13,2388,31,./penalty_sweep_qpu_v113/samples/3nq9_Kdist6.0_Kmono18.0/psweep113_r4_20260328_171213/3nq9_ligand_report.csv,./penalty_sweep_qpu_v113/samples/3nq9_Kdist6.0_Kmono18.0/psweep113_r4_20260328_171213/3nq9_ligand_samples.json,./penalty_sweep_qpu_v113/samples/3nq9_Kdist6.0_Kmono18.0/psweep113_r4_20260328_171213/result.json
3nq9,3nq9_Kdist6.0_Kmono19.0,psweep113_r4_20260328_171213,6.0,19.0,ok,3.4198221115135237,1000,1000,1000,0,0.0,1.0,0.0,0.20726,0.17266,Advantage2_system1.13,2175,26,./penalty_sweep_qpu_v113/samples/3nq9_Kdist6.0_Kmono19.0/psweep113_r4_20260328_171213/3nq9_ligand_report.csv,./penalty_sweep_qpu_v113/samples/3nq9_Kdist6.0_Kmono19.0/psweep113_r4_20260328_171213/3nq9_ligand_samples.json,./penalty_sweep_qpu_v113/samples/3nq9_Kdist6.0_Kmono19.0/psweep113_r4_20260328_171213/result.json
3nq9,3nq9_Kdist6.0_Kmono20.0,psweep113_r4_20260328_171213,6.0,20.0,ok,3.507738818077722,1000,1000,1000,0,0.0,1.0,0.0,0.2125268,0.17792,Advantage2_system1.13,2077,24,./penalty_sweep_qpu_v113/samples/3nq9_Kdist6.0_Kmono20.0/psweep113_r4_20260328_171213/3nq9_ligand_report.csv,./penalty_sweep_qpu_v113/samples/3nq9_Kdist6.0_Kmono20.0/psweep113_r4_20260328_171213/3nq9_ligand_samples.json,./penalty_sweep_qpu_v113/samples/3nq9_Kdist6.0_Kmono20.0/psweep113_r4_20260328_171213/result.json
3nq9,3nq9_Kdist6.5_Kmono1.0,psweep113_r4_20260328_171213,6.5,1.0,ok,2.6403317808534563,1000,1000,1000,0,0.0,1.0,0.0,0.2089868,0.17438,Advantage2_system1.13,2334,27,./penalty_sweep_qpu_v113/samples/3nq9_Kdist6.5_Kmono1.0/psweep113_r4_20260328_171213/3nq9_ligand_report.csv,./penalty_sweep_qpu_v113/samples/3nq9_Kdist6.5_Kmono1.0/psweep113_r4_20260328_171213/3nq9_ligand_samples.json,./penalty_sweep_qpu_v113/samples/3nq9_Kdist6.5_Kmono1.0/psweep113_r4_20260328_171213/result.json
3nq9,3nq9_Kdist6.5_Kmono2.0,psweep113_r4_20260328_171213,6.5,2.0,ok,1.107424095572788,1000,1000,1000,404,0.404,1.0,0.404,0.20749,0.17288,Advantage2_system1.13,2225,25,./penalty_sweep_qpu_v113/samples/3nq9_Kdist6.5_Kmono2.0/psweep113_r4_20260328_171213/3nq9_ligand_report.csv,./penalty_sweep_qpu_v113/samples/3nq9_Kdist6.5_Kmono2.0/psweep113_r4_20260328_171213/3nq9_ligand_samples.json,./penalty_sweep_qpu_v113/samples/3nq9_Kdist6.5_Kmono2.0/psweep113_r4_20260328_171213/result.json
3nq9,3nq9_Kdist6.5_Kmono3.0,psweep113_r4_20260328_171213,6.5,3.0,ok,2.133896390220492,1000,1000,1000,0,0.0,1.0,0.0,0.2111244,0.17652,Advantage2_system1.13,2064,23,./penalty_sweep_qpu_v113/samples/3nq9_Kdist6.5_Kmono3.0/psweep113_r4_20260328_171213/3nq9_ligand_report.csv,./penalty_sweep_qpu_v113/samples/3nq9_Kdist6.5_Kmono3.0/psweep113_r4_20260328_171213/3nq9_ligand_samples.json,./penalty_sweep_qpu_v113/samples/3nq9_Kdist6.5_Kmono3.0/psweep113_r4_20260328_171213/result.json
3nq9,3nq9_Kdist6.5_Kmono4.0,psweep113_r4_20260328_171213,6.5,4.0,ok,3.5199986659855647,1000,1000,1000,0,0.0,1.0,0.0,0.20998879999999998,0.17538,Advantage2_system1.13,2098,25,./penalty_sweep_qpu_v113/samples/3nq9_Kdist6.5_Kmono4.0/psweep113_r4_20260328_171213/3nq9_ligand_report.csv,./penalty_sweep_qpu_v113/samples/3nq9_Kdist6.5_Kmono4.0/psweep113_r4_20260328_171213/3nq9_ligand_samples.json,./penalty_sweep_qpu_v113/samples/3nq9_Kdist6.5_Kmono4.0/psweep113_r4_20260328_171213/result.json
3nq9,3nq9_Kdist6.5_Kmono5.0,psweep113_r4_20260328_171213,6.5,5.0,ok,4.98420144815011,1000,1000,1000,0,0.0,1.0,0.0,0.20673,0.17212,Advantage2_system1.13,2189,25,./penalty_sweep_qpu_v113/samples/3nq9_Kdist6.5_Kmono5.0/psweep113_r4_20260328_171213/3nq9_ligand_report.csv,./penalty_sweep_qpu_v113/samples/3nq9_Kdist6.5_Kmono5.0/psweep113_r4_20260328_171213/3nq9_ligand_samples.json,./penalty_sweep_qpu_v113/samples/3nq9_Kdist6.5_Kmono5.0/psweep113_r4_20260328_171213/result.json
3nq9,3nq9_Kdist6.5_Kmono6.0,psweep113_r4_20260328_171213,6.5,6.0,ok,3.9930985392364087,1000,1000,1000,0,0.0,1.0,0.0,0.20558320000000002,0.17098,Advantage2_system1.13,2108,27,./penalty_sweep_qpu_v113/samples/3nq9_Kdist6.5_Kmono6.0/psweep113_r4_20260328_171213/3nq9_ligand_report.csv,./penalty_sweep_qpu_v113/samples/3nq9_Kdist6.5_Kmono6.0/psweep113_r4_20260328_171213/3nq9_ligand_samples.json,./penalty_sweep_qpu_v113/samples/3nq9_Kdist6.5_Kmono6.0/psweep113_r4_20260328_171213/result.json
3nq9,3nq9_Kdist6.5_Kmono7.0,psweep113_r4_20260328_171213,6.5,7.0,ok,3.2105828880666625,1000,1000,1000,0,0.0,1.0,0.0,0.20280079999999998,0.1682,Advantage2_system1.13,1921,22,./penalty_sweep_qpu_v113/samples/3nq9_Kdist6.5_Kmono7.0/psweep113_r4_20260328_171213/3nq9_ligand_report.csv,./penalty_sweep_qpu_v113/samples/3nq9_Kdist6.5_Kmono7.0/psweep113_r4_20260328_171213/3nq9_ligand_samples.json,./penalty_sweep_qpu_v113/samples/3nq9_Kdist6.5_Kmono7.0/psweep113_r4_20260328_171213/result.json
3nq9,3nq9_Kdist6.5_Kmono8.0,psweep113_r4_20260328_171213,6.5,8.0,ok,2.248988495268007,1000,1000,1000,0,0.0,1.0,0.0,0.2144428,0.17984,Advantage2_system1.13,2042,24,./penalty_sweep_qpu_v113/samples/3nq9_Kdist6.5_Kmono8.0/psweep113_r4_20260328_171213/3nq9_ligand_report.csv,./penalty_sweep_qpu_v113/samples/3nq9_Kdist6.5_Kmono8.0/psweep113_r4_20260328_171213/3nq9_ligand_samples.json,./penalty_sweep_qpu_v113/samples/3nq9_Kdist6.5_Kmono8.0/psweep113_r4_20260328_171213/result.json
3nq9,3nq9_Kdist6.5_Kmono9.0,psweep113_r4_20260328_171213,6.5,9.0,ok,2.2115025926624647,1000,1000,1000,0,0.0,1.0,0.0,0.2112076,0.1766,Advantage2_system1.13,2119,23,./penalty_sweep_qpu_v113/samples/3nq9_Kdist6.5_Kmono9.0/psweep113_r4_20260328_171213/3nq9_ligand_report.csv,./penalty_sweep_qpu_v113/samples/3nq9_Kdist6.5_Kmono9.0/psweep113_r4_20260328_171213/3nq9_ligand_samples.json,./penalty_sweep_qpu_v113/samples/3nq9_Kdist6.5_Kmono9.0/psweep113_r4_20260328_171213/result.json
3nq9,3nq9_Kdist6.5_Kmono10.0,psweep113_r4_20260328_171213,6.5,10.0,ok,3.0866805133421162,1000,1000,1000,0,0.0,1.0,0.0,0.2140504,0.17944,Advantage2_system1.13,2041,25,./penalty_sweep_qpu_v113/samples/3nq9_Kdist6.5_Kmono10.0/psweep113_r4_20260328_171213/3nq9_ligand_report.csv,./penalty_sweep_qpu_v113/samples/3nq9_Kdist6.5_Kmono10.0/psweep113_r4_20260328_171213/3nq9_ligand_samples.json,./penalty_sweep_qpu_v113/samples/3nq9_Kdist6.5_Kmono10.0/psweep113_r4_20260328_171213/result.json
3nq9,3nq9_Kdist6.5_Kmono11.0,psweep113_r4_20260328_171213,6.5,11.0,ok,4.275928042805464,1000,1000,1000,0,0.0,1.0,0.0,0.2114032,0.1768,Advantage2_system1.13,2122,25,./penalty_sweep_qpu_v113/samples/3nq9_Kdist6.5_Kmono11.0/psweep113_r4_20260328_171213/3nq9_ligand_report.csv,./penalty_sweep_qpu_v113/samples/3nq9_Kdist6.5_Kmono11.0/psweep113_r4_20260328_171213/3nq9_ligand_samples.json,./penalty_sweep_qpu_v113/samples/3nq9_Kdist6.5_Kmono11.0/psweep113_r4_20260328_171213/result.json
3nq9,3nq9_Kdist6.5_Kmono12.0,psweep113_r4_20260328_171213,6.5,12.0,ok,3.5973179049889135,1000,1000,1000,0,0.0,1.0,0.0,0.20945560000000002,0.17484,Advantage2_system1.13,2109,25,./penalty_sweep_qpu_v113/samples/3nq9_Kdist6.5_Kmono12.0/psweep113_r4_20260328_171213/3nq9_ligand_report.csv,./penalty_sweep_qpu_v113/samples/3nq9_Kdist6.5_Kmono12.0/psweep113_r4_20260328_171213/3nq9_ligand_samples.json,./penalty_sweep_qpu_v113/samples/3nq9_Kdist6.5_Kmono12.0/psweep113_r4_20260328_171213/result.json
3nq9,3nq9_Kdist6.5_Kmono13.0,psweep113_r4_20260328_171213,6.5,13.0,ok,3.4704837112905977,1000,1000,1000,0,0.0,1.0,0.0,0.207588,0.17298,Advantage2_system1.13,2154,26,./penalty_sweep_qpu_v113/samples/3nq9_Kdist6.5_Kmono13.0/psweep113_r4_20260328_171213/3nq9_ligand_report.csv,./penalty_sweep_qpu_v113/samples/3nq9_Kdist6.5_Kmono13.0/psweep113_r4_20260328_171213/3nq9_ligand_samples.json,./penalty_sweep_qpu_v113/samples/3nq9_Kdist6.5_Kmono13.0/psweep113_r4_20260328_171213/result.json
3nq9,3nq9_Kdist6.5_Kmono14.0,psweep113_r4_20260328_171213,6.5,14.0,ok,5.008773747291994,1000,1000,1000,0,0.0,1.0,0.0,0.21113,0.17652,Advantage2_system1.13,2005,24,./penalty_sweep_qpu_v113/samples/3nq9_Kdist6.5_Kmono14.0/psweep113_r4_20260328_171213/3nq9_ligand_report.csv,./penalty_sweep_qpu_v113/samples/3nq9_Kdist6.5_Kmono14.0/psweep113_r4_20260328_171213/3nq9_ligand_samples.json,./penalty_sweep_qpu_v113/samples/3nq9_Kdist6.5_Kmono14.0/psweep113_r4_20260328_171213/result.json
3nq9,3nq9_Kdist6.5_Kmono15.0,psweep113_r4_20260328_171213,6.5,15.0,ok,2.256494035936414,1000,1000,1000,0,0.0,1.0,0.0,0.2099444,0.17534,Advantage2_system1.13,2121,24,./penalty_sweep_qpu_v113/samples/3nq9_Kdist6.5_Kmono15.0/psweep113_r4_20260328_171213/3nq9_ligand_report.csv,./penalty_sweep_qpu_v113/samples/3nq9_Kdist6.5_Kmono15.0/psweep113_r4_20260328_171213/3nq9_ligand_samples.json,./penalty_sweep_qpu_v113/samples/3nq9_Kdist6.5_Kmono15.0/psweep113_r4_20260328_171213/result.json
3nq9,3nq9_Kdist6.5_Kmono16.0,psweep113_r4_20260328_171213,6.5,16.0,ok,1.7301943236670903,1000,1000,1000,6,0.006,1.0,0.006,0.2107676,0.17616,Advantage2_system1.13,2341,27,./penalty_sweep_qpu_v113/samples/3nq9_Kdist6.5_Kmono16.0/psweep113_r4_20260328_171213/3nq9_ligand_report.csv,./penalty_sweep_qpu_v113/samples/3nq9_Kdist6.5_Kmono16.0/psweep113_r4_20260328_171213/3nq9_ligand_samples.json,./penalty_sweep_qpu_v113/samples/3nq9_Kdist6.5_Kmono16.0/psweep113_r4_20260328_171213/result.json
3nq9,3nq9_Kdist6.5_Kmono17.0,psweep113_r4_20260328_171213,6.5,17.0,ok,2.656387061158807,1000,1000,1000,0,0.0,1.0,0.0,0.20405,0.16944,Advantage2_system1.13,2003,22,./penalty_sweep_qpu_v113/samples/3nq9_Kdist6.5_Kmono17.0/psweep113_r4_20260328_171213/3nq9_ligand_report.csv,./penalty_sweep_qpu_v113/samples/3nq9_Kdist6.5_Kmono17.0/psweep113_r4_20260328_171213/3nq9_ligand_samples.json,./penalty_sweep_qpu_v113/samples/3nq9_Kdist6.5_Kmono17.0/psweep113_r4_20260328_171213/result.json
3nq9,3nq9_Kdist6.5_Kmono18.0,psweep113_r4_20260328_171213,6.5,18.0,ok,3.5945352054306463,1000,1000,1000,0,0.0,1.0,0.0,0.2077264,0.17312,Advantage2_system1.13,1981,22,./penalty_sweep_qpu_v113/samples/3nq9_Kdist6.5_Kmono18.0/psweep113_r4_20260328_171213/3nq9_ligand_report.csv,./penalty_sweep_qpu_v113/samples/3nq9_Kdist6.5_Kmono18.0/psweep113_r4_20260328_171213/3nq9_ligand_samples.json,./penalty_sweep_qpu_v113/samples/3nq9_Kdist6.5_Kmono18.0/psweep113_r4_20260328_171213/result.json
3nq9,3nq9_Kdist6.5_Kmono19.0,psweep113_r4_20260328_171213,6.5,19.0,ok,1.6800259428552535,1000,1000,1000,10,0.01,1.0,0.01,0.212382,0.17778,Advantage2_system1.13,1990,22,./penalty_sweep_qpu_v113/samples/3nq9_Kdist6.5_Kmono19.0/psweep113_r4_20260328_171213/3nq9_ligand_report.csv,./penalty_sweep_qpu_v113/samples/3nq9_Kdist6.5_Kmono19.0/psweep113_r4_20260328_171213/3nq9_ligand_samples.json,./penalty_sweep_qpu_v113/samples/3nq9_Kdist6.5_Kmono19.0/psweep113_r4_20260328_171213/result.json
3nq9,3nq9_Kdist6.5_Kmono20.0,psweep113_r4_20260328_171213,6.5,20.0,ok,2.565973719080383,1000,1000,1000,0,0.0,1.0,0.0,0.2037068,0.1691,Advantage2_system1.13,2045,25,./penalty_sweep_qpu_v113/samples/3nq9_Kdist6.5_Kmono20.0/psweep113_r4_20260328_171213/3nq9_ligand_report.csv,./penalty_sweep_qpu_v113/samples/3nq9_Kdist6.5_Kmono20.0/psweep113_r4_20260328_171213/3nq9_ligand_samples.json,./penalty_sweep_qpu_v113/samples/3nq9_Kdist6.5_Kmono20.0/psweep113_r4_20260328_171213/result.json
3nq9,3nq9_Kdist7.0_Kmono1.0,psweep113_r4_20260328_171213,7.0,1.0,ok,5.125156120945593,1000,1000,1000,0,0.0,1.0,0.0,0.2096268,0.17502,Advantage2_system1.13,2164,25,./penalty_sweep_qpu_v113/samples/3nq9_Kdist7.0_Kmono1.0/psweep113_r4_20260328_171213/3nq9_ligand_report.csv,./penalty_sweep_qpu_v113/samples/3nq9_Kdist7.0_Kmono1.0/psweep113_r4_20260328_171213/3nq9_ligand_samples.json,./penalty_sweep_qpu_v113/samples/3nq9_Kdist7.0_Kmono1.0/psweep113_r4_20260328_171213/result.json
3nq9,3nq9_Kdist7.0_Kmono2.0,psweep113_r4_20260328_171213,7.0,2.0,ok,4.4505475821893965,1000,1000,1000,0,0.0,1.0,0.0,0.2145196,0.17992,Advantage2_system1.13,2007,23,./penalty_sweep_qpu_v113/samples/3nq9_Kdist7.0_Kmono2.0/psweep113_r4_20260328_171213/3nq9_ligand_report.csv,./penalty_sweep_qpu_v113/samples/3nq9_Kdist7.0_Kmono2.0/psweep113_r4_20260328_171213/3nq9_ligand_samples.json,./penalty_sweep_qpu_v113/samples/3nq9_Kdist7.0_Kmono2.0/psweep113_r4_20260328_171213/result.json
3nq9,3nq9_Kdist7.0_Kmono3.0,psweep113_r4_20260328_171213,7.0,3.0,ok,5.190575824379018,1000,1000,1000,0,0.0,1.0,0.0,0.2012028,0.1666,Advantage2_system1.13,2083,25,./penalty_sweep_qpu_v113/samples/3nq9_Kdist7.0_Kmono3.0/psweep113_r4_20260328_171213/3nq9_ligand_report.csv,./penalty_sweep_qpu_v113/samples/3nq9_Kdist7.0_Kmono3.0/psweep113_r4_20260328_171213/3nq9_ligand_samples.json,./penalty_sweep_qpu_v113/samples/3nq9_Kdist7.0_Kmono3.0/psweep113_r4_20260328_171213/result.json
3nq9,3nq9_Kdist7.0_Kmono4.0,psweep113_r4_20260328_171213,7.0,4.0,ok,5.557066303702436,1000,1000,1000,0,0.0,1.0,0.0,0.2197656,0.18516,Advantage2_system1.13,2248,27,./penalty_sweep_qpu_v113/samples/3nq9_Kdist7.0_Kmono4.0/psweep113_r4_20260328_171213/3nq9_ligand_report.csv,./penalty_sweep_qpu_v113/samples/3nq9_Kdist7.0_Kmono4.0/psweep113_r4_20260328_171213/3nq9_ligand_samples.json,./penalty_sweep_qpu_v113/samples/3nq9_Kdist7.0_Kmono4.0/psweep113_r4_20260328_171213/result.json
3nq9,3nq9_Kdist7.0_Kmono5.0,psweep113_r4_20260328_171213,7.0,5.0,ok,2.1474885829193613,1000,1000,1000,0,0.0,1.0,0.0,0.2038432,0.16924,Advantage2_system1.13,2274,28,./penalty_sweep_qpu_v113/samples/3nq9_Kdist7.0_Kmono5.0/psweep113_r4_20260328_171213/3nq9_ligand_report.csv,./penalty_sweep_qpu_v113/samples/3nq9_Kdist7.0_Kmono5.0/psweep113_r4_20260328_171213/3nq9_ligand_samples.json,./penalty_sweep_qpu_v113/samples/3nq9_Kdist7.0_Kmono5.0/psweep113_r4_20260328_171213/result.json
3nq9,3nq9_Kdist7.0_Kmono6.0,psweep113_r4_20260328_171213,7.0,6.0,ok,2.810185775193117,1000,1000,1000,0,0.0,1.0,0.0,0.2139004,0.1793,Advantage2_system1.13,1982,24,./penalty_sweep_qpu_v113/samples/3nq9_Kdist7.0_Kmono6.0/psweep113_r4_20260328_171213/3nq9_ligand_report.csv,./penalty_sweep_qpu_v113/samples/3nq9_Kdist7.0_Kmono6.0/psweep113_r4_20260328_171213/3nq9_ligand_samples.json,./penalty_sweep_qpu_v113/samples/3nq9_Kdist7.0_Kmono6.0/psweep113_r4_20260328_171213/result.json
3nq9,3nq9_Kdist7.0_Kmono7.0,psweep113_r4_20260328_171213,7.0,7.0,ok,2.80001379340203,1000,1000,1000,0,0.0,1.0,0.0,0.216084,0.18148,Advantage2_system1.13,2234,27,./penalty_sweep_qpu_v113/samples/3nq9_Kdist7.0_Kmono7.0/psweep113_r4_20260328_171213/3nq9_ligand_report.csv,./penalty_sweep_qpu_v113/samples/3nq9_Kdist7.0_Kmono7.0/psweep113_r4_20260328_171213/3nq9_ligand_samples.json,./penalty_sweep_qpu_v113/samples/3nq9_Kdist7.0_Kmono7.0/psweep113_r4_20260328_171213/result.json
3nq9,3nq9_Kdist7.0_Kmono8.0,psweep113_r4_20260328_171213,7.0,8.0,ok,0.6457857008966237,1000,1000,1000,28,0.028,1.0,0.028,0.20458279999999998,0.16998,Advantage2_system1.13,2205,26,./penalty_sweep_qpu_v113/samples/3nq9_Kdist7.0_Kmono8.0/psweep113_r4_20260328_171213/3nq9_ligand_report.csv,./penalty_sweep_qpu_v113/samples/3nq9_Kdist7.0_Kmono8.0/psweep113_r4_20260328_171213/3nq9_ligand_samples.json,./penalty_sweep_qpu_v113/samples/3nq9_Kdist7.0_Kmono8.0/psweep113_r4_20260328_171213/result.json
3nq9,3nq9_Kdist7.0_Kmono9.0,psweep113_r4_20260328_171213,7.0,9.0,ok,2.653386634430981,1000,1000,1000,0,0.0,1.0,0.0,0.2087028,0.1741,Advantage2_system1.13,2242,26,./penalty_sweep_qpu_v113/samples/3nq9_Kdist7.0_Kmono9.0/psweep113_r4_20260328_171213/3nq9_ligand_report.csv,./penalty_sweep_qpu_v113/samples/3nq9_Kdist7.0_Kmono9.0/psweep113_r4_20260328_171213/3nq9_ligand_samples.json,./penalty_sweep_qpu_v113/samples/3nq9_Kdist7.0_Kmono9.0/psweep113_r4_20260328_171213/result.json
3nq9,3nq9_Kdist7.0_Kmono10.0,psweep113_r4_20260328_171213,7.0,10.0,ok,3.6171648281251674,1000,1000,1000,0,0.0,1.0,0.0,0.1998376,0.16524,Advantage2_system1.13,2069,25,./penalty_sweep_qpu_v113/samples/3nq9_Kdist7.0_Kmono10.0/psweep113_r4_20260328_171213/3nq9_ligand_report.csv,./penalty_sweep_qpu_v113/samples/3nq9_Kdist7.0_Kmono10.0/psweep113_r4_20260328_171213/3nq9_ligand_samples.json,./penalty_sweep_qpu_v113/samples/3nq9_Kdist7.0_Kmono10.0/psweep113_r4_20260328_171213/result.json
3nq9,3nq9_Kdist7.0_Kmono11.0,psweep113_r4_20260328_171213,7.0,11.0,ok,2.492489404960902,1000,1000,1000,0,0.0,1.0,0.0,0.2021248,0.16752,Advantage2_system1.13,2126,24,./penalty_sweep_qpu_v113/samples/3nq9_Kdist7.0_Kmono11.0/psweep113_r4_20260328_171213/3nq9_ligand_report.csv,./penalty_sweep_qpu_v113/samples/3nq9_Kdist7.0_Kmono11.0/psweep113_r4_20260328_171213/3nq9_ligand_samples.json,./penalty_sweep_qpu_v113/samples/3nq9_Kdist7.0_Kmono11.0/psweep113_r4_20260328_171213/result.json
3nq9,3nq9_Kdist7.0_Kmono12.0,psweep113_r4_20260328_171213,7.0,12.0,ok,3.733642441897287,1000,1000,1000,0,0.0,1.0,0.0,0.2019824,0.16738,Advantage2_system1.13,2178,26,./penalty_sweep_qpu_v113/samples/3nq9_Kdist7.0_Kmono12.0/psweep113_r4_20260328_171213/3nq9_ligand_report.csv,./penalty_sweep_qpu_v113/samples/3nq9_Kdist7.0_Kmono12.0/psweep113_r4_20260328_171213/3nq9_ligand_samples.json,./penalty_sweep_qpu_v113/samples/3nq9_Kdist7.0_Kmono12.0/psweep113_r4_20260328_171213/result.json
3nq9,3nq9_Kdist7.0_Kmono13.0,psweep113_r4_20260328_171213,7.0,13.0,ok,1.953132738642025,1000,1000,1000,1,0.001,1.0,0.001,0.2081212,0.17352,Advantage2_system1.13,2178,26,./penalty_sweep_qpu_v113/samples/3nq9_Kdist7.0_Kmono13.0/psweep113_r4_20260328_171213/3nq9_ligand_report.csv,./penalty_sweep_qpu_v113/samples/3nq9_Kdist7.0_Kmono13.0/psweep113_r4_20260328_171213/3nq9_ligand_samples.json,./penalty_sweep_qpu_v113/samples/3nq9_Kdist7.0_Kmono13.0/psweep113_r4_20260328_171213/result.json
3nq9,3nq9_Kdist7.0_Kmono14.0,psweep113_r4_20260328_171213,7.0,14.0,ok,4.453809257322443,1000,1000,1000,0,0.0,1.0,0.0,0.21573279999999997,0.18112,Advantage2_system1.13,2365,28,./penalty_sweep_qpu_v113/samples/3nq9_Kdist7.0_Kmono14.0/psweep113_r4_20260328_171213/3nq9_ligand_report.csv,./penalty_sweep_qpu_v113/samples/3nq9_Kdist7.0_Kmono14.0/psweep113_r4_20260328_171213/3nq9_ligand_samples.json,./penalty_sweep_qpu_v113/samples/3nq9_Kdist7.0_Kmono14.0/psweep113_r4_20260328_171213/result.json
3nq9,3nq9_Kdist7.0_Kmono15.0,psweep113_r4_20260328_171213,7.0,15.0,ok,2.73963296593773,1000,1000,1000,0,0.0,1.0,0.0,0.2154412,0.18084,Advantage2_system1.13,2104,25,./penalty_sweep_qpu_v113/samples/3nq9_Kdist7.0_Kmono15.0/psweep113_r4_20260328_171213/3nq9_ligand_report.csv,./penalty_sweep_qpu_v113/samples/3nq9_Kdist7.0_Kmono15.0/psweep113_r4_20260328_171213/3nq9_ligand_samples.json,./penalty_sweep_qpu_v113/samples/3nq9_Kdist7.0_Kmono15.0/psweep113_r4_20260328_171213/result.json
3nq9,3nq9_Kdist7.0_Kmono16.0,psweep113_r4_20260328_171213,7.0,16.0,ok,2.404075313495916,1000,1000,1000,0,0.0,1.0,0.0,0.21202320000000002,0.17742,Advantage2_system1.13,2167,25,./penalty_sweep_qpu_v113/samples/3nq9_Kdist7.0_Kmono16.0/psweep113_r4_20260328_171213/3nq9_ligand_report.csv,./penalty_sweep_qpu_v113/samples/3nq9_Kdist7.0_Kmono16.0/psweep113_r4_20260328_171213/3nq9_ligand_samples.json,./penalty_sweep_qpu_v113/samples/3nq9_Kdist7.0_Kmono16.0/psweep113_r4_20260328_171213/result.json
3nq9,3nq9_Kdist7.0_Kmono17.0,psweep113_r4_20260328_171213,7.0,17.0,ok,0.8380172163682836,1000,1000,1000,13,0.013,1.0,0.013,0.2046664,0.17006,Advantage2_system1.13,1966,21,./penalty_sweep_qpu_v113/samples/3nq9_Kdist7.0_Kmono17.0/psweep113_r4_20260328_171213/3nq9_ligand_report.csv,./penalty_sweep_qpu_v113/samples/3nq9_Kdist7.0_Kmono17.0/psweep113_r4_20260328_171213/3nq9_ligand_samples.json,./penalty_sweep_qpu_v113/samples/3nq9_Kdist7.0_Kmono17.0/psweep113_r4_20260328_171213/result.json
3nq9,3nq9_Kdist7.0_Kmono18.0,psweep113_r4_20260328_171213,7.0,18.0,ok,2.773344308802453,1000,1000,1000,0,0.0,1.0,0.0,0.2108452,0.17624,Advantage2_system1.13,2310,28,./penalty_sweep_qpu_v113/samples/3nq9_Kdist7.0_Kmono18.0/psweep113_r4_20260328_171213/3nq9_ligand_report.csv,./penalty_sweep_qpu_v113/samples/3nq9_Kdist7.0_Kmono18.0/psweep113_r4_20260328_171213/3nq9_ligand_samples.json,./penalty_sweep_qpu_v113/samples/3nq9_Kdist7.0_Kmono18.0/psweep113_r4_20260328_171213/result.json
3nq9,3nq9_Kdist7.0_Kmono19.0,psweep113_r4_20260328_171213,7.0,19.0,ok,3.898308898432534,1000,1000,1000,0,0.0,1.0,0.0,0.21612279999999998,0.18152,Advantage2_system1.13,2124,27,./penalty_sweep_qpu_v113/samples/3nq9_Kdist7.0_Kmono19.0/psweep113_r4_20260328_171213/3nq9_ligand_report.csv,./penalty_sweep_qpu_v113/samples/3nq9_Kdist7.0_Kmono19.0/psweep113_r4_20260328_171213/3nq9_ligand_samples.json,./penalty_sweep_qpu_v113/samples/3nq9_Kdist7.0_Kmono19.0/psweep113_r4_20260328_171213/result.json
3nq9,3nq9_Kdist7.0_Kmono20.0,psweep113_r4_20260328_171213,7.0,20.0,ok,2.8716646694034003,1000,1000,1000,0,0.0,1.0,0.0,0.2096684,0.17506,Advantage2_system1.13,2224,27,./penalty_sweep_qpu_v113/samples/3nq9_Kdist7.0_Kmono20.0/psweep113_r4_20260328_171213/3nq9_ligand_report.csv,./penalty_sweep_qpu_v113/samples/3nq9_Kdist7.0_Kmono20.0/psweep113_r4_20260328_171213/3nq9_ligand_samples.json,./penalty_sweep_qpu_v113/samples/3nq9_Kdist7.0_Kmono20.0/psweep113_r4_20260328_171213/result.json
3nq9,3nq9_Kdist7.5_Kmono1.0,psweep113_r4_20260328_171213,7.5,1.0,ok,3.1127521086711427,1000,1000,1000,0,0.0,1.0,0.0,0.2113412,0.17674,Advantage2_system1.13,2303,30,./penalty_sweep_qpu_v113/samples/3nq9_Kdist7.5_Kmono1.0/psweep113_r4_20260328_171213/3nq9_ligand_report.csv,./penalty_sweep_qpu_v113/samples/3nq9_Kdist7.5_Kmono1.0/psweep113_r4_20260328_171213/3nq9_ligand_samples.json,./penalty_sweep_qpu_v113/samples/3nq9_Kdist7.5_Kmono1.0/psweep113_r4_20260328_171213/result.json
3nq9,3nq9_Kdist7.5_Kmono2.0,psweep113_r4_20260328_171213,7.5,2.0,ok,5.692763473808661,1000,1000,1000,0,0.0,1.0,0.0,0.2034424,0.16884,Advantage2_system1.13,2365,28,./penalty_sweep_qpu_v113/samples/3nq9_Kdist7.5_Kmono2.0/psweep113_r4_20260328_171213/3nq9_ligand_report.csv,./penalty_sweep_qpu_v113/samples/3nq9_Kdist7.5_Kmono2.0/psweep113_r4_20260328_171213/3nq9_ligand_samples.json,./penalty_sweep_qpu_v113/samples/3nq9_Kdist7.5_Kmono2.0/psweep113_r4_20260328_171213/result.json
3nq9,3nq9_Kdist7.5_Kmono3.0,psweep113_r4_20260328_171213,7.5,3.0,ok,1.3832668655581166,1000,1000,1000,1,0.001,1.0,0.001,0.2152052,0.1806,Advantage2_system1.13,2108,25,./penalty_sweep_qpu_v113/samples/3nq9_Kdist7.5_Kmono3.0/psweep113_r4_20260328_171213/3nq9_ligand_report.csv,./penalty_sweep_qpu_v113/samples/3nq9_Kdist7.5_Kmono3.0/psweep113_r4_20260328_171213/3nq9_ligand_samples.json,./penalty_sweep_qpu_v113/samples/3nq9_Kdist7.5_Kmono3.0/psweep113_r4_20260328_171213/result.json
3nq9,3nq9_Kdist7.5_Kmono4.0,psweep113_r4_20260328_171213,7.5,4.0,ok,3.3247849489967813,1000,1000,1000,0,0.0,1.0,0.0,0.217722,0.18312,Advantage2_system1.13,1980,23,./penalty_sweep_qpu_v113/samples/3nq9_Kdist7.5_Kmono4.0/psweep113_r4_20260328_171213/3nq9_ligand_report.csv,./penalty_sweep_qpu_v113/samples/3nq9_Kdist7.5_Kmono4.0/psweep113_r4_20260328_171213/3nq9_ligand_samples.json,./penalty_sweep_qpu_v113/samples/3nq9_Kdist7.5_Kmono4.0/psweep113_r4_20260328_171213/result.json
3nq9,3nq9_Kdist7.5_Kmono5.0,psweep113_r4_20260328_171213,7.5,5.0,ok,2.294448091416947,1000,1000,1000,0,0.0,1.0,0.0,0.20480920000000002,0.1702,Advantage2_system1.13,2083,24,./penalty_sweep_qpu_v113/samples/3nq9_Kdist7.5_Kmono5.0/psweep113_r4_20260328_171213/3nq9_ligand_report.csv,./penalty_sweep_qpu_v113/samples/3nq9_Kdist7.5_Kmono5.0/psweep113_r4_20260328_171213/3nq9_ligand_samples.json,./penalty_sweep_qpu_v113/samples/3nq9_Kdist7.5_Kmono5.0/psweep113_r4_20260328_171213/result.json
3nq9,3nq9_Kdist7.5_Kmono6.0,psweep113_r4_20260328_171213,7.5,6.0,ok,4.0848073658075785,1000,1000,1000,0,0.0,1.0,0.0,0.2093496,0.17474,Advantage2_system1.13,2067,26,./penalty_sweep_qpu_v113/samples/3nq9_Kdist7.5_Kmono6.0/psweep113_r4_20260328_171213/3nq9_ligand_report.csv,./penalty_sweep_qpu_v113/samples/3nq9_Kdist7.5_Kmono6.0/psweep113_r4_20260328_171213/3nq9_ligand_samples.json,./penalty_sweep_qpu_v113/samples/3nq9_Kdist7.5_Kmono6.0/psweep113_r4_20260328_171213/result.json
3nq9,3nq9_Kdist7.5_Kmono7.0,psweep113_r4_20260328_171213,7.5,7.0,ok,2.5753290921057976,1000,1000,1000,0,0.0,1.0,0.0,0.2094048,0.1748,Advantage2_system1.13,2256,28,./penalty_sweep_qpu_v113/samples/3nq9_Kdist7.5_Kmono7.0/psweep113_r4_20260328_171213/3nq9_ligand_report.csv,./penalty_sweep_qpu_v113/samples/3nq9_Kdist7.5_Kmono7.0/psweep113_r4_20260328_171213/3nq9_ligand_samples.json,./penalty_sweep_qpu_v113/samples/3nq9_Kdist7.5_Kmono7.0/psweep113_r4_20260328_171213/result.json
3nq9,3nq9_Kdist7.5_Kmono8.0,psweep113_r4_20260328_171213,7.5,8.0,ok,2.2823739895237227,1000,1000,1000,0,0.0,1.0,0.0,0.2015816,0.16698,Advantage2_system1.13,2202,24,./penalty_sweep_qpu_v113/samples/3nq9_Kdist7.5_Kmono8.0/psweep113_r4_20260328_171213/3nq9_ligand_report.csv,./penalty_sweep_qpu_v113/samples/3nq9_Kdist7.5_Kmono8.0/psweep113_r4_20260328_171213/3nq9_ligand_samples.json,./penalty_sweep_qpu_v113/samples/3nq9_Kdist7.5_Kmono8.0/psweep113_r4_20260328_171213/result.json
3nq9,3nq9_Kdist7.5_Kmono9.0,psweep113_r4_20260328_171213,7.5,9.0,ok,2.2861736994190167,1000,1000,1000,0,0.0,1.0,0.0,0.207524,0.17292,Advantage2_system1.13,2288,27,./penalty_sweep_qpu_v113/samples/3nq9_Kdist7.5_Kmono9.0/psweep113_r4_20260328_171213/3nq9_ligand_report.csv,./penalty_sweep_qpu_v113/samples/3nq9_Kdist7.5_Kmono9.0/psweep113_r4_20260328_171213/3nq9_ligand_samples.json,./penalty_sweep_qpu_v113/samples/3nq9_Kdist7.5_Kmono9.0/psweep113_r4_20260328_171213/result.json
3nq9,3nq9_Kdist7.5_Kmono10.0,psweep113_r4_20260328_171213,7.5,10.0,ok,4.196121860275167,1000,1000,1000,0,0.0,1.0,0.0,0.2175848,0.18298,Advantage2_system1.13,2141,26,./penalty_sweep_qpu_v113/samples/3nq9_Kdist7.5_Kmono10.0/psweep113_r4_20260328_171213/3nq9_ligand_report.csv,./penalty_sweep_qpu_v113/samples/3nq9_Kdist7.5_Kmono10.0/psweep113_r4_20260328_171213/3nq9_ligand_samples.json,./penalty_sweep_qpu_v113/samples/3nq9_Kdist7.5_Kmono10.0/psweep113_r4_20260328_171213/result.json
3nq9,3nq9_Kdist7.5_Kmono11.0,psweep113_r4_20260328_171213,7.5,11.0,ok,4.685072324649933,1000,1000,1000,0,0.0,1.0,0.0,0.2144036,0.1798,Advantage2_system1.13,2142,24,./penalty_sweep_qpu_v113/samples/3nq9_Kdist7.5_Kmono11.0/psweep113_r4_20260328_171213/3nq9_ligand_report.csv,./penalty_sweep_qpu_v113/samples/3nq9_Kdist7.5_Kmono11.0/psweep113_r4_20260328_171213/3nq9_ligand_samples.json,./penalty_sweep_qpu_v113/samples/3nq9_Kdist7.5_Kmono11.0/psweep113_r4_20260328_171213/result.json
3nq9,3nq9_Kdist7.5_Kmono12.0,psweep113_r4_20260328_171213,7.5,12.0,ok,2.3810284814972227,1000,1000,1000,0,0.0,1.0,0.0,0.20689960000000002,0.1723,Advantage2_system1.13,2164,27,./penalty_sweep_qpu_v113/samples/3nq9_Kdist7.5_Kmono12.0/psweep113_r4_20260328_171213/3nq9_ligand_report.csv,./penalty_sweep_qpu_v113/samples/3nq9_Kdist7.5_Kmono12.0/psweep113_r4_20260328_171213/3nq9_ligand_samples.json,./penalty_sweep_qpu_v113/samples/3nq9_Kdist7.5_Kmono12.0/psweep113_r4_20260328_171213/result.json
3nq9,3nq9_Kdist7.5_Kmono13.0,psweep113_r4_20260328_171213,7.5,13.0,ok,2.9637859248838874,1000,1000,1000,0,0.0,1.0,0.0,0.2104868,0.17588,Advantage2_system1.13,2019,24,./penalty_sweep_qpu_v113/samples/3nq9_Kdist7.5_Kmono13.0/psweep113_r4_20260328_171213/3nq9_ligand_report.csv,./penalty_sweep_qpu_v113/samples/3nq9_Kdist7.5_Kmono13.0/psweep113_r4_20260328_171213/3nq9_ligand_samples.json,./penalty_sweep_qpu_v113/samples/3nq9_Kdist7.5_Kmono13.0/psweep113_r4_20260328_171213/result.json
3nq9,3nq9_Kdist7.5_Kmono14.0,psweep113_r4_20260328_171213,7.5,14.0,ok,2.8378532420752456,1000,1000,1000,0,0.0,1.0,0.0,0.2059508,0.17134,Advantage2_system1.13,2028,23,./penalty_sweep_qpu_v113/samples/3nq9_Kdist7.5_Kmono14.0/psweep113_r4_20260328_171213/3nq9_ligand_report.csv,./penalty_sweep_qpu_v113/samples/3nq9_Kdist7.5_Kmono14.0/psweep113_r4_20260328_171213/3nq9_ligand_samples.json,./penalty_sweep_qpu_v113/samples/3nq9_Kdist7.5_Kmono14.0/psweep113_r4_20260328_171213/result.json
3nq9,3nq9_Kdist7.5_Kmono15.0,psweep113_r4_20260328_171213,7.5,15.0,ok,3.392297282446261,1000,1000,1000,0,0.0,1.0,0.0,0.21748479999999998,0.18288,Advantage2_system1.13,2031,24,./penalty_sweep_qpu_v113/samples/3nq9_Kdist7.5_Kmono15.0/psweep113_r4_20260328_171213/3nq9_ligand_report.csv,./penalty_sweep_qpu_v113/samples/3nq9_Kdist7.5_Kmono15.0/psweep113_r4_20260328_171213/3nq9_ligand_samples.json,./penalty_sweep_qpu_v113/samples/3nq9_Kdist7.5_Kmono15.0/psweep113_r4_20260328_171213/result.json
3nq9,3nq9_Kdist7.5_Kmono16.0,psweep113_r4_20260328_171213,7.5,16.0,ok,0.7510268925421189,1000,1000,1000,28,0.028,1.0,0.028,0.209402,0.1748,Advantage2_system1.13,2245,27,./penalty_sweep_qpu_v113/samples/3nq9_Kdist7.5_Kmono16.0/psweep113_r4_20260328_171213/3nq9_ligand_report.csv,./penalty_sweep_qpu_v113/samples/3nq9_Kdist7.5_Kmono16.0/psweep113_r4_20260328_171213/3nq9_ligand_samples.json,./penalty_sweep_qpu_v113/samples/3nq9_Kdist7.5_Kmono16.0/psweep113_r4_20260328_171213/result.json
3nq9,3nq9_Kdist7.5_Kmono17.0,psweep113_r4_20260328_171213,7.5,17.0,ok,2.132782534987878,1000,1000,1000,0,0.0,1.0,0.0,0.2087644,0.17416,Advantage2_system1.13,2094,24,./penalty_sweep_qpu_v113/samples/3nq9_Kdist7.5_Kmono17.0/psweep113_r4_20260328_171213/3nq9_ligand_report.csv,./penalty_sweep_qpu_v113/samples/3nq9_Kdist7.5_Kmono17.0/psweep113_r4_20260328_171213/3nq9_ligand_samples.json,./penalty_sweep_qpu_v113/samples/3nq9_Kdist7.5_Kmono17.0/psweep113_r4_20260328_171213/result.json
3nq9,3nq9_Kdist7.5_Kmono18.0,psweep113_r4_20260328_171213,7.5,18.0,ok,1.729190635512466,1000,1000,1000,1,0.001,1.0,0.001,0.203526,0.16892,Advantage2_system1.13,2259,26,./penalty_sweep_qpu_v113/samples/3nq9_Kdist7.5_Kmono18.0/psweep113_r4_20260328_171213/3nq9_ligand_report.csv,./penalty_sweep_qpu_v113/samples/3nq9_Kdist7.5_Kmono18.0/psweep113_r4_20260328_171213/3nq9_ligand_samples.json,./penalty_sweep_qpu_v113/samples/3nq9_Kdist7.5_Kmono18.0/psweep113_r4_20260328_171213/result.json
3nq9,3nq9_Kdist7.5_Kmono19.0,psweep113_r4_20260328_171213,7.5,19.0,ok,1.62276021609955,1000,1000,1000,10,0.01,1.0,0.01,0.2091276,0.17452,Advantage2_system1.13,2316,29,./penalty_sweep_qpu_v113/samples/3nq9_Kdist7.5_Kmono19.0/psweep113_r4_20260328_171213/3nq9_ligand_report.csv,./penalty_sweep_qpu_v113/samples/3nq9_Kdist7.5_Kmono19.0/psweep113_r4_20260328_171213/3nq9_ligand_samples.json,./penalty_sweep_qpu_v113/samples/3nq9_Kdist7.5_Kmono19.0/psweep113_r4_20260328_171213/result.json
3nq9,3nq9_Kdist7.5_Kmono20.0,psweep113_r4_20260328_171213,7.5,20.0,ok,4.131748345403294,1000,1000,1000,0,0.0,1.0,0.0,0.2077072,0.1731,Advantage2_system1.13,1997,23,./penalty_sweep_qpu_v113/samples/3nq9_Kdist7.5_Kmono20.0/psweep113_r4_20260328_171213/3nq9_ligand_report.csv,./penalty_sweep_qpu_v113/samples/3nq9_Kdist7.5_Kmono20.0/psweep113_r4_20260328_171213/3nq9_ligand_samples.json,./penalty_sweep_qpu_v113/samples/3nq9_Kdist7.5_Kmono20.0/psweep113_r4_20260328_171213/result.json
3nq9,3nq9_Kdist8.0_Kmono1.0,psweep113_r4_20260328_171213,8.0,1.0,ok,2.7607615254268905,1000,1000,1000,0,0.0,1.0,0.0,0.2085856,0.17398,Advantage2_system1.13,2303,27,./penalty_sweep_qpu_v113/samples/3nq9_Kdist8.0_Kmono1.0/psweep113_r4_20260328_171213/3nq9_ligand_report.csv,./penalty_sweep_qpu_v113/samples/3nq9_Kdist8.0_Kmono1.0/psweep113_r4_20260328_171213/3nq9_ligand_samples.json,./penalty_sweep_qpu_v113/samples/3nq9_Kdist8.0_Kmono1.0/psweep113_r4_20260328_171213/result.json
3nq9,3nq9_Kdist8.0_Kmono2.0,psweep113_r4_20260328_171213,8.0,2.0,ok,3.6161126026751758,1000,1000,1000,0,0.0,1.0,0.0,0.2097696,0.17516,Advantage2_system1.13,2244,26,./penalty_sweep_qpu_v113/samples/3nq9_Kdist8.0_Kmono2.0/psweep113_r4_20260328_171213/3nq9_ligand_report.csv,./penalty_sweep_qpu_v113/samples/3nq9_Kdist8.0_Kmono2.0/psweep113_r4_20260328_171213/3nq9_ligand_samples.json,./penalty_sweep_qpu_v113/samples/3nq9_Kdist8.0_Kmono2.0/psweep113_r4_20260328_171213/result.json
3nq9,3nq9_Kdist8.0_Kmono3.0,psweep113_r4_20260328_171213,8.0,3.0,ok,5.630431500544282,1000,1000,1000,0,0.0,1.0,0.0,0.2091244,0.17452,Advantage2_system1.13,1885,22,./penalty_sweep_qpu_v113/samples/3nq9_Kdist8.0_Kmono3.0/psweep113_r4_20260328_171213/3nq9_ligand_report.csv,./penalty_sweep_qpu_v113/samples/3nq9_Kdist8.0_Kmono3.0/psweep113_r4_20260328_171213/3nq9_ligand_samples.json,./penalty_sweep_qpu_v113/samples/3nq9_Kdist8.0_Kmono3.0/psweep113_r4_20260328_171213/result.json
3nq9,3nq9_Kdist8.0_Kmono4.0,psweep113_r4_20260328_171213,8.0,4.0,ok,4.434627978500744,1000,1000,1000,0,0.0,1.0,0.0,0.206668,0.17206,Advantage2_system1.13,1966,23,./penalty_sweep_qpu_v113/samples/3nq9_Kdist8.0_Kmono4.0/psweep113_r4_20260328_171213/3nq9_ligand_report.csv,./penalty_sweep_qpu_v113/samples/3nq9_Kdist8.0_Kmono4.0/psweep113_r4_20260328_171213/3nq9_ligand_samples.json,./penalty_sweep_qpu_v113/samples/3nq9_Kdist8.0_Kmono4.0/psweep113_r4_20260328_171213/result.json
3nq9,3nq9_Kdist8.0_Kmono5.0,psweep113_r4_20260328_171213,8.0,5.0,ok,2.151496384296771,1000,1000,1000,0,0.0,1.0,0.0,0.208808,0.1742,Advantage2_system1.13,1989,23,./penalty_sweep_qpu_v113/samples/3nq9_Kdist8.0_Kmono5.0/psweep113_r4_20260328_171213/3nq9_ligand_report.csv,./penalty_sweep_qpu_v113/samples/3nq9_Kdist8.0_Kmono5.0/psweep113_r4_20260328_171213/3nq9_ligand_samples.json,./penalty_sweep_qpu_v113/samples/3nq9_Kdist8.0_Kmono5.0/psweep113_r4_20260328_171213/result.json
3nq9,3nq9_Kdist8.0_Kmono6.0,psweep113_r4_20260328_171213,8.0,6.0,ok,4.109765738381069,1000,1000,1000,0,0.0,1.0,0.0,0.2025384,0.16794,Advantage2_system1.13,2008,23,./penalty_sweep_qpu_v113/samples/3nq9_Kdist8.0_Kmono6.0/psweep113_r4_20260328_171213/3nq9_ligand_report.csv,./penalty_sweep_qpu_v113/samples/3nq9_Kdist8.0_Kmono6.0/psweep113_r4_20260328_171213/3nq9_ligand_samples.json,./penalty_sweep_qpu_v113/samples/3nq9_Kdist8.0_Kmono6.0/psweep113_r4_20260328_171213/result.json
3nq9,3nq9_Kdist8.0_Kmono7.0,psweep113_r4_20260328_171213,8.0,7.0,ok,1.0748944537382148,1000,1000,1000,21,0.021,1.0,0.021,0.2087332,0.17412,Advantage2_system1.13,2204,25,./penalty_sweep_qpu_v113/samples/3nq9_Kdist8.0_Kmono7.0/psweep113_r4_20260328_171213/3nq9_ligand_report.csv,./penalty_sweep_qpu_v113/samples/3nq9_Kdist8.0_Kmono7.0/psweep113_r4_20260328_171213/3nq9_ligand_samples.json,./penalty_sweep_qpu_v113/samples/3nq9_Kdist8.0_Kmono7.0/psweep113_r4_20260328_171213/result.json
3nq9,3nq9_Kdist8.0_Kmono8.0,psweep113_r4_20260328_171213,8.0,8.0,ok,2.7850172340988926,1000,1000,1000,0,0.0,1.0,0.0,0.2019824,0.16738,Advantage2_system1.13,2173,24,./penalty_sweep_qpu_v113/samples/3nq9_Kdist8.0_Kmono8.0/psweep113_r4_20260328_171213/3nq9_ligand_report.csv,./penalty_sweep_qpu_v113/samples/3nq9_Kdist8.0_Kmono8.0/psweep113_r4_20260328_171213/3nq9_ligand_samples.json,./penalty_sweep_qpu_v113/samples/3nq9_Kdist8.0_Kmono8.0/psweep113_r4_20260328_171213/result.json
3nq9,3nq9_Kdist8.0_Kmono9.0,psweep113_r4_20260328_171213,8.0,9.0,ok,2.522154564165839,1000,1000,1000,0,0.0,1.0,0.0,0.21084239999999999,0.17624,Advantage2_system1.13,1999,24,./penalty_sweep_qpu_v113/samples/3nq9_Kdist8.0_Kmono9.0/psweep113_r4_20260328_171213/3nq9_ligand_report.csv,./penalty_sweep_qpu_v113/samples/3nq9_Kdist8.0_Kmono9.0/psweep113_r4_20260328_171213/3nq9_ligand_samples.json,./penalty_sweep_qpu_v113/samples/3nq9_Kdist8.0_Kmono9.0/psweep113_r4_20260328_171213/result.json
3nq9,3nq9_Kdist8.0_Kmono10.0,psweep113_r4_20260328_171213,8.0,10.0,ok,3.4072671936198424,1000,1000,1000,0,0.0,1.0,0.0,0.20585,0.17124,Advantage2_system1.13,2132,25,./penalty_sweep_qpu_v113/samples/3nq9_Kdist8.0_Kmono10.0/psweep113_r4_20260328_171213/3nq9_ligand_report.csv,./penalty_sweep_qpu_v113/samples/3nq9_Kdist8.0_Kmono10.0/psweep113_r4_20260328_171213/3nq9_ligand_samples.json,./penalty_sweep_qpu_v113/samples/3nq9_Kdist8.0_Kmono10.0/psweep113_r4_20260328_171213/result.json
3nq9,3nq9_Kdist8.0_Kmono11.0,psweep113_r4_20260328_171213,8.0,11.0,ok,4.64204885261817,1000,1000,1000,0,0.0,1.0,0.0,0.2118872,0.17728,Advantage2_system1.13,2129,25,./penalty_sweep_qpu_v113/samples/3nq9_Kdist8.0_Kmono11.0/psweep113_r4_20260328_171213/3nq9_ligand_report.csv,./penalty_sweep_qpu_v113/samples/3nq9_Kdist8.0_Kmono11.0/psweep113_r4_20260328_171213/3nq9_ligand_samples.json,./penalty_sweep_qpu_v113/samples/3nq9_Kdist8.0_Kmono11.0/psweep113_r4_20260328_171213/result.json
3nq9,3nq9_Kdist8.0_Kmono12.0,psweep113_r4_20260328_171213,8.0,12.0,ok,3.9614650429351435,1000,1000,1000,0,0.0,1.0,0.0,0.2135264,0.17892,Advantage2_system1.13,2212,25,./penalty_sweep_qpu_v113/samples/3nq9_Kdist8.0_Kmono12.0/psweep113_r4_20260328_171213/3nq9_ligand_report.csv,./penalty_sweep_qpu_v113/samples/3nq9_Kdist8.0_Kmono12.0/psweep113_r4_20260328_171213/3nq9_ligand_samples.json,./penalty_sweep_qpu_v113/samples/3nq9_Kdist8.0_Kmono12.0/psweep113_r4_20260328_171213/result.json
3nq9,3nq9_Kdist8.0_Kmono13.0,psweep113_r4_20260328_171213,8.0,13.0,ok,2.852975929740432,1000,1000,1000,0,0.0,1.0,0.0,0.2179836,0.18338,Advantage2_system1.13,2198,25,./penalty_sweep_qpu_v113/samples/3nq9_Kdist8.0_Kmono13.0/psweep113_r4_20260328_171213/3nq9_ligand_report.csv,./penalty_sweep_qpu_v113/samples/3nq9_Kdist8.0_Kmono13.0/psweep113_r4_20260328_171213/3nq9_ligand_samples.json,./penalty_sweep_qpu_v113/samples/3nq9_Kdist8.0_Kmono13.0/psweep113_r4_20260328_171213/result.json
3nq9,3nq9_Kdist8.0_Kmono14.0,psweep113_r4_20260328_171213,8.0,14.0,ok,4.851088162591573,1000,1000,1000,0,0.0,1.0,0.0,0.19994520000000002,0.16534,Advantage2_system1.13,2133,26,./penalty_sweep_qpu_v113/samples/3nq9_Kdist8.0_Kmono14.0/psweep113_r4_20260328_171213/3nq9_ligand_report.csv,./penalty_sweep_qpu_v113/samples/3nq9_Kdist8.0_Kmono14.0/psweep113_r4_20260328_171213/3nq9_ligand_samples.json,./penalty_sweep_qpu_v113/samples/3nq9_Kdist8.0_Kmono14.0/psweep113_r4_20260328_171213/result.json
3nq9,3nq9_Kdist8.0_Kmono15.0,psweep113_r4_20260328_171213,8.0,15.0,ok,3.8496485593476963,1000,1000,1000,0,0.0,1.0,0.0,0.2069024,0.1723,Advantage2_system1.13,2118,26,./penalty_sweep_qpu_v113/samples/3nq9_Kdist8.0_Kmono15.0/psweep113_r4_20260328_171213/3nq9_ligand_report.csv,./penalty_sweep_qpu_v113/samples/3nq9_Kdist8.0_Kmono15.0/psweep113_r4_20260328_171213/3nq9_ligand_samples.json,./penalty_sweep_qpu_v113/samples/3nq9_Kdist8.0_Kmono15.0/psweep113_r4_20260328_171213/result.json
3nq9,3nq9_Kdist8.0_Kmono16.0,psweep113_r4_20260328_171213,8.0,16.0,ok,3.2985603865644033,1000,1000,1000,0,0.0,1.0,0.0,0.2119096,0.1773,Advantage2_system1.13,2346,27,./penalty_sweep_qpu_v113/samples/3nq9_Kdist8.0_Kmono16.0/psweep113_r4_20260328_171213/3nq9_ligand_report.csv,./penalty_sweep_qpu_v113/samples/3nq9_Kdist8.0_Kmono16.0/psweep113_r4_20260328_171213/3nq9_ligand_samples.json,./penalty_sweep_qpu_v113/samples/3nq9_Kdist8.0_Kmono16.0/psweep113_r4_20260328_171213/result.json
3nq9,3nq9_Kdist8.0_Kmono17.0,psweep113_r4_20260328_171213,8.0,17.0,ok,1.2853618470191708,1000,1000,1000,9,0.009,1.0,0.009,0.20749,0.17288,Advantage2_system1.13,2293,28,./penalty_sweep_qpu_v113/samples/3nq9_Kdist8.0_Kmono17.0/psweep113_r4_20260328_171213/3nq9_ligand_report.csv,./penalty_sweep_qpu_v113/samples/3nq9_Kdist8.0_Kmono17.0/psweep113_r4_20260328_171213/3nq9_ligand_samples.json,./penalty_sweep_qpu_v113/samples/3nq9_Kdist8.0_Kmono17.0/psweep113_r4_20260328_171213/result.json
3nq9,3nq9_Kdist8.0_Kmono18.0,psweep113_r4_20260328_171213,8.0,18.0,ok,4.5428365280347265,1000,1000,1000,0,0.0,1.0,0.0,0.2173424,0.18274,Advantage2_system1.13,1890,22,./penalty_sweep_qpu_v113/samples/3nq9_Kdist8.0_Kmono18.0/psweep113_r4_20260328_171213/3nq9_ligand_report.csv,./penalty_sweep_qpu_v113/samples/3nq9_Kdist8.0_Kmono18.0/psweep113_r4_20260328_171213/3nq9_ligand_samples.json,./penalty_sweep_qpu_v113/samples/3nq9_Kdist8.0_Kmono18.0/psweep113_r4_20260328_171213/result.json
3nq9,3nq9_Kdist8.0_Kmono19.0,psweep113_r4_20260328_171213,8.0,19.0,ok,1.1384031451872285,1000,1000,1000,5,0.005,1.0,0.005,0.2185204,0.18392,Advantage2_system1.13,2255,27,./penalty_sweep_qpu_v113/samples/3nq9_Kdist8.0_Kmono19.0/psweep113_r4_20260328_171213/3nq9_ligand_report.csv,./penalty_sweep_qpu_v113/samples/3nq9_Kdist8.0_Kmono19.0/psweep113_r4_20260328_171213/3nq9_ligand_samples.json,./penalty_sweep_qpu_v113/samples/3nq9_Kdist8.0_Kmono19.0/psweep113_r4_20260328_171213/result.json
3nq9,3nq9_Kdist8.0_Kmono20.0,psweep113_r4_20260328_171213,8.0,20.0,ok,4.769426857685773,1000,1000,1000,0,0.0,1.0,0.0,0.2099448,0.17534,Advantage2_system1.13,2415,30,./penalty_sweep_qpu_v113/samples/3nq9_Kdist8.0_Kmono20.0/psweep113_r4_20260328_171213/3nq9_ligand_report.csv,./penalty_sweep_qpu_v113/samples/3nq9_Kdist8.0_Kmono20.0/psweep113_r4_20260328_171213/3nq9_ligand_samples.json,./penalty_sweep_qpu_v113/samples/3nq9_Kdist8.0_Kmono20.0/psweep113_r4_20260328_171213/result.json
3nq9,3nq9_Kdist8.5_Kmono1.0,psweep113_r4_20260328_171213,8.5,1.0,ok,4.447319178549736,1000,1000,1000,0,0.0,1.0,0.0,0.214044,0.17944,Advantage2_system1.13,2195,27,./penalty_sweep_qpu_v113/samples/3nq9_Kdist8.5_Kmono1.0/psweep113_r4_20260328_171213/3nq9_ligand_report.csv,./penalty_sweep_qpu_v113/samples/3nq9_Kdist8.5_Kmono1.0/psweep113_r4_20260328_171213/3nq9_ligand_samples.json,./penalty_sweep_qpu_v113/samples/3nq9_Kdist8.5_Kmono1.0/psweep113_r4_20260328_171213/result.json
3nq9,3nq9_Kdist8.5_Kmono2.0,psweep113_r4_20260328_171213,8.5,2.0,ok,2.3360109764657015,1000,1000,1000,0,0.0,1.0,0.0,0.20502679999999998,0.17042,Advantage2_system1.13,1971,23,./penalty_sweep_qpu_v113/samples/3nq9_Kdist8.5_Kmono2.0/psweep113_r4_20260328_171213/3nq9_ligand_report.csv,./penalty_sweep_qpu_v113/samples/3nq9_Kdist8.5_Kmono2.0/psweep113_r4_20260328_171213/3nq9_ligand_samples.json,./penalty_sweep_qpu_v113/samples/3nq9_Kdist8.5_Kmono2.0/psweep113_r4_20260328_171213/result.json
3nq9,3nq9_Kdist8.5_Kmono3.0,psweep113_r4_20260328_171213,8.5,3.0,ok,2.2645877916030352,1000,1000,1000,0,0.0,1.0,0.0,0.2090848,0.17448,Advantage2_system1.13,2323,28,./penalty_sweep_qpu_v113/samples/3nq9_Kdist8.5_Kmono3.0/psweep113_r4_20260328_171213/3nq9_ligand_report.csv,./penalty_sweep_qpu_v113/samples/3nq9_Kdist8.5_Kmono3.0/psweep113_r4_20260328_171213/3nq9_ligand_samples.json,./penalty_sweep_qpu_v113/samples/3nq9_Kdist8.5_Kmono3.0/psweep113_r4_20260328_171213/result.json
3nq9,3nq9_Kdist8.5_Kmono4.0,psweep113_r4_20260328_171213,8.5,4.0,ok,3.5828154166624175,1000,1000,1000,0,0.0,1.0,0.0,0.2001592,0.16556,Advantage2_system1.13,2035,24,./penalty_sweep_qpu_v113/samples/3nq9_Kdist8.5_Kmono4.0/psweep113_r4_20260328_171213/3nq9_ligand_report.csv,./penalty_sweep_qpu_v113/samples/3nq9_Kdist8.5_Kmono4.0/psweep113_r4_20260328_171213/3nq9_ligand_samples.json,./penalty_sweep_qpu_v113/samples/3nq9_Kdist8.5_Kmono4.0/psweep113_r4_20260328_171213/result.json
3nq9,3nq9_Kdist8.5_Kmono5.0,psweep113_r4_20260328_171213,8.5,5.0,ok,5.26865775748485,1000,1000,1000,0,0.0,1.0,0.0,0.2138884,0.17928,Advantage2_system1.13,1890,21,./penalty_sweep_qpu_v113/samples/3nq9_Kdist8.5_Kmono5.0/psweep113_r4_20260328_171213/3nq9_ligand_report.csv,./penalty_sweep_qpu_v113/samples/3nq9_Kdist8.5_Kmono5.0/psweep113_r4_20260328_171213/3nq9_ligand_samples.json,./penalty_sweep_qpu_v113/samples/3nq9_Kdist8.5_Kmono5.0/psweep113_r4_20260328_171213/result.json
3nq9,3nq9_Kdist8.5_Kmono6.0,psweep113_r4_20260328_171213,8.5,6.0,ok,2.5257111130825094,1000,1000,1000,0,0.0,1.0,0.0,0.2102628,0.17566,Advantage2_system1.13,2000,23,./penalty_sweep_qpu_v113/samples/3nq9_Kdist8.5_Kmono6.0/psweep113_r4_20260328_171213/3nq9_ligand_report.csv,./penalty_sweep_qpu_v113/samples/3nq9_Kdist8.5_Kmono6.0/psweep113_r4_20260328_171213/3nq9_ligand_samples.json,./penalty_sweep_qpu_v113/samples/3nq9_Kdist8.5_Kmono6.0/psweep113_r4_20260328_171213/result.json
3nq9,3nq9_Kdist8.5_Kmono7.0,psweep113_r4_20260328_171213,8.5,7.0,ok,3.314459162705098,1000,1000,1000,0,0.0,1.0,0.0,0.2059876,0.17138,Advantage2_system1.13,2142,25,./penalty_sweep_qpu_v113/samples/3nq9_Kdist8.5_Kmono7.0/psweep113_r4_20260328_171213/3nq9_ligand_report.csv,./penalty_sweep_qpu_v113/samples/3nq9_Kdist8.5_Kmono7.0/psweep113_r4_20260328_171213/3nq9_ligand_samples.json,./penalty_sweep_qpu_v113/samples/3nq9_Kdist8.5_Kmono7.0/psweep113_r4_20260328_171213/result.json
3nq9,3nq9_Kdist8.5_Kmono8.0,psweep113_r4_20260328_171213,8.5,8.0,ok,0.9041693704772874,1000,1000,1000,197,0.197,1.0,0.197,0.2055864,0.17098,Advantage2_system1.13,2121,25,./penalty_sweep_qpu_v113/samples/3nq9_Kdist8.5_Kmono8.0/psweep113_r4_20260328_171213/3nq9_ligand_report.csv,./penalty_sweep_qpu_v113/samples/3nq9_Kdist8.5_Kmono8.0/psweep113_r4_20260328_171213/3nq9_ligand_samples.json,./penalty_sweep_qpu_v113/samples/3nq9_Kdist8.5_Kmono8.0/psweep113_r4_20260328_171213/result.json
3nq9,3nq9_Kdist8.5_Kmono9.0,psweep113_r4_20260328_171213,8.5,9.0,ok,5.272595506008067,1000,1000,1000,0,0.0,1.0,0.0,0.20404920000000001,0.16944,Advantage2_system1.13,1952,22,./penalty_sweep_qpu_v113/samples/3nq9_Kdist8.5_Kmono9.0/psweep113_r4_20260328_171213/3nq9_ligand_report.csv,./penalty_sweep_qpu_v113/samples/3nq9_Kdist8.5_Kmono9.0/psweep113_r4_20260328_171213/3nq9_ligand_samples.json,./penalty_sweep_qpu_v113/samples/3nq9_Kdist8.5_Kmono9.0/psweep113_r4_20260328_171213/result.json
3nq9,3nq9_Kdist8.5_Kmono10.0,psweep113_r4_20260328_171213,8.5,10.0,ok,3.9466746727861524,1000,1000,1000,0,0.0,1.0,0.0,0.202672,0.16806,Advantage2_system1.13,1934,23,./penalty_sweep_qpu_v113/samples/3nq9_Kdist8.5_Kmono10.0/psweep113_r4_20260328_171213/3nq9_ligand_report.csv,./penalty_sweep_qpu_v113/samples/3nq9_Kdist8.5_Kmono10.0/psweep113_r4_20260328_171213/3nq9_ligand_samples.json,./penalty_sweep_qpu_v113/samples/3nq9_Kdist8.5_Kmono10.0/psweep113_r4_20260328_171213/result.json
3nq9,3nq9_Kdist8.5_Kmono11.0,psweep113_r4_20260328_171213,8.5,11.0,ok,3.0191771245373373,1000,1000,1000,0,0.0,1.0,0.0,0.21023,0.17562,Advantage2_system1.13,2285,27,./penalty_sweep_qpu_v113/samples/3nq9_Kdist8.5_Kmono11.0/psweep113_r4_20260328_171213/3nq9_ligand_report.csv,./penalty_sweep_qpu_v113/samples/3nq9_Kdist8.5_Kmono11.0/psweep113_r4_20260328_171213/3nq9_ligand_samples.json,./penalty_sweep_qpu_v113/samples/3nq9_Kdist8.5_Kmono11.0/psweep113_r4_20260328_171213/result.json
3nq9,3nq9_Kdist8.5_Kmono12.0,psweep113_r4_20260328_171213,8.5,12.0,ok,3.8118607216235927,1000,1000,1000,0,0.0,1.0,0.0,0.20952520000000002,0.17492,Advantage2_system1.13,2269,28,./penalty_sweep_qpu_v113/samples/3nq9_Kdist8.5_Kmono12.0/psweep113_r4_20260328_171213/3nq9_ligand_report.csv,./penalty_sweep_qpu_v113/samples/3nq9_Kdist8.5_Kmono12.0/psweep113_r4_20260328_171213/3nq9_ligand_samples.json,./penalty_sweep_qpu_v113/samples/3nq9_Kdist8.5_Kmono12.0/psweep113_r4_20260328_171213/result.json
3nq9,3nq9_Kdist8.5_Kmono13.0,psweep113_r4_20260328_171213,8.5,13.0,ok,1.5122436181130512,1000,1000,1000,1,0.001,1.0,0.001,0.2172292,0.18262,Advantage2_system1.13,2084,25,./penalty_sweep_qpu_v113/samples/3nq9_Kdist8.5_Kmono13.0/psweep113_r4_20260328_171213/3nq9_ligand_report.csv,./penalty_sweep_qpu_v113/samples/3nq9_Kdist8.5_Kmono13.0/psweep113_r4_20260328_171213/3nq9_ligand_samples.json,./penalty_sweep_qpu_v113/samples/3nq9_Kdist8.5_Kmono13.0/psweep113_r4_20260328_171213/result.json
3nq9,3nq9_Kdist8.5_Kmono14.0,psweep113_r4_20260328_171213,8.5,14.0,ok,4.762738764577181,1000,1000,1000,0,0.0,1.0,0.0,0.2114028,0.1768,Advantage2_system1.13,2055,23,./penalty_sweep_qpu_v113/samples/3nq9_Kdist8.5_Kmono14.0/psweep113_r4_20260328_171213/3nq9_ligand_report.csv,./penalty_sweep_qpu_v113/samples/3nq9_Kdist8.5_Kmono14.0/psweep113_r4_20260328_171213/3nq9_ligand_samples.json,./penalty_sweep_qpu_v113/samples/3nq9_Kdist8.5_Kmono14.0/psweep113_r4_20260328_171213/result.json
3nq9,3nq9_Kdist8.5_Kmono15.0,psweep113_r4_20260328_171213,8.5,15.0,ok,6.518154058077183,1000,1000,1000,0,0.0,1.0,0.0,0.2086272,0.17402,Advantage2_system1.13,2009,22,./penalty_sweep_qpu_v113/samples/3nq9_Kdist8.5_Kmono15.0/psweep113_r4_20260328_171213/3nq9_ligand_report.csv,./penalty_sweep_qpu_v113/samples/3nq9_Kdist8.5_Kmono15.0/psweep113_r4_20260328_171213/3nq9_ligand_samples.json,./penalty_sweep_qpu_v113/samples/3nq9_Kdist8.5_Kmono15.0/psweep113_r4_20260328_171213/result.json
3nq9,3nq9_Kdist8.5_Kmono16.0,psweep113_r4_20260328_171213,8.5,16.0,ok,1.3027327786592695,1000,1000,1000,16,0.016,1.0,0.016,0.2115464,0.17694,Advantage2_system1.13,2084,24,./penalty_sweep_qpu_v113/samples/3nq9_Kdist8.5_Kmono16.0/psweep113_r4_20260328_171213/3nq9_ligand_report.csv,./penalty_sweep_qpu_v113/samples/3nq9_Kdist8.5_Kmono16.0/psweep113_r4_20260328_171213/3nq9_ligand_samples.json,./penalty_sweep_qpu_v113/samples/3nq9_Kdist8.5_Kmono16.0/psweep113_r4_20260328_171213/result.json
3nq9,3nq9_Kdist8.5_Kmono17.0,psweep113_r4_20260328_171213,8.5,17.0,ok,3.053874556857852,1000,1000,1000,0,0.0,1.0,0.0,0.2049552,0.17034,Advantage2_system1.13,1979,23,./penalty_sweep_qpu_v113/samples/3nq9_Kdist8.5_Kmono17.0/psweep113_r4_20260328_171213/3nq9_ligand_report.csv,./penalty_sweep_qpu_v113/samples/3nq9_Kdist8.5_Kmono17.0/psweep113_r4_20260328_171213/3nq9_ligand_samples.json,./penalty_sweep_qpu_v113/samples/3nq9_Kdist8.5_Kmono17.0/psweep113_r4_20260328_171213/result.json
3nq9,3nq9_Kdist8.5_Kmono18.0,psweep113_r4_20260328_171213,8.5,18.0,ok,3.4515785013942124,1000,1000,1000,0,0.0,1.0,0.0,0.2073804,0.17278,Advantage2_system1.13,2087,24,./penalty_sweep_qpu_v113/samples/3nq9_Kdist8.5_Kmono18.0/psweep113_r4_20260328_171213/3nq9_ligand_report.csv,./penalty_sweep_qpu_v113/samples/3nq9_Kdist8.5_Kmono18.0/psweep113_r4_20260328_171213/3nq9_ligand_samples.json,./penalty_sweep_qpu_v113/samples/3nq9_Kdist8.5_Kmono18.0/psweep113_r4_20260328_171213/result.json
3nq9,3nq9_Kdist8.5_Kmono19.0,psweep113_r4_20260328_171213,8.5,19.0,ok,3.1673537524191477,1000,1000,1000,0,0.0,1.0,0.0,0.2111684,0.17656,Advantage2_system1.13,2397,27,./penalty_sweep_qpu_v113/samples/3nq9_Kdist8.5_Kmono19.0/psweep113_r4_20260328_171213/3nq9_ligand_report.csv,./penalty_sweep_qpu_v113/samples/3nq9_Kdist8.5_Kmono19.0/psweep113_r4_20260328_171213/3nq9_ligand_samples.json,./penalty_sweep_qpu_v113/samples/3nq9_Kdist8.5_Kmono19.0/psweep113_r4_20260328_171213/result.json
3nq9,3nq9_Kdist8.5_Kmono20.0,psweep113_r4_20260328_171213,8.5,20.0,ok,4.300875587764059,1000,1000,1000,0,0.0,1.0,0.0,0.2090312,0.17442,Advantage2_system1.13,2258,27,./penalty_sweep_qpu_v113/samples/3nq9_Kdist8.5_Kmono20.0/psweep113_r4_20260328_171213/3nq9_ligand_report.csv,./penalty_sweep_qpu_v113/samples/3nq9_Kdist8.5_Kmono20.0/psweep113_r4_20260328_171213/3nq9_ligand_samples.json,./penalty_sweep_qpu_v113/samples/3nq9_Kdist8.5_Kmono20.0/psweep113_r4_20260328_171213/result.json
3nq9,3nq9_Kdist9.0_Kmono1.0,psweep113_r4_20260328_171213,9.0,1.0,ok,3.2993062536774374,1000,1000,1000,0,0.0,1.0,0.0,0.2136732,0.17906,Advantage2_system1.13,2118,25,./penalty_sweep_qpu_v113/samples/3nq9_Kdist9.0_Kmono1.0/psweep113_r4_20260328_171213/3nq9_ligand_report.csv,./penalty_sweep_qpu_v113/samples/3nq9_Kdist9.0_Kmono1.0/psweep113_r4_20260328_171213/3nq9_ligand_samples.json,./penalty_sweep_qpu_v113/samples/3nq9_Kdist9.0_Kmono1.0/psweep113_r4_20260328_171213/result.json
3nq9,3nq9_Kdist9.0_Kmono2.0,psweep113_r4_20260328_171213,9.0,2.0,ok,4.13358997230455,1000,1000,1000,0,0.0,1.0,0.0,0.2048448,0.17024,Advantage2_system1.13,2006,23,./penalty_sweep_qpu_v113/samples/3nq9_Kdist9.0_Kmono2.0/psweep113_r4_20260328_171213/3nq9_ligand_report.csv,./penalty_sweep_qpu_v113/samples/3nq9_Kdist9.0_Kmono2.0/psweep113_r4_20260328_171213/3nq9_ligand_samples.json,./penalty_sweep_qpu_v113/samples/3nq9_Kdist9.0_Kmono2.0/psweep113_r4_20260328_171213/result.json
3nq9,3nq9_Kdist9.0_Kmono3.0,psweep113_r4_20260328_171213,9.0,3.0,ok,1.937796082092346,1000,1000,1000,1,0.001,1.0,0.001,0.22016360000000001,0.18556,Advantage2_system1.13,2133,26,./penalty_sweep_qpu_v113/samples/3nq9_Kdist9.0_Kmono3.0/psweep113_r4_20260328_171213/3nq9_ligand_report.csv,./penalty_sweep_qpu_v113/samples/3nq9_Kdist9.0_Kmono3.0/psweep113_r4_20260328_171213/3nq9_ligand_samples.json,./penalty_sweep_qpu_v113/samples/3nq9_Kdist9.0_Kmono3.0/psweep113_r4_20260328_171213/result.json
3nq9,3nq9_Kdist9.0_Kmono4.0,psweep113_r4_20260328_171213,9.0,4.0,ok,3.8194642064290867,1000,1000,1000,0,0.0,1.0,0.0,0.21126479999999997,0.17666,Advantage2_system1.13,1995,23,./penalty_sweep_qpu_v113/samples/3nq9_Kdist9.0_Kmono4.0/psweep113_r4_20260328_171213/3nq9_ligand_report.csv,./penalty_sweep_qpu_v113/samples/3nq9_Kdist9.0_Kmono4.0/psweep113_r4_20260328_171213/3nq9_ligand_samples.json,./penalty_sweep_qpu_v113/samples/3nq9_Kdist9.0_Kmono4.0/psweep113_r4_20260328_171213/result.json
3nq9,3nq9_Kdist9.0_Kmono5.0,psweep113_r4_20260328_171213,9.0,5.0,ok,1.9102147239160827,1000,1000,1000,1,0.001,1.0,0.001,0.21154520000000002,0.17694,Advantage2_system1.13,2204,28,./penalty_sweep_qpu_v113/samples/3nq9_Kdist9.0_Kmono5.0/psweep113_r4_20260328_171213/3nq9_ligand_report.csv,./penalty_sweep_qpu_v113/samples/3nq9_Kdist9.0_Kmono5.0/psweep113_r4_20260328_171213/3nq9_ligand_samples.json,./penalty_sweep_qpu_v113/samples/3nq9_Kdist9.0_Kmono5.0/psweep113_r4_20260328_171213/result.json
3nq9,3nq9_Kdist9.0_Kmono6.0,psweep113_r4_20260328_171213,9.0,6.0,ok,3.5427667053435585,1000,1000,1000,0,0.0,1.0,0.0,0.2067256,0.17212,Advantage2_system1.13,2121,23,./penalty_sweep_qpu_v113/samples/3nq9_Kdist9.0_Kmono6.0/psweep113_r4_20260328_171213/3nq9_ligand_report.csv,./penalty_sweep_qpu_v113/samples/3nq9_Kdist9.0_Kmono6.0/psweep113_r4_20260328_171213/3nq9_ligand_samples.json,./penalty_sweep_qpu_v113/samples/3nq9_Kdist9.0_Kmono6.0/psweep113_r4_20260328_171213/result.json
3nq9,3nq9_Kdist9.0_Kmono7.0,psweep113_r4_20260328_171213,9.0,7.0,ok,4.058059956518126,1000,1000,1000,0,0.0,1.0,0.0,0.2097136,0.1751,Advantage2_system1.13,2457,30,./penalty_sweep_qpu_v113/samples/3nq9_Kdist9.0_Kmono7.0/psweep113_r4_20260328_171213/3nq9_ligand_report.csv,./penalty_sweep_qpu_v113/samples/3nq9_Kdist9.0_Kmono7.0/psweep113_r4_20260328_171213/3nq9_ligand_samples.json,./penalty_sweep_qpu_v113/samples/3nq9_Kdist9.0_Kmono7.0/psweep113_r4_20260328_171213/result.json
3nq9,3nq9_Kdist9.0_Kmono8.0,psweep113_r4_20260328_171213,9.0,8.0,ok,1.6415682734947432,1000,1000,1000,7,0.007,1.0,0.007,0.210914,0.1763,Advantage2_system1.13,2520,32,./penalty_sweep_qpu_v113/samples/3nq9_Kdist9.0_Kmono8.0/psweep113_r4_20260328_171213/3nq9_ligand_report.csv,./penalty_sweep_qpu_v113/samples/3nq9_Kdist9.0_Kmono8.0/psweep113_r4_20260328_171213/3nq9_ligand_samples.json,./penalty_sweep_qpu_v113/samples/3nq9_Kdist9.0_Kmono8.0/psweep113_r4_20260328_171213/result.json
3nq9,3nq9_Kdist9.0_Kmono9.0,psweep113_r4_20260328_171213,9.0,9.0,ok,2.0608354362141004,1000,1000,1000,0,0.0,1.0,0.0,0.21402960000000001,0.17942,Advantage2_system1.13,2117,24,./penalty_sweep_qpu_v113/samples/3nq9_Kdist9.0_Kmono9.0/psweep113_r4_20260328_171213/3nq9_ligand_report.csv,./penalty_sweep_qpu_v113/samples/3nq9_Kdist9.0_Kmono9.0/psweep113_r4_20260328_171213/3nq9_ligand_samples.json,./penalty_sweep_qpu_v113/samples/3nq9_Kdist9.0_Kmono9.0/psweep113_r4_20260328_171213/result.json
3nq9,3nq9_Kdist9.0_Kmono10.0,psweep113_r4_20260328_171213,9.0,10.0,ok,3.0344342221950877,1000,1000,1000,0,0.0,1.0,0.0,0.20069879999999998,0.1661,Advantage2_system1.13,2195,26,./penalty_sweep_qpu_v113/samples/3nq9_Kdist9.0_Kmono10.0/psweep113_r4_20260328_171213/3nq9_ligand_report.csv,./penalty_sweep_qpu_v113/samples/3nq9_Kdist9.0_Kmono10.0/psweep113_r4_20260328_171213/3nq9_ligand_samples.json,./penalty_sweep_qpu_v113/samples/3nq9_Kdist9.0_Kmono10.0/psweep113_r4_20260328_171213/result.json
3nq9,3nq9_Kdist9.0_Kmono11.0,psweep113_r4_20260328_171213,9.0,11.0,ok,4.280996878479327,1000,1000,1000,0,0.0,1.0,0.0,0.20276360000000002,0.16816,Advantage2_system1.13,2225,26,./penalty_sweep_qpu_v113/samples/3nq9_Kdist9.0_Kmono11.0/psweep113_r4_20260328_171213/3nq9_ligand_report.csv,./penalty_sweep_qpu_v113/samples/3nq9_Kdist9.0_Kmono11.0/psweep113_r4_20260328_171213/3nq9_ligand_samples.json,./penalty_sweep_qpu_v113/samples/3nq9_Kdist9.0_Kmono11.0/psweep113_r4_20260328_171213/result.json
3nq9,3nq9_Kdist9.0_Kmono12.0,psweep113_r4_20260328_171213,9.0,12.0,ok,2.6394915566800643,1000,1000,1000,0,0.0,1.0,0.0,0.2136224,0.17902,Advantage2_system1.13,2244,28,./penalty_sweep_qpu_v113/samples/3nq9_Kdist9.0_Kmono12.0/psweep113_r4_20260328_171213/3nq9_ligand_report.csv,./penalty_sweep_qpu_v113/samples/3nq9_Kdist9.0_Kmono12.0/psweep113_r4_20260328_171213/3nq9_ligand_samples.json,./penalty_sweep_qpu_v113/samples/3nq9_Kdist9.0_Kmono12.0/psweep113_r4_20260328_171213/result.json
3nq9,3nq9_Kdist9.0_Kmono13.0,psweep113_r4_20260328_171213,9.0,13.0,ok,4.041707324883599,1000,1000,1000,0,0.0,1.0,0.0,0.2149836,0.18038,Advantage2_system1.13,2249,27,./penalty_sweep_qpu_v113/samples/3nq9_Kdist9.0_Kmono13.0/psweep113_r4_20260328_171213/3nq9_ligand_report.csv,./penalty_sweep_qpu_v113/samples/3nq9_Kdist9.0_Kmono13.0/psweep113_r4_20260328_171213/3nq9_ligand_samples.json,./penalty_sweep_qpu_v113/samples/3nq9_Kdist9.0_Kmono13.0/psweep113_r4_20260328_171213/result.json
3nq9,3nq9_Kdist9.0_Kmono14.0,psweep113_r4_20260328_171213,9.0,14.0,ok,3.639930672281687,1000,1000,1000,0,0.0,1.0,0.0,0.2066264,0.17202,Advantage2_system1.13,2235,28,./penalty_sweep_qpu_v113/samples/3nq9_Kdist9.0_Kmono14.0/psweep113_r4_20260328_171213/3nq9_ligand_report.csv,./penalty_sweep_qpu_v113/samples/3nq9_Kdist9.0_Kmono14.0/psweep113_r4_20260328_171213/3nq9_ligand_samples.json,./penalty_sweep_qpu_v113/samples/3nq9_Kdist9.0_Kmono14.0/psweep113_r4_20260328_171213/result.json
3nq9,3nq9_Kdist9.0_Kmono15.0,psweep113_r4_20260328_171213,9.0,15.0,ok,3.119947849523979,1000,1000,1000,0,0.0,1.0,0.0,0.2079044,0.1733,Advantage2_system1.13,2013,23,./penalty_sweep_qpu_v113/samples/3nq9_Kdist9.0_Kmono15.0/psweep113_r4_20260328_171213/3nq9_ligand_report.csv,./penalty_sweep_qpu_v113/samples/3nq9_Kdist9.0_Kmono15.0/psweep113_r4_20260328_171213/3nq9_ligand_samples.json,./penalty_sweep_qpu_v113/samples/3nq9_Kdist9.0_Kmono15.0/psweep113_r4_20260328_171213/result.json
3nq9,3nq9_Kdist9.0_Kmono16.0,psweep113_r4_20260328_171213,9.0,16.0,ok,3.6652805734644196,1000,1000,1000,0,0.0,1.0,0.0,0.2190252,0.18442,Advantage2_system1.13,1946,22,./penalty_sweep_qpu_v113/samples/3nq9_Kdist9.0_Kmono16.0/psweep113_r4_20260328_171213/3nq9_ligand_report.csv,./penalty_sweep_qpu_v113/samples/3nq9_Kdist9.0_Kmono16.0/psweep113_r4_20260328_171213/3nq9_ligand_samples.json,./penalty_sweep_qpu_v113/samples/3nq9_Kdist9.0_Kmono16.0/psweep113_r4_20260328_171213/result.json
3nq9,3nq9_Kdist9.0_Kmono17.0,psweep113_r4_20260328_171213,9.0,17.0,ok,1.679003259844158,1000,1000,1000,1,0.001,1.0,0.001,0.2053488,0.17074,Advantage2_system1.13,2132,26,./penalty_sweep_qpu_v113/samples/3nq9_Kdist9.0_Kmono17.0/psweep113_r4_20260328_171213/3nq9_ligand_report.csv,./penalty_sweep_qpu_v113/samples/3nq9_Kdist9.0_Kmono17.0/psweep113_r4_20260328_171213/3nq9_ligand_samples.json,./penalty_sweep_qpu_v113/samples/3nq9_Kdist9.0_Kmono17.0/psweep113_r4_20260328_171213/result.json
3nq9,3nq9_Kdist9.0_Kmono18.0,psweep113_r4_20260328_171213,9.0,18.0,ok,1.5863043438417452,1000,1000,1000,7,0.007,1.0,0.007,0.20534760000000002,0.17074,Advantage2_system1.13,2111,24,./penalty_sweep_qpu_v113/samples/3nq9_Kdist9.0_Kmono18.0/psweep113_r4_20260328_171213/3nq9_ligand_report.csv,./penalty_sweep_qpu_v113/samples/3nq9_Kdist9.0_Kmono18.0/psweep113_r4_20260328_171213/3nq9_ligand_samples.json,./penalty_sweep_qpu_v113/samples/3nq9_Kdist9.0_Kmono18.0/psweep113_r4_20260328_171213/result.json
3nq9,3nq9_Kdist9.0_Kmono19.0,psweep113_r4_20260328_171213,9.0,19.0,ok,4.951551524763043,1000,1000,1000,0,0.0,1.0,0.0,0.21526520000000002,0.18066,Advantage2_system1.13,2177,27,./penalty_sweep_qpu_v113/samples/3nq9_Kdist9.0_Kmono19.0/psweep113_r4_20260328_171213/3nq9_ligand_report.csv,./penalty_sweep_qpu_v113/samples/3nq9_Kdist9.0_Kmono19.0/psweep113_r4_20260328_171213/3nq9_ligand_samples.json,./penalty_sweep_qpu_v113/samples/3nq9_Kdist9.0_Kmono19.0/psweep113_r4_20260328_171213/result.json
3nq9,3nq9_Kdist9.0_Kmono20.0,psweep113_r4_20260328_171213,9.0,20.0,ok,3.4573128420315125,1000,1000,1000,0,0.0,1.0,0.0,0.2169844,0.18238,Advantage2_system1.13,2204,25,./penalty_sweep_qpu_v113/samples/3nq9_Kdist9.0_Kmono20.0/psweep113_r4_20260328_171213/3nq9_ligand_report.csv,./penalty_sweep_qpu_v113/samples/3nq9_Kdist9.0_Kmono20.0/psweep113_r4_20260328_171213/3nq9_ligand_samples.json,./penalty_sweep_qpu_v113/samples/3nq9_Kdist9.0_Kmono20.0/psweep113_r4_20260328_171213/result.json
3nq9,3nq9_Kdist9.5_Kmono1.0,psweep113_r4_20260328_171213,9.5,1.0,ok,2.6414207147765283,1000,1000,1000,0,0.0,1.0,0.0,0.2103536,0.17574,Advantage2_system1.13,2355,27,./penalty_sweep_qpu_v113/samples/3nq9_Kdist9.5_Kmono1.0/psweep113_r4_20260328_171213/3nq9_ligand_report.csv,./penalty_sweep_qpu_v113/samples/3nq9_Kdist9.5_Kmono1.0/psweep113_r4_20260328_171213/3nq9_ligand_samples.json,./penalty_sweep_qpu_v113/samples/3nq9_Kdist9.5_Kmono1.0/psweep113_r4_20260328_171213/result.json
3nq9,3nq9_Kdist9.5_Kmono2.0,psweep113_r4_20260328_171213,9.5,2.0,ok,3.702665686226843,1000,1000,1000,0,0.0,1.0,0.0,0.20594279999999998,0.17134,Advantage2_system1.13,2463,30,./penalty_sweep_qpu_v113/samples/3nq9_Kdist9.5_Kmono2.0/psweep113_r4_20260328_171213/3nq9_ligand_report.csv,./penalty_sweep_qpu_v113/samples/3nq9_Kdist9.5_Kmono2.0/psweep113_r4_20260328_171213/3nq9_ligand_samples.json,./penalty_sweep_qpu_v113/samples/3nq9_Kdist9.5_Kmono2.0/psweep113_r4_20260328_171213/result.json
3nq9,3nq9_Kdist9.5_Kmono3.0,psweep113_r4_20260328_171213,9.5,3.0,ok,3.3968572014665077,1000,1000,1000,0,0.0,1.0,0.0,0.207892,0.17328,Advantage2_system1.13,2191,26,./penalty_sweep_qpu_v113/samples/3nq9_Kdist9.5_Kmono3.0/psweep113_r4_20260328_171213/3nq9_ligand_report.csv,./penalty_sweep_qpu_v113/samples/3nq9_Kdist9.5_Kmono3.0/psweep113_r4_20260328_171213/3nq9_ligand_samples.json,./penalty_sweep_qpu_v113/samples/3nq9_Kdist9.5_Kmono3.0/psweep113_r4_20260328_171213/result.json
3nq9,3nq9_Kdist9.5_Kmono4.0,psweep113_r4_20260328_171213,9.5,4.0,ok,2.877603299776028,1000,1000,1000,0,0.0,1.0,0.0,0.21191279999999998,0.1773,Advantage2_system1.13,2281,27,./penalty_sweep_qpu_v113/samples/3nq9_Kdist9.5_Kmono4.0/psweep113_r4_20260328_171213/3nq9_ligand_report.csv,./penalty_sweep_qpu_v113/samples/3nq9_Kdist9.5_Kmono4.0/psweep113_r4_20260328_171213/3nq9_ligand_samples.json,./penalty_sweep_qpu_v113/samples/3nq9_Kdist9.5_Kmono4.0/psweep113_r4_20260328_171213/result.json
3nq9,3nq9_Kdist9.5_Kmono5.0,psweep113_r4_20260328_171213,9.5,5.0,ok,5.001937557844833,1000,1000,1000,0,0.0,1.0,0.0,0.2088456,0.17424,Advantage2_system1.13,2110,25,./penalty_sweep_qpu_v113/samples/3nq9_Kdist9.5_Kmono5.0/psweep113_r4_20260328_171213/3nq9_ligand_report.csv,./penalty_sweep_qpu_v113/samples/3nq9_Kdist9.5_Kmono5.0/psweep113_r4_20260328_171213/3nq9_ligand_samples.json,./penalty_sweep_qpu_v113/samples/3nq9_Kdist9.5_Kmono5.0/psweep113_r4_20260328_171213/result.json
3nq9,3nq9_Kdist9.5_Kmono6.0,psweep113_r4_20260328_171213,9.5,6.0,ok,1.6659784324961282,1000,1000,1000,8,0.008,1.0,0.008,0.21149320000000002,0.17688,Advantage2_system1.13,2167,26,./penalty_sweep_qpu_v113/samples/3nq9_Kdist9.5_Kmono6.0/psweep113_r4_20260328_171213/3nq9_ligand_report.csv,./penalty_sweep_qpu_v113/samples/3nq9_Kdist9.5_Kmono6.0/psweep113_r4_20260328_171213/3nq9_ligand_samples.json,./penalty_sweep_qpu_v113/samples/3nq9_Kdist9.5_Kmono6.0/psweep113_r4_20260328_171213/result.json
3nq9,3nq9_Kdist9.5_Kmono7.0,psweep113_r4_20260328_171213,9.5,7.0,ok,2.282057544398584,1000,1000,1000,0,0.0,1.0,0.0,0.20298,0.16838,Advantage2_system1.13,2045,24,./penalty_sweep_qpu_v113/samples/3nq9_Kdist9.5_Kmono7.0/psweep113_r4_20260328_171213/3nq9_ligand_report.csv,./penalty_sweep_qpu_v113/samples/3nq9_Kdist9.5_Kmono7.0/psweep113_r4_20260328_171213/3nq9_ligand_samples.json,./penalty_sweep_qpu_v113/samples/3nq9_Kdist9.5_Kmono7.0/psweep113_r4_20260328_171213/result.json
3nq9,3nq9_Kdist9.5_Kmono8.0,psweep113_r4_20260328_171213,9.5,8.0,ok,3.10885920071208,1000,1000,1000,0,0.0,1.0,0.0,0.2086552,0.17406,Advantage2_system1.13,2095,23,./penalty_sweep_qpu_v113/samples/3nq9_Kdist9.5_Kmono8.0/psweep113_r4_20260328_171213/3nq9_ligand_report.csv,./penalty_sweep_qpu_v113/samples/3nq9_Kdist9.5_Kmono8.0/psweep113_r4_20260328_171213/3nq9_ligand_samples.json,./penalty_sweep_qpu_v113/samples/3nq9_Kdist9.5_Kmono8.0/psweep113_r4_20260328_171213/result.json
3nq9,3nq9_Kdist9.5_Kmono9.0,psweep113_r4_20260328_171213,9.5,9.0,ok,2.6117983987264988,1000,1000,1000,0,0.0,1.0,0.0,0.2044504,0.16984,Advantage2_system1.13,2101,25,./penalty_sweep_qpu_v113/samples/3nq9_Kdist9.5_Kmono9.0/psweep113_r4_20260328_171213/3nq9_ligand_report.csv,./penalty_sweep_qpu_v113/samples/3nq9_Kdist9.5_Kmono9.0/psweep113_r4_20260328_171213/3nq9_ligand_samples.json,./penalty_sweep_qpu_v113/samples/3nq9_Kdist9.5_Kmono9.0/psweep113_r4_20260328_171213/result.json
3nq9,3nq9_Kdist9.5_Kmono10.0,psweep113_r4_20260328_171213,9.5,10.0,ok,3.7434908398317353,1000,1000,1000,0,0.0,1.0,0.0,0.2137976,0.1792,Advantage2_system1.13,1920,22,./penalty_sweep_qpu_v113/samples/3nq9_Kdist9.5_Kmono10.0/psweep113_r4_20260328_171213/3nq9_ligand_report.csv,./penalty_sweep_qpu_v113/samples/3nq9_Kdist9.5_Kmono10.0/psweep113_r4_20260328_171213/3nq9_ligand_samples.json,./penalty_sweep_qpu_v113/samples/3nq9_Kdist9.5_Kmono10.0/psweep113_r4_20260328_171213/result.json
3nq9,3nq9_Kdist9.5_Kmono11.0,psweep113_r4_20260328_171213,9.5,11.0,ok,2.5901214070269436,1000,1000,1000,0,0.0,1.0,0.0,0.2085928,0.17398,Advantage2_system1.13,2159,25,./penalty_sweep_qpu_v113/samples/3nq9_Kdist9.5_Kmono11.0/psweep113_r4_20260328_171213/3nq9_ligand_report.csv,./penalty_sweep_qpu_v113/samples/3nq9_Kdist9.5_Kmono11.0/psweep113_r4_20260328_171213/3nq9_ligand_samples.json,./penalty_sweep_qpu_v113/samples/3nq9_Kdist9.5_Kmono11.0/psweep113_r4_20260328_171213/result.json
3nq9,3nq9_Kdist9.5_Kmono12.0,psweep113_r4_20260328_171213,9.5,12.0,ok,3.8829716884214083,1000,1000,1000,0,0.0,1.0,0.0,0.215164,0.18056,Advantage2_system1.13,2260,27,./penalty_sweep_qpu_v113/samples/3nq9_Kdist9.5_Kmono12.0/psweep113_r4_20260328_171213/3nq9_ligand_report.csv,./penalty_sweep_qpu_v113/samples/3nq9_Kdist9.5_Kmono12.0/psweep113_r4_20260328_171213/3nq9_ligand_samples.json,./penalty_sweep_qpu_v113/samples/3nq9_Kdist9.5_Kmono12.0/psweep113_r4_20260328_171213/result.json
3nq9,3nq9_Kdist9.5_Kmono13.0,psweep113_r4_20260328_171213,9.5,13.0,ok,1.2640026972191691,1000,1000,1000,43,0.043,1.0,0.043,0.2094936,0.17488,Advantage2_system1.13,1998,23,./penalty_sweep_qpu_v113/samples/3nq9_Kdist9.5_Kmono13.0/psweep113_r4_20260328_171213/3nq9_ligand_report.csv,./penalty_sweep_qpu_v113/samples/3nq9_Kdist9.5_Kmono13.0/psweep113_r4_20260328_171213/3nq9_ligand_samples.json,./penalty_sweep_qpu_v113/samples/3nq9_Kdist9.5_Kmono13.0/psweep113_r4_20260328_171213/result.json
3nq9,3nq9_Kdist9.5_Kmono14.0,psweep113_r4_20260328_171213,9.5,14.0,ok,4.736197485971743,1000,1000,1000,0,0.0,1.0,0.0,0.2143056,0.1797,Advantage2_system1.13,2172,26,./penalty_sweep_qpu_v113/samples/3nq9_Kdist9.5_Kmono14.0/psweep113_r4_20260328_171213/3nq9_ligand_report.csv,./penalty_sweep_qpu_v113/samples/3nq9_Kdist9.5_Kmono14.0/psweep113_r4_20260328_171213/3nq9_ligand_samples.json,./penalty_sweep_qpu_v113/samples/3nq9_Kdist9.5_Kmono14.0/psweep113_r4_20260328_171213/result.json
3nq9,3nq9_Kdist9.5_Kmono15.0,psweep113_r4_20260328_171213,9.5,15.0,ok,2.067709710035,1000,1000,1000,0,0.0,1.0,0.0,0.2073492,0.17274,Advantage2_system1.13,2206,26,./penalty_sweep_qpu_v113/samples/3nq9_Kdist9.5_Kmono15.0/psweep113_r4_20260328_171213/3nq9_ligand_report.csv,./penalty_sweep_qpu_v113/samples/3nq9_Kdist9.5_Kmono15.0/psweep113_r4_20260328_171213/3nq9_ligand_samples.json,./penalty_sweep_qpu_v113/samples/3nq9_Kdist9.5_Kmono15.0/psweep113_r4_20260328_171213/result.json
3nq9,3nq9_Kdist9.5_Kmono16.0,psweep113_r4_20260328_171213,9.5,16.0,ok,2.405870925949128,1000,1000,1000,0,0.0,1.0,0.0,0.2053504,0.17074,Advantage2_system1.13,2073,23,./penalty_sweep_qpu_v113/samples/3nq9_Kdist9.5_Kmono16.0/psweep113_r4_20260328_171213/3nq9_ligand_report.csv,./penalty_sweep_qpu_v113/samples/3nq9_Kdist9.5_Kmono16.0/psweep113_r4_20260328_171213/3nq9_ligand_samples.json,./penalty_sweep_qpu_v113/samples/3nq9_Kdist9.5_Kmono16.0/psweep113_r4_20260328_171213/result.json
3nq9,3nq9_Kdist9.5_Kmono17.0,psweep113_r4_20260328_171213,9.5,17.0,ok,4.110135163470079,1000,1000,1000,0,0.0,1.0,0.0,0.2104476,0.17584,Advantage2_system1.13,2350,28,./penalty_sweep_qpu_v113/samples/3nq9_Kdist9.5_Kmono17.0/psweep113_r4_20260328_171213/3nq9_ligand_report.csv,./penalty_sweep_qpu_v113/samples/3nq9_Kdist9.5_Kmono17.0/psweep113_r4_20260328_171213/3nq9_ligand_samples.json,./penalty_sweep_qpu_v113/samples/3nq9_Kdist9.5_Kmono17.0/psweep113_r4_20260328_171213/result.json
3nq9,3nq9_Kdist9.5_Kmono18.0,psweep113_r4_20260328_171213,9.5,18.0,ok,1.7880239534236735,1000,1000,1000,2,0.002,1.0,0.002,0.2077088,0.1731,Advantage2_system1.13,1996,23,./penalty_sweep_qpu_v113/samples/3nq9_Kdist9.5_Kmono18.0/psweep113_r4_20260328_171213/3nq9_ligand_report.csv,./penalty_sweep_qpu_v113/samples/3nq9_Kdist9.5_Kmono18.0/psweep113_r4_20260328_171213/3nq9_ligand_samples.json,./penalty_sweep_qpu_v113/samples/3nq9_Kdist9.5_Kmono18.0/psweep113_r4_20260328_171213/result.json
3nq9,3nq9_Kdist9.5_Kmono19.0,psweep113_r4_20260328_171213,9.5,19.0,ok,2.4215606147439397,1000,1000,1000,0,0.0,1.0,0.0,0.205452,0.17084,Advantage2_system1.13,2018,24,./penalty_sweep_qpu_v113/samples/3nq9_Kdist9.5_Kmono19.0/psweep113_r4_20260328_171213/3nq9_ligand_report.csv,./penalty_sweep_qpu_v113/samples/3nq9_Kdist9.5_Kmono19.0/psweep113_r4_20260328_171213/3nq9_ligand_samples.json,./penalty_sweep_qpu_v113/samples/3nq9_Kdist9.5_Kmono19.0/psweep113_r4_20260328_171213/result.json
3nq9,3nq9_Kdist9.5_Kmono20.0,psweep113_r4_20260328_171213,9.5,20.0,ok,2.4720661638482726,1000,1000,1000,0,0.0,1.0,0.0,0.2125284,0.17792,Advantage2_system1.13,2187,25,./penalty_sweep_qpu_v113/samples/3nq9_Kdist9.5_Kmono20.0/psweep113_r4_20260328_171213/3nq9_ligand_report.csv,./penalty_sweep_qpu_v113/samples/3nq9_Kdist9.5_Kmono20.0/psweep113_r4_20260328_171213/3nq9_ligand_samples.json,./penalty_sweep_qpu_v113/samples/3nq9_Kdist9.5_Kmono20.0/psweep113_r4_20260328_171213/result.json
3nq9,3nq9_Kdist10.0_Kmono1.0,psweep113_r4_20260328_171213,10.0,1.0,ok,2.8387595858979657,1000,1000,1000,0,0.0,1.0,0.0,0.20148760000000002,0.16688,Advantage2_system1.13,2109,24,./penalty_sweep_qpu_v113/samples/3nq9_Kdist10.0_Kmono1.0/psweep113_r4_20260328_171213/3nq9_ligand_report.csv,./penalty_sweep_qpu_v113/samples/3nq9_Kdist10.0_Kmono1.0/psweep113_r4_20260328_171213/3nq9_ligand_samples.json,./penalty_sweep_qpu_v113/samples/3nq9_Kdist10.0_Kmono1.0/psweep113_r4_20260328_171213/result.json
3nq9,3nq9_Kdist10.0_Kmono2.0,psweep113_r4_20260328_171213,10.0,2.0,ok,5.262832916114263,1000,1000,1000,0,0.0,1.0,0.0,0.218086,0.18348,Advantage2_system1.13,2147,26,./penalty_sweep_qpu_v113/samples/3nq9_Kdist10.0_Kmono2.0/psweep113_r4_20260328_171213/3nq9_ligand_report.csv,./penalty_sweep_qpu_v113/samples/3nq9_Kdist10.0_Kmono2.0/psweep113_r4_20260328_171213/3nq9_ligand_samples.json,./penalty_sweep_qpu_v113/samples/3nq9_Kdist10.0_Kmono2.0/psweep113_r4_20260328_171213/result.json
3nq9,3nq9_Kdist10.0_Kmono3.0,psweep113_r4_20260328_171213,10.0,3.0,ok,3.983052453340017,1000,1000,1000,0,0.0,1.0,0.0,0.2049484,0.17034,Advantage2_system1.13,2110,25,./penalty_sweep_qpu_v113/samples/3nq9_Kdist10.0_Kmono3.0/psweep113_r4_20260328_171213/3nq9_ligand_report.csv,./penalty_sweep_qpu_v113/samples/3nq9_Kdist10.0_Kmono3.0/psweep113_r4_20260328_171213/3nq9_ligand_samples.json,./penalty_sweep_qpu_v113/samples/3nq9_Kdist10.0_Kmono3.0/psweep113_r4_20260328_171213/result.json
3nq9,3nq9_Kdist10.0_Kmono4.0,psweep113_r4_20260328_171213,10.0,4.0,ok,4.7511930331854035,1000,1000,1000,0,0.0,1.0,0.0,0.2078,0.1732,Advantage2_system1.13,2133,25,./penalty_sweep_qpu_v113/samples/3nq9_Kdist10.0_Kmono4.0/psweep113_r4_20260328_171213/3nq9_ligand_report.csv,./penalty_sweep_qpu_v113/samples/3nq9_Kdist10.0_Kmono4.0/psweep113_r4_20260328_171213/3nq9_ligand_samples.json,./penalty_sweep_qpu_v113/samples/3nq9_Kdist10.0_Kmono4.0/psweep113_r4_20260328_171213/result.json
3nq9,3nq9_Kdist10.0_Kmono5.0,psweep113_r4_20260328_171213,10.0,5.0,ok,0.5087001646740371,1000,1000,1000,239,0.239,1.0,0.239,0.2116636,0.17706,Advantage2_system1.13,2182,28,./penalty_sweep_qpu_v113/samples/3nq9_Kdist10.0_Kmono5.0/psweep113_r4_20260328_171213/3nq9_ligand_report.csv,./penalty_sweep_qpu_v113/samples/3nq9_Kdist10.0_Kmono5.0/psweep113_r4_20260328_171213/3nq9_ligand_samples.json,./penalty_sweep_qpu_v113/samples/3nq9_Kdist10.0_Kmono5.0/psweep113_r4_20260328_171213/result.json
3nq9,3nq9_Kdist10.0_Kmono6.0,psweep113_r4_20260328_171213,10.0,6.0,ok,4.029600048377861,1000,1000,1000,0,0.0,1.0,0.0,0.21102120000000002,0.17642,Advantage2_system1.13,2167,27,./penalty_sweep_qpu_v113/samples/3nq9_Kdist10.0_Kmono6.0/psweep113_r4_20260328_171213/3nq9_ligand_report.csv,./penalty_sweep_qpu_v113/samples/3nq9_Kdist10.0_Kmono6.0/psweep113_r4_20260328_171213/3nq9_ligand_samples.json,./penalty_sweep_qpu_v113/samples/3nq9_Kdist10.0_Kmono6.0/psweep113_r4_20260328_171213/result.json
3nq9,3nq9_Kdist10.0_Kmono7.0,psweep113_r4_20260328_171213,10.0,7.0,ok,5.394134711916376,1000,1000,1000,0,0.0,1.0,0.0,0.2086252,0.17402,Advantage2_system1.13,2312,26,./penalty_sweep_qpu_v113/samples/3nq9_Kdist10.0_Kmono7.0/psweep113_r4_20260328_171213/3nq9_ligand_report.csv,./penalty_sweep_qpu_v113/samples/3nq9_Kdist10.0_Kmono7.0/psweep113_r4_20260328_171213/3nq9_ligand_samples.json,./penalty_sweep_qpu_v113/samples/3nq9_Kdist10.0_Kmono7.0/psweep113_r4_20260328_171213/result.json
3nq9,3nq9_Kdist10.0_Kmono8.0,psweep113_r4_20260328_171213,10.0,8.0,ok,1.949323735659606,1000,1000,1000,2,0.002,1.0,0.002,0.211486,0.17688,Advantage2_system1.13,2161,25,./penalty_sweep_qpu_v113/samples/3nq9_Kdist10.0_Kmono8.0/psweep113_r4_20260328_171213/3nq9_ligand_report.csv,./penalty_sweep_qpu_v113/samples/3nq9_Kdist10.0_Kmono8.0/psweep113_r4_20260328_171213/3nq9_ligand_samples.json,./penalty_sweep_qpu_v113/samples/3nq9_Kdist10.0_Kmono8.0/psweep113_r4_20260328_171213/result.json
3nq9,3nq9_Kdist10.0_Kmono9.0,psweep113_r4_20260328_171213,10.0,9.0,ok,2.440526618520845,1000,1000,1000,0,0.0,1.0,0.0,0.1997,0.1651,Advantage2_system1.13,2100,24,./penalty_sweep_qpu_v113/samples/3nq9_Kdist10.0_Kmono9.0/psweep113_r4_20260328_171213/3nq9_ligand_report.csv,./penalty_sweep_qpu_v113/samples/3nq9_Kdist10.0_Kmono9.0/psweep113_r4_20260328_171213/3nq9_ligand_samples.json,./penalty_sweep_qpu_v113/samples/3nq9_Kdist10.0_Kmono9.0/psweep113_r4_20260328_171213/result.json
3nq9,3nq9_Kdist10.0_Kmono10.0,psweep113_r4_20260328_171213,10.0,10.0,ok,3.9784831301300727,1000,1000,1000,0,0.0,1.0,0.0,0.2123064,0.1777,Advantage2_system1.13,1961,24,./penalty_sweep_qpu_v113/samples/3nq9_Kdist10.0_Kmono10.0/psweep113_r4_20260328_171213/3nq9_ligand_report.csv,./penalty_sweep_qpu_v113/samples/3nq9_Kdist10.0_Kmono10.0/psweep113_r4_20260328_171213/3nq9_ligand_samples.json,./penalty_sweep_qpu_v113/samples/3nq9_Kdist10.0_Kmono10.0/psweep113_r4_20260328_171213/result.json
3nq9,3nq9_Kdist10.0_Kmono11.0,psweep113_r4_20260328_171213,10.0,11.0,ok,2.8275911740088175,1000,1000,1000,0,0.0,1.0,0.0,0.20444120000000002,0.16984,Advantage2_system1.13,2072,24,./penalty_sweep_qpu_v113/samples/3nq9_Kdist10.0_Kmono11.0/psweep113_r4_20260328_171213/3nq9_ligand_report.csv,./penalty_sweep_qpu_v113/samples/3nq9_Kdist10.0_Kmono11.0/psweep113_r4_20260328_171213/3nq9_ligand_samples.json,./penalty_sweep_qpu_v113/samples/3nq9_Kdist10.0_Kmono11.0/psweep113_r4_20260328_171213/result.json
3nq9,3nq9_Kdist10.0_Kmono12.0,psweep113_r4_20260328_171213,10.0,12.0,ok,2.3674335154890813,1000,1000,1000,0,0.0,1.0,0.0,0.2096584,0.17506,Advantage2_system1.13,2203,26,./penalty_sweep_qpu_v113/samples/3nq9_Kdist10.0_Kmono12.0/psweep113_r4_20260328_171213/3nq9_ligand_report.csv,./penalty_sweep_qpu_v113/samples/3nq9_Kdist10.0_Kmono12.0/psweep113_r4_20260328_171213/3nq9_ligand_samples.json,./penalty_sweep_qpu_v113/samples/3nq9_Kdist10.0_Kmono12.0/psweep113_r4_20260328_171213/result.json
3nq9,3nq9_Kdist10.0_Kmono13.0,psweep113_r4_20260328_171213,10.0,13.0,ok,3.833181227402298,1000,1000,1000,0,0.0,1.0,0.0,0.205992,0.17138,Advantage2_system1.13,2090,25,./penalty_sweep_qpu_v113/samples/3nq9_Kdist10.0_Kmono13.0/psweep113_r4_20260328_171213/3nq9_ligand_report.csv,./penalty_sweep_qpu_v113/samples/3nq9_Kdist10.0_Kmono13.0/psweep113_r4_20260328_171213/3nq9_ligand_samples.json,./penalty_sweep_qpu_v113/samples/3nq9_Kdist10.0_Kmono13.0/psweep113_r4_20260328_171213/result.json
3nq9,3nq9_Kdist10.0_Kmono14.0,psweep113_r4_20260328_171213,10.0,14.0,ok,3.6344975517121814,1000,1000,1000,0,0.0,1.0,0.0,0.2117612,0.17716,Advantage2_system1.13,1961,23,./penalty_sweep_qpu_v113/samples/3nq9_Kdist10.0_Kmono14.0/psweep113_r4_20260328_171213/3nq9_ligand_report.csv,./penalty_sweep_qpu_v113/samples/3nq9_Kdist10.0_Kmono14.0/psweep113_r4_20260328_171213/3nq9_ligand_samples.json,./penalty_sweep_qpu_v113/samples/3nq9_Kdist10.0_Kmono14.0/psweep113_r4_20260328_171213/result.json
3nq9,3nq9_Kdist10.0_Kmono15.0,psweep113_r4_20260328_171213,10.0,15.0,ok,2.6693651814946313,1000,1000,1000,0,0.0,1.0,0.0,0.20788920000000002,0.17328,Advantage2_system1.13,2185,26,./penalty_sweep_qpu_v113/samples/3nq9_Kdist10.0_Kmono15.0/psweep113_r4_20260328_171213/3nq9_ligand_report.csv,./penalty_sweep_qpu_v113/samples/3nq9_Kdist10.0_Kmono15.0/psweep113_r4_20260328_171213/3nq9_ligand_samples.json,./penalty_sweep_qpu_v113/samples/3nq9_Kdist10.0_Kmono15.0/psweep113_r4_20260328_171213/result.json
3nq9,3nq9_Kdist10.0_Kmono16.0,psweep113_r4_20260328_171213,10.0,16.0,ok,2.1692839808142774,1000,1000,1000,0,0.0,1.0,0.0,0.21238320000000002,0.17778,Advantage2_system1.13,2137,26,./penalty_sweep_qpu_v113/samples/3nq9_Kdist10.0_Kmono16.0/psweep113_r4_20260328_171213/3nq9_ligand_report.csv,./penalty_sweep_qpu_v113/samples/3nq9_Kdist10.0_Kmono16.0/psweep113_r4_20260328_171213/3nq9_ligand_samples.json,./penalty_sweep_qpu_v113/samples/3nq9_Kdist10.0_Kmono16.0/psweep113_r4_20260328_171213/result.json
3nq9,3nq9_Kdist10.0_Kmono17.0,psweep113_r4_20260328_171213,10.0,17.0,ok,2.0432495588170836,1000,1000,1000,0,0.0,1.0,0.0,0.2074848,0.17288,Advantage2_system1.13,2112,25,./penalty_sweep_qpu_v113/samples/3nq9_Kdist10.0_Kmono17.0/psweep113_r4_20260328_171213/3nq9_ligand_report.csv,./penalty_sweep_qpu_v113/samples/3nq9_Kdist10.0_Kmono17.0/psweep113_r4_20260328_171213/3nq9_ligand_samples.json,./penalty_sweep_qpu_v113/samples/3nq9_Kdist10.0_Kmono17.0/psweep113_r4_20260328_171213/result.json
3nq9,3nq9_Kdist10.0_Kmono18.0,psweep113_r4_20260328_171213,10.0,18.0,ok,4.13662715038149,1000,1000,1000,0,0.0,1.0,0.0,0.2104836,0.17588,Advantage2_system1.13,1992,22,./penalty_sweep_qpu_v113/samples/3nq9_Kdist10.0_Kmono18.0/psweep113_r4_20260328_171213/3nq9_ligand_report.csv,./penalty_sweep_qpu_v113/samples/3nq9_Kdist10.0_Kmono18.0/psweep113_r4_20260328_171213/3nq9_ligand_samples.json,./penalty_sweep_qpu_v113/samples/3nq9_Kdist10.0_Kmono18.0/psweep113_r4_20260328_171213/result.json
3nq9,3nq9_Kdist10.0_Kmono19.0,psweep113_r4_20260328_171213,10.0,19.0,ok,3.509126700406395,1000,1000,1000,0,0.0,1.0,0.0,0.2062072,0.1716,Advantage2_system1.13,2000,25,./penalty_sweep_qpu_v113/samples/3nq9_Kdist10.0_Kmono19.0/psweep113_r4_20260328_171213/3nq9_ligand_report.csv,./penalty_sweep_qpu_v113/samples/3nq9_Kdist10.0_Kmono19.0/psweep113_r4_20260328_171213/3nq9_ligand_samples.json,./penalty_sweep_qpu_v113/samples/3nq9_Kdist10.0_Kmono19.0/psweep113_r4_20260328_171213/result.json
3nq9,3nq9_Kdist10.0_Kmono20.0,psweep113_r4_20260328_171213,10.0,20.0,ok,1.6993407948360164,1000,1000,1000,2,0.002,1.0,0.002,0.2069496,0.17234,Advantage2_system1.13,2039,25,./penalty_sweep_qpu_v113/samples/3nq9_Kdist10.0_Kmono20.0/psweep113_r4_20260328_171213/3nq9_ligand_report.csv,./penalty_sweep_qpu_v113/samples/3nq9_Kdist10.0_Kmono20.0/psweep113_r4_20260328_171213/3nq9_ligand_samples.json,./penalty_sweep_qpu_v113/samples/3nq9_Kdist10.0_Kmono20.0/psweep113_r4_20260328_171213/result.json
4jsz,4jsz_Kdist0.5_Kmono1.0,psweep113_r4_20260328_171213,0.5,1.0,ok,1.9029871232767006,1000,1000,1000,4,0.004,1.0,0.004,0.214952,0.18034,Advantage2_system1.13,2563,27,./penalty_sweep_qpu_v113/samples/4jsz_Kdist0.5_Kmono1.0/psweep113_r4_20260328_171213/4jsz_ligand_report.csv,./penalty_sweep_qpu_v113/samples/4jsz_Kdist0.5_Kmono1.0/psweep113_r4_20260328_171213/4jsz_ligand_samples.json,./penalty_sweep_qpu_v113/samples/4jsz_Kdist0.5_Kmono1.0/psweep113_r4_20260328_171213/result.json
4jsz,4jsz_Kdist0.5_Kmono2.0,psweep113_r4_20260328_171213,0.5,2.0,ok,1.6183353883106657,1000,1000,1000,145,0.145,1.0,0.145,0.215086,0.18048,Advantage2_system1.13,2420,25,./penalty_sweep_qpu_v113/samples/4jsz_Kdist0.5_Kmono2.0/psweep113_r4_20260328_171213/4jsz_ligand_report.csv,./penalty_sweep_qpu_v113/samples/4jsz_Kdist0.5_Kmono2.0/psweep113_r4_20260328_171213/4jsz_ligand_samples.json,./penalty_sweep_qpu_v113/samples/4jsz_Kdist0.5_Kmono2.0/psweep113_r4_20260328_171213/result.json
4jsz,4jsz_Kdist0.5_Kmono3.0,psweep113_r4_20260328_171213,0.5,3.0,ok,1.2701356515350424,1000,1000,1000,25,0.025,1.0,0.025,0.2110272,0.17642,Advantage2_system1.13,2416,26,./penalty_sweep_qpu_v113/samples/4jsz_Kdist0.5_Kmono3.0/psweep113_r4_20260328_171213/4jsz_ligand_report.csv,./penalty_sweep_qpu_v113/samples/4jsz_Kdist0.5_Kmono3.0/psweep113_r4_20260328_171213/4jsz_ligand_samples.json,./penalty_sweep_qpu_v113/samples/4jsz_Kdist0.5_Kmono3.0/psweep113_r4_20260328_171213/result.json
4jsz,4jsz_Kdist0.5_Kmono4.0,psweep113_r4_20260328_171213,0.5,4.0,ok,1.5575150324198763,1000,1000,1000,3,0.003,1.0,0.003,0.21241,0.1778,Advantage2_system1.13,2558,28,./penalty_sweep_qpu_v113/samples/4jsz_Kdist0.5_Kmono4.0/psweep113_r4_20260328_171213/4jsz_ligand_report.csv,./penalty_sweep_qpu_v113/samples/4jsz_Kdist0.5_Kmono4.0/psweep113_r4_20260328_171213/4jsz_ligand_samples.json,./penalty_sweep_qpu_v113/samples/4jsz_Kdist0.5_Kmono4.0/psweep113_r4_20260328_171213/result.json
4jsz,4jsz_Kdist0.5_Kmono5.0,psweep113_r4_20260328_171213,0.5,5.0,ok,1.397751912268093,1000,1000,1000,41,0.041,1.0,0.041,0.21902639999999998,0.18442,Advantage2_system1.13,2428,25,./penalty_sweep_qpu_v113/samples/4jsz_Kdist0.5_Kmono5.0/psweep113_r4_20260328_171213/4jsz_ligand_report.csv,./penalty_sweep_qpu_v113/samples/4jsz_Kdist0.5_Kmono5.0/psweep113_r4_20260328_171213/4jsz_ligand_samples.json,./penalty_sweep_qpu_v113/samples/4jsz_Kdist0.5_Kmono5.0/psweep113_r4_20260328_171213/result.json
4jsz,4jsz_Kdist0.5_Kmono6.0,psweep113_r4_20260328_171213,0.5,6.0,ok,1.942801962960593,1000,1000,1000,1,0.001,1.0,0.001,0.21635,0.18174,Advantage2_system1.13,2653,29,./penalty_sweep_qpu_v113/samples/4jsz_Kdist0.5_Kmono6.0/psweep113_r4_20260328_171213/4jsz_ligand_report.csv,./penalty_sweep_qpu_v113/samples/4jsz_Kdist0.5_Kmono6.0/psweep113_r4_20260328_171213/4jsz_ligand_samples.json,./penalty_sweep_qpu_v113/samples/4jsz_Kdist0.5_Kmono6.0/psweep113_r4_20260328_171213/result.json
4jsz,4jsz_Kdist0.5_Kmono7.0,psweep113_r4_20260328_171213,0.5,7.0,ok,1.2830180953257793,1000,1000,1000,21,0.021,1.0,0.021,0.218136,0.18352,Advantage2_system1.13,2765,31,./penalty_sweep_qpu_v113/samples/4jsz_Kdist0.5_Kmono7.0/psweep113_r4_20260328_171213/4jsz_ligand_report.csv,./penalty_sweep_qpu_v113/samples/4jsz_Kdist0.5_Kmono7.0/psweep113_r4_20260328_171213/4jsz_ligand_samples.json,./penalty_sweep_qpu_v113/samples/4jsz_Kdist0.5_Kmono7.0/psweep113_r4_20260328_171213/result.json
4jsz,4jsz_Kdist0.5_Kmono8.0,psweep113_r4_20260328_171213,0.5,8.0,ok,1.7288752617493481,1000,1000,1000,1,0.001,1.0,0.001,0.2124824,0.17788,Advantage2_system1.13,2490,27,./penalty_sweep_qpu_v113/samples/4jsz_Kdist0.5_Kmono8.0/psweep113_r4_20260328_171213/4jsz_ligand_report.csv,./penalty_sweep_qpu_v113/samples/4jsz_Kdist0.5_Kmono8.0/psweep113_r4_20260328_171213/4jsz_ligand_samples.json,./penalty_sweep_qpu_v113/samples/4jsz_Kdist0.5_Kmono8.0/psweep113_r4_20260328_171213/result.json
4jsz,4jsz_Kdist0.5_Kmono9.0,psweep113_r4_20260328_171213,0.5,9.0,ok,1.2213104258255958,1000,1000,1000,43,0.043,1.0,0.043,0.21353160000000002,0.17892,Advantage2_system1.13,2469,26,./penalty_sweep_qpu_v113/samples/4jsz_Kdist0.5_Kmono9.0/psweep113_r4_20260328_171213/4jsz_ligand_report.csv,./penalty_sweep_qpu_v113/samples/4jsz_Kdist0.5_Kmono9.0/psweep113_r4_20260328_171213/4jsz_ligand_samples.json,./penalty_sweep_qpu_v113/samples/4jsz_Kdist0.5_Kmono9.0/psweep113_r4_20260328_171213/result.json
4jsz,4jsz_Kdist0.5_Kmono10.0,psweep113_r4_20260328_171213,0.5,10.0,ok,1.326347051915679,1000,1000,1000,30,0.03,1.0,0.03,0.21776920000000002,0.18316,Advantage2_system1.13,2677,30,./penalty_sweep_qpu_v113/samples/4jsz_Kdist0.5_Kmono10.0/psweep113_r4_20260328_171213/4jsz_ligand_report.csv,./penalty_sweep_qpu_v113/samples/4jsz_Kdist0.5_Kmono10.0/psweep113_r4_20260328_171213/4jsz_ligand_samples.json,./penalty_sweep_qpu_v113/samples/4jsz_Kdist0.5_Kmono10.0/psweep113_r4_20260328_171213/result.json
4jsz,4jsz_Kdist0.5_Kmono11.0,psweep113_r4_20260328_171213,0.5,11.0,ok,1.247094652392535,1000,1000,1000,62,0.062,1.0,0.062,0.2118436,0.17724,Advantage2_system1.13,2762,33,./penalty_sweep_qpu_v113/samples/4jsz_Kdist0.5_Kmono11.0/psweep113_r4_20260328_171213/4jsz_ligand_report.csv,./penalty_sweep_qpu_v113/samples/4jsz_Kdist0.5_Kmono11.0/psweep113_r4_20260328_171213/4jsz_ligand_samples.json,./penalty_sweep_qpu_v113/samples/4jsz_Kdist0.5_Kmono11.0/psweep113_r4_20260328_171213/result.json
4jsz,4jsz_Kdist0.5_Kmono12.0,psweep113_r4_20260328_171213,0.5,12.0,ok,2.0388191048118594,1000,1000,1000,0,0.0,1.0,0.0,0.21241,0.1778,Advantage2_system1.13,2556,27,./penalty_sweep_qpu_v113/samples/4jsz_Kdist0.5_Kmono12.0/psweep113_r4_20260328_171213/4jsz_ligand_report.csv,./penalty_sweep_qpu_v113/samples/4jsz_Kdist0.5_Kmono12.0/psweep113_r4_20260328_171213/4jsz_ligand_samples.json,./penalty_sweep_qpu_v113/samples/4jsz_Kdist0.5_Kmono12.0/psweep113_r4_20260328_171213/result.json
4jsz,4jsz_Kdist0.5_Kmono13.0,psweep113_r4_20260328_171213,0.5,13.0,ok,2.813598096839009,1000,1000,1000,0,0.0,1.0,0.0,0.2141728,0.17956,Advantage2_system1.13,2437,25,./penalty_sweep_qpu_v113/samples/4jsz_Kdist0.5_Kmono13.0/psweep113_r4_20260328_171213/4jsz_ligand_report.csv,./penalty_sweep_qpu_v113/samples/4jsz_Kdist0.5_Kmono13.0/psweep113_r4_20260328_171213/4jsz_ligand_samples.json,./penalty_sweep_qpu_v113/samples/4jsz_Kdist0.5_Kmono13.0/psweep113_r4_20260328_171213/result.json
4jsz,4jsz_Kdist0.5_Kmono14.0,psweep113_r4_20260328_171213,0.5,14.0,ok,0.8704667221697149,1000,1000,1000,358,0.358,1.0,0.358,0.21813,0.18352,Advantage2_system1.13,2577,28,./penalty_sweep_qpu_v113/samples/4jsz_Kdist0.5_Kmono14.0/psweep113_r4_20260328_171213/4jsz_ligand_report.csv,./penalty_sweep_qpu_v113/samples/4jsz_Kdist0.5_Kmono14.0/psweep113_r4_20260328_171213/4jsz_ligand_samples.json,./penalty_sweep_qpu_v113/samples/4jsz_Kdist0.5_Kmono14.0/psweep113_r4_20260328_171213/result.json
4jsz,4jsz_Kdist0.5_Kmono15.0,psweep113_r4_20260328_171213,0.5,15.0,ok,2.0375958382816686,1000,1000,1000,0,0.0,1.0,0.0,0.21680560000000001,0.1822,Advantage2_system1.13,2453,27,./penalty_sweep_qpu_v113/samples/4jsz_Kdist0.5_Kmono15.0/psweep113_r4_20260328_171213/4jsz_ligand_report.csv,./penalty_sweep_qpu_v113/samples/4jsz_Kdist0.5_Kmono15.0/psweep113_r4_20260328_171213/4jsz_ligand_samples.json,./penalty_sweep_qpu_v113/samples/4jsz_Kdist0.5_Kmono15.0/psweep113_r4_20260328_171213/result.json
4jsz,4jsz_Kdist0.5_Kmono16.0,psweep113_r4_20260328_171213,0.5,16.0,ok,1.6678712763601515,1000,1000,1000,3,0.003,1.0,0.003,0.217356,0.18274,Advantage2_system1.13,2789,30,./penalty_sweep_qpu_v113/samples/4jsz_Kdist0.5_Kmono16.0/psweep113_r4_20260328_171213/4jsz_ligand_report.csv,./penalty_sweep_qpu_v113/samples/4jsz_Kdist0.5_Kmono16.0/psweep113_r4_20260328_171213/4jsz_ligand_samples.json,./penalty_sweep_qpu_v113/samples/4jsz_Kdist0.5_Kmono16.0/psweep113_r4_20260328_171213/result.json
4jsz,4jsz_Kdist0.5_Kmono17.0,psweep113_r4_20260328_171213,0.5,17.0,ok,1.2560736321868218,1000,1000,1000,80,0.08,1.0,0.08,0.2120352,0.17742,Advantage2_system1.13,2530,26,./penalty_sweep_qpu_v113/samples/4jsz_Kdist0.5_Kmono17.0/psweep113_r4_20260328_171213/4jsz_ligand_report.csv,./penalty_sweep_qpu_v113/samples/4jsz_Kdist0.5_Kmono17.0/psweep113_r4_20260328_171213/4jsz_ligand_samples.json,./penalty_sweep_qpu_v113/samples/4jsz_Kdist0.5_Kmono17.0/psweep113_r4_20260328_171213/result.json
4jsz,4jsz_Kdist0.5_Kmono18.0,psweep113_r4_20260328_171213,0.5,18.0,ok,1.417811582023266,1000,1000,1000,16,0.016,1.0,0.016,0.2118112,0.1772,Advantage2_system1.13,2493,28,./penalty_sweep_qpu_v113/samples/4jsz_Kdist0.5_Kmono18.0/psweep113_r4_20260328_171213/4jsz_ligand_report.csv,./penalty_sweep_qpu_v113/samples/4jsz_Kdist0.5_Kmono18.0/psweep113_r4_20260328_171213/4jsz_ligand_samples.json,./penalty_sweep_qpu_v113/samples/4jsz_Kdist0.5_Kmono18.0/psweep113_r4_20260328_171213/result.json
4jsz,4jsz_Kdist0.5_Kmono19.0,psweep113_r4_20260328_171213,0.5,19.0,ok,1.4647952078522863,1000,1000,1000,9,0.009,1.0,0.009,0.22040479999999998,0.1858,Advantage2_system1.13,2372,25,./penalty_sweep_qpu_v113/samples/4jsz_Kdist0.5_Kmono19.0/psweep113_r4_20260328_171213/4jsz_ligand_report.csv,./penalty_sweep_qpu_v113/samples/4jsz_Kdist0.5_Kmono19.0/psweep113_r4_20260328_171213/4jsz_ligand_samples.json,./penalty_sweep_qpu_v113/samples/4jsz_Kdist0.5_Kmono19.0/psweep113_r4_20260328_171213/result.json
4jsz,4jsz_Kdist0.5_Kmono20.0,psweep113_r4_20260328_171213,0.5,20.0,ok,1.8045535938125994,1000,1000,1000,2,0.002,1.0,0.002,0.2109416,0.17634,Advantage2_system1.13,2461,25,./penalty_sweep_qpu_v113/samples/4jsz_Kdist0.5_Kmono20.0/psweep113_r4_20260328_171213/4jsz_ligand_report.csv,./penalty_sweep_qpu_v113/samples/4jsz_Kdist0.5_Kmono20.0/psweep113_r4_20260328_171213/4jsz_ligand_samples.json,./penalty_sweep_qpu_v113/samples/4jsz_Kdist0.5_Kmono20.0/psweep113_r4_20260328_171213/result.json
4jsz,4jsz_Kdist1.0_Kmono1.0,psweep113_r4_20260328_171213,1.0,1.0,ok,2.5093403197056743,1000,1000,1000,0,0.0,1.0,0.0,0.21076720000000002,0.17616,Advantage2_system1.13,2590,28,./penalty_sweep_qpu_v113/samples/4jsz_Kdist1.0_Kmono1.0/psweep113_r4_20260328_171213/4jsz_ligand_report.csv,./penalty_sweep_qpu_v113/samples/4jsz_Kdist1.0_Kmono1.0/psweep113_r4_20260328_171213/4jsz_ligand_samples.json,./penalty_sweep_qpu_v113/samples/4jsz_Kdist1.0_Kmono1.0/psweep113_r4_20260328_171213/result.json
4jsz,4jsz_Kdist1.0_Kmono2.0,psweep113_r4_20260328_171213,1.0,2.0,ok,1.4461831450058296,1000,1000,1000,218,0.218,1.0,0.218,0.2120288,0.17742,Advantage2_system1.13,2585,27,./penalty_sweep_qpu_v113/samples/4jsz_Kdist1.0_Kmono2.0/psweep113_r4_20260328_171213/4jsz_ligand_report.csv,./penalty_sweep_qpu_v113/samples/4jsz_Kdist1.0_Kmono2.0/psweep113_r4_20260328_171213/4jsz_ligand_samples.json,./penalty_sweep_qpu_v113/samples/4jsz_Kdist1.0_Kmono2.0/psweep113_r4_20260328_171213/result.json
4jsz,4jsz_Kdist1.0_Kmono3.0,psweep113_r4_20260328_171213,1.0,3.0,ok,1.0279939793882023,1000,1000,1000,143,0.143,1.0,0.143,0.217852,0.18324,Advantage2_system1.13,2666,30,./penalty_sweep_qpu_v113/samples/4jsz_Kdist1.0_Kmono3.0/psweep113_r4_20260328_171213/4jsz_ligand_report.csv,./penalty_sweep_qpu_v113/samples/4jsz_Kdist1.0_Kmono3.0/psweep113_r4_20260328_171213/4jsz_ligand_samples.json,./penalty_sweep_qpu_v113/samples/4jsz_Kdist1.0_Kmono3.0/psweep113_r4_20260328_171213/result.json
4jsz,4jsz_Kdist1.0_Kmono4.0,psweep113_r4_20260328_171213,1.0,4.0,ok,1.4264806988314025,1000,1000,1000,119,0.119,1.0,0.119,0.21471279999999998,0.1801,Advantage2_system1.13,2749,31,./penalty_sweep_qpu_v113/samples/4jsz_Kdist1.0_Kmono4.0/psweep113_r4_20260328_171213/4jsz_ligand_report.csv,./penalty_sweep_qpu_v113/samples/4jsz_Kdist1.0_Kmono4.0/psweep113_r4_20260328_171213/4jsz_ligand_samples.json,./penalty_sweep_qpu_v113/samples/4jsz_Kdist1.0_Kmono4.0/psweep113_r4_20260328_171213/result.json
4jsz,4jsz_Kdist1.0_Kmono5.0,psweep113_r4_20260328_171213,1.0,5.0,ok,1.4300170847158244,1000,1000,1000,12,0.012,1.0,0.012,0.21813,0.18352,Advantage2_system1.13,2577,28,./penalty_sweep_qpu_v113/samples/4jsz_Kdist1.0_Kmono5.0/psweep113_r4_20260328_171213/4jsz_ligand_report.csv,./penalty_sweep_qpu_v113/samples/4jsz_Kdist1.0_Kmono5.0/psweep113_r4_20260328_171213/4jsz_ligand_samples.json,./penalty_sweep_qpu_v113/samples/4jsz_Kdist1.0_Kmono5.0/psweep113_r4_20260328_171213/result.json
4jsz,4jsz_Kdist1.0_Kmono6.0,psweep113_r4_20260328_171213,1.0,6.0,ok,1.8039612986318658,1000,1000,1000,15,0.015,1.0,0.015,0.2143216,0.1797,Advantage2_system1.13,2766,30,./penalty_sweep_qpu_v113/samples/4jsz_Kdist1.0_Kmono6.0/psweep113_r4_20260328_171213/4jsz_ligand_report.csv,./penalty_sweep_qpu_v113/samples/4jsz_Kdist1.0_Kmono6.0/psweep113_r4_20260328_171213/4jsz_ligand_samples.json,./penalty_sweep_qpu_v113/samples/4jsz_Kdist1.0_Kmono6.0/psweep113_r4_20260328_171213/result.json
4jsz,4jsz_Kdist1.0_Kmono7.0,psweep113_r4_20260328_171213,1.0,7.0,ok,1.6709816596322689,1000,1000,1000,9,0.009,1.0,0.009,0.21276720000000002,0.17816,Advantage2_system1.13,2497,26,./penalty_sweep_qpu_v113/samples/4jsz_Kdist1.0_Kmono7.0/psweep113_r4_20260328_171213/4jsz_ligand_report.csv,./penalty_sweep_qpu_v113/samples/4jsz_Kdist1.0_Kmono7.0/psweep113_r4_20260328_171213/4jsz_ligand_samples.json,./penalty_sweep_qpu_v113/samples/4jsz_Kdist1.0_Kmono7.0/psweep113_r4_20260328_171213/result.json
4jsz,4jsz_Kdist1.0_Kmono8.0,psweep113_r4_20260328_171213,1.0,8.0,ok,1.5437910115330555,1000,1000,1000,33,0.033,1.0,0.033,0.21714,0.18252,Advantage2_system1.13,2922,32,./penalty_sweep_qpu_v113/samples/4jsz_Kdist1.0_Kmono8.0/psweep113_r4_20260328_171213/4jsz_ligand_report.csv,./penalty_sweep_qpu_v113/samples/4jsz_Kdist1.0_Kmono8.0/psweep113_r4_20260328_171213/4jsz_ligand_samples.json,./penalty_sweep_qpu_v113/samples/4jsz_Kdist1.0_Kmono8.0/psweep113_r4_20260328_171213/result.json
4jsz,4jsz_Kdist1.0_Kmono9.0,psweep113_r4_20260328_171213,1.0,9.0,ok,1.259383262972438,1000,1000,1000,26,0.026,1.0,0.026,0.2173976,0.18278,Advantage2_system1.13,2734,31,./penalty_sweep_qpu_v113/samples/4jsz_Kdist1.0_Kmono9.0/psweep113_r4_20260328_171213/4jsz_ligand_report.csv,./penalty_sweep_qpu_v113/samples/4jsz_Kdist1.0_Kmono9.0/psweep113_r4_20260328_171213/4jsz_ligand_samples.json,./penalty_sweep_qpu_v113/samples/4jsz_Kdist1.0_Kmono9.0/psweep113_r4_20260328_171213/result.json
4jsz,4jsz_Kdist1.0_Kmono10.0,psweep113_r4_20260328_171213,1.0,10.0,ok,2.2754604177092146,1000,1000,1000,0,0.0,1.0,0.0,0.219022,0.18442,Advantage2_system1.13,2525,27,./penalty_sweep_qpu_v113/samples/4jsz_Kdist1.0_Kmono10.0/psweep113_r4_20260328_171213/4jsz_ligand_report.csv,./penalty_sweep_qpu_v113/samples/4jsz_Kdist1.0_Kmono10.0/psweep113_r4_20260328_171213/4jsz_ligand_samples.json,./penalty_sweep_qpu_v113/samples/4jsz_Kdist1.0_Kmono10.0/psweep113_r4_20260328_171213/result.json
4jsz,4jsz_Kdist1.0_Kmono11.0,psweep113_r4_20260328_171213,1.0,11.0,ok,2.066515927038651,1000,1000,1000,0,0.0,1.0,0.0,0.2139836,0.17938,Advantage2_system1.13,2331,25,./penalty_sweep_qpu_v113/samples/4jsz_Kdist1.0_Kmono11.0/psweep113_r4_20260328_171213/4jsz_ligand_report.csv,./penalty_sweep_qpu_v113/samples/4jsz_Kdist1.0_Kmono11.0/psweep113_r4_20260328_171213/4jsz_ligand_samples.json,./penalty_sweep_qpu_v113/samples/4jsz_Kdist1.0_Kmono11.0/psweep113_r4_20260328_171213/result.json
4jsz,4jsz_Kdist1.0_Kmono12.0,psweep113_r4_20260328_171213,1.0,12.0,ok,1.4543585262744791,1000,1000,1000,15,0.015,1.0,0.015,0.2153092,0.1807,Advantage2_system1.13,2435,26,./penalty_sweep_qpu_v113/samples/4jsz_Kdist1.0_Kmono12.0/psweep113_r4_20260328_171213/4jsz_ligand_report.csv,./penalty_sweep_qpu_v113/samples/4jsz_Kdist1.0_Kmono12.0/psweep113_r4_20260328_171213/4jsz_ligand_samples.json,./penalty_sweep_qpu_v113/samples/4jsz_Kdist1.0_Kmono12.0/psweep113_r4_20260328_171213/result.json
4jsz,4jsz_Kdist1.0_Kmono13.0,psweep113_r4_20260328_171213,1.0,13.0,ok,1.1451292647996525,1000,1000,1000,6,0.006,1.0,0.006,0.2185328,0.18392,Advantage2_system1.13,2689,32,./penalty_sweep_qpu_v113/samples/4jsz_Kdist1.0_Kmono13.0/psweep113_r4_20260328_171213/4jsz_ligand_report.csv,./penalty_sweep_qpu_v113/samples/4jsz_Kdist1.0_Kmono13.0/psweep113_r4_20260328_171213/4jsz_ligand_samples.json,./penalty_sweep_qpu_v113/samples/4jsz_Kdist1.0_Kmono13.0/psweep113_r4_20260328_171213/result.json
4jsz,4jsz_Kdist1.0_Kmono14.0,psweep113_r4_20260328_171213,1.0,14.0,ok,1.4604202315539503,1000,1000,1000,4,0.004,1.0,0.004,0.21713760000000001,0.18252,Advantage2_system1.13,2783,30,./penalty_sweep_qpu_v113/samples/4jsz_Kdist1.0_Kmono14.0/psweep113_r4_20260328_171213/4jsz_ligand_report.csv,./penalty_sweep_qpu_v113/samples/4jsz_Kdist1.0_Kmono14.0/psweep113_r4_20260328_171213/4jsz_ligand_samples.json,./penalty_sweep_qpu_v113/samples/4jsz_Kdist1.0_Kmono14.0/psweep113_r4_20260328_171213/result.json
4jsz,4jsz_Kdist1.0_Kmono15.0,psweep113_r4_20260328_171213,1.0,15.0,ok,1.8435094356490884,1000,1000,1000,1,0.001,1.0,0.001,0.2188828,0.18428,Advantage2_system1.13,2460,25,./penalty_sweep_qpu_v113/samples/4jsz_Kdist1.0_Kmono15.0/psweep113_r4_20260328_171213/4jsz_ligand_report.csv,./penalty_sweep_qpu_v113/samples/4jsz_Kdist1.0_Kmono15.0/psweep113_r4_20260328_171213/4jsz_ligand_samples.json,./penalty_sweep_qpu_v113/samples/4jsz_Kdist1.0_Kmono15.0/psweep113_r4_20260328_171213/result.json
4jsz,4jsz_Kdist1.0_Kmono16.0,psweep113_r4_20260328_171213,1.0,16.0,ok,2.1316024074784257,1000,1000,1000,0,0.0,1.0,0.0,0.2114084,0.1768,Advantage2_system1.13,2497,27,./penalty_sweep_qpu_v113/samples/4jsz_Kdist1.0_Kmono16.0/psweep113_r4_20260328_171213/4jsz_ligand_report.csv,./penalty_sweep_qpu_v113/samples/4jsz_Kdist1.0_Kmono16.0/psweep113_r4_20260328_171213/4jsz_ligand_samples.json,./penalty_sweep_qpu_v113/samples/4jsz_Kdist1.0_Kmono16.0/psweep113_r4_20260328_171213/result.json
4jsz,4jsz_Kdist1.0_Kmono17.0,psweep113_r4_20260328_171213,1.0,17.0,ok,1.282367630964238,1000,1000,1000,26,0.026,1.0,0.026,0.21112720000000001,0.17652,Advantage2_system1.13,2569,28,./penalty_sweep_qpu_v113/samples/4jsz_Kdist1.0_Kmono17.0/psweep113_r4_20260328_171213/4jsz_ligand_report.csv,./penalty_sweep_qpu_v113/samples/4jsz_Kdist1.0_Kmono17.0/psweep113_r4_20260328_171213/4jsz_ligand_samples.json,./penalty_sweep_qpu_v113/samples/4jsz_Kdist1.0_Kmono17.0/psweep113_r4_20260328_171213/result.json
4jsz,4jsz_Kdist1.0_Kmono18.0,psweep113_r4_20260328_171213,1.0,18.0,ok,2.591229542692788,1000,1000,1000,0,0.0,1.0,0.0,0.2175916,0.18298,Advantage2_system1.13,2455,26,./penalty_sweep_qpu_v113/samples/4jsz_Kdist1.0_Kmono18.0/psweep113_r4_20260328_171213/4jsz_ligand_report.csv,./penalty_sweep_qpu_v113/samples/4jsz_Kdist1.0_Kmono18.0/psweep113_r4_20260328_171213/4jsz_ligand_samples.json,./penalty_sweep_qpu_v113/samples/4jsz_Kdist1.0_Kmono18.0/psweep113_r4_20260328_171213/result.json
4jsz,4jsz_Kdist1.0_Kmono19.0,psweep113_r4_20260328_171213,1.0,19.0,ok,1.5028539972630217,1000,1000,1000,23,0.023,1.0,0.023,0.21421,0.1796,Advantage2_system1.13,2570,28,./penalty_sweep_qpu_v113/samples/4jsz_Kdist1.0_Kmono19.0/psweep113_r4_20260328_171213/4jsz_ligand_report.csv,./penalty_sweep_qpu_v113/samples/4jsz_Kdist1.0_Kmono19.0/psweep113_r4_20260328_171213/4jsz_ligand_samples.json,./penalty_sweep_qpu_v113/samples/4jsz_Kdist1.0_Kmono19.0/psweep113_r4_20260328_171213/result.json
4jsz,4jsz_Kdist1.0_Kmono20.0,psweep113_r4_20260328_171213,1.0,20.0,ok,1.467243210391979,1000,1000,1000,2,0.002,1.0,0.002,0.21148679999999997,0.17688,Advantage2_system1.13,2451,27,./penalty_sweep_qpu_v113/samples/4jsz_Kdist1.0_Kmono20.0/psweep113_r4_20260328_171213/4jsz_ligand_report.csv,./penalty_sweep_qpu_v113/samples/4jsz_Kdist1.0_Kmono20.0/psweep113_r4_20260328_171213/4jsz_ligand_samples.json,./penalty_sweep_qpu_v113/samples/4jsz_Kdist1.0_Kmono20.0/psweep113_r4_20260328_171213/result.json
4jsz,4jsz_Kdist1.5_Kmono1.0,psweep113_r4_20260328_171213,1.5,1.0,ok,3.3549975180221514,1000,1000,1000,0,0.0,1.0,0.0,0.20658520000000002,0.17198,Advantage2_system1.13,2385,26,./penalty_sweep_qpu_v113/samples/4jsz_Kdist1.5_Kmono1.0/psweep113_r4_20260328_171213/4jsz_ligand_report.csv,./penalty_sweep_qpu_v113/samples/4jsz_Kdist1.5_Kmono1.0/psweep113_r4_20260328_171213/4jsz_ligand_samples.json,./penalty_sweep_qpu_v113/samples/4jsz_Kdist1.5_Kmono1.0/psweep113_r4_20260328_171213/result.json
4jsz,4jsz_Kdist1.5_Kmono2.0,psweep113_r4_20260328_171213,1.5,2.0,ok,2.559485905906782,1000,1000,1000,0,0.0,1.0,0.0,0.2128064,0.1782,Advantage2_system1.13,2567,28,./penalty_sweep_qpu_v113/samples/4jsz_Kdist1.5_Kmono2.0/psweep113_r4_20260328_171213/4jsz_ligand_report.csv,./penalty_sweep_qpu_v113/samples/4jsz_Kdist1.5_Kmono2.0/psweep113_r4_20260328_171213/4jsz_ligand_samples.json,./penalty_sweep_qpu_v113/samples/4jsz_Kdist1.5_Kmono2.0/psweep113_r4_20260328_171213/result.json
4jsz,4jsz_Kdist1.5_Kmono3.0,psweep113_r4_20260328_171213,1.5,3.0,ok,1.4611809203702264,1000,1000,1000,70,0.07,1.0,0.07,0.207808,0.1732,Advantage2_system1.13,2372,26,./penalty_sweep_qpu_v113/samples/4jsz_Kdist1.5_Kmono3.0/psweep113_r4_20260328_171213/4jsz_ligand_report.csv,./penalty_sweep_qpu_v113/samples/4jsz_Kdist1.5_Kmono3.0/psweep113_r4_20260328_171213/4jsz_ligand_samples.json,./penalty_sweep_qpu_v113/samples/4jsz_Kdist1.5_Kmono3.0/psweep113_r4_20260328_171213/result.json
4jsz,4jsz_Kdist1.5_Kmono4.0,psweep113_r4_20260328_171213,1.5,4.0,ok,3.238261218712047,1000,1000,1000,0,0.0,1.0,0.0,0.211662,0.17706,Advantage2_system1.13,2481,26,./penalty_sweep_qpu_v113/samples/4jsz_Kdist1.5_Kmono4.0/psweep113_r4_20260328_171213/4jsz_ligand_report.csv,./penalty_sweep_qpu_v113/samples/4jsz_Kdist1.5_Kmono4.0/psweep113_r4_20260328_171213/4jsz_ligand_samples.json,./penalty_sweep_qpu_v113/samples/4jsz_Kdist1.5_Kmono4.0/psweep113_r4_20260328_171213/result.json
4jsz,4jsz_Kdist1.5_Kmono5.0,psweep113_r4_20260328_171213,1.5,5.0,ok,2.6833432533608548,1000,1000,1000,0,0.0,1.0,0.0,0.2182264,0.18362,Advantage2_system1.13,2528,26,./penalty_sweep_qpu_v113/samples/4jsz_Kdist1.5_Kmono5.0/psweep113_r4_20260328_171213/4jsz_ligand_report.csv,./penalty_sweep_qpu_v113/samples/4jsz_Kdist1.5_Kmono5.0/psweep113_r4_20260328_171213/4jsz_ligand_samples.json,./penalty_sweep_qpu_v113/samples/4jsz_Kdist1.5_Kmono5.0/psweep113_r4_20260328_171213/result.json
4jsz,4jsz_Kdist1.5_Kmono6.0,psweep113_r4_20260328_171213,1.5,6.0,ok,2.446464830439345,1000,1000,1000,0,0.0,1.0,0.0,0.20981239999999998,0.1752,Advantage2_system1.13,2394,27,./penalty_sweep_qpu_v113/samples/4jsz_Kdist1.5_Kmono6.0/psweep113_r4_20260328_171213/4jsz_ligand_report.csv,./penalty_sweep_qpu_v113/samples/4jsz_Kdist1.5_Kmono6.0/psweep113_r4_20260328_171213/4jsz_ligand_samples.json,./penalty_sweep_qpu_v113/samples/4jsz_Kdist1.5_Kmono6.0/psweep113_r4_20260328_171213/result.json
4jsz,4jsz_Kdist1.5_Kmono7.0,psweep113_r4_20260328_171213,1.5,7.0,ok,1.9979659264057619,1000,1000,1000,1,0.001,1.0,0.001,0.20658520000000002,0.17198,Advantage2_system1.13,2438,26,./penalty_sweep_qpu_v113/samples/4jsz_Kdist1.5_Kmono7.0/psweep113_r4_20260328_171213/4jsz_ligand_report.csv,./penalty_sweep_qpu_v113/samples/4jsz_Kdist1.5_Kmono7.0/psweep113_r4_20260328_171213/4jsz_ligand_samples.json,./penalty_sweep_qpu_v113/samples/4jsz_Kdist1.5_Kmono7.0/psweep113_r4_20260328_171213/result.json
4jsz,4jsz_Kdist1.5_Kmono8.0,psweep113_r4_20260328_171213,1.5,8.0,ok,2.9276372762367737,1000,1000,1000,0,0.0,1.0,0.0,0.214206,0.1796,Advantage2_system1.13,2527,28,./penalty_sweep_qpu_v113/samples/4jsz_Kdist1.5_Kmono8.0/psweep113_r4_20260328_171213/4jsz_ligand_report.csv,./penalty_sweep_qpu_v113/samples/4jsz_Kdist1.5_Kmono8.0/psweep113_r4_20260328_171213/4jsz_ligand_samples.json,./penalty_sweep_qpu_v113/samples/4jsz_Kdist1.5_Kmono8.0/psweep113_r4_20260328_171213/result.json
4jsz,4jsz_Kdist1.5_Kmono9.0,psweep113_r4_20260328_171213,1.5,9.0,ok,1.2885634710470046,1000,1000,1000,40,0.04,1.0,0.04,0.218916,0.1843,Advantage2_system1.13,3200,38,./penalty_sweep_qpu_v113/samples/4jsz_Kdist1.5_Kmono9.0/psweep113_r4_20260328_171213/4jsz_ligand_report.csv,./penalty_sweep_qpu_v113/samples/4jsz_Kdist1.5_Kmono9.0/psweep113_r4_20260328_171213/4jsz_ligand_samples.json,./penalty_sweep_qpu_v113/samples/4jsz_Kdist1.5_Kmono9.0/psweep113_r4_20260328_171213/result.json
4jsz,4jsz_Kdist1.5_Kmono10.0,psweep113_r4_20260328_171213,1.5,10.0,ok,1.91480064681347,1000,1000,1000,1,0.001,1.0,0.001,0.2152096,0.1806,Advantage2_system1.13,2726,30,./penalty_sweep_qpu_v113/samples/4jsz_Kdist1.5_Kmono10.0/psweep113_r4_20260328_171213/4jsz_ligand_report.csv,./penalty_sweep_qpu_v113/samples/4jsz_Kdist1.5_Kmono10.0/psweep113_r4_20260328_171213/4jsz_ligand_samples.json,./penalty_sweep_qpu_v113/samples/4jsz_Kdist1.5_Kmono10.0/psweep113_r4_20260328_171213/result.json
4jsz,4jsz_Kdist1.5_Kmono11.0,psweep113_r4_20260328_171213,1.5,11.0,ok,1.9733874792871684,1000,1000,1000,1,0.001,1.0,0.001,0.2130516,0.17844,Advantage2_system1.13,2545,27,./penalty_sweep_qpu_v113/samples/4jsz_Kdist1.5_Kmono11.0/psweep113_r4_20260328_171213/4jsz_ligand_report.csv,./penalty_sweep_qpu_v113/samples/4jsz_Kdist1.5_Kmono11.0/psweep113_r4_20260328_171213/4jsz_ligand_samples.json,./penalty_sweep_qpu_v113/samples/4jsz_Kdist1.5_Kmono11.0/psweep113_r4_20260328_171213/result.json
4jsz,4jsz_Kdist1.5_Kmono12.0,psweep113_r4_20260328_171213,1.5,12.0,ok,1.0200095357568957,1000,1000,1000,35,0.035,1.0,0.035,0.2136304,0.17902,Advantage2_system1.13,2833,31,./penalty_sweep_qpu_v113/samples/4jsz_Kdist1.5_Kmono12.0/psweep113_r4_20260328_171213/4jsz_ligand_report.csv,./penalty_sweep_qpu_v113/samples/4jsz_Kdist1.5_Kmono12.0/psweep113_r4_20260328_171213/4jsz_ligand_samples.json,./penalty_sweep_qpu_v113/samples/4jsz_Kdist1.5_Kmono12.0/psweep113_r4_20260328_171213/result.json
4jsz,4jsz_Kdist1.5_Kmono13.0,psweep113_r4_20260328_171213,1.5,13.0,ok,1.5602783561358335,1000,1000,1000,56,0.056,1.0,0.056,0.21390520000000002,0.1793,Advantage2_system1.13,2453,26,./penalty_sweep_qpu_v113/samples/4jsz_Kdist1.5_Kmono13.0/psweep113_r4_20260328_171213/4jsz_ligand_report.csv,./penalty_sweep_qpu_v113/samples/4jsz_Kdist1.5_Kmono13.0/psweep113_r4_20260328_171213/4jsz_ligand_samples.json,./penalty_sweep_qpu_v113/samples/4jsz_Kdist1.5_Kmono13.0/psweep113_r4_20260328_171213/result.json
4jsz,4jsz_Kdist1.5_Kmono14.0,psweep113_r4_20260328_171213,1.5,14.0,ok,2.0004373129742268,1000,1000,1000,0,0.0,1.0,0.0,0.20821320000000001,0.1736,Advantage2_system1.13,2701,29,./penalty_sweep_qpu_v113/samples/4jsz_Kdist1.5_Kmono14.0/psweep113_r4_20260328_171213/4jsz_ligand_report.csv,./penalty_sweep_qpu_v113/samples/4jsz_Kdist1.5_Kmono14.0/psweep113_r4_20260328_171213/4jsz_ligand_samples.json,./penalty_sweep_qpu_v113/samples/4jsz_Kdist1.5_Kmono14.0/psweep113_r4_20260328_171213/result.json
4jsz,4jsz_Kdist1.5_Kmono15.0,psweep113_r4_20260328_171213,1.5,15.0,ok,1.1682928355176623,1000,1000,1000,210,0.21,1.0,0.21,0.21645,0.18184,Advantage2_system1.13,2836,31,./penalty_sweep_qpu_v113/samples/4jsz_Kdist1.5_Kmono15.0/psweep113_r4_20260328_171213/4jsz_ligand_report.csv,./penalty_sweep_qpu_v113/samples/4jsz_Kdist1.5_Kmono15.0/psweep113_r4_20260328_171213/4jsz_ligand_samples.json,./penalty_sweep_qpu_v113/samples/4jsz_Kdist1.5_Kmono15.0/psweep113_r4_20260328_171213/result.json
4jsz,4jsz_Kdist1.5_Kmono16.0,psweep113_r4_20260328_171213,1.5,16.0,ok,1.1852521516369148,1000,1000,1000,58,0.058,1.0,0.058,0.21621079999999998,0.1816,Advantage2_system1.13,2655,28,./penalty_sweep_qpu_v113/samples/4jsz_Kdist1.5_Kmono16.0/psweep113_r4_20260328_171213/4jsz_ligand_report.csv,./penalty_sweep_qpu_v113/samples/4jsz_Kdist1.5_Kmono16.0/psweep113_r4_20260328_171213/4jsz_ligand_samples.json,./penalty_sweep_qpu_v113/samples/4jsz_Kdist1.5_Kmono16.0/psweep113_r4_20260328_171213/result.json
4jsz,4jsz_Kdist1.5_Kmono17.0,psweep113_r4_20260328_171213,1.5,17.0,ok,1.8325379898672816,1000,1000,1000,5,0.005,1.0,0.005,0.21585520000000002,0.18124,Advantage2_system1.13,2957,32,./penalty_sweep_qpu_v113/samples/4jsz_Kdist1.5_Kmono17.0/psweep113_r4_20260328_171213/4jsz_ligand_report.csv,./penalty_sweep_qpu_v113/samples/4jsz_Kdist1.5_Kmono17.0/psweep113_r4_20260328_171213/4jsz_ligand_samples.json,./penalty_sweep_qpu_v113/samples/4jsz_Kdist1.5_Kmono17.0/psweep113_r4_20260328_171213/result.json
4jsz,4jsz_Kdist1.5_Kmono18.0,psweep113_r4_20260328_171213,1.5,18.0,ok,0.9513490674956218,1000,1000,1000,149,0.149,1.0,0.149,0.2094896,0.17488,Advantage2_system1.13,2428,26,./penalty_sweep_qpu_v113/samples/4jsz_Kdist1.5_Kmono18.0/psweep113_r4_20260328_171213/4jsz_ligand_report.csv,./penalty_sweep_qpu_v113/samples/4jsz_Kdist1.5_Kmono18.0/psweep113_r4_20260328_171213/4jsz_ligand_samples.json,./penalty_sweep_qpu_v113/samples/4jsz_Kdist1.5_Kmono18.0/psweep113_r4_20260328_171213/result.json
4jsz,4jsz_Kdist1.5_Kmono19.0,psweep113_r4_20260328_171213,1.5,19.0,ok,1.5067764049707555,1000,1000,1000,27,0.027,1.0,0.027,0.211528,0.17692,Advantage2_system1.13,2570,27,./penalty_sweep_qpu_v113/samples/4jsz_Kdist1.5_Kmono19.0/psweep113_r4_20260328_171213/4jsz_ligand_report.csv,./penalty_sweep_qpu_v113/samples/4jsz_Kdist1.5_Kmono19.0/psweep113_r4_20260328_171213/4jsz_ligand_samples.json,./penalty_sweep_qpu_v113/samples/4jsz_Kdist1.5_Kmono19.0/psweep113_r4_20260328_171213/result.json
4jsz,4jsz_Kdist1.5_Kmono20.0,psweep113_r4_20260328_171213,1.5,20.0,ok,1.9341709221037142,1000,1000,1000,2,0.002,1.0,0.002,0.215544,0.18094,Advantage2_system1.13,2485,26,./penalty_sweep_qpu_v113/samples/4jsz_Kdist1.5_Kmono20.0/psweep113_r4_20260328_171213/4jsz_ligand_report.csv,./penalty_sweep_qpu_v113/samples/4jsz_Kdist1.5_Kmono20.0/psweep113_r4_20260328_171213/4jsz_ligand_samples.json,./penalty_sweep_qpu_v113/samples/4jsz_Kdist1.5_Kmono20.0/psweep113_r4_20260328_171213/result.json
4jsz,4jsz_Kdist2.0_Kmono1.0,psweep113_r4_20260328_171213,2.0,1.0,ok,1.2393094492654104,1000,1000,1000,8,0.008,1.0,0.008,0.2191256,0.18452,Advantage2_system1.13,2555,29,./penalty_sweep_qpu_v113/samples/4jsz_Kdist2.0_Kmono1.0/psweep113_r4_20260328_171213/4jsz_ligand_report.csv,./penalty_sweep_qpu_v113/samples/4jsz_Kdist2.0_Kmono1.0/psweep113_r4_20260328_171213/4jsz_ligand_samples.json,./penalty_sweep_qpu_v113/samples/4jsz_Kdist2.0_Kmono1.0/psweep113_r4_20260328_171213/result.json
4jsz,4jsz_Kdist2.0_Kmono2.0,psweep113_r4_20260328_171213,2.0,2.0,ok,4.167418866300224,1000,1000,1000,0,0.0,1.0,0.0,0.21021079999999998,0.1756,Advantage2_system1.13,2543,28,./penalty_sweep_qpu_v113/samples/4jsz_Kdist2.0_Kmono2.0/psweep113_r4_20260328_171213/4jsz_ligand_report.csv,./penalty_sweep_qpu_v113/samples/4jsz_Kdist2.0_Kmono2.0/psweep113_r4_20260328_171213/4jsz_ligand_samples.json,./penalty_sweep_qpu_v113/samples/4jsz_Kdist2.0_Kmono2.0/psweep113_r4_20260328_171213/result.json
4jsz,4jsz_Kdist2.0_Kmono3.0,psweep113_r4_20260328_171213,2.0,3.0,ok,1.3660051842422718,1000,1000,1000,201,0.201,1.0,0.201,0.21182120000000002,0.1772,Advantage2_system1.13,2529,27,./penalty_sweep_qpu_v113/samples/4jsz_Kdist2.0_Kmono3.0/psweep113_r4_20260328_171213/4jsz_ligand_report.csv,./penalty_sweep_qpu_v113/samples/4jsz_Kdist2.0_Kmono3.0/psweep113_r4_20260328_171213/4jsz_ligand_samples.json,./penalty_sweep_qpu_v113/samples/4jsz_Kdist2.0_Kmono3.0/psweep113_r4_20260328_171213/result.json
4jsz,4jsz_Kdist2.0_Kmono4.0,psweep113_r4_20260328_171213,2.0,4.0,ok,2.1998631372294315,1000,1000,1000,0,0.0,1.0,0.0,0.2179932,0.18338,Advantage2_system1.13,2572,29,./penalty_sweep_qpu_v113/samples/4jsz_Kdist2.0_Kmono4.0/psweep113_r4_20260328_171213/4jsz_ligand_report.csv,./penalty_sweep_qpu_v113/samples/4jsz_Kdist2.0_Kmono4.0/psweep113_r4_20260328_171213/4jsz_ligand_samples.json,./penalty_sweep_qpu_v113/samples/4jsz_Kdist2.0_Kmono4.0/psweep113_r4_20260328_171213/result.json
4jsz,4jsz_Kdist2.0_Kmono5.0,psweep113_r4_20260328_171213,2.0,5.0,ok,1.540863244268949,1000,1000,1000,3,0.003,1.0,0.003,0.2130272,0.17842,Advantage2_system1.13,2669,30,./penalty_sweep_qpu_v113/samples/4jsz_Kdist2.0_Kmono5.0/psweep113_r4_20260328_171213/4jsz_ligand_report.csv,./penalty_sweep_qpu_v113/samples/4jsz_Kdist2.0_Kmono5.0/psweep113_r4_20260328_171213/4jsz_ligand_samples.json,./penalty_sweep_qpu_v113/samples/4jsz_Kdist2.0_Kmono5.0/psweep113_r4_20260328_171213/result.json
4jsz,4jsz_Kdist2.0_Kmono6.0,psweep113_r4_20260328_171213,2.0,6.0,ok,1.1834008656849655,1000,1000,1000,356,0.356,1.0,0.356,0.23497120000000002,0.1763,Advantage2_system1.13,2508,26,./penalty_sweep_qpu_v113/samples/4jsz_Kdist2.0_Kmono6.0/psweep113_r4_20260328_171213/4jsz_ligand_report.csv,./penalty_sweep_qpu_v113/samples/4jsz_Kdist2.0_Kmono6.0/psweep113_r4_20260328_171213/4jsz_ligand_samples.json,./penalty_sweep_qpu_v113/samples/4jsz_Kdist2.0_Kmono6.0/psweep113_r4_20260328_171213/result.json
4jsz,4jsz_Kdist2.0_Kmono7.0,psweep113_r4_20260328_171213,2.0,7.0,ok,2.3489397312866047,1000,1000,1000,0,0.0,1.0,0.0,0.2162168,0.1816,Advantage2_system1.13,2721,30,./penalty_sweep_qpu_v113/samples/4jsz_Kdist2.0_Kmono7.0/psweep113_r4_20260328_171213/4jsz_ligand_report.csv,./penalty_sweep_qpu_v113/samples/4jsz_Kdist2.0_Kmono7.0/psweep113_r4_20260328_171213/4jsz_ligand_samples.json,./penalty_sweep_qpu_v113/samples/4jsz_Kdist2.0_Kmono7.0/psweep113_r4_20260328_171213/result.json
4jsz,4jsz_Kdist2.0_Kmono8.0,psweep113_r4_20260328_171213,2.0,8.0,ok,1.406166529660132,1000,1000,1000,8,0.008,1.0,0.008,0.21670479999999998,0.1821,Advantage2_system1.13,2390,26,./penalty_sweep_qpu_v113/samples/4jsz_Kdist2.0_Kmono8.0/psweep113_r4_20260328_171213/4jsz_ligand_report.csv,./penalty_sweep_qpu_v113/samples/4jsz_Kdist2.0_Kmono8.0/psweep113_r4_20260328_171213/4jsz_ligand_samples.json,./penalty_sweep_qpu_v113/samples/4jsz_Kdist2.0_Kmono8.0/psweep113_r4_20260328_171213/result.json
4jsz,4jsz_Kdist2.0_Kmono9.0,psweep113_r4_20260328_171213,2.0,9.0,ok,2.799228508850056,1000,1000,1000,0,0.0,1.0,0.0,0.2148568,0.18024,Advantage2_system1.13,2705,30,./penalty_sweep_qpu_v113/samples/4jsz_Kdist2.0_Kmono9.0/psweep113_r4_20260328_171213/4jsz_ligand_report.csv,./penalty_sweep_qpu_v113/samples/4jsz_Kdist2.0_Kmono9.0/psweep113_r4_20260328_171213/4jsz_ligand_samples.json,./penalty_sweep_qpu_v113/samples/4jsz_Kdist2.0_Kmono9.0/psweep113_r4_20260328_171213/result.json
4jsz,4jsz_Kdist2.0_Kmono10.0,psweep113_r4_20260328_171213,2.0,10.0,ok,1.3959026977834617,1000,1000,1000,37,0.037,1.0,0.037,0.21912879999999998,0.18452,Advantage2_system1.13,2525,28,./penalty_sweep_qpu_v113/samples/4jsz_Kdist2.0_Kmono10.0/psweep113_r4_20260328_171213/4jsz_ligand_report.csv,./penalty_sweep_qpu_v113/samples/4jsz_Kdist2.0_Kmono10.0/psweep113_r4_20260328_171213/4jsz_ligand_samples.json,./penalty_sweep_qpu_v113/samples/4jsz_Kdist2.0_Kmono10.0/psweep113_r4_20260328_171213/result.json
4jsz,4jsz_Kdist2.0_Kmono11.0,psweep113_r4_20260328_171213,2.0,11.0,ok,1.9955478747997064,1000,1000,1000,1,0.001,1.0,0.001,0.2164472,0.18184,Advantage2_system1.13,2331,25,./penalty_sweep_qpu_v113/samples/4jsz_Kdist2.0_Kmono11.0/psweep113_r4_20260328_171213/4jsz_ligand_report.csv,./penalty_sweep_qpu_v113/samples/4jsz_Kdist2.0_Kmono11.0/psweep113_r4_20260328_171213/4jsz_ligand_samples.json,./penalty_sweep_qpu_v113/samples/4jsz_Kdist2.0_Kmono11.0/psweep113_r4_20260328_171213/result.json
4jsz,4jsz_Kdist2.0_Kmono12.0,psweep113_r4_20260328_171213,2.0,12.0,ok,2.452054370206988,1000,1000,1000,0,0.0,1.0,0.0,0.21395679999999997,0.17934,Advantage2_system1.13,2596,28,./penalty_sweep_qpu_v113/samples/4jsz_Kdist2.0_Kmono12.0/psweep113_r4_20260328_171213/4jsz_ligand_report.csv,./penalty_sweep_qpu_v113/samples/4jsz_Kdist2.0_Kmono12.0/psweep113_r4_20260328_171213/4jsz_ligand_samples.json,./penalty_sweep_qpu_v113/samples/4jsz_Kdist2.0_Kmono12.0/psweep113_r4_20260328_171213/result.json
4jsz,4jsz_Kdist2.0_Kmono13.0,psweep113_r4_20260328_171213,2.0,13.0,ok,1.6742797432540677,1000,1000,1000,3,0.003,1.0,0.003,0.2144488,0.17984,Advantage2_system1.13,2752,28,./penalty_sweep_qpu_v113/samples/4jsz_Kdist2.0_Kmono13.0/psweep113_r4_20260328_171213/4jsz_ligand_report.csv,./penalty_sweep_qpu_v113/samples/4jsz_Kdist2.0_Kmono13.0/psweep113_r4_20260328_171213/4jsz_ligand_samples.json,./penalty_sweep_qpu_v113/samples/4jsz_Kdist2.0_Kmono13.0/psweep113_r4_20260328_171213/result.json
4jsz,4jsz_Kdist2.0_Kmono14.0,psweep113_r4_20260328_171213,2.0,14.0,ok,1.3042071458373694,1000,1000,1000,28,0.028,1.0,0.028,0.2148424,0.18024,Advantage2_system1.13,2687,29,./penalty_sweep_qpu_v113/samples/4jsz_Kdist2.0_Kmono14.0/psweep113_r4_20260328_171213/4jsz_ligand_report.csv,./penalty_sweep_qpu_v113/samples/4jsz_Kdist2.0_Kmono14.0/psweep113_r4_20260328_171213/4jsz_ligand_samples.json,./penalty_sweep_qpu_v113/samples/4jsz_Kdist2.0_Kmono14.0/psweep113_r4_20260328_171213/result.json
4jsz,4jsz_Kdist2.0_Kmono15.0,psweep113_r4_20260328_171213,2.0,15.0,ok,2.154656960179663,1000,1000,1000,0,0.0,1.0,0.0,0.2181468,0.18352,Advantage2_system1.13,3012,35,./penalty_sweep_qpu_v113/samples/4jsz_Kdist2.0_Kmono15.0/psweep113_r4_20260328_171213/4jsz_ligand_report.csv,./penalty_sweep_qpu_v113/samples/4jsz_Kdist2.0_Kmono15.0/psweep113_r4_20260328_171213/4jsz_ligand_samples.json,./penalty_sweep_qpu_v113/samples/4jsz_Kdist2.0_Kmono15.0/psweep113_r4_20260328_171213/result.json
4jsz,4jsz_Kdist2.0_Kmono16.0,psweep113_r4_20260328_171213,2.0,16.0,ok,1.5645887379984948,1000,1000,1000,1,0.001,1.0,0.001,0.209632,0.17502,Advantage2_system1.13,2445,26,./penalty_sweep_qpu_v113/samples/4jsz_Kdist2.0_Kmono16.0/psweep113_r4_20260328_171213/4jsz_ligand_report.csv,./penalty_sweep_qpu_v113/samples/4jsz_Kdist2.0_Kmono16.0/psweep113_r4_20260328_171213/4jsz_ligand_samples.json,./penalty_sweep_qpu_v113/samples/4jsz_Kdist2.0_Kmono16.0/psweep113_r4_20260328_171213/result.json
4jsz,4jsz_Kdist2.0_Kmono17.0,psweep113_r4_20260328_171213,2.0,17.0,ok,1.0122002739494755,1000,1000,1000,45,0.045,1.0,0.045,0.21112,0.17652,Advantage2_system1.13,2407,25,./penalty_sweep_qpu_v113/samples/4jsz_Kdist2.0_Kmono17.0/psweep113_r4_20260328_171213/4jsz_ligand_report.csv,./penalty_sweep_qpu_v113/samples/4jsz_Kdist2.0_Kmono17.0/psweep113_r4_20260328_171213/4jsz_ligand_samples.json,./penalty_sweep_qpu_v113/samples/4jsz_Kdist2.0_Kmono17.0/psweep113_r4_20260328_171213/result.json
4jsz,4jsz_Kdist2.0_Kmono18.0,psweep113_r4_20260328_171213,2.0,18.0,ok,1.8563354028738952,1000,1000,1000,3,0.003,1.0,0.003,0.2164524,0.18184,Advantage2_system1.13,2850,29,./penalty_sweep_qpu_v113/samples/4jsz_Kdist2.0_Kmono18.0/psweep113_r4_20260328_171213/4jsz_ligand_report.csv,./penalty_sweep_qpu_v113/samples/4jsz_Kdist2.0_Kmono18.0/psweep113_r4_20260328_171213/4jsz_ligand_samples.json,./penalty_sweep_qpu_v113/samples/4jsz_Kdist2.0_Kmono18.0/psweep113_r4_20260328_171213/result.json
4jsz,4jsz_Kdist2.0_Kmono19.0,psweep113_r4_20260328_171213,2.0,19.0,ok,1.3940324510297375,1000,1000,1000,82,0.082,1.0,0.082,0.2127716,0.17816,Advantage2_system1.13,2432,26,./penalty_sweep_qpu_v113/samples/4jsz_Kdist2.0_Kmono19.0/psweep113_r4_20260328_171213/4jsz_ligand_report.csv,./penalty_sweep_qpu_v113/samples/4jsz_Kdist2.0_Kmono19.0/psweep113_r4_20260328_171213/4jsz_ligand_samples.json,./penalty_sweep_qpu_v113/samples/4jsz_Kdist2.0_Kmono19.0/psweep113_r4_20260328_171213/result.json
4jsz,4jsz_Kdist2.0_Kmono20.0,psweep113_r4_20260328_171213,2.0,20.0,ok,0.9405908778938075,1000,1000,1000,36,0.036,1.0,0.036,0.2107084,0.1761,Advantage2_system1.13,2658,28,./penalty_sweep_qpu_v113/samples/4jsz_Kdist2.0_Kmono20.0/psweep113_r4_20260328_171213/4jsz_ligand_report.csv,./penalty_sweep_qpu_v113/samples/4jsz_Kdist2.0_Kmono20.0/psweep113_r4_20260328_171213/4jsz_ligand_samples.json,./penalty_sweep_qpu_v113/samples/4jsz_Kdist2.0_Kmono20.0/psweep113_r4_20260328_171213/result.json
4jsz,4jsz_Kdist2.5_Kmono1.0,psweep113_r4_20260328_171213,2.5,1.0,ok,2.418032010037375,1000,1000,1000,0,0.0,1.0,0.0,0.2117656,0.17716,Advantage2_system1.13,2419,26,./penalty_sweep_qpu_v113/samples/4jsz_Kdist2.5_Kmono1.0/psweep113_r4_20260328_171213/4jsz_ligand_report.csv,./penalty_sweep_qpu_v113/samples/4jsz_Kdist2.5_Kmono1.0/psweep113_r4_20260328_171213/4jsz_ligand_samples.json,./penalty_sweep_qpu_v113/samples/4jsz_Kdist2.5_Kmono1.0/psweep113_r4_20260328_171213/result.json
4jsz,4jsz_Kdist2.5_Kmono2.0,psweep113_r4_20260328_171213,2.5,2.0,ok,1.888191234956922,1000,1000,1000,1,0.001,1.0,0.001,0.209164,0.17456,Advantage2_system1.13,2553,26,./penalty_sweep_qpu_v113/samples/4jsz_Kdist2.5_Kmono2.0/psweep113_r4_20260328_171213/4jsz_ligand_report.csv,./penalty_sweep_qpu_v113/samples/4jsz_Kdist2.5_Kmono2.0/psweep113_r4_20260328_171213/4jsz_ligand_samples.json,./penalty_sweep_qpu_v113/samples/4jsz_Kdist2.5_Kmono2.0/psweep113_r4_20260328_171213/result.json
4jsz,4jsz_Kdist2.5_Kmono3.0,psweep113_r4_20260328_171213,2.5,3.0,ok,2.288333612779244,1000,1000,1000,0,0.0,1.0,0.0,0.21054,0.17592,Advantage2_system1.13,2459,25,./penalty_sweep_qpu_v113/samples/4jsz_Kdist2.5_Kmono3.0/psweep113_r4_20260328_171213/4jsz_ligand_report.csv,./penalty_sweep_qpu_v113/samples/4jsz_Kdist2.5_Kmono3.0/psweep113_r4_20260328_171213/4jsz_ligand_samples.json,./penalty_sweep_qpu_v113/samples/4jsz_Kdist2.5_Kmono3.0/psweep113_r4_20260328_171213/result.json
4jsz,4jsz_Kdist2.5_Kmono4.0,psweep113_r4_20260328_171213,2.5,4.0,ok,1.7033107276383472,1000,1000,1000,7,0.007,1.0,0.007,0.2173608,0.18274,Advantage2_system1.13,2976,33,./penalty_sweep_qpu_v113/samples/4jsz_Kdist2.5_Kmono4.0/psweep113_r4_20260328_171213/4jsz_ligand_report.csv,./penalty_sweep_qpu_v113/samples/4jsz_Kdist2.5_Kmono4.0/psweep113_r4_20260328_171213/4jsz_ligand_samples.json,./penalty_sweep_qpu_v113/samples/4jsz_Kdist2.5_Kmono4.0/psweep113_r4_20260328_171213/result.json
4jsz,4jsz_Kdist2.5_Kmono5.0,psweep113_r4_20260328_171213,2.5,5.0,ok,1.8781448976574322,1000,1000,1000,3,0.003,1.0,0.003,0.2139492,0.17934,Advantage2_system1.13,2732,28,./penalty_sweep_qpu_v113/samples/4jsz_Kdist2.5_Kmono5.0/psweep113_r4_20260328_171213/4jsz_ligand_report.csv,./penalty_sweep_qpu_v113/samples/4jsz_Kdist2.5_Kmono5.0/psweep113_r4_20260328_171213/4jsz_ligand_samples.json,./penalty_sweep_qpu_v113/samples/4jsz_Kdist2.5_Kmono5.0/psweep113_r4_20260328_171213/result.json
4jsz,4jsz_Kdist2.5_Kmono6.0,psweep113_r4_20260328_171213,2.5,6.0,ok,2.395491404477631,1000,1000,1000,0,0.0,1.0,0.0,0.20790920000000002,0.1733,Advantage2_system1.13,2695,29,./penalty_sweep_qpu_v113/samples/4jsz_Kdist2.5_Kmono6.0/psweep113_r4_20260328_171213/4jsz_ligand_report.csv,./penalty_sweep_qpu_v113/samples/4jsz_Kdist2.5_Kmono6.0/psweep113_r4_20260328_171213/4jsz_ligand_samples.json,./penalty_sweep_qpu_v113/samples/4jsz_Kdist2.5_Kmono6.0/psweep113_r4_20260328_171213/result.json
4jsz,4jsz_Kdist2.5_Kmono7.0,psweep113_r4_20260328_171213,2.5,7.0,ok,2.9748348468490184,1000,1000,1000,0,0.0,1.0,0.0,0.21421479999999998,0.1796,Advantage2_system1.13,2669,30,./penalty_sweep_qpu_v113/samples/4jsz_Kdist2.5_Kmono7.0/psweep113_r4_20260328_171213/4jsz_ligand_report.csv,./penalty_sweep_qpu_v113/samples/4jsz_Kdist2.5_Kmono7.0/psweep113_r4_20260328_171213/4jsz_ligand_samples.json,./penalty_sweep_qpu_v113/samples/4jsz_Kdist2.5_Kmono7.0/psweep113_r4_20260328_171213/result.json
4jsz,4jsz_Kdist2.5_Kmono8.0,psweep113_r4_20260328_171213,2.5,8.0,ok,2.292298543296772,1000,1000,1000,0,0.0,1.0,0.0,0.2115296,0.17692,Advantage2_system1.13,2474,26,./penalty_sweep_qpu_v113/samples/4jsz_Kdist2.5_Kmono8.0/psweep113_r4_20260328_171213/4jsz_ligand_report.csv,./penalty_sweep_qpu_v113/samples/4jsz_Kdist2.5_Kmono8.0/psweep113_r4_20260328_171213/4jsz_ligand_samples.json,./penalty_sweep_qpu_v113/samples/4jsz_Kdist2.5_Kmono8.0/psweep113_r4_20260328_171213/result.json
4jsz,4jsz_Kdist2.5_Kmono9.0,psweep113_r4_20260328_171213,2.5,9.0,ok,1.6125101116018103,1000,1000,1000,37,0.037,1.0,0.037,0.2130248,0.17842,Advantage2_system1.13,2499,27,./penalty_sweep_qpu_v113/samples/4jsz_Kdist2.5_Kmono9.0/psweep113_r4_20260328_171213/4jsz_ligand_report.csv,./penalty_sweep_qpu_v113/samples/4jsz_Kdist2.5_Kmono9.0/psweep113_r4_20260328_171213/4jsz_ligand_samples.json,./penalty_sweep_qpu_v113/samples/4jsz_Kdist2.5_Kmono9.0/psweep113_r4_20260328_171213/result.json
4jsz,4jsz_Kdist2.5_Kmono10.0,psweep113_r4_20260328_171213,2.5,10.0,ok,2.1283863258790583,1000,1000,1000,0,0.0,1.0,0.0,0.216946,0.18234,Advantage2_system1.13,2478,27,./penalty_sweep_qpu_v113/samples/4jsz_Kdist2.5_Kmono10.0/psweep113_r4_20260328_171213/4jsz_ligand_report.csv,./penalty_sweep_qpu_v113/samples/4jsz_Kdist2.5_Kmono10.0/psweep113_r4_20260328_171213/4jsz_ligand_samples.json,./penalty_sweep_qpu_v113/samples/4jsz_Kdist2.5_Kmono10.0/psweep113_r4_20260328_171213/result.json
4jsz,4jsz_Kdist2.5_Kmono11.0,psweep113_r4_20260328_171213,2.5,11.0,ok,1.0387023498835795,1000,1000,1000,71,0.071,1.0,0.071,0.206206,0.1716,Advantage2_system1.13,2648,28,./penalty_sweep_qpu_v113/samples/4jsz_Kdist2.5_Kmono11.0/psweep113_r4_20260328_171213/4jsz_ligand_report.csv,./penalty_sweep_qpu_v113/samples/4jsz_Kdist2.5_Kmono11.0/psweep113_r4_20260328_171213/4jsz_ligand_samples.json,./penalty_sweep_qpu_v113/samples/4jsz_Kdist2.5_Kmono11.0/psweep113_r4_20260328_171213/result.json
4jsz,4jsz_Kdist2.5_Kmono12.0,psweep113_r4_20260328_171213,2.5,12.0,ok,1.260956824660274,1000,1000,1000,177,0.177,1.0,0.177,0.218886,0.18428,Advantage2_system1.13,2409,25,./penalty_sweep_qpu_v113/samples/4jsz_Kdist2.5_Kmono12.0/psweep113_r4_20260328_171213/4jsz_ligand_report.csv,./penalty_sweep_qpu_v113/samples/4jsz_Kdist2.5_Kmono12.0/psweep113_r4_20260328_171213/4jsz_ligand_samples.json,./penalty_sweep_qpu_v113/samples/4jsz_Kdist2.5_Kmono12.0/psweep113_r4_20260328_171213/result.json
4jsz,4jsz_Kdist2.5_Kmono13.0,psweep113_r4_20260328_171213,2.5,13.0,ok,1.7620173515313864,1000,1000,1000,8,0.008,1.0,0.008,0.21022960000000002,0.17562,Advantage2_system1.13,2849,29,./penalty_sweep_qpu_v113/samples/4jsz_Kdist2.5_Kmono13.0/psweep113_r4_20260328_171213/4jsz_ligand_report.csv,./penalty_sweep_qpu_v113/samples/4jsz_Kdist2.5_Kmono13.0/psweep113_r4_20260328_171213/4jsz_ligand_samples.json,./penalty_sweep_qpu_v113/samples/4jsz_Kdist2.5_Kmono13.0/psweep113_r4_20260328_171213/result.json
4jsz,4jsz_Kdist2.5_Kmono14.0,psweep113_r4_20260328_171213,2.5,14.0,ok,1.224026116732543,1000,1000,1000,28,0.028,1.0,0.028,0.21026679999999998,0.17566,Advantage2_system1.13,2451,25,./penalty_sweep_qpu_v113/samples/4jsz_Kdist2.5_Kmono14.0/psweep113_r4_20260328_171213/4jsz_ligand_report.csv,./penalty_sweep_qpu_v113/samples/4jsz_Kdist2.5_Kmono14.0/psweep113_r4_20260328_171213/4jsz_ligand_samples.json,./penalty_sweep_qpu_v113/samples/4jsz_Kdist2.5_Kmono14.0/psweep113_r4_20260328_171213/result.json
4jsz,4jsz_Kdist2.5_Kmono15.0,psweep113_r4_20260328_171213,2.5,15.0,ok,2.0986234361482152,1000,1000,1000,0,0.0,1.0,0.0,0.21223,0.17762,Advantage2_system1.13,2597,28,./penalty_sweep_qpu_v113/samples/4jsz_Kdist2.5_Kmono15.0/psweep113_r4_20260328_171213/4jsz_ligand_report.csv,./penalty_sweep_qpu_v113/samples/4jsz_Kdist2.5_Kmono15.0/psweep113_r4_20260328_171213/4jsz_ligand_samples.json,./penalty_sweep_qpu_v113/samples/4jsz_Kdist2.5_Kmono15.0/psweep113_r4_20260328_171213/result.json
4jsz,4jsz_Kdist2.5_Kmono16.0,psweep113_r4_20260328_171213,2.5,16.0,ok,1.299869118789829,1000,1000,1000,14,0.014,1.0,0.014,0.2158072,0.1812,Advantage2_system1.13,2532,27,./penalty_sweep_qpu_v113/samples/4jsz_Kdist2.5_Kmono16.0/psweep113_r4_20260328_171213/4jsz_ligand_report.csv,./penalty_sweep_qpu_v113/samples/4jsz_Kdist2.5_Kmono16.0/psweep113_r4_20260328_171213/4jsz_ligand_samples.json,./penalty_sweep_qpu_v113/samples/4jsz_Kdist2.5_Kmono16.0/psweep113_r4_20260328_171213/result.json
4jsz,4jsz_Kdist2.5_Kmono17.0,psweep113_r4_20260328_171213,2.5,17.0,ok,1.655223519929506,1000,1000,1000,1,0.001,1.0,0.001,0.2128088,0.1782,Advantage2_system1.13,2520,26,./penalty_sweep_qpu_v113/samples/4jsz_Kdist2.5_Kmono17.0/psweep113_r4_20260328_171213/4jsz_ligand_report.csv,./penalty_sweep_qpu_v113/samples/4jsz_Kdist2.5_Kmono17.0/psweep113_r4_20260328_171213/4jsz_ligand_samples.json,./penalty_sweep_qpu_v113/samples/4jsz_Kdist2.5_Kmono17.0/psweep113_r4_20260328_171213/result.json
4jsz,4jsz_Kdist2.5_Kmono18.0,psweep113_r4_20260328_171213,2.5,18.0,ok,2.045009277682921,1000,1000,1000,0,0.0,1.0,0.0,0.21332079999999998,0.1787,Advantage2_system1.13,2728,31,./penalty_sweep_qpu_v113/samples/4jsz_Kdist2.5_Kmono18.0/psweep113_r4_20260328_171213/4jsz_ligand_report.csv,./penalty_sweep_qpu_v113/samples/4jsz_Kdist2.5_Kmono18.0/psweep113_r4_20260328_171213/4jsz_ligand_samples.json,./penalty_sweep_qpu_v113/samples/4jsz_Kdist2.5_Kmono18.0/psweep113_r4_20260328_171213/result.json
4jsz,4jsz_Kdist2.5_Kmono19.0,psweep113_r4_20260328_171213,2.5,19.0,ok,1.2184213541677433,1000,1000,1000,14,0.014,1.0,0.014,0.2107064,0.1761,Advantage2_system1.13,2537,27,./penalty_sweep_qpu_v113/samples/4jsz_Kdist2.5_Kmono19.0/psweep113_r4_20260328_171213/4jsz_ligand_report.csv,./penalty_sweep_qpu_v113/samples/4jsz_Kdist2.5_Kmono19.0/psweep113_r4_20260328_171213/4jsz_ligand_samples.json,./penalty_sweep_qpu_v113/samples/4jsz_Kdist2.5_Kmono19.0/psweep113_r4_20260328_171213/result.json
4jsz,4jsz_Kdist2.5_Kmono20.0,psweep113_r4_20260328_171213,2.5,20.0,ok,1.918283629473432,1000,1000,1000,4,0.004,1.0,0.004,0.2099528,0.17534,Advantage2_system1.13,2365,24,./penalty_sweep_qpu_v113/samples/4jsz_Kdist2.5_Kmono20.0/psweep113_r4_20260328_171213/4jsz_ligand_report.csv,./penalty_sweep_qpu_v113/samples/4jsz_Kdist2.5_Kmono20.0/psweep113_r4_20260328_171213/4jsz_ligand_samples.json,./penalty_sweep_qpu_v113/samples/4jsz_Kdist2.5_Kmono20.0/psweep113_r4_20260328_171213/result.json
4jsz,4jsz_Kdist3.0_Kmono1.0,psweep113_r4_20260328_171213,3.0,1.0,ok,1.4726764878078213,1000,1000,1000,166,0.166,1.0,0.166,0.2102056,0.1756,Advantage2_system1.13,2649,29,./penalty_sweep_qpu_v113/samples/4jsz_Kdist3.0_Kmono1.0/psweep113_r4_20260328_171213/4jsz_ligand_report.csv,./penalty_sweep_qpu_v113/samples/4jsz_Kdist3.0_Kmono1.0/psweep113_r4_20260328_171213/4jsz_ligand_samples.json,./penalty_sweep_qpu_v113/samples/4jsz_Kdist3.0_Kmono1.0/psweep113_r4_20260328_171213/result.json
4jsz,4jsz_Kdist3.0_Kmono2.0,psweep113_r4_20260328_171213,3.0,2.0,ok,3.4061566922791053,1000,1000,1000,0,0.0,1.0,0.0,0.2102244,0.17562,Advantage2_system1.13,2391,25,./penalty_sweep_qpu_v113/samples/4jsz_Kdist3.0_Kmono2.0/psweep113_r4_20260328_171213/4jsz_ligand_report.csv,./penalty_sweep_qpu_v113/samples/4jsz_Kdist3.0_Kmono2.0/psweep113_r4_20260328_171213/4jsz_ligand_samples.json,./penalty_sweep_qpu_v113/samples/4jsz_Kdist3.0_Kmono2.0/psweep113_r4_20260328_171213/result.json
4jsz,4jsz_Kdist3.0_Kmono3.0,psweep113_r4_20260328_171213,3.0,3.0,ok,2.27834921799157,1000,1000,1000,0,0.0,1.0,0.0,0.2150836,0.18048,Advantage2_system1.13,2553,28,./penalty_sweep_qpu_v113/samples/4jsz_Kdist3.0_Kmono3.0/psweep113_r4_20260328_171213/4jsz_ligand_report.csv,./penalty_sweep_qpu_v113/samples/4jsz_Kdist3.0_Kmono3.0/psweep113_r4_20260328_171213/4jsz_ligand_samples.json,./penalty_sweep_qpu_v113/samples/4jsz_Kdist3.0_Kmono3.0/psweep113_r4_20260328_171213/result.json
4jsz,4jsz_Kdist3.0_Kmono4.0,psweep113_r4_20260328_171213,3.0,4.0,ok,2.604372122397766,1000,1000,1000,0,0.0,1.0,0.0,0.2172104,0.1826,Advantage2_system1.13,2648,29,./penalty_sweep_qpu_v113/samples/4jsz_Kdist3.0_Kmono4.0/psweep113_r4_20260328_171213/4jsz_ligand_report.csv,./penalty_sweep_qpu_v113/samples/4jsz_Kdist3.0_Kmono4.0/psweep113_r4_20260328_171213/4jsz_ligand_samples.json,./penalty_sweep_qpu_v113/samples/4jsz_Kdist3.0_Kmono4.0/psweep113_r4_20260328_171213/result.json
4jsz,4jsz_Kdist3.0_Kmono5.0,psweep113_r4_20260328_171213,3.0,5.0,ok,1.9382683568330132,1000,1000,1000,3,0.003,1.0,0.003,0.2186276,0.18402,Advantage2_system1.13,2638,28,./penalty_sweep_qpu_v113/samples/4jsz_Kdist3.0_Kmono5.0/psweep113_r4_20260328_171213/4jsz_ligand_report.csv,./penalty_sweep_qpu_v113/samples/4jsz_Kdist3.0_Kmono5.0/psweep113_r4_20260328_171213/4jsz_ligand_samples.json,./penalty_sweep_qpu_v113/samples/4jsz_Kdist3.0_Kmono5.0/psweep113_r4_20260328_171213/result.json
4jsz,4jsz_Kdist3.0_Kmono6.0,psweep113_r4_20260328_171213,3.0,6.0,ok,1.123697254060938,1000,1000,1000,424,0.424,1.0,0.424,0.21253039999999998,0.17792,Advantage2_system1.13,2458,27,./penalty_sweep_qpu_v113/samples/4jsz_Kdist3.0_Kmono6.0/psweep113_r4_20260328_171213/4jsz_ligand_report.csv,./penalty_sweep_qpu_v113/samples/4jsz_Kdist3.0_Kmono6.0/psweep113_r4_20260328_171213/4jsz_ligand_samples.json,./penalty_sweep_qpu_v113/samples/4jsz_Kdist3.0_Kmono6.0/psweep113_r4_20260328_171213/result.json
4jsz,4jsz_Kdist3.0_Kmono7.0,psweep113_r4_20260328_171213,3.0,7.0,ok,1.4349764528224904,1000,1000,1000,164,0.164,1.0,0.164,0.2157076,0.1811,Advantage2_system1.13,2647,27,./penalty_sweep_qpu_v113/samples/4jsz_Kdist3.0_Kmono7.0/psweep113_r4_20260328_171213/4jsz_ligand_report.csv,./penalty_sweep_qpu_v113/samples/4jsz_Kdist3.0_Kmono7.0/psweep113_r4_20260328_171213/4jsz_ligand_samples.json,./penalty_sweep_qpu_v113/samples/4jsz_Kdist3.0_Kmono7.0/psweep113_r4_20260328_171213/result.json
4jsz,4jsz_Kdist3.0_Kmono8.0,psweep113_r4_20260328_171213,3.0,8.0,ok,2.5097991043877927,1000,1000,1000,0,0.0,1.0,0.0,0.209256,0.17466,Advantage2_system1.13,2440,26,./penalty_sweep_qpu_v113/samples/4jsz_Kdist3.0_Kmono8.0/psweep113_r4_20260328_171213/4jsz_ligand_report.csv,./penalty_sweep_qpu_v113/samples/4jsz_Kdist3.0_Kmono8.0/psweep113_r4_20260328_171213/4jsz_ligand_samples.json,./penalty_sweep_qpu_v113/samples/4jsz_Kdist3.0_Kmono8.0/psweep113_r4_20260328_171213/result.json
4jsz,4jsz_Kdist3.0_Kmono9.0,psweep113_r4_20260328_171213,3.0,9.0,ok,2.1192981884417184,1000,1000,1000,0,0.0,1.0,0.0,0.2105956,0.17598,Advantage2_system1.13,2643,29,./penalty_sweep_qpu_v113/samples/4jsz_Kdist3.0_Kmono9.0/psweep113_r4_20260328_171213/4jsz_ligand_report.csv,./penalty_sweep_qpu_v113/samples/4jsz_Kdist3.0_Kmono9.0/psweep113_r4_20260328_171213/4jsz_ligand_samples.json,./penalty_sweep_qpu_v113/samples/4jsz_Kdist3.0_Kmono9.0/psweep113_r4_20260328_171213/result.json
4jsz,4jsz_Kdist3.0_Kmono10.0,psweep113_r4_20260328_171213,3.0,10.0,ok,1.597717328954189,1000,1000,1000,3,0.003,1.0,0.003,0.21527120000000002,0.18066,Advantage2_system1.13,2527,27,./penalty_sweep_qpu_v113/samples/4jsz_Kdist3.0_Kmono10.0/psweep113_r4_20260328_171213/4jsz_ligand_report.csv,./penalty_sweep_qpu_v113/samples/4jsz_Kdist3.0_Kmono10.0/psweep113_r4_20260328_171213/4jsz_ligand_samples.json,./penalty_sweep_qpu_v113/samples/4jsz_Kdist3.0_Kmono10.0/psweep113_r4_20260328_171213/result.json
4jsz,4jsz_Kdist3.0_Kmono11.0,psweep113_r4_20260328_171213,3.0,11.0,ok,2.6263097382926968,1000,1000,1000,0,0.0,1.0,0.0,0.20941120000000002,0.1748,Advantage2_system1.13,2348,26,./penalty_sweep_qpu_v113/samples/4jsz_Kdist3.0_Kmono11.0/psweep113_r4_20260328_171213/4jsz_ligand_report.csv,./penalty_sweep_qpu_v113/samples/4jsz_Kdist3.0_Kmono11.0/psweep113_r4_20260328_171213/4jsz_ligand_samples.json,./penalty_sweep_qpu_v113/samples/4jsz_Kdist3.0_Kmono11.0/psweep113_r4_20260328_171213/result.json
4jsz,4jsz_Kdist3.0_Kmono12.0,psweep113_r4_20260328_171213,3.0,12.0,ok,2.9874390072560235,1000,1000,1000,0,0.0,1.0,0.0,0.2173496,0.18274,Advantage2_system1.13,2588,28,./penalty_sweep_qpu_v113/samples/4jsz_Kdist3.0_Kmono12.0/psweep113_r4_20260328_171213/4jsz_ligand_report.csv,./penalty_sweep_qpu_v113/samples/4jsz_Kdist3.0_Kmono12.0/psweep113_r4_20260328_171213/4jsz_ligand_samples.json,./penalty_sweep_qpu_v113/samples/4jsz_Kdist3.0_Kmono12.0/psweep113_r4_20260328_171213/result.json
4jsz,4jsz_Kdist3.0_Kmono13.0,psweep113_r4_20260328_171213,3.0,13.0,ok,1.2499524396817707,1000,1000,1000,131,0.131,1.0,0.131,0.2117244,0.17712,Advantage2_system1.13,2409,25,./penalty_sweep_qpu_v113/samples/4jsz_Kdist3.0_Kmono13.0/psweep113_r4_20260328_171213/4jsz_ligand_report.csv,./penalty_sweep_qpu_v113/samples/4jsz_Kdist3.0_Kmono13.0/psweep113_r4_20260328_171213/4jsz_ligand_samples.json,./penalty_sweep_qpu_v113/samples/4jsz_Kdist3.0_Kmono13.0/psweep113_r4_20260328_171213/result.json
4jsz,4jsz_Kdist3.0_Kmono14.0,psweep113_r4_20260328_171213,3.0,14.0,ok,2.1247031368565787,1000,1000,1000,0,0.0,1.0,0.0,0.2117224,0.17712,Advantage2_system1.13,2550,28,./penalty_sweep_qpu_v113/samples/4jsz_Kdist3.0_Kmono14.0/psweep113_r4_20260328_171213/4jsz_ligand_report.csv,./penalty_sweep_qpu_v113/samples/4jsz_Kdist3.0_Kmono14.0/psweep113_r4_20260328_171213/4jsz_ligand_samples.json,./penalty_sweep_qpu_v113/samples/4jsz_Kdist3.0_Kmono14.0/psweep113_r4_20260328_171213/result.json
4jsz,4jsz_Kdist3.0_Kmono15.0,psweep113_r4_20260328_171213,3.0,15.0,ok,2.241147358091646,1000,1000,1000,0,0.0,1.0,0.0,0.21848320000000002,0.18388,Advantage2_system1.13,2388,27,./penalty_sweep_qpu_v113/samples/4jsz_Kdist3.0_Kmono15.0/psweep113_r4_20260328_171213/4jsz_ligand_report.csv,./penalty_sweep_qpu_v113/samples/4jsz_Kdist3.0_Kmono15.0/psweep113_r4_20260328_171213/4jsz_ligand_samples.json,./penalty_sweep_qpu_v113/samples/4jsz_Kdist3.0_Kmono15.0/psweep113_r4_20260328_171213/result.json
4jsz,4jsz_Kdist3.0_Kmono16.0,psweep113_r4_20260328_171213,3.0,16.0,ok,0.9435164343346917,1000,1000,1000,352,0.352,1.0,0.352,0.21247960000000002,0.17788,Advantage2_system1.13,2552,26,./penalty_sweep_qpu_v113/samples/4jsz_Kdist3.0_Kmono16.0/psweep113_r4_20260328_171213/4jsz_ligand_report.csv,./penalty_sweep_qpu_v113/samples/4jsz_Kdist3.0_Kmono16.0/psweep113_r4_20260328_171213/4jsz_ligand_samples.json,./penalty_sweep_qpu_v113/samples/4jsz_Kdist3.0_Kmono16.0/psweep113_r4_20260328_171213/result.json
4jsz,4jsz_Kdist3.0_Kmono17.0,psweep113_r4_20260328_171213,3.0,17.0,ok,2.013370337064162,1000,1000,1000,0,0.0,1.0,0.0,0.2150812,0.18048,Advantage2_system1.13,2516,28,./penalty_sweep_qpu_v113/samples/4jsz_Kdist3.0_Kmono17.0/psweep113_r4_20260328_171213/4jsz_ligand_report.csv,./penalty_sweep_qpu_v113/samples/4jsz_Kdist3.0_Kmono17.0/psweep113_r4_20260328_171213/4jsz_ligand_samples.json,./penalty_sweep_qpu_v113/samples/4jsz_Kdist3.0_Kmono17.0/psweep113_r4_20260328_171213/result.json
4jsz,4jsz_Kdist3.0_Kmono18.0,psweep113_r4_20260328_171213,3.0,18.0,ok,1.9353964453345338,1000,1000,1000,1,0.001,1.0,0.001,0.2183844,0.18378,Advantage2_system1.13,2495,27,./penalty_sweep_qpu_v113/samples/4jsz_Kdist3.0_Kmono18.0/psweep113_r4_20260328_171213/4jsz_ligand_report.csv,./penalty_sweep_qpu_v113/samples/4jsz_Kdist3.0_Kmono18.0/psweep113_r4_20260328_171213/4jsz_ligand_samples.json,./penalty_sweep_qpu_v113/samples/4jsz_Kdist3.0_Kmono18.0/psweep113_r4_20260328_171213/result.json
4jsz,4jsz_Kdist3.0_Kmono19.0,psweep113_r4_20260328_171213,3.0,19.0,ok,1.2450131712921009,1000,1000,1000,29,0.029,1.0,0.029,0.220026,0.18542,Advantage2_system1.13,2811,30,./penalty_sweep_qpu_v113/samples/4jsz_Kdist3.0_Kmono19.0/psweep113_r4_20260328_171213/4jsz_ligand_report.csv,./penalty_sweep_qpu_v113/samples/4jsz_Kdist3.0_Kmono19.0/psweep113_r4_20260328_171213/4jsz_ligand_samples.json,./penalty_sweep_qpu_v113/samples/4jsz_Kdist3.0_Kmono19.0/psweep113_r4_20260328_171213/result.json
4jsz,4jsz_Kdist3.0_Kmono20.0,psweep113_r4_20260328_171213,3.0,20.0,ok,1.4129247161110987,1000,1000,1000,22,0.022,1.0,0.022,0.2124788,0.17788,Advantage2_system1.13,2457,27,./penalty_sweep_qpu_v113/samples/4jsz_Kdist3.0_Kmono20.0/psweep113_r4_20260328_171213/4jsz_ligand_report.csv,./penalty_sweep_qpu_v113/samples/4jsz_Kdist3.0_Kmono20.0/psweep113_r4_20260328_171213/4jsz_ligand_samples.json,./penalty_sweep_qpu_v113/samples/4jsz_Kdist3.0_Kmono20.0/psweep113_r4_20260328_171213/result.json
4jsz,4jsz_Kdist3.5_Kmono1.0,psweep113_r4_20260328_171213,3.5,1.0,ok,1.7915967120213852,1000,1000,1000,2,0.002,1.0,0.002,0.2104864,0.17588,Advantage2_system1.13,2389,26,./penalty_sweep_qpu_v113/samples/4jsz_Kdist3.5_Kmono1.0/psweep113_r4_20260328_171213/4jsz_ligand_report.csv,./penalty_sweep_qpu_v113/samples/4jsz_Kdist3.5_Kmono1.0/psweep113_r4_20260328_171213/4jsz_ligand_samples.json,./penalty_sweep_qpu_v113/samples/4jsz_Kdist3.5_Kmono1.0/psweep113_r4_20260328_171213/result.json
4jsz,4jsz_Kdist3.5_Kmono2.0,psweep113_r4_20260328_171213,3.5,2.0,ok,2.2458908379069644,1000,1000,1000,0,0.0,1.0,0.0,0.21113,0.17652,Advantage2_system1.13,2684,31,./penalty_sweep_qpu_v113/samples/4jsz_Kdist3.5_Kmono2.0/psweep113_r4_20260328_171213/4jsz_ligand_report.csv,./penalty_sweep_qpu_v113/samples/4jsz_Kdist3.5_Kmono2.0/psweep113_r4_20260328_171213/4jsz_ligand_samples.json,./penalty_sweep_qpu_v113/samples/4jsz_Kdist3.5_Kmono2.0/psweep113_r4_20260328_171213/result.json
4jsz,4jsz_Kdist3.5_Kmono3.0,psweep113_r4_20260328_171213,3.5,3.0,ok,2.870551222751963,1000,1000,1000,0,0.0,1.0,0.0,0.208388,0.17378,Advantage2_system1.13,2424,26,./penalty_sweep_qpu_v113/samples/4jsz_Kdist3.5_Kmono3.0/psweep113_r4_20260328_171213/4jsz_ligand_report.csv,./penalty_sweep_qpu_v113/samples/4jsz_Kdist3.5_Kmono3.0/psweep113_r4_20260328_171213/4jsz_ligand_samples.json,./penalty_sweep_qpu_v113/samples/4jsz_Kdist3.5_Kmono3.0/psweep113_r4_20260328_171213/result.json
4jsz,4jsz_Kdist3.5_Kmono4.0,psweep113_r4_20260328_171213,3.5,4.0,ok,2.638957115134535,1000,1000,1000,0,0.0,1.0,0.0,0.2131768,0.17856,Advantage2_system1.13,2605,27,./penalty_sweep_qpu_v113/samples/4jsz_Kdist3.5_Kmono4.0/psweep113_r4_20260328_171213/4jsz_ligand_report.csv,./penalty_sweep_qpu_v113/samples/4jsz_Kdist3.5_Kmono4.0/psweep113_r4_20260328_171213/4jsz_ligand_samples.json,./penalty_sweep_qpu_v113/samples/4jsz_Kdist3.5_Kmono4.0/psweep113_r4_20260328_171213/result.json
4jsz,4jsz_Kdist3.5_Kmono5.0,psweep113_r4_20260328_171213,3.5,5.0,ok,2.349094109547785,1000,1000,1000,0,0.0,1.0,0.0,0.2170936,0.18248,Advantage2_system1.13,2561,27,./penalty_sweep_qpu_v113/samples/4jsz_Kdist3.5_Kmono5.0/psweep113_r4_20260328_171213/4jsz_ligand_report.csv,./penalty_sweep_qpu_v113/samples/4jsz_Kdist3.5_Kmono5.0/psweep113_r4_20260328_171213/4jsz_ligand_samples.json,./penalty_sweep_qpu_v113/samples/4jsz_Kdist3.5_Kmono5.0/psweep113_r4_20260328_171213/result.json
4jsz,4jsz_Kdist3.5_Kmono6.0,psweep113_r4_20260328_171213,3.5,6.0,ok,3.6301951034441764,1000,1000,1000,0,0.0,1.0,0.0,0.21027,0.17566,Advantage2_system1.13,2418,26,./penalty_sweep_qpu_v113/samples/4jsz_Kdist3.5_Kmono6.0/psweep113_r4_20260328_171213/4jsz_ligand_report.csv,./penalty_sweep_qpu_v113/samples/4jsz_Kdist3.5_Kmono6.0/psweep113_r4_20260328_171213/4jsz_ligand_samples.json,./penalty_sweep_qpu_v113/samples/4jsz_Kdist3.5_Kmono6.0/psweep113_r4_20260328_171213/result.json
4jsz,4jsz_Kdist3.5_Kmono7.0,psweep113_r4_20260328_171213,3.5,7.0,ok,1.5670977109596749,1000,1000,1000,16,0.016,1.0,0.016,0.21162679999999998,0.17702,Advantage2_system1.13,2388,25,./penalty_sweep_qpu_v113/samples/4jsz_Kdist3.5_Kmono7.0/psweep113_r4_20260328_171213/4jsz_ligand_report.csv,./penalty_sweep_qpu_v113/samples/4jsz_Kdist3.5_Kmono7.0/psweep113_r4_20260328_171213/4jsz_ligand_samples.json,./penalty_sweep_qpu_v113/samples/4jsz_Kdist3.5_Kmono7.0/psweep113_r4_20260328_171213/result.json
4jsz,4jsz_Kdist3.5_Kmono8.0,psweep113_r4_20260328_171213,3.5,8.0,ok,3.1275311636099428,1000,1000,1000,0,0.0,1.0,0.0,0.2151712,0.18056,Advantage2_system1.13,2651,28,./penalty_sweep_qpu_v113/samples/4jsz_Kdist3.5_Kmono8.0/psweep113_r4_20260328_171213/4jsz_ligand_report.csv,./penalty_sweep_qpu_v113/samples/4jsz_Kdist3.5_Kmono8.0/psweep113_r4_20260328_171213/4jsz_ligand_samples.json,./penalty_sweep_qpu_v113/samples/4jsz_Kdist3.5_Kmono8.0/psweep113_r4_20260328_171213/result.json
4jsz,4jsz_Kdist3.5_Kmono9.0,psweep113_r4_20260328_171213,3.5,9.0,ok,2.555381194695557,1000,1000,1000,0,0.0,1.0,0.0,0.20804720000000002,0.17344,Advantage2_system1.13,2596,28,./penalty_sweep_qpu_v113/samples/4jsz_Kdist3.5_Kmono9.0/psweep113_r4_20260328_171213/4jsz_ligand_report.csv,./penalty_sweep_qpu_v113/samples/4jsz_Kdist3.5_Kmono9.0/psweep113_r4_20260328_171213/4jsz_ligand_samples.json,./penalty_sweep_qpu_v113/samples/4jsz_Kdist3.5_Kmono9.0/psweep113_r4_20260328_171213/result.json
4jsz,4jsz_Kdist3.5_Kmono10.0,psweep113_r4_20260328_171213,3.5,10.0,ok,1.4802020163068252,1000,1000,1000,7,0.007,1.0,0.007,0.2143028,0.1797,Advantage2_system1.13,2383,25,./penalty_sweep_qpu_v113/samples/4jsz_Kdist3.5_Kmono10.0/psweep113_r4_20260328_171213/4jsz_ligand_report.csv,./penalty_sweep_qpu_v113/samples/4jsz_Kdist3.5_Kmono10.0/psweep113_r4_20260328_171213/4jsz_ligand_samples.json,./penalty_sweep_qpu_v113/samples/4jsz_Kdist3.5_Kmono10.0/psweep113_r4_20260328_171213/result.json
4jsz,4jsz_Kdist3.5_Kmono11.0,psweep113_r4_20260328_171213,3.5,11.0,ok,1.4723483783237863,1000,1000,1000,11,0.011,1.0,0.011,0.2143136,0.1797,Advantage2_system1.13,2582,27,./penalty_sweep_qpu_v113/samples/4jsz_Kdist3.5_Kmono11.0/psweep113_r4_20260328_171213/4jsz_ligand_report.csv,./penalty_sweep_qpu_v113/samples/4jsz_Kdist3.5_Kmono11.0/psweep113_r4_20260328_171213/4jsz_ligand_samples.json,./penalty_sweep_qpu_v113/samples/4jsz_Kdist3.5_Kmono11.0/psweep113_r4_20260328_171213/result.json
4jsz,4jsz_Kdist3.5_Kmono12.0,psweep113_r4_20260328_171213,3.5,12.0,ok,0.9843051302562199,1000,1000,1000,33,0.033,1.0,0.033,0.2134432,0.17884,Advantage2_system1.13,2415,26,./penalty_sweep_qpu_v113/samples/4jsz_Kdist3.5_Kmono12.0/psweep113_r4_20260328_171213/4jsz_ligand_report.csv,./penalty_sweep_qpu_v113/samples/4jsz_Kdist3.5_Kmono12.0/psweep113_r4_20260328_171213/4jsz_ligand_samples.json,./penalty_sweep_qpu_v113/samples/4jsz_Kdist3.5_Kmono12.0/psweep113_r4_20260328_171213/result.json
4jsz,4jsz_Kdist3.5_Kmono13.0,psweep113_r4_20260328_171213,3.5,13.0,ok,2.0586584357773186,1000,1000,1000,0,0.0,1.0,0.0,0.2197664,0.18516,Advantage2_system1.13,2663,29,./penalty_sweep_qpu_v113/samples/4jsz_Kdist3.5_Kmono13.0/psweep113_r4_20260328_171213/4jsz_ligand_report.csv,./penalty_sweep_qpu_v113/samples/4jsz_Kdist3.5_Kmono13.0/psweep113_r4_20260328_171213/4jsz_ligand_samples.json,./penalty_sweep_qpu_v113/samples/4jsz_Kdist3.5_Kmono13.0/psweep113_r4_20260328_171213/result.json
4jsz,4jsz_Kdist3.5_Kmono14.0,psweep113_r4_20260328_171213,3.5,14.0,ok,1.9182420252892312,1000,1000,1000,2,0.002,1.0,0.002,0.2178424,0.18324,Advantage2_system1.13,2499,25,./penalty_sweep_qpu_v113/samples/4jsz_Kdist3.5_Kmono14.0/psweep113_r4_20260328_171213/4jsz_ligand_report.csv,./penalty_sweep_qpu_v113/samples/4jsz_Kdist3.5_Kmono14.0/psweep113_r4_20260328_171213/4jsz_ligand_samples.json,./penalty_sweep_qpu_v113/samples/4jsz_Kdist3.5_Kmono14.0/psweep113_r4_20260328_171213/result.json
4jsz,4jsz_Kdist3.5_Kmono15.0,psweep113_r4_20260328_171213,3.5,15.0,ok,1.2824458983464428,1000,1000,1000,82,0.082,1.0,0.082,0.20926879999999998,0.17466,Advantage2_system1.13,2460,27,./penalty_sweep_qpu_v113/samples/4jsz_Kdist3.5_Kmono15.0/psweep113_r4_20260328_171213/4jsz_ligand_report.csv,./penalty_sweep_qpu_v113/samples/4jsz_Kdist3.5_Kmono15.0/psweep113_r4_20260328_171213/4jsz_ligand_samples.json,./penalty_sweep_qpu_v113/samples/4jsz_Kdist3.5_Kmono15.0/psweep113_r4_20260328_171213/result.json
4jsz,4jsz_Kdist3.5_Kmono16.0,psweep113_r4_20260328_171213,3.5,16.0,ok,3.8347045744207944,1000,1000,1000,0,0.0,1.0,0.0,0.2163028,0.1817,Advantage2_system1.13,2341,24,./penalty_sweep_qpu_v113/samples/4jsz_Kdist3.5_Kmono16.0/psweep113_r4_20260328_171213/4jsz_ligand_report.csv,./penalty_sweep_qpu_v113/samples/4jsz_Kdist3.5_Kmono16.0/psweep113_r4_20260328_171213/4jsz_ligand_samples.json,./penalty_sweep_qpu_v113/samples/4jsz_Kdist3.5_Kmono16.0/psweep113_r4_20260328_171213/result.json
4jsz,4jsz_Kdist3.5_Kmono17.0,psweep113_r4_20260328_171213,3.5,17.0,ok,2.1484963504400674,1000,1000,1000,0,0.0,1.0,0.0,0.2110408,0.17642,Advantage2_system1.13,2593,27,./penalty_sweep_qpu_v113/samples/4jsz_Kdist3.5_Kmono17.0/psweep113_r4_20260328_171213/4jsz_ligand_report.csv,./penalty_sweep_qpu_v113/samples/4jsz_Kdist3.5_Kmono17.0/psweep113_r4_20260328_171213/4jsz_ligand_samples.json,./penalty_sweep_qpu_v113/samples/4jsz_Kdist3.5_Kmono17.0/psweep113_r4_20260328_171213/result.json
4jsz,4jsz_Kdist3.5_Kmono18.0,psweep113_r4_20260328_171213,3.5,18.0,ok,1.4274573242502626,1000,1000,1000,21,0.021,1.0,0.021,0.2126672,0.17806,Advantage2_system1.13,2462,26,./penalty_sweep_qpu_v113/samples/4jsz_Kdist3.5_Kmono18.0/psweep113_r4_20260328_171213/4jsz_ligand_report.csv,./penalty_sweep_qpu_v113/samples/4jsz_Kdist3.5_Kmono18.0/psweep113_r4_20260328_171213/4jsz_ligand_samples.json,./penalty_sweep_qpu_v113/samples/4jsz_Kdist3.5_Kmono18.0/psweep113_r4_20260328_171213/result.json
4jsz,4jsz_Kdist3.5_Kmono19.0,psweep113_r4_20260328_171213,3.5,19.0,ok,1.6006034912644462,1000,1000,1000,8,0.008,1.0,0.008,0.2178456,0.18324,Advantage2_system1.13,2553,27,./penalty_sweep_qpu_v113/samples/4jsz_Kdist3.5_Kmono19.0/psweep113_r4_20260328_171213/4jsz_ligand_report.csv,./penalty_sweep_qpu_v113/samples/4jsz_Kdist3.5_Kmono19.0/psweep113_r4_20260328_171213/4jsz_ligand_samples.json,./penalty_sweep_qpu_v113/samples/4jsz_Kdist3.5_Kmono19.0/psweep113_r4_20260328_171213/result.json
4jsz,4jsz_Kdist3.5_Kmono20.0,psweep113_r4_20260328_171213,3.5,20.0,ok,1.6738264470690591,1000,1000,1000,2,0.002,1.0,0.002,0.2153428,0.18074,Advantage2_system1.13,2328,25,./penalty_sweep_qpu_v113/samples/4jsz_Kdist3.5_Kmono20.0/psweep113_r4_20260328_171213/4jsz_ligand_report.csv,./penalty_sweep_qpu_v113/samples/4jsz_Kdist3.5_Kmono20.0/psweep113_r4_20260328_171213/4jsz_ligand_samples.json,./penalty_sweep_qpu_v113/samples/4jsz_Kdist3.5_Kmono20.0/psweep113_r4_20260328_171213/result.json
4jsz,4jsz_Kdist4.0_Kmono1.0,psweep113_r4_20260328_171213,4.0,1.0,ok,4.126118324102183,1000,1000,1000,0,0.0,1.0,0.0,0.211534,0.17692,Advantage2_system1.13,2514,26,./penalty_sweep_qpu_v113/samples/4jsz_Kdist4.0_Kmono1.0/psweep113_r4_20260328_171213/4jsz_ligand_report.csv,./penalty_sweep_qpu_v113/samples/4jsz_Kdist4.0_Kmono1.0/psweep113_r4_20260328_171213/4jsz_ligand_samples.json,./penalty_sweep_qpu_v113/samples/4jsz_Kdist4.0_Kmono1.0/psweep113_r4_20260328_171213/result.json
4jsz,4jsz_Kdist4.0_Kmono2.0,psweep113_r4_20260328_171213,4.0,2.0,ok,2.00008269911597,1000,1000,1000,0,0.0,1.0,0.0,0.213622,0.17902,Advantage2_system1.13,2519,26,./penalty_sweep_qpu_v113/samples/4jsz_Kdist4.0_Kmono2.0/psweep113_r4_20260328_171213/4jsz_ligand_report.csv,./penalty_sweep_qpu_v113/samples/4jsz_Kdist4.0_Kmono2.0/psweep113_r4_20260328_171213/4jsz_ligand_samples.json,./penalty_sweep_qpu_v113/samples/4jsz_Kdist4.0_Kmono2.0/psweep113_r4_20260328_171213/result.json
4jsz,4jsz_Kdist4.0_Kmono3.0,psweep113_r4_20260328_171213,4.0,3.0,ok,3.4973278471675933,1000,1000,1000,0,0.0,1.0,0.0,0.214814,0.1802,Advantage2_system1.13,2712,30,./penalty_sweep_qpu_v113/samples/4jsz_Kdist4.0_Kmono3.0/psweep113_r4_20260328_171213/4jsz_ligand_report.csv,./penalty_sweep_qpu_v113/samples/4jsz_Kdist4.0_Kmono3.0/psweep113_r4_20260328_171213/4jsz_ligand_samples.json,./penalty_sweep_qpu_v113/samples/4jsz_Kdist4.0_Kmono3.0/psweep113_r4_20260328_171213/result.json
4jsz,4jsz_Kdist4.0_Kmono4.0,psweep113_r4_20260328_171213,4.0,4.0,ok,1.926699521667249,1000,1000,1000,1,0.001,1.0,0.001,0.2143108,0.1797,Advantage2_system1.13,2302,25,./penalty_sweep_qpu_v113/samples/4jsz_Kdist4.0_Kmono4.0/psweep113_r4_20260328_171213/4jsz_ligand_report.csv,./penalty_sweep_qpu_v113/samples/4jsz_Kdist4.0_Kmono4.0/psweep113_r4_20260328_171213/4jsz_ligand_samples.json,./penalty_sweep_qpu_v113/samples/4jsz_Kdist4.0_Kmono4.0/psweep113_r4_20260328_171213/result.json
4jsz,4jsz_Kdist4.0_Kmono5.0,psweep113_r4_20260328_171213,4.0,5.0,ok,2.018630151367574,1000,1000,1000,0,0.0,1.0,0.0,0.22040720000000003,0.1858,Advantage2_system1.13,2642,30,./penalty_sweep_qpu_v113/samples/4jsz_Kdist4.0_Kmono5.0/psweep113_r4_20260328_171213/4jsz_ligand_report.csv,./penalty_sweep_qpu_v113/samples/4jsz_Kdist4.0_Kmono5.0/psweep113_r4_20260328_171213/4jsz_ligand_samples.json,./penalty_sweep_qpu_v113/samples/4jsz_Kdist4.0_Kmono5.0/psweep113_r4_20260328_171213/result.json
4jsz,4jsz_Kdist4.0_Kmono6.0,psweep113_r4_20260328_171213,4.0,6.0,ok,2.168232124291789,1000,1000,1000,0,0.0,1.0,0.0,0.2130464,0.17844,Advantage2_system1.13,2493,27,./penalty_sweep_qpu_v113/samples/4jsz_Kdist4.0_Kmono6.0/psweep113_r4_20260328_171213/4jsz_ligand_report.csv,./penalty_sweep_qpu_v113/samples/4jsz_Kdist4.0_Kmono6.0/psweep113_r4_20260328_171213/4jsz_ligand_samples.json,./penalty_sweep_qpu_v113/samples/4jsz_Kdist4.0_Kmono6.0/psweep113_r4_20260328_171213/result.json
4jsz,4jsz_Kdist4.0_Kmono7.0,psweep113_r4_20260328_171213,4.0,7.0,ok,3.219869433683574,1000,1000,1000,0,0.0,1.0,0.0,0.217888,0.18328,Advantage2_system1.13,2395,25,./penalty_sweep_qpu_v113/samples/4jsz_Kdist4.0_Kmono7.0/psweep113_r4_20260328_171213/4jsz_ligand_report.csv,./penalty_sweep_qpu_v113/samples/4jsz_Kdist4.0_Kmono7.0/psweep113_r4_20260328_171213/4jsz_ligand_samples.json,./penalty_sweep_qpu_v113/samples/4jsz_Kdist4.0_Kmono7.0/psweep113_r4_20260328_171213/result.json
4jsz,4jsz_Kdist4.0_Kmono8.0,psweep113_r4_20260328_171213,4.0,8.0,ok,2.0431631020087586,1000,1000,1000,0,0.0,1.0,0.0,0.2144104,0.1798,Advantage2_system1.13,2401,25,./penalty_sweep_qpu_v113/samples/4jsz_Kdist4.0_Kmono8.0/psweep113_r4_20260328_171213/4jsz_ligand_report.csv,./penalty_sweep_qpu_v113/samples/4jsz_Kdist4.0_Kmono8.0/psweep113_r4_20260328_171213/4jsz_ligand_samples.json,./penalty_sweep_qpu_v113/samples/4jsz_Kdist4.0_Kmono8.0/psweep113_r4_20260328_171213/result.json
4jsz,4jsz_Kdist4.0_Kmono9.0,psweep113_r4_20260328_171213,4.0,9.0,ok,1.7331734722291234,1000,1000,1000,113,0.113,1.0,0.113,0.2127696,0.17816,Advantage2_system1.13,2388,25,./penalty_sweep_qpu_v113/samples/4jsz_Kdist4.0_Kmono9.0/psweep113_r4_20260328_171213/4jsz_ligand_report.csv,./penalty_sweep_qpu_v113/samples/4jsz_Kdist4.0_Kmono9.0/psweep113_r4_20260328_171213/4jsz_ligand_samples.json,./penalty_sweep_qpu_v113/samples/4jsz_Kdist4.0_Kmono9.0/psweep113_r4_20260328_171213/result.json
4jsz,4jsz_Kdist4.0_Kmono10.0,psweep113_r4_20260328_171213,4.0,10.0,ok,2.4108504024381,1000,1000,1000,0,0.0,1.0,0.0,0.21340320000000002,0.1788,Advantage2_system1.13,2283,25,./penalty_sweep_qpu_v113/samples/4jsz_Kdist4.0_Kmono10.0/psweep113_r4_20260328_171213/4jsz_ligand_report.csv,./penalty_sweep_qpu_v113/samples/4jsz_Kdist4.0_Kmono10.0/psweep113_r4_20260328_171213/4jsz_ligand_samples.json,./penalty_sweep_qpu_v113/samples/4jsz_Kdist4.0_Kmono10.0/psweep113_r4_20260328_171213/result.json
4jsz,4jsz_Kdist4.0_Kmono11.0,psweep113_r4_20260328_171213,4.0,11.0,ok,1.4131769375337475,1000,1000,1000,8,0.008,1.0,0.008,0.20762039999999998,0.17302,Advantage2_system1.13,2708,29,./penalty_sweep_qpu_v113/samples/4jsz_Kdist4.0_Kmono11.0/psweep113_r4_20260328_171213/4jsz_ligand_report.csv,./penalty_sweep_qpu_v113/samples/4jsz_Kdist4.0_Kmono11.0/psweep113_r4_20260328_171213/4jsz_ligand_samples.json,./penalty_sweep_qpu_v113/samples/4jsz_Kdist4.0_Kmono11.0/psweep113_r4_20260328_171213/result.json
4jsz,4jsz_Kdist4.0_Kmono12.0,psweep113_r4_20260328_171213,4.0,12.0,ok,1.4994447384031768,1000,1000,1000,210,0.21,1.0,0.21,0.211908,0.1773,Advantage2_system1.13,2591,26,./penalty_sweep_qpu_v113/samples/4jsz_Kdist4.0_Kmono12.0/psweep113_r4_20260328_171213/4jsz_ligand_report.csv,./penalty_sweep_qpu_v113/samples/4jsz_Kdist4.0_Kmono12.0/psweep113_r4_20260328_171213/4jsz_ligand_samples.json,./penalty_sweep_qpu_v113/samples/4jsz_Kdist4.0_Kmono12.0/psweep113_r4_20260328_171213/result.json
4jsz,4jsz_Kdist4.0_Kmono13.0,psweep113_r4_20260328_171213,4.0,13.0,ok,1.3943013883196478,1000,1000,1000,13,0.013,1.0,0.013,0.21734479999999998,0.18274,Advantage2_system1.13,2457,26,./penalty_sweep_qpu_v113/samples/4jsz_Kdist4.0_Kmono13.0/psweep113_r4_20260328_171213/4jsz_ligand_report.csv,./penalty_sweep_qpu_v113/samples/4jsz_Kdist4.0_Kmono13.0/psweep113_r4_20260328_171213/4jsz_ligand_samples.json,./penalty_sweep_qpu_v113/samples/4jsz_Kdist4.0_Kmono13.0/psweep113_r4_20260328_171213/result.json
4jsz,4jsz_Kdist4.0_Kmono14.0,psweep113_r4_20260328_171213,4.0,14.0,ok,1.4662361657537026,1000,1000,1000,35,0.035,1.0,0.035,0.2133908,0.17878,Advantage2_system1.13,2442,26,./penalty_sweep_qpu_v113/samples/4jsz_Kdist4.0_Kmono14.0/psweep113_r4_20260328_171213/4jsz_ligand_report.csv,./penalty_sweep_qpu_v113/samples/4jsz_Kdist4.0_Kmono14.0/psweep113_r4_20260328_171213/4jsz_ligand_samples.json,./penalty_sweep_qpu_v113/samples/4jsz_Kdist4.0_Kmono14.0/psweep113_r4_20260328_171213/result.json
4jsz,4jsz_Kdist4.0_Kmono15.0,psweep113_r4_20260328_171213,4.0,15.0,ok,1.4258835910145014,1000,1000,1000,75,0.075,1.0,0.075,0.20849120000000002,0.17388,Advantage2_system1.13,2359,26,./penalty_sweep_qpu_v113/samples/4jsz_Kdist4.0_Kmono15.0/psweep113_r4_20260328_171213/4jsz_ligand_report.csv,./penalty_sweep_qpu_v113/samples/4jsz_Kdist4.0_Kmono15.0/psweep113_r4_20260328_171213/4jsz_ligand_samples.json,./penalty_sweep_qpu_v113/samples/4jsz_Kdist4.0_Kmono15.0/psweep113_r4_20260328_171213/result.json
4jsz,4jsz_Kdist4.0_Kmono16.0,psweep113_r4_20260328_171213,4.0,16.0,ok,2.0057518500299385,1000,1000,1000,0,0.0,1.0,0.0,0.211168,0.17656,Advantage2_system1.13,2460,28,./penalty_sweep_qpu_v113/samples/4jsz_Kdist4.0_Kmono16.0/psweep113_r4_20260328_171213/4jsz_ligand_report.csv,./penalty_sweep_qpu_v113/samples/4jsz_Kdist4.0_Kmono16.0/psweep113_r4_20260328_171213/4jsz_ligand_samples.json,./penalty_sweep_qpu_v113/samples/4jsz_Kdist4.0_Kmono16.0/psweep113_r4_20260328_171213/result.json
4jsz,4jsz_Kdist4.0_Kmono17.0,psweep113_r4_20260328_171213,4.0,17.0,ok,1.77978713298227,1000,1000,1000,1,0.001,1.0,0.001,0.2195344,0.18492,Advantage2_system1.13,2517,28,./penalty_sweep_qpu_v113/samples/4jsz_Kdist4.0_Kmono17.0/psweep113_r4_20260328_171213/4jsz_ligand_report.csv,./penalty_sweep_qpu_v113/samples/4jsz_Kdist4.0_Kmono17.0/psweep113_r4_20260328_171213/4jsz_ligand_samples.json,./penalty_sweep_qpu_v113/samples/4jsz_Kdist4.0_Kmono17.0/psweep113_r4_20260328_171213/result.json
4jsz,4jsz_Kdist4.0_Kmono18.0,psweep113_r4_20260328_171213,4.0,18.0,ok,2.3858840522346183,1000,1000,1000,0,0.0,1.0,0.0,0.21684679999999998,0.18224,Advantage2_system1.13,2359,24,./penalty_sweep_qpu_v113/samples/4jsz_Kdist4.0_Kmono18.0/psweep113_r4_20260328_171213/4jsz_ligand_report.csv,./penalty_sweep_qpu_v113/samples/4jsz_Kdist4.0_Kmono18.0/psweep113_r4_20260328_171213/4jsz_ligand_samples.json,./penalty_sweep_qpu_v113/samples/4jsz_Kdist4.0_Kmono18.0/psweep113_r4_20260328_171213/result.json
4jsz,4jsz_Kdist4.0_Kmono19.0,psweep113_r4_20260328_171213,4.0,19.0,ok,0.9952497647679522,1000,1000,1000,5,0.005,1.0,0.005,0.2142136,0.1796,Advantage2_system1.13,2629,28,./penalty_sweep_qpu_v113/samples/4jsz_Kdist4.0_Kmono19.0/psweep113_r4_20260328_171213/4jsz_ligand_report.csv,./penalty_sweep_qpu_v113/samples/4jsz_Kdist4.0_Kmono19.0/psweep113_r4_20260328_171213/4jsz_ligand_samples.json,./penalty_sweep_qpu_v113/samples/4jsz_Kdist4.0_Kmono19.0/psweep113_r4_20260328_171213/result.json
4jsz,4jsz_Kdist4.0_Kmono20.0,psweep113_r4_20260328_171213,4.0,20.0,ok,0.9924606649347487,1000,1000,1000,29,0.029,1.0,0.029,0.2116432,0.17702,Advantage2_system1.13,3231,37,./penalty_sweep_qpu_v113/samples/4jsz_Kdist4.0_Kmono20.0/psweep113_r4_20260328_171213/4jsz_ligand_report.csv,./penalty_sweep_qpu_v113/samples/4jsz_Kdist4.0_Kmono20.0/psweep113_r4_20260328_171213/4jsz_ligand_samples.json,./penalty_sweep_qpu_v113/samples/4jsz_Kdist4.0_Kmono20.0/psweep113_r4_20260328_171213/result.json
4jsz,4jsz_Kdist4.5_Kmono1.0,psweep113_r4_20260328_171213,4.5,1.0,ok,1.9438583547092982,1000,1000,1000,1,0.001,1.0,0.001,0.2130264,0.17842,Advantage2_system1.13,3004,33,./penalty_sweep_qpu_v113/samples/4jsz_Kdist4.5_Kmono1.0/psweep113_r4_20260328_171213/4jsz_ligand_report.csv,./penalty_sweep_qpu_v113/samples/4jsz_Kdist4.5_Kmono1.0/psweep113_r4_20260328_171213/4jsz_ligand_samples.json,./penalty_sweep_qpu_v113/samples/4jsz_Kdist4.5_Kmono1.0/psweep113_r4_20260328_171213/result.json
4jsz,4jsz_Kdist4.5_Kmono2.0,psweep113_r4_20260328_171213,4.5,2.0,ok,1.8026138633088806,1000,1000,1000,2,0.002,1.0,0.002,0.2114124,0.1768,Advantage2_system1.13,2474,25,./penalty_sweep_qpu_v113/samples/4jsz_Kdist4.5_Kmono2.0/psweep113_r4_20260328_171213/4jsz_ligand_report.csv,./penalty_sweep_qpu_v113/samples/4jsz_Kdist4.5_Kmono2.0/psweep113_r4_20260328_171213/4jsz_ligand_samples.json,./penalty_sweep_qpu_v113/samples/4jsz_Kdist4.5_Kmono2.0/psweep113_r4_20260328_171213/result.json
4jsz,4jsz_Kdist4.5_Kmono3.0,psweep113_r4_20260328_171213,4.5,3.0,ok,1.1003951004332135,1000,1000,1000,3,0.003,1.0,0.003,0.2175876,0.18298,Advantage2_system1.13,2459,26,./penalty_sweep_qpu_v113/samples/4jsz_Kdist4.5_Kmono3.0/psweep113_r4_20260328_171213/4jsz_ligand_report.csv,./penalty_sweep_qpu_v113/samples/4jsz_Kdist4.5_Kmono3.0/psweep113_r4_20260328_171213/4jsz_ligand_samples.json,./penalty_sweep_qpu_v113/samples/4jsz_Kdist4.5_Kmono3.0/psweep113_r4_20260328_171213/result.json
4jsz,4jsz_Kdist4.5_Kmono4.0,psweep113_r4_20260328_171213,4.5,4.0,ok,2.191860157959525,1000,1000,1000,0,0.0,1.0,0.0,0.2168524,0.18224,Advantage2_system1.13,2593,27,./penalty_sweep_qpu_v113/samples/4jsz_Kdist4.5_Kmono4.0/psweep113_r4_20260328_171213/4jsz_ligand_report.csv,./penalty_sweep_qpu_v113/samples/4jsz_Kdist4.5_Kmono4.0/psweep113_r4_20260328_171213/4jsz_ligand_samples.json,./penalty_sweep_qpu_v113/samples/4jsz_Kdist4.5_Kmono4.0/psweep113_r4_20260328_171213/result.json
4jsz,4jsz_Kdist4.5_Kmono5.0,psweep113_r4_20260328_171213,4.5,5.0,ok,1.37160077305431,1000,1000,1000,16,0.016,1.0,0.016,0.2145916,0.17998,Advantage2_system1.13,2465,27,./penalty_sweep_qpu_v113/samples/4jsz_Kdist4.5_Kmono5.0/psweep113_r4_20260328_171213/4jsz_ligand_report.csv,./penalty_sweep_qpu_v113/samples/4jsz_Kdist4.5_Kmono5.0/psweep113_r4_20260328_171213/4jsz_ligand_samples.json,./penalty_sweep_qpu_v113/samples/4jsz_Kdist4.5_Kmono5.0/psweep113_r4_20260328_171213/result.json
4jsz,4jsz_Kdist4.5_Kmono6.0,psweep113_r4_20260328_171213,4.5,6.0,ok,2.8865329346433666,1000,1000,1000,0,0.0,1.0,0.0,0.2147076,0.1801,Advantage2_system1.13,2490,27,./penalty_sweep_qpu_v113/samples/4jsz_Kdist4.5_Kmono6.0/psweep113_r4_20260328_171213/4jsz_ligand_report.csv,./penalty_sweep_qpu_v113/samples/4jsz_Kdist4.5_Kmono6.0/psweep113_r4_20260328_171213/4jsz_ligand_samples.json,./penalty_sweep_qpu_v113/samples/4jsz_Kdist4.5_Kmono6.0/psweep113_r4_20260328_171213/result.json
4jsz,4jsz_Kdist4.5_Kmono7.0,psweep113_r4_20260328_171213,4.5,7.0,ok,1.6612771184958424,1000,1000,1000,25,0.025,1.0,0.025,0.21245160000000002,0.17784,Advantage2_system1.13,2500,26,./penalty_sweep_qpu_v113/samples/4jsz_Kdist4.5_Kmono7.0/psweep113_r4_20260328_171213/4jsz_ligand_report.csv,./penalty_sweep_qpu_v113/samples/4jsz_Kdist4.5_Kmono7.0/psweep113_r4_20260328_171213/4jsz_ligand_samples.json,./penalty_sweep_qpu_v113/samples/4jsz_Kdist4.5_Kmono7.0/psweep113_r4_20260328_171213/result.json
4jsz,4jsz_Kdist4.5_Kmono8.0,psweep113_r4_20260328_171213,4.5,8.0,ok,3.4328461898309612,1000,1000,1000,0,0.0,1.0,0.0,0.2120312,0.17742,Advantage2_system1.13,2523,28,./penalty_sweep_qpu_v113/samples/4jsz_Kdist4.5_Kmono8.0/psweep113_r4_20260328_171213/4jsz_ligand_report.csv,./penalty_sweep_qpu_v113/samples/4jsz_Kdist4.5_Kmono8.0/psweep113_r4_20260328_171213/4jsz_ligand_samples.json,./penalty_sweep_qpu_v113/samples/4jsz_Kdist4.5_Kmono8.0/psweep113_r4_20260328_171213/result.json
4jsz,4jsz_Kdist4.5_Kmono9.0,psweep113_r4_20260328_171213,4.5,9.0,ok,3.750280440905035,1000,1000,1000,0,0.0,1.0,0.0,0.2135276,0.17892,Advantage2_system1.13,2388,25,./penalty_sweep_qpu_v113/samples/4jsz_Kdist4.5_Kmono9.0/psweep113_r4_20260328_171213/4jsz_ligand_report.csv,./penalty_sweep_qpu_v113/samples/4jsz_Kdist4.5_Kmono9.0/psweep113_r4_20260328_171213/4jsz_ligand_samples.json,./penalty_sweep_qpu_v113/samples/4jsz_Kdist4.5_Kmono9.0/psweep113_r4_20260328_171213/result.json
4jsz,4jsz_Kdist4.5_Kmono10.0,psweep113_r4_20260328_171213,4.5,10.0,ok,3.064479597986066,1000,1000,1000,0,0.0,1.0,0.0,0.21267239999999998,0.17806,Advantage2_system1.13,2766,30,./penalty_sweep_qpu_v113/samples/4jsz_Kdist4.5_Kmono10.0/psweep113_r4_20260328_171213/4jsz_ligand_report.csv,./penalty_sweep_qpu_v113/samples/4jsz_Kdist4.5_Kmono10.0/psweep113_r4_20260328_171213/4jsz_ligand_samples.json,./penalty_sweep_qpu_v113/samples/4jsz_Kdist4.5_Kmono10.0/psweep113_r4_20260328_171213/result.json
4jsz,4jsz_Kdist4.5_Kmono11.0,psweep113_r4_20260328_171213,4.5,11.0,ok,1.5249414110923083,1000,1000,1000,54,0.054,1.0,0.054,0.2110328,0.17642,Advantage2_system1.13,2414,26,./penalty_sweep_qpu_v113/samples/4jsz_Kdist4.5_Kmono11.0/psweep113_r4_20260328_171213/4jsz_ligand_report.csv,./penalty_sweep_qpu_v113/samples/4jsz_Kdist4.5_Kmono11.0/psweep113_r4_20260328_171213/4jsz_ligand_samples.json,./penalty_sweep_qpu_v113/samples/4jsz_Kdist4.5_Kmono11.0/psweep113_r4_20260328_171213/result.json
4jsz,4jsz_Kdist4.5_Kmono12.0,psweep113_r4_20260328_171213,4.5,12.0,ok,1.2989543611554928,1000,1000,1000,140,0.14,1.0,0.14,0.20938920000000003,0.17478,Advantage2_system1.13,2337,25,./penalty_sweep_qpu_v113/samples/4jsz_Kdist4.5_Kmono12.0/psweep113_r4_20260328_171213/4jsz_ligand_report.csv,./penalty_sweep_qpu_v113/samples/4jsz_Kdist4.5_Kmono12.0/psweep113_r4_20260328_171213/4jsz_ligand_samples.json,./penalty_sweep_qpu_v113/samples/4jsz_Kdist4.5_Kmono12.0/psweep113_r4_20260328_171213/result.json
4jsz,4jsz_Kdist4.5_Kmono13.0,psweep113_r4_20260328_171213,4.5,13.0,ok,3.13117774963443,1000,1000,1000,0,0.0,1.0,0.0,0.2053792,0.17078,Advantage2_system1.13,2669,28,./penalty_sweep_qpu_v113/samples/4jsz_Kdist4.5_Kmono13.0/psweep113_r4_20260328_171213/4jsz_ligand_report.csv,./penalty_sweep_qpu_v113/samples/4jsz_Kdist4.5_Kmono13.0/psweep113_r4_20260328_171213/4jsz_ligand_samples.json,./penalty_sweep_qpu_v113/samples/4jsz_Kdist4.5_Kmono13.0/psweep113_r4_20260328_171213/result.json
4jsz,4jsz_Kdist4.5_Kmono14.0,psweep113_r4_20260328_171213,4.5,14.0,ok,3.535300335736611,1000,1000,1000,0,0.0,1.0,0.0,0.21126679999999998,0.17666,Advantage2_system1.13,2645,28,./penalty_sweep_qpu_v113/samples/4jsz_Kdist4.5_Kmono14.0/psweep113_r4_20260328_171213/4jsz_ligand_report.csv,./penalty_sweep_qpu_v113/samples/4jsz_Kdist4.5_Kmono14.0/psweep113_r4_20260328_171213/4jsz_ligand_samples.json,./penalty_sweep_qpu_v113/samples/4jsz_Kdist4.5_Kmono14.0/psweep113_r4_20260328_171213/result.json
4jsz,4jsz_Kdist4.5_Kmono15.0,psweep113_r4_20260328_171213,4.5,15.0,ok,1.3311477356305204,1000,1000,1000,63,0.063,1.0,0.063,0.2161004,0.18148,Advantage2_system1.13,2837,32,./penalty_sweep_qpu_v113/samples/4jsz_Kdist4.5_Kmono15.0/psweep113_r4_20260328_171213/4jsz_ligand_report.csv,./penalty_sweep_qpu_v113/samples/4jsz_Kdist4.5_Kmono15.0/psweep113_r4_20260328_171213/4jsz_ligand_samples.json,./penalty_sweep_qpu_v113/samples/4jsz_Kdist4.5_Kmono15.0/psweep113_r4_20260328_171213/result.json
4jsz,4jsz_Kdist4.5_Kmono16.0,psweep113_r4_20260328_171213,4.5,16.0,ok,2.885191204946793,1000,1000,1000,0,0.0,1.0,0.0,0.2131304,0.17852,Advantage2_system1.13,2411,25,./penalty_sweep_qpu_v113/samples/4jsz_Kdist4.5_Kmono16.0/psweep113_r4_20260328_171213/4jsz_ligand_report.csv,./penalty_sweep_qpu_v113/samples/4jsz_Kdist4.5_Kmono16.0/psweep113_r4_20260328_171213/4jsz_ligand_samples.json,./penalty_sweep_qpu_v113/samples/4jsz_Kdist4.5_Kmono16.0/psweep113_r4_20260328_171213/result.json
4jsz,4jsz_Kdist4.5_Kmono17.0,psweep113_r4_20260328_171213,4.5,17.0,ok,2.694708956069771,1000,1000,1000,0,0.0,1.0,0.0,0.2178496,0.18324,Advantage2_system1.13,2334,24,./penalty_sweep_qpu_v113/samples/4jsz_Kdist4.5_Kmono17.0/psweep113_r4_20260328_171213/4jsz_ligand_report.csv,./penalty_sweep_qpu_v113/samples/4jsz_Kdist4.5_Kmono17.0/psweep113_r4_20260328_171213/4jsz_ligand_samples.json,./penalty_sweep_qpu_v113/samples/4jsz_Kdist4.5_Kmono17.0/psweep113_r4_20260328_171213/result.json
4jsz,4jsz_Kdist4.5_Kmono18.0,psweep113_r4_20260328_171213,4.5,18.0,ok,1.2204664107215264,1000,1000,1000,107,0.107,1.0,0.107,0.2130256,0.17842,Advantage2_system1.13,2549,29,./penalty_sweep_qpu_v113/samples/4jsz_Kdist4.5_Kmono18.0/psweep113_r4_20260328_171213/4jsz_ligand_report.csv,./penalty_sweep_qpu_v113/samples/4jsz_Kdist4.5_Kmono18.0/psweep113_r4_20260328_171213/4jsz_ligand_samples.json,./penalty_sweep_qpu_v113/samples/4jsz_Kdist4.5_Kmono18.0/psweep113_r4_20260328_171213/result.json
4jsz,4jsz_Kdist4.5_Kmono19.0,psweep113_r4_20260328_171213,4.5,19.0,ok,1.0991495364919104,1000,1000,1000,34,0.034,1.0,0.034,0.2168436,0.18224,Advantage2_system1.13,2328,24,./penalty_sweep_qpu_v113/samples/4jsz_Kdist4.5_Kmono19.0/psweep113_r4_20260328_171213/4jsz_ligand_report.csv,./penalty_sweep_qpu_v113/samples/4jsz_Kdist4.5_Kmono19.0/psweep113_r4_20260328_171213/4jsz_ligand_samples.json,./penalty_sweep_qpu_v113/samples/4jsz_Kdist4.5_Kmono19.0/psweep113_r4_20260328_171213/result.json
4jsz,4jsz_Kdist4.5_Kmono20.0,psweep113_r4_20260328_171213,4.5,20.0,ok,1.1677727445070063,1000,1000,1000,150,0.15,1.0,0.15,0.2063504,0.17174,Advantage2_system1.13,2605,27,./penalty_sweep_qpu_v113/samples/4jsz_Kdist4.5_Kmono20.0/psweep113_r4_20260328_171213/4jsz_ligand_report.csv,./penalty_sweep_qpu_v113/samples/4jsz_Kdist4.5_Kmono20.0/psweep113_r4_20260328_171213/4jsz_ligand_samples.json,./penalty_sweep_qpu_v113/samples/4jsz_Kdist4.5_Kmono20.0/psweep113_r4_20260328_171213/result.json
4jsz,4jsz_Kdist5.0_Kmono1.0,psweep113_r4_20260328_171213,5.0,1.0,ok,3.457656600772069,1000,1000,1000,0,0.0,1.0,0.0,0.2126316,0.17802,Advantage2_system1.13,2774,30,./penalty_sweep_qpu_v113/samples/4jsz_Kdist5.0_Kmono1.0/psweep113_r4_20260328_171213/4jsz_ligand_report.csv,./penalty_sweep_qpu_v113/samples/4jsz_Kdist5.0_Kmono1.0/psweep113_r4_20260328_171213/4jsz_ligand_samples.json,./penalty_sweep_qpu_v113/samples/4jsz_Kdist5.0_Kmono1.0/psweep113_r4_20260328_171213/result.json
4jsz,4jsz_Kdist5.0_Kmono2.0,psweep113_r4_20260328_171213,5.0,2.0,ok,1.5171858479612677,1000,1000,1000,7,0.007,1.0,0.007,0.21967,0.18506,Advantage2_system1.13,2461,26,./penalty_sweep_qpu_v113/samples/4jsz_Kdist5.0_Kmono2.0/psweep113_r4_20260328_171213/4jsz_ligand_report.csv,./penalty_sweep_qpu_v113/samples/4jsz_Kdist5.0_Kmono2.0/psweep113_r4_20260328_171213/4jsz_ligand_samples.json,./penalty_sweep_qpu_v113/samples/4jsz_Kdist5.0_Kmono2.0/psweep113_r4_20260328_171213/result.json
4jsz,4jsz_Kdist5.0_Kmono3.0,psweep113_r4_20260328_171213,5.0,3.0,ok,1.6337116967704561,1000,1000,1000,6,0.006,1.0,0.006,0.21495879999999998,0.18034,Advantage2_system1.13,2641,30,./penalty_sweep_qpu_v113/samples/4jsz_Kdist5.0_Kmono3.0/psweep113_r4_20260328_171213/4jsz_ligand_report.csv,./penalty_sweep_qpu_v113/samples/4jsz_Kdist5.0_Kmono3.0/psweep113_r4_20260328_171213/4jsz_ligand_samples.json,./penalty_sweep_qpu_v113/samples/4jsz_Kdist5.0_Kmono3.0/psweep113_r4_20260328_171213/result.json
4jsz,4jsz_Kdist5.0_Kmono4.0,psweep113_r4_20260328_171213,5.0,4.0,ok,1.4716953975690772,1000,1000,1000,138,0.138,1.0,0.138,0.2116684,0.17706,Advantage2_system1.13,2541,26,./penalty_sweep_qpu_v113/samples/4jsz_Kdist5.0_Kmono4.0/psweep113_r4_20260328_171213/4jsz_ligand_report.csv,./penalty_sweep_qpu_v113/samples/4jsz_Kdist5.0_Kmono4.0/psweep113_r4_20260328_171213/4jsz_ligand_samples.json,./penalty_sweep_qpu_v113/samples/4jsz_Kdist5.0_Kmono4.0/psweep113_r4_20260328_171213/result.json
4jsz,4jsz_Kdist5.0_Kmono5.0,psweep113_r4_20260328_171213,5.0,5.0,ok,2.593548924786794,1000,1000,1000,0,0.0,1.0,0.0,0.2094852,0.17488,Advantage2_system1.13,2453,26,./penalty_sweep_qpu_v113/samples/4jsz_Kdist5.0_Kmono5.0/psweep113_r4_20260328_171213/4jsz_ligand_report.csv,./penalty_sweep_qpu_v113/samples/4jsz_Kdist5.0_Kmono5.0/psweep113_r4_20260328_171213/4jsz_ligand_samples.json,./penalty_sweep_qpu_v113/samples/4jsz_Kdist5.0_Kmono5.0/psweep113_r4_20260328_171213/result.json
4jsz,4jsz_Kdist5.0_Kmono6.0,psweep113_r4_20260328_171213,5.0,6.0,ok,1.4676406337121075,1000,1000,1000,28,0.028,1.0,0.028,0.21177520000000002,0.17716,Advantage2_system1.13,2666,27,./penalty_sweep_qpu_v113/samples/4jsz_Kdist5.0_Kmono6.0/psweep113_r4_20260328_171213/4jsz_ligand_report.csv,./penalty_sweep_qpu_v113/samples/4jsz_Kdist5.0_Kmono6.0/psweep113_r4_20260328_171213/4jsz_ligand_samples.json,./penalty_sweep_qpu_v113/samples/4jsz_Kdist5.0_Kmono6.0/psweep113_r4_20260328_171213/result.json
4jsz,4jsz_Kdist5.0_Kmono7.0,psweep113_r4_20260328_171213,5.0,7.0,ok,2.9656323193802865,1000,1000,1000,0,0.0,1.0,0.0,0.212404,0.1778,Advantage2_system1.13,2676,30,./penalty_sweep_qpu_v113/samples/4jsz_Kdist5.0_Kmono7.0/psweep113_r4_20260328_171213/4jsz_ligand_report.csv,./penalty_sweep_qpu_v113/samples/4jsz_Kdist5.0_Kmono7.0/psweep113_r4_20260328_171213/4jsz_ligand_samples.json,./penalty_sweep_qpu_v113/samples/4jsz_Kdist5.0_Kmono7.0/psweep113_r4_20260328_171213/result.json
4jsz,4jsz_Kdist5.0_Kmono8.0,psweep113_r4_20260328_171213,5.0,8.0,ok,3.027949502728737,1000,1000,1000,0,0.0,1.0,0.0,0.21116520000000003,0.17656,Advantage2_system1.13,2448,26,./penalty_sweep_qpu_v113/samples/4jsz_Kdist5.0_Kmono8.0/psweep113_r4_20260328_171213/4jsz_ligand_report.csv,./penalty_sweep_qpu_v113/samples/4jsz_Kdist5.0_Kmono8.0/psweep113_r4_20260328_171213/4jsz_ligand_samples.json,./penalty_sweep_qpu_v113/samples/4jsz_Kdist5.0_Kmono8.0/psweep113_r4_20260328_171213/result.json
4jsz,4jsz_Kdist5.0_Kmono9.0,psweep113_r4_20260328_171213,5.0,9.0,ok,1.8697932729681968,1000,1000,1000,1,0.001,1.0,0.001,0.2102032,0.1756,Advantage2_system1.13,2416,26,./penalty_sweep_qpu_v113/samples/4jsz_Kdist5.0_Kmono9.0/psweep113_r4_20260328_171213/4jsz_ligand_report.csv,./penalty_sweep_qpu_v113/samples/4jsz_Kdist5.0_Kmono9.0/psweep113_r4_20260328_171213/4jsz_ligand_samples.json,./penalty_sweep_qpu_v113/samples/4jsz_Kdist5.0_Kmono9.0/psweep113_r4_20260328_171213/result.json
4jsz,4jsz_Kdist5.0_Kmono10.0,psweep113_r4_20260328_171213,5.0,10.0,ok,1.8421751765299914,1000,1000,1000,4,0.004,1.0,0.004,0.2104036,0.1758,Advantage2_system1.13,2458,26,./penalty_sweep_qpu_v113/samples/4jsz_Kdist5.0_Kmono10.0/psweep113_r4_20260328_171213/4jsz_ligand_report.csv,./penalty_sweep_qpu_v113/samples/4jsz_Kdist5.0_Kmono10.0/psweep113_r4_20260328_171213/4jsz_ligand_samples.json,./penalty_sweep_qpu_v113/samples/4jsz_Kdist5.0_Kmono10.0/psweep113_r4_20260328_171213/result.json
4jsz,4jsz_Kdist5.0_Kmono11.0,psweep113_r4_20260328_171213,5.0,11.0,ok,1.8073845946252256,1000,1000,1000,2,0.002,1.0,0.002,0.2084876,0.17388,Advantage2_system1.13,2360,25,./penalty_sweep_qpu_v113/samples/4jsz_Kdist5.0_Kmono11.0/psweep113_r4_20260328_171213/4jsz_ligand_report.csv,./penalty_sweep_qpu_v113/samples/4jsz_Kdist5.0_Kmono11.0/psweep113_r4_20260328_171213/4jsz_ligand_samples.json,./penalty_sweep_qpu_v113/samples/4jsz_Kdist5.0_Kmono11.0/psweep113_r4_20260328_171213/result.json
4jsz,4jsz_Kdist5.0_Kmono12.0,psweep113_r4_20260328_171213,5.0,12.0,ok,1.5358308723095828,1000,1000,1000,64,0.064,1.0,0.064,0.210212,0.1756,Advantage2_system1.13,2841,33,./penalty_sweep_qpu_v113/samples/4jsz_Kdist5.0_Kmono12.0/psweep113_r4_20260328_171213/4jsz_ligand_report.csv,./penalty_sweep_qpu_v113/samples/4jsz_Kdist5.0_Kmono12.0/psweep113_r4_20260328_171213/4jsz_ligand_samples.json,./penalty_sweep_qpu_v113/samples/4jsz_Kdist5.0_Kmono12.0/psweep113_r4_20260328_171213/result.json
4jsz,4jsz_Kdist5.0_Kmono13.0,psweep113_r4_20260328_171213,5.0,13.0,ok,2.5708951384814194,1000,1000,1000,0,0.0,1.0,0.0,0.2161244,0.18152,Advantage2_system1.13,2493,27,./penalty_sweep_qpu_v113/samples/4jsz_Kdist5.0_Kmono13.0/psweep113_r4_20260328_171213/4jsz_ligand_report.csv,./penalty_sweep_qpu_v113/samples/4jsz_Kdist5.0_Kmono13.0/psweep113_r4_20260328_171213/4jsz_ligand_samples.json,./penalty_sweep_qpu_v113/samples/4jsz_Kdist5.0_Kmono13.0/psweep113_r4_20260328_171213/result.json
4jsz,4jsz_Kdist5.0_Kmono14.0,psweep113_r4_20260328_171213,5.0,14.0,ok,1.92557873903388,1000,1000,1000,1,0.001,1.0,0.001,0.20572,0.1711,Advantage2_system1.13,2681,29,./penalty_sweep_qpu_v113/samples/4jsz_Kdist5.0_Kmono14.0/psweep113_r4_20260328_171213/4jsz_ligand_report.csv,./penalty_sweep_qpu_v113/samples/4jsz_Kdist5.0_Kmono14.0/psweep113_r4_20260328_171213/4jsz_ligand_samples.json,./penalty_sweep_qpu_v113/samples/4jsz_Kdist5.0_Kmono14.0/psweep113_r4_20260328_171213/result.json
4jsz,4jsz_Kdist5.0_Kmono15.0,psweep113_r4_20260328_171213,5.0,15.0,ok,2.4643379021631557,1000,1000,1000,0,0.0,1.0,0.0,0.2109864,0.17638,Advantage2_system1.13,2656,30,./penalty_sweep_qpu_v113/samples/4jsz_Kdist5.0_Kmono15.0/psweep113_r4_20260328_171213/4jsz_ligand_report.csv,./penalty_sweep_qpu_v113/samples/4jsz_Kdist5.0_Kmono15.0/psweep113_r4_20260328_171213/4jsz_ligand_samples.json,./penalty_sweep_qpu_v113/samples/4jsz_Kdist5.0_Kmono15.0/psweep113_r4_20260328_171213/result.json
4jsz,4jsz_Kdist5.0_Kmono16.0,psweep113_r4_20260328_171213,5.0,16.0,ok,1.7737383899382417,1000,1000,1000,6,0.006,1.0,0.006,0.2194132,0.1848,Advantage2_system1.13,3262,37,./penalty_sweep_qpu_v113/samples/4jsz_Kdist5.0_Kmono16.0/psweep113_r4_20260328_171213/4jsz_ligand_report.csv,./penalty_sweep_qpu_v113/samples/4jsz_Kdist5.0_Kmono16.0/psweep113_r4_20260328_171213/4jsz_ligand_samples.json,./penalty_sweep_qpu_v113/samples/4jsz_Kdist5.0_Kmono16.0/psweep113_r4_20260328_171213/result.json
4jsz,4jsz_Kdist5.0_Kmono17.0,psweep113_r4_20260328_171213,5.0,17.0,ok,1.7818966666632199,1000,1000,1000,5,0.005,1.0,0.005,0.2139544,0.17934,Advantage2_system1.13,2769,29,./penalty_sweep_qpu_v113/samples/4jsz_Kdist5.0_Kmono17.0/psweep113_r4_20260328_171213/4jsz_ligand_report.csv,./penalty_sweep_qpu_v113/samples/4jsz_Kdist5.0_Kmono17.0/psweep113_r4_20260328_171213/4jsz_ligand_samples.json,./penalty_sweep_qpu_v113/samples/4jsz_Kdist5.0_Kmono17.0/psweep113_r4_20260328_171213/result.json
4jsz,4jsz_Kdist5.0_Kmono18.0,psweep113_r4_20260328_171213,5.0,18.0,ok,1.7033328644775867,1000,1000,1000,5,0.005,1.0,0.005,0.2130312,0.17842,Advantage2_system1.13,2702,27,./penalty_sweep_qpu_v113/samples/4jsz_Kdist5.0_Kmono18.0/psweep113_r4_20260328_171213/4jsz_ligand_report.csv,./penalty_sweep_qpu_v113/samples/4jsz_Kdist5.0_Kmono18.0/psweep113_r4_20260328_171213/4jsz_ligand_samples.json,./penalty_sweep_qpu_v113/samples/4jsz_Kdist5.0_Kmono18.0/psweep113_r4_20260328_171213/result.json
4jsz,4jsz_Kdist5.0_Kmono19.0,psweep113_r4_20260328_171213,5.0,19.0,ok,2.336998077264916,1000,1000,1000,0,0.0,1.0,0.0,0.2157164,0.1811,Advantage2_system1.13,2663,28,./penalty_sweep_qpu_v113/samples/4jsz_Kdist5.0_Kmono19.0/psweep113_r4_20260328_171213/4jsz_ligand_report.csv,./penalty_sweep_qpu_v113/samples/4jsz_Kdist5.0_Kmono19.0/psweep113_r4_20260328_171213/4jsz_ligand_samples.json,./penalty_sweep_qpu_v113/samples/4jsz_Kdist5.0_Kmono19.0/psweep113_r4_20260328_171213/result.json
4jsz,4jsz_Kdist5.0_Kmono20.0,psweep113_r4_20260328_171213,5.0,20.0,ok,2.6573697552716142,1000,1000,1000,0,0.0,1.0,0.0,0.2157076,0.1811,Advantage2_system1.13,2635,28,./penalty_sweep_qpu_v113/samples/4jsz_Kdist5.0_Kmono20.0/psweep113_r4_20260328_171213/4jsz_ligand_report.csv,./penalty_sweep_qpu_v113/samples/4jsz_Kdist5.0_Kmono20.0/psweep113_r4_20260328_171213/4jsz_ligand_samples.json,./penalty_sweep_qpu_v113/samples/4jsz_Kdist5.0_Kmono20.0/psweep113_r4_20260328_171213/result.json
4jsz,4jsz_Kdist5.5_Kmono1.0,psweep113_r4_20260328_171213,5.5,1.0,ok,1.7808667363504211,1000,1000,1000,10,0.01,1.0,0.01,0.20691079999999998,0.1723,Advantage2_system1.13,2524,26,./penalty_sweep_qpu_v113/samples/4jsz_Kdist5.5_Kmono1.0/psweep113_r4_20260328_171213/4jsz_ligand_report.csv,./penalty_sweep_qpu_v113/samples/4jsz_Kdist5.5_Kmono1.0/psweep113_r4_20260328_171213/4jsz_ligand_samples.json,./penalty_sweep_qpu_v113/samples/4jsz_Kdist5.5_Kmono1.0/psweep113_r4_20260328_171213/result.json
4jsz,4jsz_Kdist5.5_Kmono2.0,psweep113_r4_20260328_171213,5.5,2.0,ok,1.1290304737137369,1000,1000,1000,48,0.048,1.0,0.048,0.21131239999999998,0.1767,Advantage2_system1.13,2539,28,./penalty_sweep_qpu_v113/samples/4jsz_Kdist5.5_Kmono2.0/psweep113_r4_20260328_171213/4jsz_ligand_report.csv,./penalty_sweep_qpu_v113/samples/4jsz_Kdist5.5_Kmono2.0/psweep113_r4_20260328_171213/4jsz_ligand_samples.json,./penalty_sweep_qpu_v113/samples/4jsz_Kdist5.5_Kmono2.0/psweep113_r4_20260328_171213/result.json
4jsz,4jsz_Kdist5.5_Kmono3.0,psweep113_r4_20260328_171213,5.5,3.0,ok,2.1672539402393998,1000,1000,1000,0,0.0,1.0,0.0,0.2131788,0.17856,Advantage2_system1.13,2755,31,./penalty_sweep_qpu_v113/samples/4jsz_Kdist5.5_Kmono3.0/psweep113_r4_20260328_171213/4jsz_ligand_report.csv,./penalty_sweep_qpu_v113/samples/4jsz_Kdist5.5_Kmono3.0/psweep113_r4_20260328_171213/4jsz_ligand_samples.json,./penalty_sweep_qpu_v113/samples/4jsz_Kdist5.5_Kmono3.0/psweep113_r4_20260328_171213/result.json
4jsz,4jsz_Kdist5.5_Kmono4.0,psweep113_r4_20260328_171213,5.5,4.0,ok,4.3017460510393395,1000,1000,1000,0,0.0,1.0,0.0,0.2088108,0.1742,Advantage2_system1.13,2851,31,./penalty_sweep_qpu_v113/samples/4jsz_Kdist5.5_Kmono4.0/psweep113_r4_20260328_171213/4jsz_ligand_report.csv,./penalty_sweep_qpu_v113/samples/4jsz_Kdist5.5_Kmono4.0/psweep113_r4_20260328_171213/4jsz_ligand_samples.json,./penalty_sweep_qpu_v113/samples/4jsz_Kdist5.5_Kmono4.0/psweep113_r4_20260328_171213/result.json
4jsz,4jsz_Kdist5.5_Kmono5.0,psweep113_r4_20260328_171213,5.5,5.0,ok,2.1457095110458466,1000,1000,1000,0,0.0,1.0,0.0,0.219676,0.18506,Advantage2_system1.13,2857,30,./penalty_sweep_qpu_v113/samples/4jsz_Kdist5.5_Kmono5.0/psweep113_r4_20260328_171213/4jsz_ligand_report.csv,./penalty_sweep_qpu_v113/samples/4jsz_Kdist5.5_Kmono5.0/psweep113_r4_20260328_171213/4jsz_ligand_samples.json,./penalty_sweep_qpu_v113/samples/4jsz_Kdist5.5_Kmono5.0/psweep113_r4_20260328_171213/result.json
4jsz,4jsz_Kdist5.5_Kmono6.0,psweep113_r4_20260328_171213,5.5,6.0,ok,0.6907840166690373,1000,1000,1000,45,0.045,1.0,0.045,0.2127252,0.17812,Advantage2_system1.13,2394,25,./penalty_sweep_qpu_v113/samples/4jsz_Kdist5.5_Kmono6.0/psweep113_r4_20260328_171213/4jsz_ligand_report.csv,./penalty_sweep_qpu_v113/samples/4jsz_Kdist5.5_Kmono6.0/psweep113_r4_20260328_171213/4jsz_ligand_samples.json,./penalty_sweep_qpu_v113/samples/4jsz_Kdist5.5_Kmono6.0/psweep113_r4_20260328_171213/result.json
4jsz,4jsz_Kdist5.5_Kmono7.0,psweep113_r4_20260328_171213,5.5,7.0,ok,1.4815603404613682,1000,1000,1000,79,0.079,1.0,0.079,0.2114832,0.17688,Advantage2_system1.13,2249,24,./penalty_sweep_qpu_v113/samples/4jsz_Kdist5.5_Kmono7.0/psweep113_r4_20260328_171213/4jsz_ligand_report.csv,./penalty_sweep_qpu_v113/samples/4jsz_Kdist5.5_Kmono7.0/psweep113_r4_20260328_171213/4jsz_ligand_samples.json,./penalty_sweep_qpu_v113/samples/4jsz_Kdist5.5_Kmono7.0/psweep113_r4_20260328_171213/result.json
4jsz,4jsz_Kdist5.5_Kmono8.0,psweep113_r4_20260328_171213,5.5,8.0,ok,1.6480458405473402,1000,1000,1000,12,0.012,1.0,0.012,0.2122624,0.17766,Advantage2_system1.13,2601,29,./penalty_sweep_qpu_v113/samples/4jsz_Kdist5.5_Kmono8.0/psweep113_r4_20260328_171213/4jsz_ligand_report.csv,./penalty_sweep_qpu_v113/samples/4jsz_Kdist5.5_Kmono8.0/psweep113_r4_20260328_171213/4jsz_ligand_samples.json,./penalty_sweep_qpu_v113/samples/4jsz_Kdist5.5_Kmono8.0/psweep113_r4_20260328_171213/result.json
4jsz,4jsz_Kdist5.5_Kmono9.0,psweep113_r4_20260328_171213,5.5,9.0,ok,2.370433293161302,1000,1000,1000,0,0.0,1.0,0.0,0.21071,0.1761,Advantage2_system1.13,2439,27,./penalty_sweep_qpu_v113/samples/4jsz_Kdist5.5_Kmono9.0/psweep113_r4_20260328_171213/4jsz_ligand_report.csv,./penalty_sweep_qpu_v113/samples/4jsz_Kdist5.5_Kmono9.0/psweep113_r4_20260328_171213/4jsz_ligand_samples.json,./penalty_sweep_qpu_v113/samples/4jsz_Kdist5.5_Kmono9.0/psweep113_r4_20260328_171213/result.json
4jsz,4jsz_Kdist5.5_Kmono10.0,psweep113_r4_20260328_171213,5.5,10.0,ok,2.4234248523835538,1000,1000,1000,0,0.0,1.0,0.0,0.2099484,0.17534,Advantage2_system1.13,2534,29,./penalty_sweep_qpu_v113/samples/4jsz_Kdist5.5_Kmono10.0/psweep113_r4_20260328_171213/4jsz_ligand_report.csv,./penalty_sweep_qpu_v113/samples/4jsz_Kdist5.5_Kmono10.0/psweep113_r4_20260328_171213/4jsz_ligand_samples.json,./penalty_sweep_qpu_v113/samples/4jsz_Kdist5.5_Kmono10.0/psweep113_r4_20260328_171213/result.json
4jsz,4jsz_Kdist5.5_Kmono11.0,psweep113_r4_20260328_171213,5.5,11.0,ok,1.5983455084646088,1000,1000,1000,40,0.04,1.0,0.04,0.21067439999999998,0.17606,Advantage2_system1.13,2442,25,./penalty_sweep_qpu_v113/samples/4jsz_Kdist5.5_Kmono11.0/psweep113_r4_20260328_171213/4jsz_ligand_report.csv,./penalty_sweep_qpu_v113/samples/4jsz_Kdist5.5_Kmono11.0/psweep113_r4_20260328_171213/4jsz_ligand_samples.json,./penalty_sweep_qpu_v113/samples/4jsz_Kdist5.5_Kmono11.0/psweep113_r4_20260328_171213/result.json
4jsz,4jsz_Kdist5.5_Kmono12.0,psweep113_r4_20260328_171213,5.5,12.0,ok,2.2399264065718394,1000,1000,1000,0,0.0,1.0,0.0,0.2128148,0.1782,Advantage2_system1.13,2611,29,./penalty_sweep_qpu_v113/samples/4jsz_Kdist5.5_Kmono12.0/psweep113_r4_20260328_171213/4jsz_ligand_report.csv,./penalty_sweep_qpu_v113/samples/4jsz_Kdist5.5_Kmono12.0/psweep113_r4_20260328_171213/4jsz_ligand_samples.json,./penalty_sweep_qpu_v113/samples/4jsz_Kdist5.5_Kmono12.0/psweep113_r4_20260328_171213/result.json
4jsz,4jsz_Kdist5.5_Kmono13.0,psweep113_r4_20260328_171213,5.5,13.0,ok,2.0226052590018235,1000,1000,1000,0,0.0,1.0,0.0,0.2094884,0.17488,Advantage2_system1.13,2433,25,./penalty_sweep_qpu_v113/samples/4jsz_Kdist5.5_Kmono13.0/psweep113_r4_20260328_171213/4jsz_ligand_report.csv,./penalty_sweep_qpu_v113/samples/4jsz_Kdist5.5_Kmono13.0/psweep113_r4_20260328_171213/4jsz_ligand_samples.json,./penalty_sweep_qpu_v113/samples/4jsz_Kdist5.5_Kmono13.0/psweep113_r4_20260328_171213/result.json
4jsz,4jsz_Kdist5.5_Kmono14.0,psweep113_r4_20260328_171213,5.5,14.0,ok,2.4624442548639762,1000,1000,1000,0,0.0,1.0,0.0,0.2135476,0.17894,Advantage2_system1.13,2500,26,./penalty_sweep_qpu_v113/samples/4jsz_Kdist5.5_Kmono14.0/psweep113_r4_20260328_171213/4jsz_ligand_report.csv,./penalty_sweep_qpu_v113/samples/4jsz_Kdist5.5_Kmono14.0/psweep113_r4_20260328_171213/4jsz_ligand_samples.json,./penalty_sweep_qpu_v113/samples/4jsz_Kdist5.5_Kmono14.0/psweep113_r4_20260328_171213/result.json
4jsz,4jsz_Kdist5.5_Kmono15.0,psweep113_r4_20260328_171213,5.5,15.0,ok,2.9318242829214025,1000,1000,1000,0,0.0,1.0,0.0,0.2107756,0.17616,Advantage2_system1.13,2448,26,./penalty_sweep_qpu_v113/samples/4jsz_Kdist5.5_Kmono15.0/psweep113_r4_20260328_171213/4jsz_ligand_report.csv,./penalty_sweep_qpu_v113/samples/4jsz_Kdist5.5_Kmono15.0/psweep113_r4_20260328_171213/4jsz_ligand_samples.json,./penalty_sweep_qpu_v113/samples/4jsz_Kdist5.5_Kmono15.0/psweep113_r4_20260328_171213/result.json
4jsz,4jsz_Kdist5.5_Kmono16.0,psweep113_r4_20260328_171213,5.5,16.0,ok,2.096098919417699,1000,1000,1000,0,0.0,1.0,0.0,0.21358760000000002,0.17898,Advantage2_system1.13,2324,24,./penalty_sweep_qpu_v113/samples/4jsz_Kdist5.5_Kmono16.0/psweep113_r4_20260328_171213/4jsz_ligand_report.csv,./penalty_sweep_qpu_v113/samples/4jsz_Kdist5.5_Kmono16.0/psweep113_r4_20260328_171213/4jsz_ligand_samples.json,./penalty_sweep_qpu_v113/samples/4jsz_Kdist5.5_Kmono16.0/psweep113_r4_20260328_171213/result.json
4jsz,4jsz_Kdist5.5_Kmono17.0,psweep113_r4_20260328_171213,5.5,17.0,ok,1.6140392012949334,1000,1000,1000,7,0.007,1.0,0.007,0.21281879999999997,0.1782,Advantage2_system1.13,2548,28,./penalty_sweep_qpu_v113/samples/4jsz_Kdist5.5_Kmono17.0/psweep113_r4_20260328_171213/4jsz_ligand_report.csv,./penalty_sweep_qpu_v113/samples/4jsz_Kdist5.5_Kmono17.0/psweep113_r4_20260328_171213/4jsz_ligand_samples.json,./penalty_sweep_qpu_v113/samples/4jsz_Kdist5.5_Kmono17.0/psweep113_r4_20260328_171213/result.json
4jsz,4jsz_Kdist5.5_Kmono18.0,psweep113_r4_20260328_171213,5.5,18.0,ok,1.1566815211712058,1000,1000,1000,3,0.003,1.0,0.003,0.238362,0.1797,Advantage2_system1.13,2418,25,./penalty_sweep_qpu_v113/samples/4jsz_Kdist5.5_Kmono18.0/psweep113_r4_20260328_171213/4jsz_ligand_report.csv,./penalty_sweep_qpu_v113/samples/4jsz_Kdist5.5_Kmono18.0/psweep113_r4_20260328_171213/4jsz_ligand_samples.json,./penalty_sweep_qpu_v113/samples/4jsz_Kdist5.5_Kmono18.0/psweep113_r4_20260328_171213/result.json
4jsz,4jsz_Kdist5.5_Kmono19.0,psweep113_r4_20260328_171213,5.5,19.0,ok,3.5136826308997082,1000,1000,1000,0,0.0,1.0,0.0,0.2130308,0.17842,Advantage2_system1.13,2674,29,./penalty_sweep_qpu_v113/samples/4jsz_Kdist5.5_Kmono19.0/psweep113_r4_20260328_171213/4jsz_ligand_report.csv,./penalty_sweep_qpu_v113/samples/4jsz_Kdist5.5_Kmono19.0/psweep113_r4_20260328_171213/4jsz_ligand_samples.json,./penalty_sweep_qpu_v113/samples/4jsz_Kdist5.5_Kmono19.0/psweep113_r4_20260328_171213/result.json
4jsz,4jsz_Kdist5.5_Kmono20.0,psweep113_r4_20260328_171213,5.5,20.0,ok,1.0944299996226707,1000,1000,1000,36,0.036,1.0,0.036,0.2150832,0.18048,Advantage2_system1.13,2746,28,./penalty_sweep_qpu_v113/samples/4jsz_Kdist5.5_Kmono20.0/psweep113_r4_20260328_171213/4jsz_ligand_report.csv,./penalty_sweep_qpu_v113/samples/4jsz_Kdist5.5_Kmono20.0/psweep113_r4_20260328_171213/4jsz_ligand_samples.json,./penalty_sweep_qpu_v113/samples/4jsz_Kdist5.5_Kmono20.0/psweep113_r4_20260328_171213/result.json
4jsz,4jsz_Kdist6.0_Kmono1.0,psweep113_r4_20260328_171213,6.0,1.0,ok,2.3051284191509547,1000,1000,1000,0,0.0,1.0,0.0,0.21276520000000002,0.17816,Advantage2_system1.13,2483,26,./penalty_sweep_qpu_v113/samples/4jsz_Kdist6.0_Kmono1.0/psweep113_r4_20260328_171213/4jsz_ligand_report.csv,./penalty_sweep_qpu_v113/samples/4jsz_Kdist6.0_Kmono1.0/psweep113_r4_20260328_171213/4jsz_ligand_samples.json,./penalty_sweep_qpu_v113/samples/4jsz_Kdist6.0_Kmono1.0/psweep113_r4_20260328_171213/result.json
4jsz,4jsz_Kdist6.0_Kmono2.0,psweep113_r4_20260328_171213,6.0,2.0,ok,2.09558247410315,1000,1000,1000,0,0.0,1.0,0.0,0.2111232,0.17652,Advantage2_system1.13,2304,24,./penalty_sweep_qpu_v113/samples/4jsz_Kdist6.0_Kmono2.0/psweep113_r4_20260328_171213/4jsz_ligand_report.csv,./penalty_sweep_qpu_v113/samples/4jsz_Kdist6.0_Kmono2.0/psweep113_r4_20260328_171213/4jsz_ligand_samples.json,./penalty_sweep_qpu_v113/samples/4jsz_Kdist6.0_Kmono2.0/psweep113_r4_20260328_171213/result.json
4jsz,4jsz_Kdist6.0_Kmono3.0,psweep113_r4_20260328_171213,6.0,3.0,ok,1.8688131251180453,1000,1000,1000,1,0.001,1.0,0.001,0.21431039999999998,0.1797,Advantage2_system1.13,2713,30,./penalty_sweep_qpu_v113/samples/4jsz_Kdist6.0_Kmono3.0/psweep113_r4_20260328_171213/4jsz_ligand_report.csv,./penalty_sweep_qpu_v113/samples/4jsz_Kdist6.0_Kmono3.0/psweep113_r4_20260328_171213/4jsz_ligand_samples.json,./penalty_sweep_qpu_v113/samples/4jsz_Kdist6.0_Kmono3.0/psweep113_r4_20260328_171213/result.json
4jsz,4jsz_Kdist6.0_Kmono4.0,psweep113_r4_20260328_171213,6.0,4.0,ok,1.2732438019953727,1000,1000,1000,25,0.025,1.0,0.025,0.211418,0.1768,Advantage2_system1.13,2562,28,./penalty_sweep_qpu_v113/samples/4jsz_Kdist6.0_Kmono4.0/psweep113_r4_20260328_171213/4jsz_ligand_report.csv,./penalty_sweep_qpu_v113/samples/4jsz_Kdist6.0_Kmono4.0/psweep113_r4_20260328_171213/4jsz_ligand_samples.json,./penalty_sweep_qpu_v113/samples/4jsz_Kdist6.0_Kmono4.0/psweep113_r4_20260328_171213/result.json
4jsz,4jsz_Kdist6.0_Kmono5.0,psweep113_r4_20260328_171213,6.0,5.0,ok,1.8664221818028255,1000,1000,1000,1,0.001,1.0,0.001,0.21862479999999998,0.18402,Advantage2_system1.13,2478,27,./penalty_sweep_qpu_v113/samples/4jsz_Kdist6.0_Kmono5.0/psweep113_r4_20260328_171213/4jsz_ligand_report.csv,./penalty_sweep_qpu_v113/samples/4jsz_Kdist6.0_Kmono5.0/psweep113_r4_20260328_171213/4jsz_ligand_samples.json,./penalty_sweep_qpu_v113/samples/4jsz_Kdist6.0_Kmono5.0/psweep113_r4_20260328_171213/result.json
4jsz,4jsz_Kdist6.0_Kmono6.0,psweep113_r4_20260328_171213,6.0,6.0,ok,2.2109641645821974,1000,1000,1000,0,0.0,1.0,0.0,0.214808,0.1802,Advantage2_system1.13,2863,30,./penalty_sweep_qpu_v113/samples/4jsz_Kdist6.0_Kmono6.0/psweep113_r4_20260328_171213/4jsz_ligand_report.csv,./penalty_sweep_qpu_v113/samples/4jsz_Kdist6.0_Kmono6.0/psweep113_r4_20260328_171213/4jsz_ligand_samples.json,./penalty_sweep_qpu_v113/samples/4jsz_Kdist6.0_Kmono6.0/psweep113_r4_20260328_171213/result.json
4jsz,4jsz_Kdist6.0_Kmono7.0,psweep113_r4_20260328_171213,6.0,7.0,ok,2.381679873003325,1000,1000,1000,0,0.0,1.0,0.0,0.2114852,0.17688,Advantage2_system1.13,2433,25,./penalty_sweep_qpu_v113/samples/4jsz_Kdist6.0_Kmono7.0/psweep113_r4_20260328_171213/4jsz_ligand_report.csv,./penalty_sweep_qpu_v113/samples/4jsz_Kdist6.0_Kmono7.0/psweep113_r4_20260328_171213/4jsz_ligand_samples.json,./penalty_sweep_qpu_v113/samples/4jsz_Kdist6.0_Kmono7.0/psweep113_r4_20260328_171213/result.json
4jsz,4jsz_Kdist6.0_Kmono8.0,psweep113_r4_20260328_171213,6.0,8.0,ok,2.532568814425029,1000,1000,1000,0,0.0,1.0,0.0,0.20534,0.17074,Advantage2_system1.13,2525,29,./penalty_sweep_qpu_v113/samples/4jsz_Kdist6.0_Kmono8.0/psweep113_r4_20260328_171213/4jsz_ligand_report.csv,./penalty_sweep_qpu_v113/samples/4jsz_Kdist6.0_Kmono8.0/psweep113_r4_20260328_171213/4jsz_ligand_samples.json,./penalty_sweep_qpu_v113/samples/4jsz_Kdist6.0_Kmono8.0/psweep113_r4_20260328_171213/result.json
4jsz,4jsz_Kdist6.0_Kmono9.0,psweep113_r4_20260328_171213,6.0,9.0,ok,4.042002616680113,1000,1000,1000,0,0.0,1.0,0.0,0.21140920000000002,0.1768,Advantage2_system1.13,2424,27,./penalty_sweep_qpu_v113/samples/4jsz_Kdist6.0_Kmono9.0/psweep113_r4_20260328_171213/4jsz_ligand_report.csv,./penalty_sweep_qpu_v113/samples/4jsz_Kdist6.0_Kmono9.0/psweep113_r4_20260328_171213/4jsz_ligand_samples.json,./penalty_sweep_qpu_v113/samples/4jsz_Kdist6.0_Kmono9.0/psweep113_r4_20260328_171213/result.json
4jsz,4jsz_Kdist6.0_Kmono10.0,psweep113_r4_20260328_171213,6.0,10.0,ok,2.450804339196567,1000,1000,1000,0,0.0,1.0,0.0,0.218624,0.18402,Advantage2_system1.13,2613,28,./penalty_sweep_qpu_v113/samples/4jsz_Kdist6.0_Kmono10.0/psweep113_r4_20260328_171213/4jsz_ligand_report.csv,./penalty_sweep_qpu_v113/samples/4jsz_Kdist6.0_Kmono10.0/psweep113_r4_20260328_171213/4jsz_ligand_samples.json,./penalty_sweep_qpu_v113/samples/4jsz_Kdist6.0_Kmono10.0/psweep113_r4_20260328_171213/result.json
4jsz,4jsz_Kdist6.0_Kmono11.0,psweep113_r4_20260328_171213,6.0,11.0,ok,1.919740162925441,1000,1000,1000,2,0.002,1.0,0.002,0.2104472,0.17584,Advantage2_system1.13,2499,25,./penalty_sweep_qpu_v113/samples/4jsz_Kdist6.0_Kmono11.0/psweep113_r4_20260328_171213/4jsz_ligand_report.csv,./penalty_sweep_qpu_v113/samples/4jsz_Kdist6.0_Kmono11.0/psweep113_r4_20260328_171213/4jsz_ligand_samples.json,./penalty_sweep_qpu_v113/samples/4jsz_Kdist6.0_Kmono11.0/psweep113_r4_20260328_171213/result.json
4jsz,4jsz_Kdist6.0_Kmono12.0,psweep113_r4_20260328_171213,6.0,12.0,ok,1.4943492073271234,1000,1000,1000,37,0.037,1.0,0.037,0.2160264,0.18142,Advantage2_system1.13,2507,26,./penalty_sweep_qpu_v113/samples/4jsz_Kdist6.0_Kmono12.0/psweep113_r4_20260328_171213/4jsz_ligand_report.csv,./penalty_sweep_qpu_v113/samples/4jsz_Kdist6.0_Kmono12.0/psweep113_r4_20260328_171213/4jsz_ligand_samples.json,./penalty_sweep_qpu_v113/samples/4jsz_Kdist6.0_Kmono12.0/psweep113_r4_20260328_171213/result.json
4jsz,4jsz_Kdist6.0_Kmono13.0,psweep113_r4_20260328_171213,6.0,13.0,ok,2.4198586975050556,1000,1000,1000,0,0.0,1.0,0.0,0.2130248,0.17842,Advantage2_system1.13,2659,29,./penalty_sweep_qpu_v113/samples/4jsz_Kdist6.0_Kmono13.0/psweep113_r4_20260328_171213/4jsz_ligand_report.csv,./penalty_sweep_qpu_v113/samples/4jsz_Kdist6.0_Kmono13.0/psweep113_r4_20260328_171213/4jsz_ligand_samples.json,./penalty_sweep_qpu_v113/samples/4jsz_Kdist6.0_Kmono13.0/psweep113_r4_20260328_171213/result.json
4jsz,4jsz_Kdist6.0_Kmono14.0,psweep113_r4_20260328_171213,6.0,14.0,ok,4.020107077536812,1000,1000,1000,0,0.0,1.0,0.0,0.214588,0.17998,Advantage2_system1.13,2741,29,./penalty_sweep_qpu_v113/samples/4jsz_Kdist6.0_Kmono14.0/psweep113_r4_20260328_171213/4jsz_ligand_report.csv,./penalty_sweep_qpu_v113/samples/4jsz_Kdist6.0_Kmono14.0/psweep113_r4_20260328_171213/4jsz_ligand_samples.json,./penalty_sweep_qpu_v113/samples/4jsz_Kdist6.0_Kmono14.0/psweep113_r4_20260328_171213/result.json
4jsz,4jsz_Kdist6.0_Kmono15.0,psweep113_r4_20260328_171213,6.0,15.0,ok,2.124354253765628,1000,1000,1000,0,0.0,1.0,0.0,0.2166344,0.18202,Advantage2_system1.13,2676,28,./penalty_sweep_qpu_v113/samples/4jsz_Kdist6.0_Kmono15.0/psweep113_r4_20260328_171213/4jsz_ligand_report.csv,./penalty_sweep_qpu_v113/samples/4jsz_Kdist6.0_Kmono15.0/psweep113_r4_20260328_171213/4jsz_ligand_samples.json,./penalty_sweep_qpu_v113/samples/4jsz_Kdist6.0_Kmono15.0/psweep113_r4_20260328_171213/result.json
4jsz,4jsz_Kdist6.0_Kmono16.0,psweep113_r4_20260328_171213,6.0,16.0,ok,3.899675367866451,1000,1000,1000,0,0.0,1.0,0.0,0.2108472,0.17624,Advantage2_system1.13,2388,25,./penalty_sweep_qpu_v113/samples/4jsz_Kdist6.0_Kmono16.0/psweep113_r4_20260328_171213/4jsz_ligand_report.csv,./penalty_sweep_qpu_v113/samples/4jsz_Kdist6.0_Kmono16.0/psweep113_r4_20260328_171213/4jsz_ligand_samples.json,./penalty_sweep_qpu_v113/samples/4jsz_Kdist6.0_Kmono16.0/psweep113_r4_20260328_171213/result.json
4jsz,4jsz_Kdist6.0_Kmono17.0,psweep113_r4_20260328_171213,6.0,17.0,ok,3.146002077800267,1000,1000,1000,0,0.0,1.0,0.0,0.2199116,0.1853,Advantage2_system1.13,2659,29,./penalty_sweep_qpu_v113/samples/4jsz_Kdist6.0_Kmono17.0/psweep113_r4_20260328_171213/4jsz_ligand_report.csv,./penalty_sweep_qpu_v113/samples/4jsz_Kdist6.0_Kmono17.0/psweep113_r4_20260328_171213/4jsz_ligand_samples.json,./penalty_sweep_qpu_v113/samples/4jsz_Kdist6.0_Kmono17.0/psweep113_r4_20260328_171213/result.json
4jsz,4jsz_Kdist6.0_Kmono18.0,psweep113_r4_20260328_171213,6.0,18.0,ok,2.086959201013744,1000,1000,1000,0,0.0,1.0,0.0,0.2172228,0.18262,Advantage2_system1.13,2584,30,./penalty_sweep_qpu_v113/samples/4jsz_Kdist6.0_Kmono18.0/psweep113_r4_20260328_171213/4jsz_ligand_report.csv,./penalty_sweep_qpu_v113/samples/4jsz_Kdist6.0_Kmono18.0/psweep113_r4_20260328_171213/4jsz_ligand_samples.json,./penalty_sweep_qpu_v113/samples/4jsz_Kdist6.0_Kmono18.0/psweep113_r4_20260328_171213/result.json
4jsz,4jsz_Kdist6.0_Kmono19.0,psweep113_r4_20260328_171213,6.0,19.0,ok,2.3892022472487016,1000,1000,1000,0,0.0,1.0,0.0,0.217724,0.18312,Advantage2_system1.13,2351,27,./penalty_sweep_qpu_v113/samples/4jsz_Kdist6.0_Kmono19.0/psweep113_r4_20260328_171213/4jsz_ligand_report.csv,./penalty_sweep_qpu_v113/samples/4jsz_Kdist6.0_Kmono19.0/psweep113_r4_20260328_171213/4jsz_ligand_samples.json,./penalty_sweep_qpu_v113/samples/4jsz_Kdist6.0_Kmono19.0/psweep113_r4_20260328_171213/result.json
4jsz,4jsz_Kdist6.0_Kmono20.0,psweep113_r4_20260328_171213,6.0,20.0,ok,2.5437213597539676,1000,1000,1000,0,0.0,1.0,0.0,0.21126520000000001,0.17666,Advantage2_system1.13,2488,27,./penalty_sweep_qpu_v113/samples/4jsz_Kdist6.0_Kmono20.0/psweep113_r4_20260328_171213/4jsz_ligand_report.csv,./penalty_sweep_qpu_v113/samples/4jsz_Kdist6.0_Kmono20.0/psweep113_r4_20260328_171213/4jsz_ligand_samples.json,./penalty_sweep_qpu_v113/samples/4jsz_Kdist6.0_Kmono20.0/psweep113_r4_20260328_171213/result.json
4jsz,4jsz_Kdist6.5_Kmono1.0,psweep113_r4_20260328_171213,6.5,1.0,ok,1.795432792067967,1000,1000,1000,8,0.008,1.0,0.008,0.2089848,0.17438,Advantage2_system1.13,2869,31,./penalty_sweep_qpu_v113/samples/4jsz_Kdist6.5_Kmono1.0/psweep113_r4_20260328_171213/4jsz_ligand_report.csv,./penalty_sweep_qpu_v113/samples/4jsz_Kdist6.5_Kmono1.0/psweep113_r4_20260328_171213/4jsz_ligand_samples.json,./penalty_sweep_qpu_v113/samples/4jsz_Kdist6.5_Kmono1.0/psweep113_r4_20260328_171213/result.json
4jsz,4jsz_Kdist6.5_Kmono2.0,psweep113_r4_20260328_171213,6.5,2.0,ok,2.3120800171434674,1000,1000,1000,0,0.0,1.0,0.0,0.206852,0.17224,Advantage2_system1.13,2814,30,./penalty_sweep_qpu_v113/samples/4jsz_Kdist6.5_Kmono2.0/psweep113_r4_20260328_171213/4jsz_ligand_report.csv,./penalty_sweep_qpu_v113/samples/4jsz_Kdist6.5_Kmono2.0/psweep113_r4_20260328_171213/4jsz_ligand_samples.json,./penalty_sweep_qpu_v113/samples/4jsz_Kdist6.5_Kmono2.0/psweep113_r4_20260328_171213/result.json
4jsz,4jsz_Kdist6.5_Kmono3.0,psweep113_r4_20260328_171213,6.5,3.0,ok,1.6568440005885545,1000,1000,1000,9,0.009,1.0,0.009,0.2127716,0.17816,Advantage2_system1.13,2741,30,./penalty_sweep_qpu_v113/samples/4jsz_Kdist6.5_Kmono3.0/psweep113_r4_20260328_171213/4jsz_ligand_report.csv,./penalty_sweep_qpu_v113/samples/4jsz_Kdist6.5_Kmono3.0/psweep113_r4_20260328_171213/4jsz_ligand_samples.json,./penalty_sweep_qpu_v113/samples/4jsz_Kdist6.5_Kmono3.0/psweep113_r4_20260328_171213/result.json
4jsz,4jsz_Kdist6.5_Kmono4.0,psweep113_r4_20260328_171213,6.5,4.0,ok,2.078366435856687,1000,1000,1000,0,0.0,1.0,0.0,0.216314,0.1817,Advantage2_system1.13,2294,24,./penalty_sweep_qpu_v113/samples/4jsz_Kdist6.5_Kmono4.0/psweep113_r4_20260328_171213/4jsz_ligand_report.csv,./penalty_sweep_qpu_v113/samples/4jsz_Kdist6.5_Kmono4.0/psweep113_r4_20260328_171213/4jsz_ligand_samples.json,./penalty_sweep_qpu_v113/samples/4jsz_Kdist6.5_Kmono4.0/psweep113_r4_20260328_171213/result.json
4jsz,4jsz_Kdist6.5_Kmono5.0,psweep113_r4_20260328_171213,6.5,5.0,ok,2.9865621223880185,1000,1000,1000,0,0.0,1.0,0.0,0.21117239999999998,0.17656,Advantage2_system1.13,2443,25,./penalty_sweep_qpu_v113/samples/4jsz_Kdist6.5_Kmono5.0/psweep113_r4_20260328_171213/4jsz_ligand_report.csv,./penalty_sweep_qpu_v113/samples/4jsz_Kdist6.5_Kmono5.0/psweep113_r4_20260328_171213/4jsz_ligand_samples.json,./penalty_sweep_qpu_v113/samples/4jsz_Kdist6.5_Kmono5.0/psweep113_r4_20260328_171213/result.json
4jsz,4jsz_Kdist6.5_Kmono6.0,psweep113_r4_20260328_171213,6.5,6.0,ok,2.2170960782946225,1000,1000,1000,0,0.0,1.0,0.0,0.2196304,0.18502,Advantage2_system1.13,2458,25,./penalty_sweep_qpu_v113/samples/4jsz_Kdist6.5_Kmono6.0/psweep113_r4_20260328_171213/4jsz_ligand_report.csv,./penalty_sweep_qpu_v113/samples/4jsz_Kdist6.5_Kmono6.0/psweep113_r4_20260328_171213/4jsz_ligand_samples.json,./penalty_sweep_qpu_v113/samples/4jsz_Kdist6.5_Kmono6.0/psweep113_r4_20260328_171213/result.json
4jsz,4jsz_Kdist6.5_Kmono7.0,psweep113_r4_20260328_171213,6.5,7.0,ok,2.343609810649137,1000,1000,1000,0,0.0,1.0,0.0,0.21048920000000002,0.17588,Advantage2_system1.13,2381,26,./penalty_sweep_qpu_v113/samples/4jsz_Kdist6.5_Kmono7.0/psweep113_r4_20260328_171213/4jsz_ligand_report.csv,./penalty_sweep_qpu_v113/samples/4jsz_Kdist6.5_Kmono7.0/psweep113_r4_20260328_171213/4jsz_ligand_samples.json,./penalty_sweep_qpu_v113/samples/4jsz_Kdist6.5_Kmono7.0/psweep113_r4_20260328_171213/result.json
4jsz,4jsz_Kdist6.5_Kmono8.0,psweep113_r4_20260328_171213,6.5,8.0,ok,1.9485283540468898,1000,1000,1000,2,0.002,1.0,0.002,0.2182676,0.18366,Advantage2_system1.13,2539,28,./penalty_sweep_qpu_v113/samples/4jsz_Kdist6.5_Kmono8.0/psweep113_r4_20260328_171213/4jsz_ligand_report.csv,./penalty_sweep_qpu_v113/samples/4jsz_Kdist6.5_Kmono8.0/psweep113_r4_20260328_171213/4jsz_ligand_samples.json,./penalty_sweep_qpu_v113/samples/4jsz_Kdist6.5_Kmono8.0/psweep113_r4_20260328_171213/result.json
4jsz,4jsz_Kdist6.5_Kmono9.0,psweep113_r4_20260328_171213,6.5,9.0,ok,3.149707951486011,1000,1000,1000,0,0.0,1.0,0.0,0.207912,0.1733,Advantage2_system1.13,2951,31,./penalty_sweep_qpu_v113/samples/4jsz_Kdist6.5_Kmono9.0/psweep113_r4_20260328_171213/4jsz_ligand_report.csv,./penalty_sweep_qpu_v113/samples/4jsz_Kdist6.5_Kmono9.0/psweep113_r4_20260328_171213/4jsz_ligand_samples.json,./penalty_sweep_qpu_v113/samples/4jsz_Kdist6.5_Kmono9.0/psweep113_r4_20260328_171213/result.json
4jsz,4jsz_Kdist6.5_Kmono10.0,psweep113_r4_20260328_171213,6.5,10.0,ok,2.13861669638856,1000,1000,1000,0,0.0,1.0,0.0,0.2117196,0.17712,Advantage2_system1.13,2526,27,./penalty_sweep_qpu_v113/samples/4jsz_Kdist6.5_Kmono10.0/psweep113_r4_20260328_171213/4jsz_ligand_report.csv,./penalty_sweep_qpu_v113/samples/4jsz_Kdist6.5_Kmono10.0/psweep113_r4_20260328_171213/4jsz_ligand_samples.json,./penalty_sweep_qpu_v113/samples/4jsz_Kdist6.5_Kmono10.0/psweep113_r4_20260328_171213/result.json
4jsz,4jsz_Kdist6.5_Kmono11.0,psweep113_r4_20260328_171213,6.5,11.0,ok,2.3834497085902737,1000,1000,1000,0,0.0,1.0,0.0,0.207588,0.17298,Advantage2_system1.13,2303,23,./penalty_sweep_qpu_v113/samples/4jsz_Kdist6.5_Kmono11.0/psweep113_r4_20260328_171213/4jsz_ligand_report.csv,./penalty_sweep_qpu_v113/samples/4jsz_Kdist6.5_Kmono11.0/psweep113_r4_20260328_171213/4jsz_ligand_samples.json,./penalty_sweep_qpu_v113/samples/4jsz_Kdist6.5_Kmono11.0/psweep113_r4_20260328_171213/result.json
4jsz,4jsz_Kdist6.5_Kmono12.0,psweep113_r4_20260328_171213,6.5,12.0,ok,1.8301241537976911,1000,1000,1000,1,0.001,1.0,0.001,0.2115412,0.17692,Advantage2_system1.13,2635,30,./penalty_sweep_qpu_v113/samples/4jsz_Kdist6.5_Kmono12.0/psweep113_r4_20260328_171213/4jsz_ligand_report.csv,./penalty_sweep_qpu_v113/samples/4jsz_Kdist6.5_Kmono12.0/psweep113_r4_20260328_171213/4jsz_ligand_samples.json,./penalty_sweep_qpu_v113/samples/4jsz_Kdist6.5_Kmono12.0/psweep113_r4_20260328_171213/result.json
4jsz,4jsz_Kdist6.5_Kmono13.0,psweep113_r4_20260328_171213,6.5,13.0,ok,1.7321737367810353,1000,1000,1000,1,0.001,1.0,0.001,0.21317,0.17856,Advantage2_system1.13,2451,27,./penalty_sweep_qpu_v113/samples/4jsz_Kdist6.5_Kmono13.0/psweep113_r4_20260328_171213/4jsz_ligand_report.csv,./penalty_sweep_qpu_v113/samples/4jsz_Kdist6.5_Kmono13.0/psweep113_r4_20260328_171213/4jsz_ligand_samples.json,./penalty_sweep_qpu_v113/samples/4jsz_Kdist6.5_Kmono13.0/psweep113_r4_20260328_171213/result.json
4jsz,4jsz_Kdist6.5_Kmono14.0,psweep113_r4_20260328_171213,6.5,14.0,ok,2.5367142792259174,1000,1000,1000,0,0.0,1.0,0.0,0.214166,0.17956,Advantage2_system1.13,2316,24,./penalty_sweep_qpu_v113/samples/4jsz_Kdist6.5_Kmono14.0/psweep113_r4_20260328_171213/4jsz_ligand_report.csv,./penalty_sweep_qpu_v113/samples/4jsz_Kdist6.5_Kmono14.0/psweep113_r4_20260328_171213/4jsz_ligand_samples.json,./penalty_sweep_qpu_v113/samples/4jsz_Kdist6.5_Kmono14.0/psweep113_r4_20260328_171213/result.json
4jsz,4jsz_Kdist6.5_Kmono15.0,psweep113_r4_20260328_171213,6.5,15.0,ok,2.812721796160662,1000,1000,1000,0,0.0,1.0,0.0,0.212048,0.17744,Advantage2_system1.13,2317,23,./penalty_sweep_qpu_v113/samples/4jsz_Kdist6.5_Kmono15.0/psweep113_r4_20260328_171213/4jsz_ligand_report.csv,./penalty_sweep_qpu_v113/samples/4jsz_Kdist6.5_Kmono15.0/psweep113_r4_20260328_171213/4jsz_ligand_samples.json,./penalty_sweep_qpu_v113/samples/4jsz_Kdist6.5_Kmono15.0/psweep113_r4_20260328_171213/result.json
4jsz,4jsz_Kdist6.5_Kmono16.0,psweep113_r4_20260328_171213,6.5,16.0,ok,1.676080872768629,1000,1000,1000,13,0.013,1.0,0.013,0.20594479999999998,0.17134,Advantage2_system1.13,2583,28,./penalty_sweep_qpu_v113/samples/4jsz_Kdist6.5_Kmono16.0/psweep113_r4_20260328_171213/4jsz_ligand_report.csv,./penalty_sweep_qpu_v113/samples/4jsz_Kdist6.5_Kmono16.0/psweep113_r4_20260328_171213/4jsz_ligand_samples.json,./penalty_sweep_qpu_v113/samples/4jsz_Kdist6.5_Kmono16.0/psweep113_r4_20260328_171213/result.json
4jsz,4jsz_Kdist6.5_Kmono17.0,psweep113_r4_20260328_171213,6.5,17.0,ok,2.06805431955234,1000,1000,1000,0,0.0,1.0,0.0,0.2153568,0.18074,Advantage2_system1.13,2980,31,./penalty_sweep_qpu_v113/samples/4jsz_Kdist6.5_Kmono17.0/psweep113_r4_20260328_171213/4jsz_ligand_report.csv,./penalty_sweep_qpu_v113/samples/4jsz_Kdist6.5_Kmono17.0/psweep113_r4_20260328_171213/4jsz_ligand_samples.json,./penalty_sweep_qpu_v113/samples/4jsz_Kdist6.5_Kmono17.0/psweep113_r4_20260328_171213/result.json
4jsz,4jsz_Kdist6.5_Kmono18.0,psweep113_r4_20260328_171213,6.5,18.0,ok,1.4227262353297958,1000,1000,1000,55,0.055,1.0,0.055,0.212914,0.1783,Advantage2_system1.13,2720,30,./penalty_sweep_qpu_v113/samples/4jsz_Kdist6.5_Kmono18.0/psweep113_r4_20260328_171213/4jsz_ligand_report.csv,./penalty_sweep_qpu_v113/samples/4jsz_Kdist6.5_Kmono18.0/psweep113_r4_20260328_171213/4jsz_ligand_samples.json,./penalty_sweep_qpu_v113/samples/4jsz_Kdist6.5_Kmono18.0/psweep113_r4_20260328_171213/result.json
4jsz,4jsz_Kdist6.5_Kmono19.0,psweep113_r4_20260328_171213,6.5,19.0,ok,2.518722662414583,1000,1000,1000,0,0.0,1.0,0.0,0.215496,0.18088,Advantage2_system1.13,2806,29,./penalty_sweep_qpu_v113/samples/4jsz_Kdist6.5_Kmono19.0/psweep113_r4_20260328_171213/4jsz_ligand_report.csv,./penalty_sweep_qpu_v113/samples/4jsz_Kdist6.5_Kmono19.0/psweep113_r4_20260328_171213/4jsz_ligand_samples.json,./penalty_sweep_qpu_v113/samples/4jsz_Kdist6.5_Kmono19.0/psweep113_r4_20260328_171213/result.json
4jsz,4jsz_Kdist6.5_Kmono20.0,psweep113_r4_20260328_171213,6.5,20.0,ok,1.7521904259587078,1000,1000,1000,4,0.004,1.0,0.004,0.20861760000000001,0.17402,Advantage2_system1.13,2418,25,./penalty_sweep_qpu_v113/samples/4jsz_Kdist6.5_Kmono20.0/psweep113_r4_20260328_171213/4jsz_ligand_report.csv,./penalty_sweep_qpu_v113/samples/4jsz_Kdist6.5_Kmono20.0/psweep113_r4_20260328_171213/4jsz_ligand_samples.json,./penalty_sweep_qpu_v113/samples/4jsz_Kdist6.5_Kmono20.0/psweep113_r4_20260328_171213/result.json
4jsz,4jsz_Kdist7.0_Kmono1.0,psweep113_r4_20260328_171213,7.0,1.0,ok,1.228998770071604,1000,1000,1000,54,0.054,1.0,0.054,0.2119844,0.17738,Advantage2_system1.13,2426,26,./penalty_sweep_qpu_v113/samples/4jsz_Kdist7.0_Kmono1.0/psweep113_r4_20260328_171213/4jsz_ligand_report.csv,./penalty_sweep_qpu_v113/samples/4jsz_Kdist7.0_Kmono1.0/psweep113_r4_20260328_171213/4jsz_ligand_samples.json,./penalty_sweep_qpu_v113/samples/4jsz_Kdist7.0_Kmono1.0/psweep113_r4_20260328_171213/result.json
4jsz,4jsz_Kdist7.0_Kmono2.0,psweep113_r4_20260328_171213,7.0,2.0,ok,1.596598688585274,1000,1000,1000,5,0.005,1.0,0.005,0.21332079999999998,0.1787,Advantage2_system1.13,2735,31,./penalty_sweep_qpu_v113/samples/4jsz_Kdist7.0_Kmono2.0/psweep113_r4_20260328_171213/4jsz_ligand_report.csv,./penalty_sweep_qpu_v113/samples/4jsz_Kdist7.0_Kmono2.0/psweep113_r4_20260328_171213/4jsz_ligand_samples.json,./penalty_sweep_qpu_v113/samples/4jsz_Kdist7.0_Kmono2.0/psweep113_r4_20260328_171213/result.json
4jsz,4jsz_Kdist7.0_Kmono3.0,psweep113_r4_20260328_171213,7.0,3.0,ok,1.8316938485540253,1000,1000,1000,19,0.019,1.0,0.019,0.20813120000000002,0.17352,Advantage2_system1.13,2653,27,./penalty_sweep_qpu_v113/samples/4jsz_Kdist7.0_Kmono3.0/psweep113_r4_20260328_171213/4jsz_ligand_report.csv,./penalty_sweep_qpu_v113/samples/4jsz_Kdist7.0_Kmono3.0/psweep113_r4_20260328_171213/4jsz_ligand_samples.json,./penalty_sweep_qpu_v113/samples/4jsz_Kdist7.0_Kmono3.0/psweep113_r4_20260328_171213/result.json
4jsz,4jsz_Kdist7.0_Kmono4.0,psweep113_r4_20260328_171213,7.0,4.0,ok,1.9064044195568046,1000,1000,1000,5,0.005,1.0,0.005,0.2098888,0.17528,Advantage2_system1.13,2454,26,./penalty_sweep_qpu_v113/samples/4jsz_Kdist7.0_Kmono4.0/psweep113_r4_20260328_171213/4jsz_ligand_report.csv,./penalty_sweep_qpu_v113/samples/4jsz_Kdist7.0_Kmono4.0/psweep113_r4_20260328_171213/4jsz_ligand_samples.json,./penalty_sweep_qpu_v113/samples/4jsz_Kdist7.0_Kmono4.0/psweep113_r4_20260328_171213/result.json
4jsz,4jsz_Kdist7.0_Kmono5.0,psweep113_r4_20260328_171213,7.0,5.0,ok,2.3313624696209128,1000,1000,1000,0,0.0,1.0,0.0,0.212268,0.17766,Advantage2_system1.13,2576,27,./penalty_sweep_qpu_v113/samples/4jsz_Kdist7.0_Kmono5.0/psweep113_r4_20260328_171213/4jsz_ligand_report.csv,./penalty_sweep_qpu_v113/samples/4jsz_Kdist7.0_Kmono5.0/psweep113_r4_20260328_171213/4jsz_ligand_samples.json,./penalty_sweep_qpu_v113/samples/4jsz_Kdist7.0_Kmono5.0/psweep113_r4_20260328_171213/result.json
4jsz,4jsz_Kdist7.0_Kmono6.0,psweep113_r4_20260328_171213,7.0,6.0,ok,1.7641524513956055,1000,1000,1000,2,0.002,1.0,0.002,0.2114856,0.17688,Advantage2_system1.13,2362,25,./penalty_sweep_qpu_v113/samples/4jsz_Kdist7.0_Kmono6.0/psweep113_r4_20260328_171213/4jsz_ligand_report.csv,./penalty_sweep_qpu_v113/samples/4jsz_Kdist7.0_Kmono6.0/psweep113_r4_20260328_171213/4jsz_ligand_samples.json,./penalty_sweep_qpu_v113/samples/4jsz_Kdist7.0_Kmono6.0/psweep113_r4_20260328_171213/result.json
4jsz,4jsz_Kdist7.0_Kmono7.0,psweep113_r4_20260328_171213,7.0,7.0,ok,1.5071572573888454,1000,1000,1000,50,0.05,1.0,0.05,0.2141712,0.17956,Advantage2_system1.13,2442,26,./penalty_sweep_qpu_v113/samples/4jsz_Kdist7.0_Kmono7.0/psweep113_r4_20260328_171213/4jsz_ligand_report.csv,./penalty_sweep_qpu_v113/samples/4jsz_Kdist7.0_Kmono7.0/psweep113_r4_20260328_171213/4jsz_ligand_samples.json,./penalty_sweep_qpu_v113/samples/4jsz_Kdist7.0_Kmono7.0/psweep113_r4_20260328_171213/result.json
4jsz,4jsz_Kdist7.0_Kmono8.0,psweep113_r4_20260328_171213,7.0,8.0,ok,2.4679026468800513,1000,1000,1000,0,0.0,1.0,0.0,0.2127748,0.17816,Advantage2_system1.13,2546,26,./penalty_sweep_qpu_v113/samples/4jsz_Kdist7.0_Kmono8.0/psweep113_r4_20260328_171213/4jsz_ligand_report.csv,./penalty_sweep_qpu_v113/samples/4jsz_Kdist7.0_Kmono8.0/psweep113_r4_20260328_171213/4jsz_ligand_samples.json,./penalty_sweep_qpu_v113/samples/4jsz_Kdist7.0_Kmono8.0/psweep113_r4_20260328_171213/result.json
4jsz,4jsz_Kdist7.0_Kmono9.0,psweep113_r4_20260328_171213,7.0,9.0,ok,2.4965858010201307,1000,1000,1000,0,0.0,1.0,0.0,0.21331039999999998,0.1787,Advantage2_system1.13,2478,25,./penalty_sweep_qpu_v113/samples/4jsz_Kdist7.0_Kmono9.0/psweep113_r4_20260328_171213/4jsz_ligand_report.csv,./penalty_sweep_qpu_v113/samples/4jsz_Kdist7.0_Kmono9.0/psweep113_r4_20260328_171213/4jsz_ligand_samples.json,./penalty_sweep_qpu_v113/samples/4jsz_Kdist7.0_Kmono9.0/psweep113_r4_20260328_171213/result.json
4jsz,4jsz_Kdist7.0_Kmono10.0,psweep113_r4_20260328_171213,7.0,10.0,ok,1.6737955004768128,1000,1000,1000,1,0.001,1.0,0.001,0.21426720000000002,0.17966,Advantage2_system1.13,2699,29,./penalty_sweep_qpu_v113/samples/4jsz_Kdist7.0_Kmono10.0/psweep113_r4_20260328_171213/4jsz_ligand_report.csv,./penalty_sweep_qpu_v113/samples/4jsz_Kdist7.0_Kmono10.0/psweep113_r4_20260328_171213/4jsz_ligand_samples.json,./penalty_sweep_qpu_v113/samples/4jsz_Kdist7.0_Kmono10.0/psweep113_r4_20260328_171213/result.json
4jsz,4jsz_Kdist7.0_Kmono11.0,psweep113_r4_20260328_171213,7.0,11.0,ok,1.8093776375459412,1000,1000,1000,6,0.006,1.0,0.006,0.2151664,0.18056,Advantage2_system1.13,2290,25,./penalty_sweep_qpu_v113/samples/4jsz_Kdist7.0_Kmono11.0/psweep113_r4_20260328_171213/4jsz_ligand_report.csv,./penalty_sweep_qpu_v113/samples/4jsz_Kdist7.0_Kmono11.0/psweep113_r4_20260328_171213/4jsz_ligand_samples.json,./penalty_sweep_qpu_v113/samples/4jsz_Kdist7.0_Kmono11.0/psweep113_r4_20260328_171213/result.json
4jsz,4jsz_Kdist7.0_Kmono12.0,psweep113_r4_20260328_171213,7.0,12.0,ok,1.8352424717748257,1000,1000,1000,28,0.028,1.0,0.028,0.2094488,0.17484,Advantage2_system1.13,2539,27,./penalty_sweep_qpu_v113/samples/4jsz_Kdist7.0_Kmono12.0/psweep113_r4_20260328_171213/4jsz_ligand_report.csv,./penalty_sweep_qpu_v113/samples/4jsz_Kdist7.0_Kmono12.0/psweep113_r4_20260328_171213/4jsz_ligand_samples.json,./penalty_sweep_qpu_v113/samples/4jsz_Kdist7.0_Kmono12.0/psweep113_r4_20260328_171213/result.json
4jsz,4jsz_Kdist7.0_Kmono13.0,psweep113_r4_20260328_171213,7.0,13.0,ok,1.4282587174218637,1000,1000,1000,18,0.018,1.0,0.018,0.2164936,0.18188,Advantage2_system1.13,2764,29,./penalty_sweep_qpu_v113/samples/4jsz_Kdist7.0_Kmono13.0/psweep113_r4_20260328_171213/4jsz_ligand_report.csv,./penalty_sweep_qpu_v113/samples/4jsz_Kdist7.0_Kmono13.0/psweep113_r4_20260328_171213/4jsz_ligand_samples.json,./penalty_sweep_qpu_v113/samples/4jsz_Kdist7.0_Kmono13.0/psweep113_r4_20260328_171213/result.json
4jsz,4jsz_Kdist7.0_Kmono14.0,psweep113_r4_20260328_171213,7.0,14.0,ok,2.4770877678335546,1000,1000,1000,0,0.0,1.0,0.0,0.2099936,0.17538,Advantage2_system1.13,2357,25,./penalty_sweep_qpu_v113/samples/4jsz_Kdist7.0_Kmono14.0/psweep113_r4_20260328_171213/4jsz_ligand_report.csv,./penalty_sweep_qpu_v113/samples/4jsz_Kdist7.0_Kmono14.0/psweep113_r4_20260328_171213/4jsz_ligand_samples.json,./penalty_sweep_qpu_v113/samples/4jsz_Kdist7.0_Kmono14.0/psweep113_r4_20260328_171213/result.json
4jsz,4jsz_Kdist7.0_Kmono15.0,psweep113_r4_20260328_171213,7.0,15.0,ok,1.5085302377556054,1000,1000,1000,46,0.046,1.0,0.046,0.212762,0.17816,Advantage2_system1.13,2490,29,./penalty_sweep_qpu_v113/samples/4jsz_Kdist7.0_Kmono15.0/psweep113_r4_20260328_171213/4jsz_ligand_report.csv,./penalty_sweep_qpu_v113/samples/4jsz_Kdist7.0_Kmono15.0/psweep113_r4_20260328_171213/4jsz_ligand_samples.json,./penalty_sweep_qpu_v113/samples/4jsz_Kdist7.0_Kmono15.0/psweep113_r4_20260328_171213/result.json
4jsz,4jsz_Kdist7.0_Kmono16.0,psweep113_r4_20260328_171213,7.0,16.0,ok,1.4169544237133787,1000,1000,1000,150,0.15,1.0,0.15,0.2099488,0.17534,Advantage2_system1.13,2469,27,./penalty_sweep_qpu_v113/samples/4jsz_Kdist7.0_Kmono16.0/psweep113_r4_20260328_171213/4jsz_ligand_report.csv,./penalty_sweep_qpu_v113/samples/4jsz_Kdist7.0_Kmono16.0/psweep113_r4_20260328_171213/4jsz_ligand_samples.json,./penalty_sweep_qpu_v113/samples/4jsz_Kdist7.0_Kmono16.0/psweep113_r4_20260328_171213/result.json
4jsz,4jsz_Kdist7.0_Kmono17.0,psweep113_r4_20260328_171213,7.0,17.0,ok,3.611400126895118,1000,1000,1000,0,0.0,1.0,0.0,0.20830479999999998,0.1737,Advantage2_system1.13,2677,28,./penalty_sweep_qpu_v113/samples/4jsz_Kdist7.0_Kmono17.0/psweep113_r4_20260328_171213/4jsz_ligand_report.csv,./penalty_sweep_qpu_v113/samples/4jsz_Kdist7.0_Kmono17.0/psweep113_r4_20260328_171213/4jsz_ligand_samples.json,./penalty_sweep_qpu_v113/samples/4jsz_Kdist7.0_Kmono17.0/psweep113_r4_20260328_171213/result.json
4jsz,4jsz_Kdist7.0_Kmono18.0,psweep113_r4_20260328_171213,7.0,18.0,ok,1.7113553091377804,1000,1000,1000,8,0.008,1.0,0.008,0.2141648,0.17956,Advantage2_system1.13,2466,26,./penalty_sweep_qpu_v113/samples/4jsz_Kdist7.0_Kmono18.0/psweep113_r4_20260328_171213/4jsz_ligand_report.csv,./penalty_sweep_qpu_v113/samples/4jsz_Kdist7.0_Kmono18.0/psweep113_r4_20260328_171213/4jsz_ligand_samples.json,./penalty_sweep_qpu_v113/samples/4jsz_Kdist7.0_Kmono18.0/psweep113_r4_20260328_171213/result.json
4jsz,4jsz_Kdist7.0_Kmono19.0,psweep113_r4_20260328_171213,7.0,19.0,ok,1.0959760155793363,1000,1000,1000,332,0.332,1.0,0.332,0.2055868,0.17098,Advantage2_system1.13,2642,29,./penalty_sweep_qpu_v113/samples/4jsz_Kdist7.0_Kmono19.0/psweep113_r4_20260328_171213/4jsz_ligand_report.csv,./penalty_sweep_qpu_v113/samples/4jsz_Kdist7.0_Kmono19.0/psweep113_r4_20260328_171213/4jsz_ligand_samples.json,./penalty_sweep_qpu_v113/samples/4jsz_Kdist7.0_Kmono19.0/psweep113_r4_20260328_171213/result.json
4jsz,4jsz_Kdist7.0_Kmono20.0,psweep113_r4_20260328_171213,7.0,20.0,ok,3.464440953693998,1000,1000,1000,0,0.0,1.0,0.0,0.2122308,0.17762,Advantage2_system1.13,2486,27,./penalty_sweep_qpu_v113/samples/4jsz_Kdist7.0_Kmono20.0/psweep113_r4_20260328_171213/4jsz_ligand_report.csv,./penalty_sweep_qpu_v113/samples/4jsz_Kdist7.0_Kmono20.0/psweep113_r4_20260328_171213/4jsz_ligand_samples.json,./penalty_sweep_qpu_v113/samples/4jsz_Kdist7.0_Kmono20.0/psweep113_r4_20260328_171213/result.json
4jsz,4jsz_Kdist7.5_Kmono1.0,psweep113_r4_20260328_171213,7.5,1.0,ok,3.203591794092641,1000,1000,1000,0,0.0,1.0,0.0,0.2064492,0.17184,Advantage2_system1.13,2557,28,./penalty_sweep_qpu_v113/samples/4jsz_Kdist7.5_Kmono1.0/psweep113_r4_20260328_171213/4jsz_ligand_report.csv,./penalty_sweep_qpu_v113/samples/4jsz_Kdist7.5_Kmono1.0/psweep113_r4_20260328_171213/4jsz_ligand_samples.json,./penalty_sweep_qpu_v113/samples/4jsz_Kdist7.5_Kmono1.0/psweep113_r4_20260328_171213/result.json
4jsz,4jsz_Kdist7.5_Kmono2.0,psweep113_r4_20260328_171213,7.5,2.0,ok,2.441745322818394,1000,1000,1000,0,0.0,1.0,0.0,0.2116768,0.17706,Advantage2_system1.13,2556,26,./penalty_sweep_qpu_v113/samples/4jsz_Kdist7.5_Kmono2.0/psweep113_r4_20260328_171213/4jsz_ligand_report.csv,./penalty_sweep_qpu_v113/samples/4jsz_Kdist7.5_Kmono2.0/psweep113_r4_20260328_171213/4jsz_ligand_samples.json,./penalty_sweep_qpu_v113/samples/4jsz_Kdist7.5_Kmono2.0/psweep113_r4_20260328_171213/result.json
4jsz,4jsz_Kdist7.5_Kmono3.0,psweep113_r4_20260328_171213,7.5,3.0,ok,3.648087677725355,1000,1000,1000,0,0.0,1.0,0.0,0.2125348,0.17792,Advantage2_system1.13,2507,25,./penalty_sweep_qpu_v113/samples/4jsz_Kdist7.5_Kmono3.0/psweep113_r4_20260328_171213/4jsz_ligand_report.csv,./penalty_sweep_qpu_v113/samples/4jsz_Kdist7.5_Kmono3.0/psweep113_r4_20260328_171213/4jsz_ligand_samples.json,./penalty_sweep_qpu_v113/samples/4jsz_Kdist7.5_Kmono3.0/psweep113_r4_20260328_171213/result.json
4jsz,4jsz_Kdist7.5_Kmono4.0,psweep113_r4_20260328_171213,7.5,4.0,ok,1.0882160766545963,1000,1000,1000,43,0.043,1.0,0.043,0.20999279999999998,0.17538,Advantage2_system1.13,2432,26,./penalty_sweep_qpu_v113/samples/4jsz_Kdist7.5_Kmono4.0/psweep113_r4_20260328_171213/4jsz_ligand_report.csv,./penalty_sweep_qpu_v113/samples/4jsz_Kdist7.5_Kmono4.0/psweep113_r4_20260328_171213/4jsz_ligand_samples.json,./penalty_sweep_qpu_v113/samples/4jsz_Kdist7.5_Kmono4.0/psweep113_r4_20260328_171213/result.json
4jsz,4jsz_Kdist7.5_Kmono5.0,psweep113_r4_20260328_171213,7.5,5.0,ok,2.297096536998063,1000,1000,1000,0,0.0,1.0,0.0,0.21355960000000002,0.17894,Advantage2_system1.13,2766,32,./penalty_sweep_qpu_v113/samples/4jsz_Kdist7.5_Kmono5.0/psweep113_r4_20260328_171213/4jsz_ligand_report.csv,./penalty_sweep_qpu_v113/samples/4jsz_Kdist7.5_Kmono5.0/psweep113_r4_20260328_171213/4jsz_ligand_samples.json,./penalty_sweep_qpu_v113/samples/4jsz_Kdist7.5_Kmono5.0/psweep113_r4_20260328_171213/result.json
4jsz,4jsz_Kdist7.5_Kmono6.0,psweep113_r4_20260328_171213,7.5,6.0,ok,2.08604763454126,1000,1000,1000,0,0.0,1.0,0.0,0.2095284,0.17492,Advantage2_system1.13,2340,25,./penalty_sweep_qpu_v113/samples/4jsz_Kdist7.5_Kmono6.0/psweep113_r4_20260328_171213/4jsz_ligand_report.csv,./penalty_sweep_qpu_v113/samples/4jsz_Kdist7.5_Kmono6.0/psweep113_r4_20260328_171213/4jsz_ligand_samples.json,./penalty_sweep_qpu_v113/samples/4jsz_Kdist7.5_Kmono6.0/psweep113_r4_20260328_171213/result.json
4jsz,4jsz_Kdist7.5_Kmono7.0,psweep113_r4_20260328_171213,7.5,7.0,ok,2.897084774494201,1000,1000,1000,0,0.0,1.0,0.0,0.2111696,0.17656,Advantage2_system1.13,2687,28,./penalty_sweep_qpu_v113/samples/4jsz_Kdist7.5_Kmono7.0/psweep113_r4_20260328_171213/4jsz_ligand_report.csv,./penalty_sweep_qpu_v113/samples/4jsz_Kdist7.5_Kmono7.0/psweep113_r4_20260328_171213/4jsz_ligand_samples.json,./penalty_sweep_qpu_v113/samples/4jsz_Kdist7.5_Kmono7.0/psweep113_r4_20260328_171213/result.json
4jsz,4jsz_Kdist7.5_Kmono8.0,psweep113_r4_20260328_171213,7.5,8.0,ok,2.2440057905579254,1000,1000,1000,0,0.0,1.0,0.0,0.2095316,0.17492,Advantage2_system1.13,2369,26,./penalty_sweep_qpu_v113/samples/4jsz_Kdist7.5_Kmono8.0/psweep113_r4_20260328_171213/4jsz_ligand_report.csv,./penalty_sweep_qpu_v113/samples/4jsz_Kdist7.5_Kmono8.0/psweep113_r4_20260328_171213/4jsz_ligand_samples.json,./penalty_sweep_qpu_v113/samples/4jsz_Kdist7.5_Kmono8.0/psweep113_r4_20260328_171213/result.json
4jsz,4jsz_Kdist7.5_Kmono9.0,psweep113_r4_20260328_171213,7.5,9.0,ok,2.002655518499809,1000,1000,1000,0,0.0,1.0,0.0,0.2128016,0.1782,Advantage2_system1.13,2326,24,./penalty_sweep_qpu_v113/samples/4jsz_Kdist7.5_Kmono9.0/psweep113_r4_20260328_171213/4jsz_ligand_report.csv,./penalty_sweep_qpu_v113/samples/4jsz_Kdist7.5_Kmono9.0/psweep113_r4_20260328_171213/4jsz_ligand_samples.json,./penalty_sweep_qpu_v113/samples/4jsz_Kdist7.5_Kmono9.0/psweep113_r4_20260328_171213/result.json
4jsz,4jsz_Kdist7.5_Kmono10.0,psweep113_r4_20260328_171213,7.5,10.0,ok,2.734838749288826,1000,1000,1000,0,0.0,1.0,0.0,0.2104076,0.1758,Advantage2_system1.13,2300,24,./penalty_sweep_qpu_v113/samples/4jsz_Kdist7.5_Kmono10.0/psweep113_r4_20260328_171213/4jsz_ligand_report.csv,./penalty_sweep_qpu_v113/samples/4jsz_Kdist7.5_Kmono10.0/psweep113_r4_20260328_171213/4jsz_ligand_samples.json,./penalty_sweep_qpu_v113/samples/4jsz_Kdist7.5_Kmono10.0/psweep113_r4_20260328_171213/result.json
4jsz,4jsz_Kdist7.5_Kmono11.0,psweep113_r4_20260328_171213,7.5,11.0,ok,2.9427815551606145,1000,1000,1000,0,0.0,1.0,0.0,0.2191328,0.18452,Advantage2_system1.13,2787,30,./penalty_sweep_qpu_v113/samples/4jsz_Kdist7.5_Kmono11.0/psweep113_r4_20260328_171213/4jsz_ligand_report.csv,./penalty_sweep_qpu_v113/samples/4jsz_Kdist7.5_Kmono11.0/psweep113_r4_20260328_171213/4jsz_ligand_samples.json,./penalty_sweep_qpu_v113/samples/4jsz_Kdist7.5_Kmono11.0/psweep113_r4_20260328_171213/result.json
4jsz,4jsz_Kdist7.5_Kmono12.0,psweep113_r4_20260328_171213,7.5,12.0,ok,2.5590409551588387,1000,1000,1000,0,0.0,1.0,0.0,0.2092088,0.1746,Advantage2_system1.13,2311,24,./penalty_sweep_qpu_v113/samples/4jsz_Kdist7.5_Kmono12.0/psweep113_r4_20260328_171213/4jsz_ligand_report.csv,./penalty_sweep_qpu_v113/samples/4jsz_Kdist7.5_Kmono12.0/psweep113_r4_20260328_171213/4jsz_ligand_samples.json,./penalty_sweep_qpu_v113/samples/4jsz_Kdist7.5_Kmono12.0/psweep113_r4_20260328_171213/result.json
4jsz,4jsz_Kdist7.5_Kmono13.0,psweep113_r4_20260328_171213,7.5,13.0,ok,1.3581263638190086,1000,1000,1000,147,0.147,1.0,0.147,0.21826879999999999,0.18366,Advantage2_system1.13,2632,30,./penalty_sweep_qpu_v113/samples/4jsz_Kdist7.5_Kmono13.0/psweep113_r4_20260328_171213/4jsz_ligand_report.csv,./penalty_sweep_qpu_v113/samples/4jsz_Kdist7.5_Kmono13.0/psweep113_r4_20260328_171213/4jsz_ligand_samples.json,./penalty_sweep_qpu_v113/samples/4jsz_Kdist7.5_Kmono13.0/psweep113_r4_20260328_171213/result.json
4jsz,4jsz_Kdist7.5_Kmono14.0,psweep113_r4_20260328_171213,7.5,14.0,ok,2.2052461692158696,1000,1000,1000,0,0.0,1.0,0.0,0.2120368,0.17742,Advantage2_system1.13,2676,29,./penalty_sweep_qpu_v113/samples/4jsz_Kdist7.5_Kmono14.0/psweep113_r4_20260328_171213/4jsz_ligand_report.csv,./penalty_sweep_qpu_v113/samples/4jsz_Kdist7.5_Kmono14.0/psweep113_r4_20260328_171213/4jsz_ligand_samples.json,./penalty_sweep_qpu_v113/samples/4jsz_Kdist7.5_Kmono14.0/psweep113_r4_20260328_171213/result.json
4jsz,4jsz_Kdist7.5_Kmono15.0,psweep113_r4_20260328_171213,7.5,15.0,ok,2.2360552351853755,1000,1000,1000,0,0.0,1.0,0.0,0.2128132,0.1782,Advantage2_system1.13,2587,30,./penalty_sweep_qpu_v113/samples/4jsz_Kdist7.5_Kmono15.0/psweep113_r4_20260328_171213/4jsz_ligand_report.csv,./penalty_sweep_qpu_v113/samples/4jsz_Kdist7.5_Kmono15.0/psweep113_r4_20260328_171213/4jsz_ligand_samples.json,./penalty_sweep_qpu_v113/samples/4jsz_Kdist7.5_Kmono15.0/psweep113_r4_20260328_171213/result.json
4jsz,4jsz_Kdist7.5_Kmono16.0,psweep113_r4_20260328_171213,7.5,16.0,ok,1.6475434976906738,1000,1000,1000,42,0.042,1.0,0.042,0.2127716,0.17816,Advantage2_system1.13,2312,24,./penalty_sweep_qpu_v113/samples/4jsz_Kdist7.5_Kmono16.0/psweep113_r4_20260328_171213/4jsz_ligand_report.csv,./penalty_sweep_qpu_v113/samples/4jsz_Kdist7.5_Kmono16.0/psweep113_r4_20260328_171213/4jsz_ligand_samples.json,./penalty_sweep_qpu_v113/samples/4jsz_Kdist7.5_Kmono16.0/psweep113_r4_20260328_171213/result.json
4jsz,4jsz_Kdist7.5_Kmono17.0,psweep113_r4_20260328_171213,7.5,17.0,ok,2.821601714798206,1000,1000,1000,0,0.0,1.0,0.0,0.2093432,0.17474,Advantage2_system1.13,2509,28,./penalty_sweep_qpu_v113/samples/4jsz_Kdist7.5_Kmono17.0/psweep113_r4_20260328_171213/4jsz_ligand_report.csv,./penalty_sweep_qpu_v113/samples/4jsz_Kdist7.5_Kmono17.0/psweep113_r4_20260328_171213/4jsz_ligand_samples.json,./penalty_sweep_qpu_v113/samples/4jsz_Kdist7.5_Kmono17.0/psweep113_r4_20260328_171213/result.json
4jsz,4jsz_Kdist7.5_Kmono18.0,psweep113_r4_20260328_171213,7.5,18.0,ok,2.62548282151702,1000,1000,1000,0,0.0,1.0,0.0,0.2104896,0.17588,Advantage2_system1.13,2506,27,./penalty_sweep_qpu_v113/samples/4jsz_Kdist7.5_Kmono18.0/psweep113_r4_20260328_171213/4jsz_ligand_report.csv,./penalty_sweep_qpu_v113/samples/4jsz_Kdist7.5_Kmono18.0/psweep113_r4_20260328_171213/4jsz_ligand_samples.json,./penalty_sweep_qpu_v113/samples/4jsz_Kdist7.5_Kmono18.0/psweep113_r4_20260328_171213/result.json
4jsz,4jsz_Kdist7.5_Kmono19.0,psweep113_r4_20260328_171213,7.5,19.0,ok,1.0240020243902292,1000,1000,1000,162,0.162,1.0,0.162,0.21862520000000002,0.18402,Advantage2_system1.13,2594,29,./penalty_sweep_qpu_v113/samples/4jsz_Kdist7.5_Kmono19.0/psweep113_r4_20260328_171213/4jsz_ligand_report.csv,./penalty_sweep_qpu_v113/samples/4jsz_Kdist7.5_Kmono19.0/psweep113_r4_20260328_171213/4jsz_ligand_samples.json,./penalty_sweep_qpu_v113/samples/4jsz_Kdist7.5_Kmono19.0/psweep113_r4_20260328_171213/result.json
4jsz,4jsz_Kdist7.5_Kmono20.0,psweep113_r4_20260328_171213,7.5,20.0,ok,3.0193857389458203,1000,1000,1000,0,0.0,1.0,0.0,0.205982,0.17138,Advantage2_system1.13,2539,25,./penalty_sweep_qpu_v113/samples/4jsz_Kdist7.5_Kmono20.0/psweep113_r4_20260328_171213/4jsz_ligand_report.csv,./penalty_sweep_qpu_v113/samples/4jsz_Kdist7.5_Kmono20.0/psweep113_r4_20260328_171213/4jsz_ligand_samples.json,./penalty_sweep_qpu_v113/samples/4jsz_Kdist7.5_Kmono20.0/psweep113_r4_20260328_171213/result.json
4jsz,4jsz_Kdist8.0_Kmono1.0,psweep113_r4_20260328_171213,8.0,1.0,ok,2.345537766277383,1000,1000,1000,0,0.0,1.0,0.0,0.21176679999999998,0.17716,Advantage2_system1.13,2570,28,./penalty_sweep_qpu_v113/samples/4jsz_Kdist8.0_Kmono1.0/psweep113_r4_20260328_171213/4jsz_ligand_report.csv,./penalty_sweep_qpu_v113/samples/4jsz_Kdist8.0_Kmono1.0/psweep113_r4_20260328_171213/4jsz_ligand_samples.json,./penalty_sweep_qpu_v113/samples/4jsz_Kdist8.0_Kmono1.0/psweep113_r4_20260328_171213/result.json
4jsz,4jsz_Kdist8.0_Kmono2.0,psweep113_r4_20260328_171213,8.0,2.0,ok,2.2122744512818553,1000,1000,1000,0,0.0,1.0,0.0,0.2109144,0.1763,Advantage2_system1.13,2540,27,./penalty_sweep_qpu_v113/samples/4jsz_Kdist8.0_Kmono2.0/psweep113_r4_20260328_171213/4jsz_ligand_report.csv,./penalty_sweep_qpu_v113/samples/4jsz_Kdist8.0_Kmono2.0/psweep113_r4_20260328_171213/4jsz_ligand_samples.json,./penalty_sweep_qpu_v113/samples/4jsz_Kdist8.0_Kmono2.0/psweep113_r4_20260328_171213/result.json
4jsz,4jsz_Kdist8.0_Kmono3.0,psweep113_r4_20260328_171213,8.0,3.0,ok,1.3177058461456441,1000,1000,1000,86,0.086,1.0,0.086,0.2168552,0.18224,Advantage2_system1.13,2504,27,./penalty_sweep_qpu_v113/samples/4jsz_Kdist8.0_Kmono3.0/psweep113_r4_20260328_171213/4jsz_ligand_report.csv,./penalty_sweep_qpu_v113/samples/4jsz_Kdist8.0_Kmono3.0/psweep113_r4_20260328_171213/4jsz_ligand_samples.json,./penalty_sweep_qpu_v113/samples/4jsz_Kdist8.0_Kmono3.0/psweep113_r4_20260328_171213/result.json
4jsz,4jsz_Kdist8.0_Kmono4.0,psweep113_r4_20260328_171213,8.0,4.0,ok,2.613798073263161,1000,1000,1000,0,0.0,1.0,0.0,0.2190308,0.18442,Advantage2_system1.13,2417,26,./penalty_sweep_qpu_v113/samples/4jsz_Kdist8.0_Kmono4.0/psweep113_r4_20260328_171213/4jsz_ligand_report.csv,./penalty_sweep_qpu_v113/samples/4jsz_Kdist8.0_Kmono4.0/psweep113_r4_20260328_171213/4jsz_ligand_samples.json,./penalty_sweep_qpu_v113/samples/4jsz_Kdist8.0_Kmono4.0/psweep113_r4_20260328_171213/result.json
4jsz,4jsz_Kdist8.0_Kmono5.0,psweep113_r4_20260328_171213,8.0,5.0,ok,4.004391581459247,1000,1000,1000,0,0.0,1.0,0.0,0.2068468,0.17224,Advantage2_system1.13,2675,29,./penalty_sweep_qpu_v113/samples/4jsz_Kdist8.0_Kmono5.0/psweep113_r4_20260328_171213/4jsz_ligand_report.csv,./penalty_sweep_qpu_v113/samples/4jsz_Kdist8.0_Kmono5.0/psweep113_r4_20260328_171213/4jsz_ligand_samples.json,./penalty_sweep_qpu_v113/samples/4jsz_Kdist8.0_Kmono5.0/psweep113_r4_20260328_171213/result.json
4jsz,4jsz_Kdist8.0_Kmono6.0,psweep113_r4_20260328_171213,8.0,6.0,ok,2.276536283154906,1000,1000,1000,0,0.0,1.0,0.0,0.2153668,0.18074,Advantage2_system1.13,2902,32,./penalty_sweep_qpu_v113/samples/4jsz_Kdist8.0_Kmono6.0/psweep113_r4_20260328_171213/4jsz_ligand_report.csv,./penalty_sweep_qpu_v113/samples/4jsz_Kdist8.0_Kmono6.0/psweep113_r4_20260328_171213/4jsz_ligand_samples.json,./penalty_sweep_qpu_v113/samples/4jsz_Kdist8.0_Kmono6.0/psweep113_r4_20260328_171213/result.json
4jsz,4jsz_Kdist8.0_Kmono7.0,psweep113_r4_20260328_171213,8.0,7.0,ok,3.289329611006703,1000,1000,1000,0,0.0,1.0,0.0,0.21077320000000002,0.17616,Advantage2_system1.13,2431,26,./penalty_sweep_qpu_v113/samples/4jsz_Kdist8.0_Kmono7.0/psweep113_r4_20260328_171213/4jsz_ligand_report.csv,./penalty_sweep_qpu_v113/samples/4jsz_Kdist8.0_Kmono7.0/psweep113_r4_20260328_171213/4jsz_ligand_samples.json,./penalty_sweep_qpu_v113/samples/4jsz_Kdist8.0_Kmono7.0/psweep113_r4_20260328_171213/result.json
4jsz,4jsz_Kdist8.0_Kmono8.0,psweep113_r4_20260328_171213,8.0,8.0,ok,1.5922508431504954,1000,1000,1000,3,0.003,1.0,0.003,0.2133072,0.1787,Advantage2_system1.13,2643,28,./penalty_sweep_qpu_v113/samples/4jsz_Kdist8.0_Kmono8.0/psweep113_r4_20260328_171213/4jsz_ligand_report.csv,./penalty_sweep_qpu_v113/samples/4jsz_Kdist8.0_Kmono8.0/psweep113_r4_20260328_171213/4jsz_ligand_samples.json,./penalty_sweep_qpu_v113/samples/4jsz_Kdist8.0_Kmono8.0/psweep113_r4_20260328_171213/result.json
4jsz,4jsz_Kdist8.0_Kmono9.0,psweep113_r4_20260328_171213,8.0,9.0,ok,1.6359382420717306,1000,1000,1000,13,0.013,1.0,0.013,0.21013279999999998,0.17552,Advantage2_system1.13,2596,29,./penalty_sweep_qpu_v113/samples/4jsz_Kdist8.0_Kmono9.0/psweep113_r4_20260328_171213/4jsz_ligand_report.csv,./penalty_sweep_qpu_v113/samples/4jsz_Kdist8.0_Kmono9.0/psweep113_r4_20260328_171213/4jsz_ligand_samples.json,./penalty_sweep_qpu_v113/samples/4jsz_Kdist8.0_Kmono9.0/psweep113_r4_20260328_171213/result.json
4jsz,4jsz_Kdist8.0_Kmono10.0,psweep113_r4_20260328_171213,8.0,10.0,ok,1.4799573509857322,1000,1000,1000,27,0.027,1.0,0.027,0.2104836,0.17588,Advantage2_system1.13,2485,28,./penalty_sweep_qpu_v113/samples/4jsz_Kdist8.0_Kmono10.0/psweep113_r4_20260328_171213/4jsz_ligand_report.csv,./penalty_sweep_qpu_v113/samples/4jsz_Kdist8.0_Kmono10.0/psweep113_r4_20260328_171213/4jsz_ligand_samples.json,./penalty_sweep_qpu_v113/samples/4jsz_Kdist8.0_Kmono10.0/psweep113_r4_20260328_171213/result.json
4jsz,4jsz_Kdist8.0_Kmono11.0,psweep113_r4_20260328_171213,8.0,11.0,ok,2.0174406261473217,1000,1000,1000,0,0.0,1.0,0.0,0.2123884,0.17778,Advantage2_system1.13,2765,30,./penalty_sweep_qpu_v113/samples/4jsz_Kdist8.0_Kmono11.0/psweep113_r4_20260328_171213/4jsz_ligand_report.csv,./penalty_sweep_qpu_v113/samples/4jsz_Kdist8.0_Kmono11.0/psweep113_r4_20260328_171213/4jsz_ligand_samples.json,./penalty_sweep_qpu_v113/samples/4jsz_Kdist8.0_Kmono11.0/psweep113_r4_20260328_171213/result.json
4jsz,4jsz_Kdist8.0_Kmono12.0,psweep113_r4_20260328_171213,8.0,12.0,ok,1.784397761806584,1000,1000,1000,1,0.001,1.0,0.001,0.21509,0.18048,Advantage2_system1.13,2473,27,./penalty_sweep_qpu_v113/samples/4jsz_Kdist8.0_Kmono12.0/psweep113_r4_20260328_171213/4jsz_ligand_report.csv,./penalty_sweep_qpu_v113/samples/4jsz_Kdist8.0_Kmono12.0/psweep113_r4_20260328_171213/4jsz_ligand_samples.json,./penalty_sweep_qpu_v113/samples/4jsz_Kdist8.0_Kmono12.0/psweep113_r4_20260328_171213/result.json
4jsz,4jsz_Kdist8.0_Kmono13.0,psweep113_r4_20260328_171213,8.0,13.0,ok,1.8115503857678525,1000,1000,1000,1,0.001,1.0,0.001,0.2154992,0.18088,Advantage2_system1.13,2750,30,./penalty_sweep_qpu_v113/samples/4jsz_Kdist8.0_Kmono13.0/psweep113_r4_20260328_171213/4jsz_ligand_report.csv,./penalty_sweep_qpu_v113/samples/4jsz_Kdist8.0_Kmono13.0/psweep113_r4_20260328_171213/4jsz_ligand_samples.json,./penalty_sweep_qpu_v113/samples/4jsz_Kdist8.0_Kmono13.0/psweep113_r4_20260328_171213/result.json
4jsz,4jsz_Kdist8.0_Kmono14.0,psweep113_r4_20260328_171213,8.0,14.0,ok,1.6215684043018512,1000,1000,1000,79,0.079,1.0,0.079,0.2150888,0.18048,Advantage2_system1.13,2539,26,./penalty_sweep_qpu_v113/samples/4jsz_Kdist8.0_Kmono14.0/psweep113_r4_20260328_171213/4jsz_ligand_report.csv,./penalty_sweep_qpu_v113/samples/4jsz_Kdist8.0_Kmono14.0/psweep113_r4_20260328_171213/4jsz_ligand_samples.json,./penalty_sweep_qpu_v113/samples/4jsz_Kdist8.0_Kmono14.0/psweep113_r4_20260328_171213/result.json
4jsz,4jsz_Kdist8.0_Kmono15.0,psweep113_r4_20260328_171213,8.0,15.0,ok,2.0254838822667303,1000,1000,1000,0,0.0,1.0,0.0,0.2125312,0.17792,Advantage2_system1.13,2609,27,./penalty_sweep_qpu_v113/samples/4jsz_Kdist8.0_Kmono15.0/psweep113_r4_20260328_171213/4jsz_ligand_report.csv,./penalty_sweep_qpu_v113/samples/4jsz_Kdist8.0_Kmono15.0/psweep113_r4_20260328_171213/4jsz_ligand_samples.json,./penalty_sweep_qpu_v113/samples/4jsz_Kdist8.0_Kmono15.0/psweep113_r4_20260328_171213/result.json
4jsz,4jsz_Kdist8.0_Kmono16.0,psweep113_r4_20260328_171213,8.0,16.0,ok,1.3769759223639852,1000,1000,1000,18,0.018,1.0,0.018,0.217626,0.18302,Advantage2_system1.13,2369,25,./penalty_sweep_qpu_v113/samples/4jsz_Kdist8.0_Kmono16.0/psweep113_r4_20260328_171213/4jsz_ligand_report.csv,./penalty_sweep_qpu_v113/samples/4jsz_Kdist8.0_Kmono16.0/psweep113_r4_20260328_171213/4jsz_ligand_samples.json,./penalty_sweep_qpu_v113/samples/4jsz_Kdist8.0_Kmono16.0/psweep113_r4_20260328_171213/result.json
4jsz,4jsz_Kdist8.0_Kmono17.0,psweep113_r4_20260328_171213,8.0,17.0,ok,3.980098946712237,1000,1000,1000,0,0.0,1.0,0.0,0.2157012,0.1811,Advantage2_system1.13,2370,27,./penalty_sweep_qpu_v113/samples/4jsz_Kdist8.0_Kmono17.0/psweep113_r4_20260328_171213/4jsz_ligand_report.csv,./penalty_sweep_qpu_v113/samples/4jsz_Kdist8.0_Kmono17.0/psweep113_r4_20260328_171213/4jsz_ligand_samples.json,./penalty_sweep_qpu_v113/samples/4jsz_Kdist8.0_Kmono17.0/psweep113_r4_20260328_171213/result.json
4jsz,4jsz_Kdist8.0_Kmono18.0,psweep113_r4_20260328_171213,8.0,18.0,ok,1.3813606445669164,1000,1000,1000,31,0.031,1.0,0.031,0.211266,0.17666,Advantage2_system1.13,2492,27,./penalty_sweep_qpu_v113/samples/4jsz_Kdist8.0_Kmono18.0/psweep113_r4_20260328_171213/4jsz_ligand_report.csv,./penalty_sweep_qpu_v113/samples/4jsz_Kdist8.0_Kmono18.0/psweep113_r4_20260328_171213/4jsz_ligand_samples.json,./penalty_sweep_qpu_v113/samples/4jsz_Kdist8.0_Kmono18.0/psweep113_r4_20260328_171213/result.json
4jsz,4jsz_Kdist8.0_Kmono19.0,psweep113_r4_20260328_171213,8.0,19.0,ok,0.9162918347258271,1000,1000,1000,3,0.003,1.0,0.003,0.2147124,0.1801,Advantage2_system1.13,2756,29,./penalty_sweep_qpu_v113/samples/4jsz_Kdist8.0_Kmono19.0/psweep113_r4_20260328_171213/4jsz_ligand_report.csv,./penalty_sweep_qpu_v113/samples/4jsz_Kdist8.0_Kmono19.0/psweep113_r4_20260328_171213/4jsz_ligand_samples.json,./penalty_sweep_qpu_v113/samples/4jsz_Kdist8.0_Kmono19.0/psweep113_r4_20260328_171213/result.json
4jsz,4jsz_Kdist8.0_Kmono20.0,psweep113_r4_20260328_171213,8.0,20.0,ok,3.5751213139489,1000,1000,1000,0,0.0,1.0,0.0,0.211348,0.17674,Advantage2_system1.13,2407,25,./penalty_sweep_qpu_v113/samples/4jsz_Kdist8.0_Kmono20.0/psweep113_r4_20260328_171213/4jsz_ligand_report.csv,./penalty_sweep_qpu_v113/samples/4jsz_Kdist8.0_Kmono20.0/psweep113_r4_20260328_171213/4jsz_ligand_samples.json,./penalty_sweep_qpu_v113/samples/4jsz_Kdist8.0_Kmono20.0/psweep113_r4_20260328_171213/result.json
4jsz,4jsz_Kdist8.5_Kmono1.0,psweep113_r4_20260328_171213,8.5,1.0,ok,1.391158238353865,1000,1000,1000,725,0.725,1.0,0.725,0.21494960000000002,0.18034,Advantage2_system1.13,2712,29,./penalty_sweep_qpu_v113/samples/4jsz_Kdist8.5_Kmono1.0/psweep113_r4_20260328_171213/4jsz_ligand_report.csv,./penalty_sweep_qpu_v113/samples/4jsz_Kdist8.5_Kmono1.0/psweep113_r4_20260328_171213/4jsz_ligand_samples.json,./penalty_sweep_qpu_v113/samples/4jsz_Kdist8.5_Kmono1.0/psweep113_r4_20260328_171213/result.json
4jsz,4jsz_Kdist8.5_Kmono2.0,psweep113_r4_20260328_171213,8.5,2.0,ok,1.6341262358665651,1000,1000,1000,7,0.007,1.0,0.007,0.2172308,0.18262,Advantage2_system1.13,2570,28,./penalty_sweep_qpu_v113/samples/4jsz_Kdist8.5_Kmono2.0/psweep113_r4_20260328_171213/4jsz_ligand_report.csv,./penalty_sweep_qpu_v113/samples/4jsz_Kdist8.5_Kmono2.0/psweep113_r4_20260328_171213/4jsz_ligand_samples.json,./penalty_sweep_qpu_v113/samples/4jsz_Kdist8.5_Kmono2.0/psweep113_r4_20260328_171213/result.json
4jsz,4jsz_Kdist8.5_Kmono3.0,psweep113_r4_20260328_171213,8.5,3.0,ok,4.205965965533475,1000,1000,1000,0,0.0,1.0,0.0,0.2114192,0.1768,Advantage2_system1.13,2488,27,./penalty_sweep_qpu_v113/samples/4jsz_Kdist8.5_Kmono3.0/psweep113_r4_20260328_171213/4jsz_ligand_report.csv,./penalty_sweep_qpu_v113/samples/4jsz_Kdist8.5_Kmono3.0/psweep113_r4_20260328_171213/4jsz_ligand_samples.json,./penalty_sweep_qpu_v113/samples/4jsz_Kdist8.5_Kmono3.0/psweep113_r4_20260328_171213/result.json
4jsz,4jsz_Kdist8.5_Kmono4.0,psweep113_r4_20260328_171213,8.5,4.0,ok,4.101717828088439,1000,1000,1000,0,0.0,1.0,0.0,0.2160812,0.18148,Advantage2_system1.13,2457,26,./penalty_sweep_qpu_v113/samples/4jsz_Kdist8.5_Kmono4.0/psweep113_r4_20260328_171213/4jsz_ligand_report.csv,./penalty_sweep_qpu_v113/samples/4jsz_Kdist8.5_Kmono4.0/psweep113_r4_20260328_171213/4jsz_ligand_samples.json,./penalty_sweep_qpu_v113/samples/4jsz_Kdist8.5_Kmono4.0/psweep113_r4_20260328_171213/result.json
4jsz,4jsz_Kdist8.5_Kmono5.0,psweep113_r4_20260328_171213,8.5,5.0,ok,1.720334423386493,1000,1000,1000,98,0.098,1.0,0.098,0.2143172,0.1797,Advantage2_system1.13,2562,28,./penalty_sweep_qpu_v113/samples/4jsz_Kdist8.5_Kmono5.0/psweep113_r4_20260328_171213/4jsz_ligand_report.csv,./penalty_sweep_qpu_v113/samples/4jsz_Kdist8.5_Kmono5.0/psweep113_r4_20260328_171213/4jsz_ligand_samples.json,./penalty_sweep_qpu_v113/samples/4jsz_Kdist8.5_Kmono5.0/psweep113_r4_20260328_171213/result.json
4jsz,4jsz_Kdist8.5_Kmono6.0,psweep113_r4_20260328_171213,8.5,6.0,ok,2.5727773757097503,1000,1000,1000,0,0.0,1.0,0.0,0.2162064,0.1816,Advantage2_system1.13,2595,28,./penalty_sweep_qpu_v113/samples/4jsz_Kdist8.5_Kmono6.0/psweep113_r4_20260328_171213/4jsz_ligand_report.csv,./penalty_sweep_qpu_v113/samples/4jsz_Kdist8.5_Kmono6.0/psweep113_r4_20260328_171213/4jsz_ligand_samples.json,./penalty_sweep_qpu_v113/samples/4jsz_Kdist8.5_Kmono6.0/psweep113_r4_20260328_171213/result.json
4jsz,4jsz_Kdist8.5_Kmono7.0,psweep113_r4_20260328_171213,8.5,7.0,ok,2.19964560795796,1000,1000,1000,0,0.0,1.0,0.0,0.21131,0.1767,Advantage2_system1.13,2523,27,./penalty_sweep_qpu_v113/samples/4jsz_Kdist8.5_Kmono7.0/psweep113_r4_20260328_171213/4jsz_ligand_report.csv,./penalty_sweep_qpu_v113/samples/4jsz_Kdist8.5_Kmono7.0/psweep113_r4_20260328_171213/4jsz_ligand_samples.json,./penalty_sweep_qpu_v113/samples/4jsz_Kdist8.5_Kmono7.0/psweep113_r4_20260328_171213/result.json
4jsz,4jsz_Kdist8.5_Kmono8.0,psweep113_r4_20260328_171213,8.5,8.0,ok,1.2908823884276497,1000,1000,1000,22,0.022,1.0,0.022,0.212316,0.1777,Advantage2_system1.13,2458,25,./penalty_sweep_qpu_v113/samples/4jsz_Kdist8.5_Kmono8.0/psweep113_r4_20260328_171213/4jsz_ligand_report.csv,./penalty_sweep_qpu_v113/samples/4jsz_Kdist8.5_Kmono8.0/psweep113_r4_20260328_171213/4jsz_ligand_samples.json,./penalty_sweep_qpu_v113/samples/4jsz_Kdist8.5_Kmono8.0/psweep113_r4_20260328_171213/result.json
4jsz,4jsz_Kdist8.5_Kmono9.0,psweep113_r4_20260328_171213,8.5,9.0,ok,1.6885089804581117,1000,1000,1000,5,0.005,1.0,0.005,0.2091708,0.17456,Advantage2_system1.13,2368,25,./penalty_sweep_qpu_v113/samples/4jsz_Kdist8.5_Kmono9.0/psweep113_r4_20260328_171213/4jsz_ligand_report.csv,./penalty_sweep_qpu_v113/samples/4jsz_Kdist8.5_Kmono9.0/psweep113_r4_20260328_171213/4jsz_ligand_samples.json,./penalty_sweep_qpu_v113/samples/4jsz_Kdist8.5_Kmono9.0/psweep113_r4_20260328_171213/result.json
4jsz,4jsz_Kdist8.5_Kmono10.0,psweep113_r4_20260328_171213,8.5,10.0,ok,2.3684982604777503,1000,1000,1000,0,0.0,1.0,0.0,0.21504679999999998,0.18044,Advantage2_system1.13,2280,24,./penalty_sweep_qpu_v113/samples/4jsz_Kdist8.5_Kmono10.0/psweep113_r4_20260328_171213/4jsz_ligand_report.csv,./penalty_sweep_qpu_v113/samples/4jsz_Kdist8.5_Kmono10.0/psweep113_r4_20260328_171213/4jsz_ligand_samples.json,./penalty_sweep_qpu_v113/samples/4jsz_Kdist8.5_Kmono10.0/psweep113_r4_20260328_171213/result.json
4jsz,4jsz_Kdist8.5_Kmono11.0,psweep113_r4_20260328_171213,8.5,11.0,ok,2.6372363748705387,1000,1000,1000,0,0.0,1.0,0.0,0.215178,0.18056,Advantage2_system1.13,2521,27,./penalty_sweep_qpu_v113/samples/4jsz_Kdist8.5_Kmono11.0/psweep113_r4_20260328_171213/4jsz_ligand_report.csv,./penalty_sweep_qpu_v113/samples/4jsz_Kdist8.5_Kmono11.0/psweep113_r4_20260328_171213/4jsz_ligand_samples.json,./penalty_sweep_qpu_v113/samples/4jsz_Kdist8.5_Kmono11.0/psweep113_r4_20260328_171213/result.json
4jsz,4jsz_Kdist8.5_Kmono12.0,psweep113_r4_20260328_171213,8.5,12.0,ok,2.282706113022533,1000,1000,1000,0,0.0,1.0,0.0,0.2121324,0.17752,Advantage2_system1.13,2701,29,./penalty_sweep_qpu_v113/samples/4jsz_Kdist8.5_Kmono12.0/psweep113_r4_20260328_171213/4jsz_ligand_report.csv,./penalty_sweep_qpu_v113/samples/4jsz_Kdist8.5_Kmono12.0/psweep113_r4_20260328_171213/4jsz_ligand_samples.json,./penalty_sweep_qpu_v113/samples/4jsz_Kdist8.5_Kmono12.0/psweep113_r4_20260328_171213/result.json
4jsz,4jsz_Kdist8.5_Kmono13.0,psweep113_r4_20260328_171213,8.5,13.0,ok,2.3581158073472377,1000,1000,1000,0,0.0,1.0,0.0,0.21521120000000002,0.1806,Advantage2_system1.13,2411,26,./penalty_sweep_qpu_v113/samples/4jsz_Kdist8.5_Kmono13.0/psweep113_r4_20260328_171213/4jsz_ligand_report.csv,./penalty_sweep_qpu_v113/samples/4jsz_Kdist8.5_Kmono13.0/psweep113_r4_20260328_171213/4jsz_ligand_samples.json,./penalty_sweep_qpu_v113/samples/4jsz_Kdist8.5_Kmono13.0/psweep113_r4_20260328_171213/result.json
4jsz,4jsz_Kdist8.5_Kmono14.0,psweep113_r4_20260328_171213,8.5,14.0,ok,1.417951980475198,1000,1000,1000,11,0.011,1.0,0.011,0.2135288,0.17892,Advantage2_system1.13,2473,27,./penalty_sweep_qpu_v113/samples/4jsz_Kdist8.5_Kmono14.0/psweep113_r4_20260328_171213/4jsz_ligand_report.csv,./penalty_sweep_qpu_v113/samples/4jsz_Kdist8.5_Kmono14.0/psweep113_r4_20260328_171213/4jsz_ligand_samples.json,./penalty_sweep_qpu_v113/samples/4jsz_Kdist8.5_Kmono14.0/psweep113_r4_20260328_171213/result.json
4jsz,4jsz_Kdist8.5_Kmono15.0,psweep113_r4_20260328_171213,8.5,15.0,ok,0.9546295426012364,1000,1000,1000,266,0.266,1.0,0.266,0.2195272,0.18492,Advantage2_system1.13,2721,30,./penalty_sweep_qpu_v113/samples/4jsz_Kdist8.5_Kmono15.0/psweep113_r4_20260328_171213/4jsz_ligand_report.csv,./penalty_sweep_qpu_v113/samples/4jsz_Kdist8.5_Kmono15.0/psweep113_r4_20260328_171213/4jsz_ligand_samples.json,./penalty_sweep_qpu_v113/samples/4jsz_Kdist8.5_Kmono15.0/psweep113_r4_20260328_171213/result.json
4jsz,4jsz_Kdist8.5_Kmono16.0,psweep113_r4_20260328_171213,8.5,16.0,ok,2.8915545512716694,1000,1000,1000,0,0.0,1.0,0.0,0.21784879999999998,0.18324,Advantage2_system1.13,2488,26,./penalty_sweep_qpu_v113/samples/4jsz_Kdist8.5_Kmono16.0/psweep113_r4_20260328_171213/4jsz_ligand_report.csv,./penalty_sweep_qpu_v113/samples/4jsz_Kdist8.5_Kmono16.0/psweep113_r4_20260328_171213/4jsz_ligand_samples.json,./penalty_sweep_qpu_v113/samples/4jsz_Kdist8.5_Kmono16.0/psweep113_r4_20260328_171213/result.json
4jsz,4jsz_Kdist8.5_Kmono17.0,psweep113_r4_20260328_171213,8.5,17.0,ok,2.1386941852372834,1000,1000,1000,0,0.0,1.0,0.0,0.20941320000000002,0.1748,Advantage2_system1.13,2314,24,./penalty_sweep_qpu_v113/samples/4jsz_Kdist8.5_Kmono17.0/psweep113_r4_20260328_171213/4jsz_ligand_report.csv,./penalty_sweep_qpu_v113/samples/4jsz_Kdist8.5_Kmono17.0/psweep113_r4_20260328_171213/4jsz_ligand_samples.json,./penalty_sweep_qpu_v113/samples/4jsz_Kdist8.5_Kmono17.0/psweep113_r4_20260328_171213/result.json
4jsz,4jsz_Kdist8.5_Kmono18.0,psweep113_r4_20260328_171213,8.5,18.0,ok,2.4106823615993322,1000,1000,1000,0,0.0,1.0,0.0,0.2125308,0.17792,Advantage2_system1.13,2615,28,./penalty_sweep_qpu_v113/samples/4jsz_Kdist8.5_Kmono18.0/psweep113_r4_20260328_171213/4jsz_ligand_report.csv,./penalty_sweep_qpu_v113/samples/4jsz_Kdist8.5_Kmono18.0/psweep113_r4_20260328_171213/4jsz_ligand_samples.json,./penalty_sweep_qpu_v113/samples/4jsz_Kdist8.5_Kmono18.0/psweep113_r4_20260328_171213/result.json
4jsz,4jsz_Kdist8.5_Kmono19.0,psweep113_r4_20260328_171213,8.5,19.0,ok,4.3736206888607745,1000,1000,1000,0,0.0,1.0,0.0,0.2109468,0.17634,Advantage2_system1.13,2159,21,./penalty_sweep_qpu_v113/samples/4jsz_Kdist8.5_Kmono19.0/psweep113_r4_20260328_171213/4jsz_ligand_report.csv,./penalty_sweep_qpu_v113/samples/4jsz_Kdist8.5_Kmono19.0/psweep113_r4_20260328_171213/4jsz_ligand_samples.json,./penalty_sweep_qpu_v113/samples/4jsz_Kdist8.5_Kmono19.0/psweep113_r4_20260328_171213/result.json
4jsz,4jsz_Kdist8.5_Kmono20.0,psweep113_r4_20260328_171213,8.5,20.0,ok,3.647649085524889,1000,1000,1000,0,0.0,1.0,0.0,0.2150848,0.18048,Advantage2_system1.13,2357,25,./penalty_sweep_qpu_v113/samples/4jsz_Kdist8.5_Kmono20.0/psweep113_r4_20260328_171213/4jsz_ligand_report.csv,./penalty_sweep_qpu_v113/samples/4jsz_Kdist8.5_Kmono20.0/psweep113_r4_20260328_171213/4jsz_ligand_samples.json,./penalty_sweep_qpu_v113/samples/4jsz_Kdist8.5_Kmono20.0/psweep113_r4_20260328_171213/result.json
4jsz,4jsz_Kdist9.0_Kmono1.0,psweep113_r4_20260328_171213,9.0,1.0,ok,1.520969479223271,1000,1000,1000,3,0.003,1.0,0.003,0.21396520000000002,0.17934,Advantage2_system1.13,2716,28,./penalty_sweep_qpu_v113/samples/4jsz_Kdist9.0_Kmono1.0/psweep113_r4_20260328_171213/4jsz_ligand_report.csv,./penalty_sweep_qpu_v113/samples/4jsz_Kdist9.0_Kmono1.0/psweep113_r4_20260328_171213/4jsz_ligand_samples.json,./penalty_sweep_qpu_v113/samples/4jsz_Kdist9.0_Kmono1.0/psweep113_r4_20260328_171213/result.json
4jsz,4jsz_Kdist9.0_Kmono2.0,psweep113_r4_20260328_171213,9.0,2.0,ok,2.791709248215478,1000,1000,1000,0,0.0,1.0,0.0,0.2197692,0.18516,Advantage2_system1.13,2408,25,./penalty_sweep_qpu_v113/samples/4jsz_Kdist9.0_Kmono2.0/psweep113_r4_20260328_171213/4jsz_ligand_report.csv,./penalty_sweep_qpu_v113/samples/4jsz_Kdist9.0_Kmono2.0/psweep113_r4_20260328_171213/4jsz_ligand_samples.json,./penalty_sweep_qpu_v113/samples/4jsz_Kdist9.0_Kmono2.0/psweep113_r4_20260328_171213/result.json
4jsz,4jsz_Kdist9.0_Kmono3.0,psweep113_r4_20260328_171213,9.0,3.0,ok,1.6056969520716913,1000,1000,1000,45,0.045,1.0,0.045,0.21122639999999998,0.17662,Advantage2_system1.13,2515,28,./penalty_sweep_qpu_v113/samples/4jsz_Kdist9.0_Kmono3.0/psweep113_r4_20260328_171213/4jsz_ligand_report.csv,./penalty_sweep_qpu_v113/samples/4jsz_Kdist9.0_Kmono3.0/psweep113_r4_20260328_171213/4jsz_ligand_samples.json,./penalty_sweep_qpu_v113/samples/4jsz_Kdist9.0_Kmono3.0/psweep113_r4_20260328_171213/result.json
4jsz,4jsz_Kdist9.0_Kmono4.0,psweep113_r4_20260328_171213,9.0,4.0,ok,3.2977788003037736,1000,1000,1000,0,0.0,1.0,0.0,0.214706,0.1801,Advantage2_system1.13,2423,25,./penalty_sweep_qpu_v113/samples/4jsz_Kdist9.0_Kmono4.0/psweep113_r4_20260328_171213/4jsz_ligand_report.csv,./penalty_sweep_qpu_v113/samples/4jsz_Kdist9.0_Kmono4.0/psweep113_r4_20260328_171213/4jsz_ligand_samples.json,./penalty_sweep_qpu_v113/samples/4jsz_Kdist9.0_Kmono4.0/psweep113_r4_20260328_171213/result.json
4jsz,4jsz_Kdist9.0_Kmono5.0,psweep113_r4_20260328_171213,9.0,5.0,ok,1.7482215185268994,1000,1000,1000,10,0.01,1.0,0.01,0.2125332,0.17792,Advantage2_system1.13,2607,27,./penalty_sweep_qpu_v113/samples/4jsz_Kdist9.0_Kmono5.0/psweep113_r4_20260328_171213/4jsz_ligand_report.csv,./penalty_sweep_qpu_v113/samples/4jsz_Kdist9.0_Kmono5.0/psweep113_r4_20260328_171213/4jsz_ligand_samples.json,./penalty_sweep_qpu_v113/samples/4jsz_Kdist9.0_Kmono5.0/psweep113_r4_20260328_171213/result.json
4jsz,4jsz_Kdist9.0_Kmono6.0,psweep113_r4_20260328_171213,9.0,6.0,ok,2.065793998240681,1000,1000,1000,0,0.0,1.0,0.0,0.2097724,0.17516,Advantage2_system1.13,2442,26,./penalty_sweep_qpu_v113/samples/4jsz_Kdist9.0_Kmono6.0/psweep113_r4_20260328_171213/4jsz_ligand_report.csv,./penalty_sweep_qpu_v113/samples/4jsz_Kdist9.0_Kmono6.0/psweep113_r4_20260328_171213/4jsz_ligand_samples.json,./penalty_sweep_qpu_v113/samples/4jsz_Kdist9.0_Kmono6.0/psweep113_r4_20260328_171213/result.json
4jsz,4jsz_Kdist9.0_Kmono7.0,psweep113_r4_20260328_171213,9.0,7.0,ok,2.396805717146551,1000,1000,1000,0,0.0,1.0,0.0,0.2163556,0.18174,Advantage2_system1.13,2566,28,./penalty_sweep_qpu_v113/samples/4jsz_Kdist9.0_Kmono7.0/psweep113_r4_20260328_171213/4jsz_ligand_report.csv,./penalty_sweep_qpu_v113/samples/4jsz_Kdist9.0_Kmono7.0/psweep113_r4_20260328_171213/4jsz_ligand_samples.json,./penalty_sweep_qpu_v113/samples/4jsz_Kdist9.0_Kmono7.0/psweep113_r4_20260328_171213/result.json
4jsz,4jsz_Kdist9.0_Kmono8.0,psweep113_r4_20260328_171213,9.0,8.0,ok,1.5730185668507435,1000,1000,1000,2,0.002,1.0,0.002,0.209716,0.1751,Advantage2_system1.13,2962,33,./penalty_sweep_qpu_v113/samples/4jsz_Kdist9.0_Kmono8.0/psweep113_r4_20260328_171213/4jsz_ligand_report.csv,./penalty_sweep_qpu_v113/samples/4jsz_Kdist9.0_Kmono8.0/psweep113_r4_20260328_171213/4jsz_ligand_samples.json,./penalty_sweep_qpu_v113/samples/4jsz_Kdist9.0_Kmono8.0/psweep113_r4_20260328_171213/result.json
4jsz,4jsz_Kdist9.0_Kmono9.0,psweep113_r4_20260328_171213,9.0,9.0,ok,1.9363073922225742,1000,1000,1000,1,0.001,1.0,0.001,0.218766,0.18416,Advantage2_system1.13,2471,25,./penalty_sweep_qpu_v113/samples/4jsz_Kdist9.0_Kmono9.0/psweep113_r4_20260328_171213/4jsz_ligand_report.csv,./penalty_sweep_qpu_v113/samples/4jsz_Kdist9.0_Kmono9.0/psweep113_r4_20260328_171213/4jsz_ligand_samples.json,./penalty_sweep_qpu_v113/samples/4jsz_Kdist9.0_Kmono9.0/psweep113_r4_20260328_171213/result.json
4jsz,4jsz_Kdist9.0_Kmono10.0,psweep113_r4_20260328_171213,9.0,10.0,ok,1.3809485508380073,1000,1000,1000,123,0.123,1.0,0.123,0.217992,0.18338,Advantage2_system1.13,2674,29,./penalty_sweep_qpu_v113/samples/4jsz_Kdist9.0_Kmono10.0/psweep113_r4_20260328_171213/4jsz_ligand_report.csv,./penalty_sweep_qpu_v113/samples/4jsz_Kdist9.0_Kmono10.0/psweep113_r4_20260328_171213/4jsz_ligand_samples.json,./penalty_sweep_qpu_v113/samples/4jsz_Kdist9.0_Kmono10.0/psweep113_r4_20260328_171213/result.json
4jsz,4jsz_Kdist9.0_Kmono11.0,psweep113_r4_20260328_171213,9.0,11.0,ok,1.6680737678452349,1000,1000,1000,1,0.001,1.0,0.001,0.21558639999999998,0.18098,Advantage2_system1.13,2673,30,./penalty_sweep_qpu_v113/samples/4jsz_Kdist9.0_Kmono11.0/psweep113_r4_20260328_171213/4jsz_ligand_report.csv,./penalty_sweep_qpu_v113/samples/4jsz_Kdist9.0_Kmono11.0/psweep113_r4_20260328_171213/4jsz_ligand_samples.json,./penalty_sweep_qpu_v113/samples/4jsz_Kdist9.0_Kmono11.0/psweep113_r4_20260328_171213/result.json
4jsz,4jsz_Kdist9.0_Kmono12.0,psweep113_r4_20260328_171213,9.0,12.0,ok,1.8693354056832816,1000,1000,1000,1,0.001,1.0,0.001,0.2096404,0.17502,Advantage2_system1.13,2468,26,./penalty_sweep_qpu_v113/samples/4jsz_Kdist9.0_Kmono12.0/psweep113_r4_20260328_171213/4jsz_ligand_report.csv,./penalty_sweep_qpu_v113/samples/4jsz_Kdist9.0_Kmono12.0/psweep113_r4_20260328_171213/4jsz_ligand_samples.json,./penalty_sweep_qpu_v113/samples/4jsz_Kdist9.0_Kmono12.0/psweep113_r4_20260328_171213/result.json
4jsz,4jsz_Kdist9.0_Kmono13.0,psweep113_r4_20260328_171213,9.0,13.0,ok,1.226169229962828,1000,1000,1000,46,0.046,1.0,0.046,0.215098,0.18048,Advantage2_system1.13,2812,31,./penalty_sweep_qpu_v113/samples/4jsz_Kdist9.0_Kmono13.0/psweep113_r4_20260328_171213/4jsz_ligand_report.csv,./penalty_sweep_qpu_v113/samples/4jsz_Kdist9.0_Kmono13.0/psweep113_r4_20260328_171213/4jsz_ligand_samples.json,./penalty_sweep_qpu_v113/samples/4jsz_Kdist9.0_Kmono13.0/psweep113_r4_20260328_171213/result.json
4jsz,4jsz_Kdist9.0_Kmono14.0,psweep113_r4_20260328_171213,9.0,14.0,ok,1.4084810344770566,1000,1000,1000,7,0.007,1.0,0.007,0.2110348,0.17642,Advantage2_system1.13,2433,26,./penalty_sweep_qpu_v113/samples/4jsz_Kdist9.0_Kmono14.0/psweep113_r4_20260328_171213/4jsz_ligand_report.csv,./penalty_sweep_qpu_v113/samples/4jsz_Kdist9.0_Kmono14.0/psweep113_r4_20260328_171213/4jsz_ligand_samples.json,./penalty_sweep_qpu_v113/samples/4jsz_Kdist9.0_Kmono14.0/psweep113_r4_20260328_171213/result.json
4jsz,4jsz_Kdist9.0_Kmono15.0,psweep113_r4_20260328_171213,9.0,15.0,ok,1.3420967287806345,1000,1000,1000,26,0.026,1.0,0.026,0.2132664,0.17866,Advantage2_system1.13,2578,27,./penalty_sweep_qpu_v113/samples/4jsz_Kdist9.0_Kmono15.0/psweep113_r4_20260328_171213/4jsz_ligand_report.csv,./penalty_sweep_qpu_v113/samples/4jsz_Kdist9.0_Kmono15.0/psweep113_r4_20260328_171213/4jsz_ligand_samples.json,./penalty_sweep_qpu_v113/samples/4jsz_Kdist9.0_Kmono15.0/psweep113_r4_20260328_171213/result.json
4jsz,4jsz_Kdist9.0_Kmono16.0,psweep113_r4_20260328_171213,9.0,16.0,ok,1.6968674467664728,1000,1000,1000,5,0.005,1.0,0.005,0.20716679999999998,0.17256,Advantage2_system1.13,2524,29,./penalty_sweep_qpu_v113/samples/4jsz_Kdist9.0_Kmono16.0/psweep113_r4_20260328_171213/4jsz_ligand_report.csv,./penalty_sweep_qpu_v113/samples/4jsz_Kdist9.0_Kmono16.0/psweep113_r4_20260328_171213/4jsz_ligand_samples.json,./penalty_sweep_qpu_v113/samples/4jsz_Kdist9.0_Kmono16.0/psweep113_r4_20260328_171213/result.json
4jsz,4jsz_Kdist9.0_Kmono17.0,psweep113_r4_20260328_171213,9.0,17.0,ok,3.629718905157172,1000,1000,1000,0,0.0,1.0,0.0,0.2115308,0.17692,Advantage2_system1.13,2476,27,./penalty_sweep_qpu_v113/samples/4jsz_Kdist9.0_Kmono17.0/psweep113_r4_20260328_171213/4jsz_ligand_report.csv,./penalty_sweep_qpu_v113/samples/4jsz_Kdist9.0_Kmono17.0/psweep113_r4_20260328_171213/4jsz_ligand_samples.json,./penalty_sweep_qpu_v113/samples/4jsz_Kdist9.0_Kmono17.0/psweep113_r4_20260328_171213/result.json
4jsz,4jsz_Kdist9.0_Kmono18.0,psweep113_r4_20260328_171213,9.0,18.0,ok,2.602964060121966,1000,1000,1000,0,0.0,1.0,0.0,0.21405120000000002,0.17944,Advantage2_system1.13,2434,26,./penalty_sweep_qpu_v113/samples/4jsz_Kdist9.0_Kmono18.0/psweep113_r4_20260328_171213/4jsz_ligand_report.csv,./penalty_sweep_qpu_v113/samples/4jsz_Kdist9.0_Kmono18.0/psweep113_r4_20260328_171213/4jsz_ligand_samples.json,./penalty_sweep_qpu_v113/samples/4jsz_Kdist9.0_Kmono18.0/psweep113_r4_20260328_171213/result.json
4jsz,4jsz_Kdist9.0_Kmono19.0,psweep113_r4_20260328_171213,9.0,19.0,ok,2.496043003843142,1000,1000,1000,0,0.0,1.0,0.0,0.2138108,0.1792,Advantage2_system1.13,2521,28,./penalty_sweep_qpu_v113/samples/4jsz_Kdist9.0_Kmono19.0/psweep113_r4_20260328_171213/4jsz_ligand_report.csv,./penalty_sweep_qpu_v113/samples/4jsz_Kdist9.0_Kmono19.0/psweep113_r4_20260328_171213/4jsz_ligand_samples.json,./penalty_sweep_qpu_v113/samples/4jsz_Kdist9.0_Kmono19.0/psweep113_r4_20260328_171213/result.json
4jsz,4jsz_Kdist9.0_Kmono20.0,psweep113_r4_20260328_171213,9.0,20.0,ok,1.3608225107886596,1000,1000,1000,41,0.041,1.0,0.041,0.21203639999999999,0.17742,Advantage2_system1.13,2619,29,./penalty_sweep_qpu_v113/samples/4jsz_Kdist9.0_Kmono20.0/psweep113_r4_20260328_171213/4jsz_ligand_report.csv,./penalty_sweep_qpu_v113/samples/4jsz_Kdist9.0_Kmono20.0/psweep113_r4_20260328_171213/4jsz_ligand_samples.json,./penalty_sweep_qpu_v113/samples/4jsz_Kdist9.0_Kmono20.0/psweep113_r4_20260328_171213/result.json
4jsz,4jsz_Kdist9.5_Kmono1.0,psweep113_r4_20260328_171213,9.5,1.0,ok,0.863835788439376,1000,1000,1000,32,0.032,1.0,0.032,0.212822,0.1782,Advantage2_system1.13,2584,28,./penalty_sweep_qpu_v113/samples/4jsz_Kdist9.5_Kmono1.0/psweep113_r4_20260328_171213/4jsz_ligand_report.csv,./penalty_sweep_qpu_v113/samples/4jsz_Kdist9.5_Kmono1.0/psweep113_r4_20260328_171213/4jsz_ligand_samples.json,./penalty_sweep_qpu_v113/samples/4jsz_Kdist9.5_Kmono1.0/psweep113_r4_20260328_171213/result.json
4jsz,4jsz_Kdist9.5_Kmono2.0,psweep113_r4_20260328_171213,9.5,2.0,ok,2.6254838661447297,1000,1000,1000,0,0.0,1.0,0.0,0.21571520000000002,0.1811,Advantage2_system1.13,2896,31,./penalty_sweep_qpu_v113/samples/4jsz_Kdist9.5_Kmono2.0/psweep113_r4_20260328_171213/4jsz_ligand_report.csv,./penalty_sweep_qpu_v113/samples/4jsz_Kdist9.5_Kmono2.0/psweep113_r4_20260328_171213/4jsz_ligand_samples.json,./penalty_sweep_qpu_v113/samples/4jsz_Kdist9.5_Kmono2.0/psweep113_r4_20260328_171213/result.json
4jsz,4jsz_Kdist9.5_Kmono3.0,psweep113_r4_20260328_171213,9.5,3.0,ok,2.547515457810709,1000,1000,1000,0,0.0,1.0,0.0,0.2143056,0.1797,Advantage2_system1.13,2581,28,./penalty_sweep_qpu_v113/samples/4jsz_Kdist9.5_Kmono3.0/psweep113_r4_20260328_171213/4jsz_ligand_report.csv,./penalty_sweep_qpu_v113/samples/4jsz_Kdist9.5_Kmono3.0/psweep113_r4_20260328_171213/4jsz_ligand_samples.json,./penalty_sweep_qpu_v113/samples/4jsz_Kdist9.5_Kmono3.0/psweep113_r4_20260328_171213/result.json
4jsz,4jsz_Kdist9.5_Kmono4.0,psweep113_r4_20260328_171213,9.5,4.0,ok,1.925779526492305,1000,1000,1000,3,0.003,1.0,0.003,0.212552,0.17794,Advantage2_system1.13,2612,29,./penalty_sweep_qpu_v113/samples/4jsz_Kdist9.5_Kmono4.0/psweep113_r4_20260328_171213/4jsz_ligand_report.csv,./penalty_sweep_qpu_v113/samples/4jsz_Kdist9.5_Kmono4.0/psweep113_r4_20260328_171213/4jsz_ligand_samples.json,./penalty_sweep_qpu_v113/samples/4jsz_Kdist9.5_Kmono4.0/psweep113_r4_20260328_171213/result.json
4jsz,4jsz_Kdist9.5_Kmono5.0,psweep113_r4_20260328_171213,9.5,5.0,ok,2.5543326816947567,1000,1000,1000,0,0.0,1.0,0.0,0.214598,0.17998,Advantage2_system1.13,2635,28,./penalty_sweep_qpu_v113/samples/4jsz_Kdist9.5_Kmono5.0/psweep113_r4_20260328_171213/4jsz_ligand_report.csv,./penalty_sweep_qpu_v113/samples/4jsz_Kdist9.5_Kmono5.0/psweep113_r4_20260328_171213/4jsz_ligand_samples.json,./penalty_sweep_qpu_v113/samples/4jsz_Kdist9.5_Kmono5.0/psweep113_r4_20260328_171213/result.json
4jsz,4jsz_Kdist9.5_Kmono6.0,psweep113_r4_20260328_171213,9.5,6.0,ok,2.6053120449489815,1000,1000,1000,0,0.0,1.0,0.0,0.2139532,0.17934,Advantage2_system1.13,2724,30,./penalty_sweep_qpu_v113/samples/4jsz_Kdist9.5_Kmono6.0/psweep113_r4_20260328_171213/4jsz_ligand_report.csv,./penalty_sweep_qpu_v113/samples/4jsz_Kdist9.5_Kmono6.0/psweep113_r4_20260328_171213/4jsz_ligand_samples.json,./penalty_sweep_qpu_v113/samples/4jsz_Kdist9.5_Kmono6.0/psweep113_r4_20260328_171213/result.json
4jsz,4jsz_Kdist9.5_Kmono7.0,psweep113_r4_20260328_171213,9.5,7.0,ok,3.0972442451865962,1000,1000,1000,0,0.0,1.0,0.0,0.2110888,0.17648,Advantage2_system1.13,2715,30,./penalty_sweep_qpu_v113/samples/4jsz_Kdist9.5_Kmono7.0/psweep113_r4_20260328_171213/4jsz_ligand_report.csv,./penalty_sweep_qpu_v113/samples/4jsz_Kdist9.5_Kmono7.0/psweep113_r4_20260328_171213/4jsz_ligand_samples.json,./penalty_sweep_qpu_v113/samples/4jsz_Kdist9.5_Kmono7.0/psweep113_r4_20260328_171213/result.json
4jsz,4jsz_Kdist9.5_Kmono8.0,psweep113_r4_20260328_171213,9.5,8.0,ok,2.3067230964639434,1000,1000,1000,0,0.0,1.0,0.0,0.21139560000000002,0.17678,Advantage2_system1.13,2475,28,./penalty_sweep_qpu_v113/samples/4jsz_Kdist9.5_Kmono8.0/psweep113_r4_20260328_171213/4jsz_ligand_report.csv,./penalty_sweep_qpu_v113/samples/4jsz_Kdist9.5_Kmono8.0/psweep113_r4_20260328_171213/4jsz_ligand_samples.json,./penalty_sweep_qpu_v113/samples/4jsz_Kdist9.5_Kmono8.0/psweep113_r4_20260328_171213/result.json
4jsz,4jsz_Kdist9.5_Kmono9.0,psweep113_r4_20260328_171213,9.5,9.0,ok,2.752815524855176,1000,1000,1000,0,0.0,1.0,0.0,0.2154596,0.18084,Advantage2_system1.13,2731,31,./penalty_sweep_qpu_v113/samples/4jsz_Kdist9.5_Kmono9.0/psweep113_r4_20260328_171213/4jsz_ligand_report.csv,./penalty_sweep_qpu_v113/samples/4jsz_Kdist9.5_Kmono9.0/psweep113_r4_20260328_171213/4jsz_ligand_samples.json,./penalty_sweep_qpu_v113/samples/4jsz_Kdist9.5_Kmono9.0/psweep113_r4_20260328_171213/result.json
4jsz,4jsz_Kdist9.5_Kmono10.0,psweep113_r4_20260328_171213,9.5,10.0,ok,2.1223385955674843,1000,1000,1000,0,0.0,1.0,0.0,0.214854,0.18024,Advantage2_system1.13,2653,27,./penalty_sweep_qpu_v113/samples/4jsz_Kdist9.5_Kmono10.0/psweep113_r4_20260328_171213/4jsz_ligand_report.csv,./penalty_sweep_qpu_v113/samples/4jsz_Kdist9.5_Kmono10.0/psweep113_r4_20260328_171213/4jsz_ligand_samples.json,./penalty_sweep_qpu_v113/samples/4jsz_Kdist9.5_Kmono10.0/psweep113_r4_20260328_171213/result.json
4jsz,4jsz_Kdist9.5_Kmono11.0,psweep113_r4_20260328_171213,9.5,11.0,ok,3.838709369179116,1000,1000,1000,0,0.0,1.0,0.0,0.2176388,0.18302,Advantage2_system1.13,2914,31,./penalty_sweep_qpu_v113/samples/4jsz_Kdist9.5_Kmono11.0/psweep113_r4_20260328_171213/4jsz_ligand_report.csv,./penalty_sweep_qpu_v113/samples/4jsz_Kdist9.5_Kmono11.0/psweep113_r4_20260328_171213/4jsz_ligand_samples.json,./penalty_sweep_qpu_v113/samples/4jsz_Kdist9.5_Kmono11.0/psweep113_r4_20260328_171213/result.json
4jsz,4jsz_Kdist9.5_Kmono12.0,psweep113_r4_20260328_171213,9.5,12.0,ok,1.9266703724105056,1000,1000,1000,1,0.001,1.0,0.001,0.215948,0.18134,Advantage2_system1.13,2391,27,./penalty_sweep_qpu_v113/samples/4jsz_Kdist9.5_Kmono12.0/psweep113_r4_20260328_171213/4jsz_ligand_report.csv,./penalty_sweep_qpu_v113/samples/4jsz_Kdist9.5_Kmono12.0/psweep113_r4_20260328_171213/4jsz_ligand_samples.json,./penalty_sweep_qpu_v113/samples/4jsz_Kdist9.5_Kmono12.0/psweep113_r4_20260328_171213/result.json
4jsz,4jsz_Kdist9.5_Kmono13.0,psweep113_r4_20260328_171213,9.5,13.0,ok,2.71203362108114,1000,1000,1000,0,0.0,1.0,0.0,0.2146744,0.18006,Advantage2_system1.13,2672,30,./penalty_sweep_qpu_v113/samples/4jsz_Kdist9.5_Kmono13.0/psweep113_r4_20260328_171213/4jsz_ligand_report.csv,./penalty_sweep_qpu_v113/samples/4jsz_Kdist9.5_Kmono13.0/psweep113_r4_20260328_171213/4jsz_ligand_samples.json,./penalty_sweep_qpu_v113/samples/4jsz_Kdist9.5_Kmono13.0/psweep113_r4_20260328_171213/result.json
4jsz,4jsz_Kdist9.5_Kmono14.0,psweep113_r4_20260328_171213,9.5,14.0,ok,1.3604237185204118,1000,1000,1000,297,0.297,1.0,0.297,0.2181296,0.18352,Advantage2_system1.13,2533,26,./penalty_sweep_qpu_v113/samples/4jsz_Kdist9.5_Kmono14.0/psweep113_r4_20260328_171213/4jsz_ligand_report.csv,./penalty_sweep_qpu_v113/samples/4jsz_Kdist9.5_Kmono14.0/psweep113_r4_20260328_171213/4jsz_ligand_samples.json,./penalty_sweep_qpu_v113/samples/4jsz_Kdist9.5_Kmono14.0/psweep113_r4_20260328_171213/result.json
4jsz,4jsz_Kdist9.5_Kmono15.0,psweep113_r4_20260328_171213,9.5,15.0,ok,3.180752527266411,1000,1000,1000,0,0.0,1.0,0.0,0.21231039999999998,0.1777,Advantage2_system1.13,2520,26,./penalty_sweep_qpu_v113/samples/4jsz_Kdist9.5_Kmono15.0/psweep113_r4_20260328_171213/4jsz_ligand_report.csv,./penalty_sweep_qpu_v113/samples/4jsz_Kdist9.5_Kmono15.0/psweep113_r4_20260328_171213/4jsz_ligand_samples.json,./penalty_sweep_qpu_v113/samples/4jsz_Kdist9.5_Kmono15.0/psweep113_r4_20260328_171213/result.json
4jsz,4jsz_Kdist9.5_Kmono16.0,psweep113_r4_20260328_171213,9.5,16.0,ok,2.3953371260643257,1000,1000,1000,0,0.0,1.0,0.0,0.21176920000000002,0.17716,Advantage2_system1.13,2698,30,./penalty_sweep_qpu_v113/samples/4jsz_Kdist9.5_Kmono16.0/psweep113_r4_20260328_171213/4jsz_ligand_report.csv,./penalty_sweep_qpu_v113/samples/4jsz_Kdist9.5_Kmono16.0/psweep113_r4_20260328_171213/4jsz_ligand_samples.json,./penalty_sweep_qpu_v113/samples/4jsz_Kdist9.5_Kmono16.0/psweep113_r4_20260328_171213/result.json
4jsz,4jsz_Kdist9.5_Kmono17.0,psweep113_r4_20260328_171213,9.5,17.0,ok,1.799809422598875,1000,1000,1000,13,0.013,1.0,0.013,0.214544,0.17994,Advantage2_system1.13,2239,24,./penalty_sweep_qpu_v113/samples/4jsz_Kdist9.5_Kmono17.0/psweep113_r4_20260328_171213/4jsz_ligand_report.csv,./penalty_sweep_qpu_v113/samples/4jsz_Kdist9.5_Kmono17.0/psweep113_r4_20260328_171213/4jsz_ligand_samples.json,./penalty_sweep_qpu_v113/samples/4jsz_Kdist9.5_Kmono17.0/psweep113_r4_20260328_171213/result.json
4jsz,4jsz_Kdist9.5_Kmono18.0,psweep113_r4_20260328_171213,9.5,18.0,ok,1.7421326914590196,1000,1000,1000,1,0.001,1.0,0.001,0.21534879999999998,0.18074,Advantage2_system1.13,2514,27,./penalty_sweep_qpu_v113/samples/4jsz_Kdist9.5_Kmono18.0/psweep113_r4_20260328_171213/4jsz_ligand_report.csv,./penalty_sweep_qpu_v113/samples/4jsz_Kdist9.5_Kmono18.0/psweep113_r4_20260328_171213/4jsz_ligand_samples.json,./penalty_sweep_qpu_v113/samples/4jsz_Kdist9.5_Kmono18.0/psweep113_r4_20260328_171213/result.json
4jsz,4jsz_Kdist9.5_Kmono19.0,psweep113_r4_20260328_171213,9.5,19.0,ok,2.7155352348273727,1000,1000,1000,0,0.0,1.0,0.0,0.2181432,0.18352,Advantage2_system1.13,2888,30,./penalty_sweep_qpu_v113/samples/4jsz_Kdist9.5_Kmono19.0/psweep113_r4_20260328_171213/4jsz_ligand_report.csv,./penalty_sweep_qpu_v113/samples/4jsz_Kdist9.5_Kmono19.0/psweep113_r4_20260328_171213/4jsz_ligand_samples.json,./penalty_sweep_qpu_v113/samples/4jsz_Kdist9.5_Kmono19.0/psweep113_r4_20260328_171213/result.json
4jsz,4jsz_Kdist9.5_Kmono20.0,psweep113_r4_20260328_171213,9.5,20.0,ok,4.141620100328453,1000,1000,1000,0,0.0,1.0,0.0,0.20835520000000002,0.17374,Advantage2_system1.13,2392,25,./penalty_sweep_qpu_v113/samples/4jsz_Kdist9.5_Kmono20.0/psweep113_r4_20260328_171213/4jsz_ligand_report.csv,./penalty_sweep_qpu_v113/samples/4jsz_Kdist9.5_Kmono20.0/psweep113_r4_20260328_171213/4jsz_ligand_samples.json,./penalty_sweep_qpu_v113/samples/4jsz_Kdist9.5_Kmono20.0/psweep113_r4_20260328_171213/result.json
4jsz,4jsz_Kdist10.0_Kmono1.0,psweep113_r4_20260328_171213,10.0,1.0,ok,2.0498792961240406,1000,1000,1000,0,0.0,1.0,0.0,0.212776,0.17816,Advantage2_system1.13,2681,29,./penalty_sweep_qpu_v113/samples/4jsz_Kdist10.0_Kmono1.0/psweep113_r4_20260328_171213/4jsz_ligand_report.csv,./penalty_sweep_qpu_v113/samples/4jsz_Kdist10.0_Kmono1.0/psweep113_r4_20260328_171213/4jsz_ligand_samples.json,./penalty_sweep_qpu_v113/samples/4jsz_Kdist10.0_Kmono1.0/psweep113_r4_20260328_171213/result.json
4jsz,4jsz_Kdist10.0_Kmono2.0,psweep113_r4_20260328_171213,10.0,2.0,ok,2.5634418320490764,1000,1000,1000,0,0.0,1.0,0.0,0.2150872,0.18048,Advantage2_system1.13,2473,26,./penalty_sweep_qpu_v113/samples/4jsz_Kdist10.0_Kmono2.0/psweep113_r4_20260328_171213/4jsz_ligand_report.csv,./penalty_sweep_qpu_v113/samples/4jsz_Kdist10.0_Kmono2.0/psweep113_r4_20260328_171213/4jsz_ligand_samples.json,./penalty_sweep_qpu_v113/samples/4jsz_Kdist10.0_Kmono2.0/psweep113_r4_20260328_171213/result.json
4jsz,4jsz_Kdist10.0_Kmono3.0,psweep113_r4_20260328_171213,10.0,3.0,ok,1.517424755134253,1000,1000,1000,107,0.107,1.0,0.107,0.2179876,0.18338,Advantage2_system1.13,2475,26,./penalty_sweep_qpu_v113/samples/4jsz_Kdist10.0_Kmono3.0/psweep113_r4_20260328_171213/4jsz_ligand_report.csv,./penalty_sweep_qpu_v113/samples/4jsz_Kdist10.0_Kmono3.0/psweep113_r4_20260328_171213/4jsz_ligand_samples.json,./penalty_sweep_qpu_v113/samples/4jsz_Kdist10.0_Kmono3.0/psweep113_r4_20260328_171213/result.json
4jsz,4jsz_Kdist10.0_Kmono4.0,psweep113_r4_20260328_171213,10.0,4.0,ok,2.4174026300181617,1000,1000,1000,0,0.0,1.0,0.0,0.21670520000000001,0.1821,Advantage2_system1.13,2585,29,./penalty_sweep_qpu_v113/samples/4jsz_Kdist10.0_Kmono4.0/psweep113_r4_20260328_171213/4jsz_ligand_report.csv,./penalty_sweep_qpu_v113/samples/4jsz_Kdist10.0_Kmono4.0/psweep113_r4_20260328_171213/4jsz_ligand_samples.json,./penalty_sweep_qpu_v113/samples/4jsz_Kdist10.0_Kmono4.0/psweep113_r4_20260328_171213/result.json
4jsz,4jsz_Kdist10.0_Kmono5.0,psweep113_r4_20260328_171213,10.0,5.0,ok,2.5925303532980375,1000,1000,1000,0,0.0,1.0,0.0,0.2060796,0.17148,Advantage2_system1.13,2380,26,./penalty_sweep_qpu_v113/samples/4jsz_Kdist10.0_Kmono5.0/psweep113_r4_20260328_171213/4jsz_ligand_report.csv,./penalty_sweep_qpu_v113/samples/4jsz_Kdist10.0_Kmono5.0/psweep113_r4_20260328_171213/4jsz_ligand_samples.json,./penalty_sweep_qpu_v113/samples/4jsz_Kdist10.0_Kmono5.0/psweep113_r4_20260328_171213/result.json
4jsz,4jsz_Kdist10.0_Kmono6.0,psweep113_r4_20260328_171213,10.0,6.0,ok,1.9722596786305584,1000,1000,1000,1,0.001,1.0,0.001,0.219128,0.18452,Advantage2_system1.13,2450,25,./penalty_sweep_qpu_v113/samples/4jsz_Kdist10.0_Kmono6.0/psweep113_r4_20260328_171213/4jsz_ligand_report.csv,./penalty_sweep_qpu_v113/samples/4jsz_Kdist10.0_Kmono6.0/psweep113_r4_20260328_171213/4jsz_ligand_samples.json,./penalty_sweep_qpu_v113/samples/4jsz_Kdist10.0_Kmono6.0/psweep113_r4_20260328_171213/result.json
4jsz,4jsz_Kdist10.0_Kmono7.0,psweep113_r4_20260328_171213,10.0,7.0,ok,0.8543618972350376,1000,1000,1000,122,0.122,1.0,0.122,0.21122960000000002,0.17662,Advantage2_system1.13,2495,26,./penalty_sweep_qpu_v113/samples/4jsz_Kdist10.0_Kmono7.0/psweep113_r4_20260328_171213/4jsz_ligand_report.csv,./penalty_sweep_qpu_v113/samples/4jsz_Kdist10.0_Kmono7.0/psweep113_r4_20260328_171213/4jsz_ligand_samples.json,./penalty_sweep_qpu_v113/samples/4jsz_Kdist10.0_Kmono7.0/psweep113_r4_20260328_171213/result.json
4jsz,4jsz_Kdist10.0_Kmono8.0,psweep113_r4_20260328_171213,10.0,8.0,ok,1.5222348711410905,1000,1000,1000,34,0.034,1.0,0.034,0.216586,0.18198,Advantage2_system1.13,2445,26,./penalty_sweep_qpu_v113/samples/4jsz_Kdist10.0_Kmono8.0/psweep113_r4_20260328_171213/4jsz_ligand_report.csv,./penalty_sweep_qpu_v113/samples/4jsz_Kdist10.0_Kmono8.0/psweep113_r4_20260328_171213/4jsz_ligand_samples.json,./penalty_sweep_qpu_v113/samples/4jsz_Kdist10.0_Kmono8.0/psweep113_r4_20260328_171213/result.json
4jsz,4jsz_Kdist10.0_Kmono9.0,psweep113_r4_20260328_171213,10.0,9.0,ok,2.387253388065363,1000,1000,1000,0,0.0,1.0,0.0,0.2104036,0.1758,Advantage2_system1.13,2450,26,./penalty_sweep_qpu_v113/samples/4jsz_Kdist10.0_Kmono9.0/psweep113_r4_20260328_171213/4jsz_ligand_report.csv,./penalty_sweep_qpu_v113/samples/4jsz_Kdist10.0_Kmono9.0/psweep113_r4_20260328_171213/4jsz_ligand_samples.json,./penalty_sweep_qpu_v113/samples/4jsz_Kdist10.0_Kmono9.0/psweep113_r4_20260328_171213/result.json
4jsz,4jsz_Kdist10.0_Kmono10.0,psweep113_r4_20260328_171213,10.0,10.0,ok,1.4052738205362714,1000,1000,1000,743,0.743,1.0,0.743,0.2199116,0.1853,Advantage2_system1.13,3118,36,./penalty_sweep_qpu_v113/samples/4jsz_Kdist10.0_Kmono10.0/psweep113_r4_20260328_171213/4jsz_ligand_report.csv,./penalty_sweep_qpu_v113/samples/4jsz_Kdist10.0_Kmono10.0/psweep113_r4_20260328_171213/4jsz_ligand_samples.json,./penalty_sweep_qpu_v113/samples/4jsz_Kdist10.0_Kmono10.0/psweep113_r4_20260328_171213/result.json
4jsz,4jsz_Kdist10.0_Kmono11.0,psweep113_r4_20260328_171213,10.0,11.0,ok,2.390277906475861,1000,1000,1000,0,0.0,1.0,0.0,0.2146024,0.17998,Advantage2_system1.13,2727,28,./penalty_sweep_qpu_v113/samples/4jsz_Kdist10.0_Kmono11.0/psweep113_r4_20260328_171213/4jsz_ligand_report.csv,./penalty_sweep_qpu_v113/samples/4jsz_Kdist10.0_Kmono11.0/psweep113_r4_20260328_171213/4jsz_ligand_samples.json,./penalty_sweep_qpu_v113/samples/4jsz_Kdist10.0_Kmono11.0/psweep113_r4_20260328_171213/result.json
4jsz,4jsz_Kdist10.0_Kmono12.0,psweep113_r4_20260328_171213,10.0,12.0,ok,1.6727221304590152,1000,1000,1000,37,0.037,1.0,0.037,0.2103448,0.17574,Advantage2_system1.13,2398,24,./penalty_sweep_qpu_v113/samples/4jsz_Kdist10.0_Kmono12.0/psweep113_r4_20260328_171213/4jsz_ligand_report.csv,./penalty_sweep_qpu_v113/samples/4jsz_Kdist10.0_Kmono12.0/psweep113_r4_20260328_171213/4jsz_ligand_samples.json,./penalty_sweep_qpu_v113/samples/4jsz_Kdist10.0_Kmono12.0/psweep113_r4_20260328_171213/result.json
4jsz,4jsz_Kdist10.0_Kmono13.0,psweep113_r4_20260328_171213,10.0,13.0,ok,2.722411131190477,1000,1000,1000,0,0.0,1.0,0.0,0.2149132,0.1803,Advantage2_system1.13,2715,29,./penalty_sweep_qpu_v113/samples/4jsz_Kdist10.0_Kmono13.0/psweep113_r4_20260328_171213/4jsz_ligand_report.csv,./penalty_sweep_qpu_v113/samples/4jsz_Kdist10.0_Kmono13.0/psweep113_r4_20260328_171213/4jsz_ligand_samples.json,./penalty_sweep_qpu_v113/samples/4jsz_Kdist10.0_Kmono13.0/psweep113_r4_20260328_171213/result.json
4jsz,4jsz_Kdist10.0_Kmono14.0,psweep113_r4_20260328_171213,10.0,14.0,ok,1.2178697557254308,1000,1000,1000,121,0.121,1.0,0.121,0.2190324,0.18442,Advantage2_system1.13,2349,22,./penalty_sweep_qpu_v113/samples/4jsz_Kdist10.0_Kmono14.0/psweep113_r4_20260328_171213/4jsz_ligand_report.csv,./penalty_sweep_qpu_v113/samples/4jsz_Kdist10.0_Kmono14.0/psweep113_r4_20260328_171213/4jsz_ligand_samples.json,./penalty_sweep_qpu_v113/samples/4jsz_Kdist10.0_Kmono14.0/psweep113_r4_20260328_171213/result.json
4jsz,4jsz_Kdist10.0_Kmono15.0,psweep113_r4_20260328_171213,10.0,15.0,ok,2.735757372794821,1000,1000,1000,0,0.0,1.0,0.0,0.21435120000000002,0.17974,Advantage2_system1.13,2600,29,./penalty_sweep_qpu_v113/samples/4jsz_Kdist10.0_Kmono15.0/psweep113_r4_20260328_171213/4jsz_ligand_report.csv,./penalty_sweep_qpu_v113/samples/4jsz_Kdist10.0_Kmono15.0/psweep113_r4_20260328_171213/4jsz_ligand_samples.json,./penalty_sweep_qpu_v113/samples/4jsz_Kdist10.0_Kmono15.0/psweep113_r4_20260328_171213/result.json
4jsz,4jsz_Kdist10.0_Kmono16.0,psweep113_r4_20260328_171213,10.0,16.0,ok,2.9118722942988757,1000,1000,1000,0,0.0,1.0,0.0,0.2191236,0.18452,Advantage2_system1.13,2403,26,./penalty_sweep_qpu_v113/samples/4jsz_Kdist10.0_Kmono16.0/psweep113_r4_20260328_171213/4jsz_ligand_report.csv,./penalty_sweep_qpu_v113/samples/4jsz_Kdist10.0_Kmono16.0/psweep113_r4_20260328_171213/4jsz_ligand_samples.json,./penalty_sweep_qpu_v113/samples/4jsz_Kdist10.0_Kmono16.0/psweep113_r4_20260328_171213/result.json
4jsz,4jsz_Kdist10.0_Kmono17.0,psweep113_r4_20260328_171213,10.0,17.0,ok,2.542935205401714,1000,1000,1000,0,0.0,1.0,0.0,0.2176352,0.18302,Advantage2_system1.13,2891,34,./penalty_sweep_qpu_v113/samples/4jsz_Kdist10.0_Kmono17.0/psweep113_r4_20260328_171213/4jsz_ligand_report.csv,./penalty_sweep_qpu_v113/samples/4jsz_Kdist10.0_Kmono17.0/psweep113_r4_20260328_171213/4jsz_ligand_samples.json,./penalty_sweep_qpu_v113/samples/4jsz_Kdist10.0_Kmono17.0/psweep113_r4_20260328_171213/result.json
4jsz,4jsz_Kdist10.0_Kmono18.0,psweep113_r4_20260328_171213,10.0,18.0,ok,4.078552439261424,1000,1000,1000,0,0.0,1.0,0.0,0.2150224,0.18042,Advantage2_system1.13,2339,26,./penalty_sweep_qpu_v113/samples/4jsz_Kdist10.0_Kmono18.0/psweep113_r4_20260328_171213/4jsz_ligand_report.csv,./penalty_sweep_qpu_v113/samples/4jsz_Kdist10.0_Kmono18.0/psweep113_r4_20260328_171213/4jsz_ligand_samples.json,./penalty_sweep_qpu_v113/samples/4jsz_Kdist10.0_Kmono18.0/psweep113_r4_20260328_171213/result.json
4jsz,4jsz_Kdist10.0_Kmono19.0,psweep113_r4_20260328_171213,10.0,19.0,ok,3.439090824139466,1000,1000,1000,0,0.0,1.0,0.0,0.2109076,0.1763,Advantage2_system1.13,2403,25,./penalty_sweep_qpu_v113/samples/4jsz_Kdist10.0_Kmono19.0/psweep113_r4_20260328_171213/4jsz_ligand_report.csv,./penalty_sweep_qpu_v113/samples/4jsz_Kdist10.0_Kmono19.0/psweep113_r4_20260328_171213/4jsz_ligand_samples.json,./penalty_sweep_qpu_v113/samples/4jsz_Kdist10.0_Kmono19.0/psweep113_r4_20260328_171213/result.json
4jsz,4jsz_Kdist10.0_Kmono20.0,psweep113_r4_20260328_171213,10.0,20.0,ok,1.7535616199446822,1000,1000,1000,1,0.001,1.0,0.001,0.21077479999999998,0.17616,Advantage2_system1.13,2480,26,./penalty_sweep_qpu_v113/samples/4jsz_Kdist10.0_Kmono20.0/psweep113_r4_20260328_171213/4jsz_ligand_report.csv,./penalty_sweep_qpu_v113/samples/4jsz_Kdist10.0_Kmono20.0/psweep113_r4_20260328_171213/4jsz_ligand_samples.json,./penalty_sweep_qpu_v113/samples/4jsz_Kdist10.0_Kmono20.0/psweep113_r4_20260328_171213/result.json
