ligand,case_name,run_tag,Kdist,Kmono,status,mRMSD,n_poses,n_reads,n_valid,n_success_valid,quality,validity_rate,success_rate,qpu_access_sec,qpu_sampling_sec,solver,physical_qubits,max_chain_length,report_csv,samples_json,result_json
3nq9,3nq9_Kdist0.5_Kmono1.0,psweep113_r3_20260327_042607,0.5,1.0,ok,2.6325409268211692,1000,1000,1000,0,0.0,1.0,0.0,0.21076920000000002,0.17616,Advantage2_system1.13,1907,23,./penalty_sweep_qpu_v113/samples/3nq9_Kdist0.5_Kmono1.0/psweep113_r3_20260327_042607/3nq9_ligand_report.csv,./penalty_sweep_qpu_v113/samples/3nq9_Kdist0.5_Kmono1.0/psweep113_r3_20260327_042607/3nq9_ligand_samples.json,./penalty_sweep_qpu_v113/samples/3nq9_Kdist0.5_Kmono1.0/psweep113_r3_20260327_042607/result.json
3nq9,3nq9_Kdist0.5_Kmono2.0,psweep113_r3_20260327_042607,0.5,2.0,ok,2.017210145849384,1000,1000,1000,0,0.0,1.0,0.0,0.2186204,0.18402,Advantage2_system1.13,1901,22,./penalty_sweep_qpu_v113/samples/3nq9_Kdist0.5_Kmono2.0/psweep113_r3_20260327_042607/3nq9_ligand_report.csv,./penalty_sweep_qpu_v113/samples/3nq9_Kdist0.5_Kmono2.0/psweep113_r3_20260327_042607/3nq9_ligand_samples.json,./penalty_sweep_qpu_v113/samples/3nq9_Kdist0.5_Kmono2.0/psweep113_r3_20260327_042607/result.json
3nq9,3nq9_Kdist0.5_Kmono3.0,psweep113_r3_20260327_042607,0.5,3.0,ok,3.009806042829281,1000,1000,1000,0,0.0,1.0,0.0,0.2014808,0.16688,Advantage2_system1.13,2031,24,./penalty_sweep_qpu_v113/samples/3nq9_Kdist0.5_Kmono3.0/psweep113_r3_20260327_042607/3nq9_ligand_report.csv,./penalty_sweep_qpu_v113/samples/3nq9_Kdist0.5_Kmono3.0/psweep113_r3_20260327_042607/3nq9_ligand_samples.json,./penalty_sweep_qpu_v113/samples/3nq9_Kdist0.5_Kmono3.0/psweep113_r3_20260327_042607/result.json
3nq9,3nq9_Kdist0.5_Kmono4.0,psweep113_r3_20260327_042607,0.5,4.0,ok,0.5051812577590834,1000,1000,1000,476,0.476,1.0,0.476,0.206354,0.17174,Advantage2_system1.13,2200,26,./penalty_sweep_qpu_v113/samples/3nq9_Kdist0.5_Kmono4.0/psweep113_r3_20260327_042607/3nq9_ligand_report.csv,./penalty_sweep_qpu_v113/samples/3nq9_Kdist0.5_Kmono4.0/psweep113_r3_20260327_042607/3nq9_ligand_samples.json,./penalty_sweep_qpu_v113/samples/3nq9_Kdist0.5_Kmono4.0/psweep113_r3_20260327_042607/result.json
3nq9,3nq9_Kdist0.5_Kmono5.0,psweep113_r3_20260327_042607,0.5,5.0,ok,1.7349050825043983,1000,1000,1000,2,0.002,1.0,0.002,0.2012156,0.16662,Advantage2_system1.13,2047,23,./penalty_sweep_qpu_v113/samples/3nq9_Kdist0.5_Kmono5.0/psweep113_r3_20260327_042607/3nq9_ligand_report.csv,./penalty_sweep_qpu_v113/samples/3nq9_Kdist0.5_Kmono5.0/psweep113_r3_20260327_042607/3nq9_ligand_samples.json,./penalty_sweep_qpu_v113/samples/3nq9_Kdist0.5_Kmono5.0/psweep113_r3_20260327_042607/result.json
3nq9,3nq9_Kdist0.5_Kmono6.0,psweep113_r3_20260327_042607,0.5,6.0,ok,1.3559151910151226,1000,1000,1000,14,0.014,1.0,0.014,0.2075976,0.17298,Advantage2_system1.13,2129,25,./penalty_sweep_qpu_v113/samples/3nq9_Kdist0.5_Kmono6.0/psweep113_r3_20260327_042607/3nq9_ligand_report.csv,./penalty_sweep_qpu_v113/samples/3nq9_Kdist0.5_Kmono6.0/psweep113_r3_20260327_042607/3nq9_ligand_samples.json,./penalty_sweep_qpu_v113/samples/3nq9_Kdist0.5_Kmono6.0/psweep113_r3_20260327_042607/result.json
3nq9,3nq9_Kdist0.5_Kmono7.0,psweep113_r3_20260327_042607,0.5,7.0,ok,1.7566150722685772,1000,1000,1000,1,0.001,1.0,0.001,0.210582,0.17598,Advantage2_system1.13,2087,25,./penalty_sweep_qpu_v113/samples/3nq9_Kdist0.5_Kmono7.0/psweep113_r3_20260327_042607/3nq9_ligand_report.csv,./penalty_sweep_qpu_v113/samples/3nq9_Kdist0.5_Kmono7.0/psweep113_r3_20260327_042607/3nq9_ligand_samples.json,./penalty_sweep_qpu_v113/samples/3nq9_Kdist0.5_Kmono7.0/psweep113_r3_20260327_042607/result.json
3nq9,3nq9_Kdist0.5_Kmono8.0,psweep113_r3_20260327_042607,0.5,8.0,ok,2.5085903138000036,1000,1000,1000,0,0.0,1.0,0.0,0.19969479999999998,0.1651,Advantage2_system1.13,2003,22,./penalty_sweep_qpu_v113/samples/3nq9_Kdist0.5_Kmono8.0/psweep113_r3_20260327_042607/3nq9_ligand_report.csv,./penalty_sweep_qpu_v113/samples/3nq9_Kdist0.5_Kmono8.0/psweep113_r3_20260327_042607/3nq9_ligand_samples.json,./penalty_sweep_qpu_v113/samples/3nq9_Kdist0.5_Kmono8.0/psweep113_r3_20260327_042607/result.json
3nq9,3nq9_Kdist0.5_Kmono9.0,psweep113_r3_20260327_042607,0.5,9.0,ok,1.8297784162072375,1000,1000,1000,2,0.002,1.0,0.002,0.2040448,0.16944,Advantage2_system1.13,2011,25,./penalty_sweep_qpu_v113/samples/3nq9_Kdist0.5_Kmono9.0/psweep113_r3_20260327_042607/3nq9_ligand_report.csv,./penalty_sweep_qpu_v113/samples/3nq9_Kdist0.5_Kmono9.0/psweep113_r3_20260327_042607/3nq9_ligand_samples.json,./penalty_sweep_qpu_v113/samples/3nq9_Kdist0.5_Kmono9.0/psweep113_r3_20260327_042607/result.json
3nq9,3nq9_Kdist0.5_Kmono10.0,psweep113_r3_20260327_042607,0.5,10.0,ok,1.1977361611862485,1000,1000,1000,45,0.045,1.0,0.045,0.2062084,0.1716,Advantage2_system1.13,2107,25,./penalty_sweep_qpu_v113/samples/3nq9_Kdist0.5_Kmono10.0/psweep113_r3_20260327_042607/3nq9_ligand_report.csv,./penalty_sweep_qpu_v113/samples/3nq9_Kdist0.5_Kmono10.0/psweep113_r3_20260327_042607/3nq9_ligand_samples.json,./penalty_sweep_qpu_v113/samples/3nq9_Kdist0.5_Kmono10.0/psweep113_r3_20260327_042607/result.json
3nq9,3nq9_Kdist0.5_Kmono11.0,psweep113_r3_20260327_042607,0.5,11.0,ok,0.41439636129661317,1000,1000,1000,308,0.308,1.0,0.308,0.204124,0.16952,Advantage2_system1.13,2050,24,./penalty_sweep_qpu_v113/samples/3nq9_Kdist0.5_Kmono11.0/psweep113_r3_20260327_042607/3nq9_ligand_report.csv,./penalty_sweep_qpu_v113/samples/3nq9_Kdist0.5_Kmono11.0/psweep113_r3_20260327_042607/3nq9_ligand_samples.json,./penalty_sweep_qpu_v113/samples/3nq9_Kdist0.5_Kmono11.0/psweep113_r3_20260327_042607/result.json
3nq9,3nq9_Kdist0.5_Kmono12.0,psweep113_r3_20260327_042607,0.5,12.0,ok,2.959895397967091,1000,1000,1000,0,0.0,1.0,0.0,0.211264,0.17666,Advantage2_system1.13,2307,29,./penalty_sweep_qpu_v113/samples/3nq9_Kdist0.5_Kmono12.0/psweep113_r3_20260327_042607/3nq9_ligand_report.csv,./penalty_sweep_qpu_v113/samples/3nq9_Kdist0.5_Kmono12.0/psweep113_r3_20260327_042607/3nq9_ligand_samples.json,./penalty_sweep_qpu_v113/samples/3nq9_Kdist0.5_Kmono12.0/psweep113_r3_20260327_042607/result.json
3nq9,3nq9_Kdist0.5_Kmono13.0,psweep113_r3_20260327_042607,0.5,13.0,ok,2.2115645454493085,1000,1000,1000,0,0.0,1.0,0.0,0.2154512,0.18084,Advantage2_system1.13,2075,24,./penalty_sweep_qpu_v113/samples/3nq9_Kdist0.5_Kmono13.0/psweep113_r3_20260327_042607/3nq9_ligand_report.csv,./penalty_sweep_qpu_v113/samples/3nq9_Kdist0.5_Kmono13.0/psweep113_r3_20260327_042607/3nq9_ligand_samples.json,./penalty_sweep_qpu_v113/samples/3nq9_Kdist0.5_Kmono13.0/psweep113_r3_20260327_042607/result.json
3nq9,3nq9_Kdist0.5_Kmono14.0,psweep113_r3_20260327_042607,0.5,14.0,ok,1.0836426763747962,1000,1000,1000,25,0.025,1.0,0.025,0.20670639999999998,0.1721,Advantage2_system1.13,2027,23,./penalty_sweep_qpu_v113/samples/3nq9_Kdist0.5_Kmono14.0/psweep113_r3_20260327_042607/3nq9_ligand_report.csv,./penalty_sweep_qpu_v113/samples/3nq9_Kdist0.5_Kmono14.0/psweep113_r3_20260327_042607/3nq9_ligand_samples.json,./penalty_sweep_qpu_v113/samples/3nq9_Kdist0.5_Kmono14.0/psweep113_r3_20260327_042607/result.json
3nq9,3nq9_Kdist0.5_Kmono15.0,psweep113_r3_20260327_042607,0.5,15.0,ok,2.564255689226334,1000,1000,1000,0,0.0,1.0,0.0,0.215662,0.18106,Advantage2_system1.13,1957,22,./penalty_sweep_qpu_v113/samples/3nq9_Kdist0.5_Kmono15.0/psweep113_r3_20260327_042607/3nq9_ligand_report.csv,./penalty_sweep_qpu_v113/samples/3nq9_Kdist0.5_Kmono15.0/psweep113_r3_20260327_042607/3nq9_ligand_samples.json,./penalty_sweep_qpu_v113/samples/3nq9_Kdist0.5_Kmono15.0/psweep113_r3_20260327_042607/result.json
3nq9,3nq9_Kdist0.5_Kmono16.0,psweep113_r3_20260327_042607,0.5,16.0,ok,1.953490465757816,1000,1000,1000,1,0.001,1.0,0.001,0.2083484,0.17374,Advantage2_system1.13,2077,24,./penalty_sweep_qpu_v113/samples/3nq9_Kdist0.5_Kmono16.0/psweep113_r3_20260327_042607/3nq9_ligand_report.csv,./penalty_sweep_qpu_v113/samples/3nq9_Kdist0.5_Kmono16.0/psweep113_r3_20260327_042607/3nq9_ligand_samples.json,./penalty_sweep_qpu_v113/samples/3nq9_Kdist0.5_Kmono16.0/psweep113_r3_20260327_042607/result.json
3nq9,3nq9_Kdist0.5_Kmono17.0,psweep113_r3_20260327_042607,0.5,17.0,ok,1.6714166075038113,1000,1000,1000,1,0.001,1.0,0.001,0.21176,0.17716,Advantage2_system1.13,2064,25,./penalty_sweep_qpu_v113/samples/3nq9_Kdist0.5_Kmono17.0/psweep113_r3_20260327_042607/3nq9_ligand_report.csv,./penalty_sweep_qpu_v113/samples/3nq9_Kdist0.5_Kmono17.0/psweep113_r3_20260327_042607/3nq9_ligand_samples.json,./penalty_sweep_qpu_v113/samples/3nq9_Kdist0.5_Kmono17.0/psweep113_r3_20260327_042607/result.json
3nq9,3nq9_Kdist0.5_Kmono18.0,psweep113_r3_20260327_042607,0.5,18.0,ok,2.6867177474622723,1000,1000,1000,0,0.0,1.0,0.0,0.2073044,0.1727,Advantage2_system1.13,2029,23,./penalty_sweep_qpu_v113/samples/3nq9_Kdist0.5_Kmono18.0/psweep113_r3_20260327_042607/3nq9_ligand_report.csv,./penalty_sweep_qpu_v113/samples/3nq9_Kdist0.5_Kmono18.0/psweep113_r3_20260327_042607/3nq9_ligand_samples.json,./penalty_sweep_qpu_v113/samples/3nq9_Kdist0.5_Kmono18.0/psweep113_r3_20260327_042607/result.json
3nq9,3nq9_Kdist0.5_Kmono19.0,psweep113_r3_20260327_042607,0.5,19.0,ok,1.949422646374001,1000,1000,1000,2,0.002,1.0,0.002,0.2050544,0.17044,Advantage2_system1.13,2111,26,./penalty_sweep_qpu_v113/samples/3nq9_Kdist0.5_Kmono19.0/psweep113_r3_20260327_042607/3nq9_ligand_report.csv,./penalty_sweep_qpu_v113/samples/3nq9_Kdist0.5_Kmono19.0/psweep113_r3_20260327_042607/3nq9_ligand_samples.json,./penalty_sweep_qpu_v113/samples/3nq9_Kdist0.5_Kmono19.0/psweep113_r3_20260327_042607/result.json
3nq9,3nq9_Kdist0.5_Kmono20.0,psweep113_r3_20260327_042607,0.5,20.0,ok,0.976904173975186,1000,1000,1000,15,0.015,1.0,0.015,0.2154436,0.18084,Advantage2_system1.13,2190,27,./penalty_sweep_qpu_v113/samples/3nq9_Kdist0.5_Kmono20.0/psweep113_r3_20260327_042607/3nq9_ligand_report.csv,./penalty_sweep_qpu_v113/samples/3nq9_Kdist0.5_Kmono20.0/psweep113_r3_20260327_042607/3nq9_ligand_samples.json,./penalty_sweep_qpu_v113/samples/3nq9_Kdist0.5_Kmono20.0/psweep113_r3_20260327_042607/result.json
3nq9,3nq9_Kdist1.0_Kmono1.0,psweep113_r3_20260327_042607,1.0,1.0,ok,2.284179929812967,1000,1000,1000,0,0.0,1.0,0.0,0.21021120000000001,0.1756,Advantage2_system1.13,2140,25,./penalty_sweep_qpu_v113/samples/3nq9_Kdist1.0_Kmono1.0/psweep113_r3_20260327_042607/3nq9_ligand_report.csv,./penalty_sweep_qpu_v113/samples/3nq9_Kdist1.0_Kmono1.0/psweep113_r3_20260327_042607/3nq9_ligand_samples.json,./penalty_sweep_qpu_v113/samples/3nq9_Kdist1.0_Kmono1.0/psweep113_r3_20260327_042607/result.json
3nq9,3nq9_Kdist1.0_Kmono2.0,psweep113_r3_20260327_042607,1.0,2.0,ok,1.8429302908482912,1000,1000,1000,1,0.001,1.0,0.001,0.2104852,0.17588,Advantage2_system1.13,2227,27,./penalty_sweep_qpu_v113/samples/3nq9_Kdist1.0_Kmono2.0/psweep113_r3_20260327_042607/3nq9_ligand_report.csv,./penalty_sweep_qpu_v113/samples/3nq9_Kdist1.0_Kmono2.0/psweep113_r3_20260327_042607/3nq9_ligand_samples.json,./penalty_sweep_qpu_v113/samples/3nq9_Kdist1.0_Kmono2.0/psweep113_r3_20260327_042607/result.json
3nq9,3nq9_Kdist1.0_Kmono3.0,psweep113_r3_20260327_042607,1.0,3.0,ok,1.5721116752691484,1000,1000,1000,3,0.003,1.0,0.003,0.210532,0.17592,Advantage2_system1.13,2407,29,./penalty_sweep_qpu_v113/samples/3nq9_Kdist1.0_Kmono3.0/psweep113_r3_20260327_042607/3nq9_ligand_report.csv,./penalty_sweep_qpu_v113/samples/3nq9_Kdist1.0_Kmono3.0/psweep113_r3_20260327_042607/3nq9_ligand_samples.json,./penalty_sweep_qpu_v113/samples/3nq9_Kdist1.0_Kmono3.0/psweep113_r3_20260327_042607/result.json
3nq9,3nq9_Kdist1.0_Kmono4.0,psweep113_r3_20260327_042607,1.0,4.0,ok,4.553046560833679,1000,1000,1000,0,0.0,1.0,0.0,0.2005752,0.16598,Advantage2_system1.13,2013,24,./penalty_sweep_qpu_v113/samples/3nq9_Kdist1.0_Kmono4.0/psweep113_r3_20260327_042607/3nq9_ligand_report.csv,./penalty_sweep_qpu_v113/samples/3nq9_Kdist1.0_Kmono4.0/psweep113_r3_20260327_042607/3nq9_ligand_samples.json,./penalty_sweep_qpu_v113/samples/3nq9_Kdist1.0_Kmono4.0/psweep113_r3_20260327_042607/result.json
3nq9,3nq9_Kdist1.0_Kmono5.0,psweep113_r3_20260327_042607,1.0,5.0,ok,2.795004702768314,1000,1000,1000,0,0.0,1.0,0.0,0.2123872,0.17778,Advantage2_system1.13,2166,26,./penalty_sweep_qpu_v113/samples/3nq9_Kdist1.0_Kmono5.0/psweep113_r3_20260327_042607/3nq9_ligand_report.csv,./penalty_sweep_qpu_v113/samples/3nq9_Kdist1.0_Kmono5.0/psweep113_r3_20260327_042607/3nq9_ligand_samples.json,./penalty_sweep_qpu_v113/samples/3nq9_Kdist1.0_Kmono5.0/psweep113_r3_20260327_042607/result.json
3nq9,3nq9_Kdist1.0_Kmono6.0,psweep113_r3_20260327_042607,1.0,6.0,ok,2.1447913815948785,1000,1000,1000,0,0.0,1.0,0.0,0.2151652,0.18056,Advantage2_system1.13,2423,26,./penalty_sweep_qpu_v113/samples/3nq9_Kdist1.0_Kmono6.0/psweep113_r3_20260327_042607/3nq9_ligand_report.csv,./penalty_sweep_qpu_v113/samples/3nq9_Kdist1.0_Kmono6.0/psweep113_r3_20260327_042607/3nq9_ligand_samples.json,./penalty_sweep_qpu_v113/samples/3nq9_Kdist1.0_Kmono6.0/psweep113_r3_20260327_042607/result.json
3nq9,3nq9_Kdist1.0_Kmono7.0,psweep113_r3_20260327_042607,1.0,7.0,ok,2.2002640576159402,1000,1000,1000,0,0.0,1.0,0.0,0.21145,0.17684,Advantage2_system1.13,1917,22,./penalty_sweep_qpu_v113/samples/3nq9_Kdist1.0_Kmono7.0/psweep113_r3_20260327_042607/3nq9_ligand_report.csv,./penalty_sweep_qpu_v113/samples/3nq9_Kdist1.0_Kmono7.0/psweep113_r3_20260327_042607/3nq9_ligand_samples.json,./penalty_sweep_qpu_v113/samples/3nq9_Kdist1.0_Kmono7.0/psweep113_r3_20260327_042607/result.json
3nq9,3nq9_Kdist1.0_Kmono8.0,psweep113_r3_20260327_042607,1.0,8.0,ok,1.4946543878584817,1000,1000,1000,3,0.003,1.0,0.003,0.2073764,0.17278,Advantage2_system1.13,2341,30,./penalty_sweep_qpu_v113/samples/3nq9_Kdist1.0_Kmono8.0/psweep113_r3_20260327_042607/3nq9_ligand_report.csv,./penalty_sweep_qpu_v113/samples/3nq9_Kdist1.0_Kmono8.0/psweep113_r3_20260327_042607/3nq9_ligand_samples.json,./penalty_sweep_qpu_v113/samples/3nq9_Kdist1.0_Kmono8.0/psweep113_r3_20260327_042607/result.json
3nq9,3nq9_Kdist1.0_Kmono9.0,psweep113_r3_20260327_042607,1.0,9.0,ok,1.3325331203250075,1000,1000,1000,9,0.009,1.0,0.009,0.21126679999999998,0.17666,Advantage2_system1.13,2009,23,./penalty_sweep_qpu_v113/samples/3nq9_Kdist1.0_Kmono9.0/psweep113_r3_20260327_042607/3nq9_ligand_report.csv,./penalty_sweep_qpu_v113/samples/3nq9_Kdist1.0_Kmono9.0/psweep113_r3_20260327_042607/3nq9_ligand_samples.json,./penalty_sweep_qpu_v113/samples/3nq9_Kdist1.0_Kmono9.0/psweep113_r3_20260327_042607/result.json
3nq9,3nq9_Kdist1.0_Kmono10.0,psweep113_r3_20260327_042607,1.0,10.0,ok,2.169412809514692,1000,1000,1000,0,0.0,1.0,0.0,0.21029920000000002,0.1757,Advantage2_system1.13,2192,27,./penalty_sweep_qpu_v113/samples/3nq9_Kdist1.0_Kmono10.0/psweep113_r3_20260327_042607/3nq9_ligand_report.csv,./penalty_sweep_qpu_v113/samples/3nq9_Kdist1.0_Kmono10.0/psweep113_r3_20260327_042607/3nq9_ligand_samples.json,./penalty_sweep_qpu_v113/samples/3nq9_Kdist1.0_Kmono10.0/psweep113_r3_20260327_042607/result.json
3nq9,3nq9_Kdist1.0_Kmono11.0,psweep113_r3_20260327_042607,1.0,11.0,ok,1.6181541863119053,1000,1000,1000,1,0.001,1.0,0.001,0.2051676,0.17056,Advantage2_system1.13,2026,24,./penalty_sweep_qpu_v113/samples/3nq9_Kdist1.0_Kmono11.0/psweep113_r3_20260327_042607/3nq9_ligand_report.csv,./penalty_sweep_qpu_v113/samples/3nq9_Kdist1.0_Kmono11.0/psweep113_r3_20260327_042607/3nq9_ligand_samples.json,./penalty_sweep_qpu_v113/samples/3nq9_Kdist1.0_Kmono11.0/psweep113_r3_20260327_042607/result.json
3nq9,3nq9_Kdist1.0_Kmono12.0,psweep113_r3_20260327_042607,1.0,12.0,ok,2.11030778863586,1000,1000,1000,0,0.0,1.0,0.0,0.21494960000000002,0.18034,Advantage2_system1.13,2195,26,./penalty_sweep_qpu_v113/samples/3nq9_Kdist1.0_Kmono12.0/psweep113_r3_20260327_042607/3nq9_ligand_report.csv,./penalty_sweep_qpu_v113/samples/3nq9_Kdist1.0_Kmono12.0/psweep113_r3_20260327_042607/3nq9_ligand_samples.json,./penalty_sweep_qpu_v113/samples/3nq9_Kdist1.0_Kmono12.0/psweep113_r3_20260327_042607/result.json
3nq9,3nq9_Kdist1.0_Kmono13.0,psweep113_r3_20260327_042607,1.0,13.0,ok,1.0708881687958995,1000,1000,1000,2,0.002,1.0,0.002,0.2118868,0.17728,Advantage2_system1.13,2215,25,./penalty_sweep_qpu_v113/samples/3nq9_Kdist1.0_Kmono13.0/psweep113_r3_20260327_042607/3nq9_ligand_report.csv,./penalty_sweep_qpu_v113/samples/3nq9_Kdist1.0_Kmono13.0/psweep113_r3_20260327_042607/3nq9_ligand_samples.json,./penalty_sweep_qpu_v113/samples/3nq9_Kdist1.0_Kmono13.0/psweep113_r3_20260327_042607/result.json
3nq9,3nq9_Kdist1.0_Kmono14.0,psweep113_r3_20260327_042607,1.0,14.0,ok,1.227605878344403,1000,1000,1000,28,0.028,1.0,0.028,0.21572560000000002,0.18112,Advantage2_system1.13,2088,25,./penalty_sweep_qpu_v113/samples/3nq9_Kdist1.0_Kmono14.0/psweep113_r3_20260327_042607/3nq9_ligand_report.csv,./penalty_sweep_qpu_v113/samples/3nq9_Kdist1.0_Kmono14.0/psweep113_r3_20260327_042607/3nq9_ligand_samples.json,./penalty_sweep_qpu_v113/samples/3nq9_Kdist1.0_Kmono14.0/psweep113_r3_20260327_042607/result.json
3nq9,3nq9_Kdist1.0_Kmono15.0,psweep113_r3_20260327_042607,1.0,15.0,ok,1.4714563414831652,1000,1000,1000,6,0.006,1.0,0.006,0.21408560000000001,0.17948,Advantage2_system1.13,2044,26,./penalty_sweep_qpu_v113/samples/3nq9_Kdist1.0_Kmono15.0/psweep113_r3_20260327_042607/3nq9_ligand_report.csv,./penalty_sweep_qpu_v113/samples/3nq9_Kdist1.0_Kmono15.0/psweep113_r3_20260327_042607/3nq9_ligand_samples.json,./penalty_sweep_qpu_v113/samples/3nq9_Kdist1.0_Kmono15.0/psweep113_r3_20260327_042607/result.json
3nq9,3nq9_Kdist1.0_Kmono16.0,psweep113_r3_20260327_042607,1.0,16.0,ok,1.257437543886655,1000,1000,1000,5,0.005,1.0,0.005,0.21608360000000001,0.18148,Advantage2_system1.13,2173,26,./penalty_sweep_qpu_v113/samples/3nq9_Kdist1.0_Kmono16.0/psweep113_r3_20260327_042607/3nq9_ligand_report.csv,./penalty_sweep_qpu_v113/samples/3nq9_Kdist1.0_Kmono16.0/psweep113_r3_20260327_042607/3nq9_ligand_samples.json,./penalty_sweep_qpu_v113/samples/3nq9_Kdist1.0_Kmono16.0/psweep113_r3_20260327_042607/result.json
3nq9,3nq9_Kdist1.0_Kmono17.0,psweep113_r3_20260327_042607,1.0,17.0,ok,2.3448773457361285,1000,1000,1000,0,0.0,1.0,0.0,0.210524,0.17592,Advantage2_system1.13,2031,25,./penalty_sweep_qpu_v113/samples/3nq9_Kdist1.0_Kmono17.0/psweep113_r3_20260327_042607/3nq9_ligand_report.csv,./penalty_sweep_qpu_v113/samples/3nq9_Kdist1.0_Kmono17.0/psweep113_r3_20260327_042607/3nq9_ligand_samples.json,./penalty_sweep_qpu_v113/samples/3nq9_Kdist1.0_Kmono17.0/psweep113_r3_20260327_042607/result.json
3nq9,3nq9_Kdist1.0_Kmono18.0,psweep113_r3_20260327_042607,1.0,18.0,ok,1.0558585307374557,1000,1000,1000,17,0.017,1.0,0.017,0.204452,0.16984,Advantage2_system1.13,1980,23,./penalty_sweep_qpu_v113/samples/3nq9_Kdist1.0_Kmono18.0/psweep113_r3_20260327_042607/3nq9_ligand_report.csv,./penalty_sweep_qpu_v113/samples/3nq9_Kdist1.0_Kmono18.0/psweep113_r3_20260327_042607/3nq9_ligand_samples.json,./penalty_sweep_qpu_v113/samples/3nq9_Kdist1.0_Kmono18.0/psweep113_r3_20260327_042607/result.json
3nq9,3nq9_Kdist1.0_Kmono19.0,psweep113_r3_20260327_042607,1.0,19.0,ok,2.4831725708768664,1000,1000,1000,0,0.0,1.0,0.0,0.208502,0.17388,Advantage2_system1.13,2388,28,./penalty_sweep_qpu_v113/samples/3nq9_Kdist1.0_Kmono19.0/psweep113_r3_20260327_042607/3nq9_ligand_report.csv,./penalty_sweep_qpu_v113/samples/3nq9_Kdist1.0_Kmono19.0/psweep113_r3_20260327_042607/3nq9_ligand_samples.json,./penalty_sweep_qpu_v113/samples/3nq9_Kdist1.0_Kmono19.0/psweep113_r3_20260327_042607/result.json
3nq9,3nq9_Kdist1.0_Kmono20.0,psweep113_r3_20260327_042607,1.0,20.0,ok,1.5420265880225403,1000,1000,1000,3,0.003,1.0,0.003,0.2130476,0.17844,Advantage2_system1.13,2091,23,./penalty_sweep_qpu_v113/samples/3nq9_Kdist1.0_Kmono20.0/psweep113_r3_20260327_042607/3nq9_ligand_report.csv,./penalty_sweep_qpu_v113/samples/3nq9_Kdist1.0_Kmono20.0/psweep113_r3_20260327_042607/3nq9_ligand_samples.json,./penalty_sweep_qpu_v113/samples/3nq9_Kdist1.0_Kmono20.0/psweep113_r3_20260327_042607/result.json
3nq9,3nq9_Kdist1.5_Kmono1.0,psweep113_r3_20260327_042607,1.5,1.0,ok,5.184718792324416,1000,1000,1000,0,0.0,1.0,0.0,0.2097352,0.17512,Advantage2_system1.13,2276,25,./penalty_sweep_qpu_v113/samples/3nq9_Kdist1.5_Kmono1.0/psweep113_r3_20260327_042607/3nq9_ligand_report.csv,./penalty_sweep_qpu_v113/samples/3nq9_Kdist1.5_Kmono1.0/psweep113_r3_20260327_042607/3nq9_ligand_samples.json,./penalty_sweep_qpu_v113/samples/3nq9_Kdist1.5_Kmono1.0/psweep113_r3_20260327_042607/result.json
3nq9,3nq9_Kdist1.5_Kmono2.0,psweep113_r3_20260327_042607,1.5,2.0,ok,2.6777098375965984,1000,1000,1000,0,0.0,1.0,0.0,0.210272,0.17566,Advantage2_system1.13,2326,28,./penalty_sweep_qpu_v113/samples/3nq9_Kdist1.5_Kmono2.0/psweep113_r3_20260327_042607/3nq9_ligand_report.csv,./penalty_sweep_qpu_v113/samples/3nq9_Kdist1.5_Kmono2.0/psweep113_r3_20260327_042607/3nq9_ligand_samples.json,./penalty_sweep_qpu_v113/samples/3nq9_Kdist1.5_Kmono2.0/psweep113_r3_20260327_042607/result.json
3nq9,3nq9_Kdist1.5_Kmono3.0,psweep113_r3_20260327_042607,1.5,3.0,ok,1.2456134339673084,1000,1000,1000,5,0.005,1.0,0.005,0.20784439999999998,0.17324,Advantage2_system1.13,2154,26,./penalty_sweep_qpu_v113/samples/3nq9_Kdist1.5_Kmono3.0/psweep113_r3_20260327_042607/3nq9_ligand_report.csv,./penalty_sweep_qpu_v113/samples/3nq9_Kdist1.5_Kmono3.0/psweep113_r3_20260327_042607/3nq9_ligand_samples.json,./penalty_sweep_qpu_v113/samples/3nq9_Kdist1.5_Kmono3.0/psweep113_r3_20260327_042607/result.json
3nq9,3nq9_Kdist1.5_Kmono4.0,psweep113_r3_20260327_042607,1.5,4.0,ok,1.9223358492495684,1000,1000,1000,1,0.001,1.0,0.001,0.205848,0.17124,Advantage2_system1.13,2653,31,./penalty_sweep_qpu_v113/samples/3nq9_Kdist1.5_Kmono4.0/psweep113_r3_20260327_042607/3nq9_ligand_report.csv,./penalty_sweep_qpu_v113/samples/3nq9_Kdist1.5_Kmono4.0/psweep113_r3_20260327_042607/3nq9_ligand_samples.json,./penalty_sweep_qpu_v113/samples/3nq9_Kdist1.5_Kmono4.0/psweep113_r3_20260327_042607/result.json
3nq9,3nq9_Kdist1.5_Kmono5.0,psweep113_r3_20260327_042607,1.5,5.0,ok,4.54693631862814,1000,1000,1000,0,0.0,1.0,0.0,0.2068448,0.17224,Advantage2_system1.13,2565,31,./penalty_sweep_qpu_v113/samples/3nq9_Kdist1.5_Kmono5.0/psweep113_r3_20260327_042607/3nq9_ligand_report.csv,./penalty_sweep_qpu_v113/samples/3nq9_Kdist1.5_Kmono5.0/psweep113_r3_20260327_042607/3nq9_ligand_samples.json,./penalty_sweep_qpu_v113/samples/3nq9_Kdist1.5_Kmono5.0/psweep113_r3_20260327_042607/result.json
3nq9,3nq9_Kdist1.5_Kmono6.0,psweep113_r3_20260327_042607,1.5,6.0,ok,1.994060085350263,1000,1000,1000,1,0.001,1.0,0.001,0.20535,0.17074,Advantage2_system1.13,2147,25,./penalty_sweep_qpu_v113/samples/3nq9_Kdist1.5_Kmono6.0/psweep113_r3_20260327_042607/3nq9_ligand_report.csv,./penalty_sweep_qpu_v113/samples/3nq9_Kdist1.5_Kmono6.0/psweep113_r3_20260327_042607/3nq9_ligand_samples.json,./penalty_sweep_qpu_v113/samples/3nq9_Kdist1.5_Kmono6.0/psweep113_r3_20260327_042607/result.json
3nq9,3nq9_Kdist1.5_Kmono7.0,psweep113_r3_20260327_042607,1.5,7.0,ok,3.1381878773632756,1000,1000,1000,0,0.0,1.0,0.0,0.209702,0.1751,Advantage2_system1.13,1958,22,./penalty_sweep_qpu_v113/samples/3nq9_Kdist1.5_Kmono7.0/psweep113_r3_20260327_042607/3nq9_ligand_report.csv,./penalty_sweep_qpu_v113/samples/3nq9_Kdist1.5_Kmono7.0/psweep113_r3_20260327_042607/3nq9_ligand_samples.json,./penalty_sweep_qpu_v113/samples/3nq9_Kdist1.5_Kmono7.0/psweep113_r3_20260327_042607/result.json
3nq9,3nq9_Kdist1.5_Kmono8.0,psweep113_r3_20260327_042607,1.5,8.0,ok,1.9997635337471353,1000,1000,1000,1,0.001,1.0,0.001,0.21038720000000002,0.17578,Advantage2_system1.13,2061,24,./penalty_sweep_qpu_v113/samples/3nq9_Kdist1.5_Kmono8.0/psweep113_r3_20260327_042607/3nq9_ligand_report.csv,./penalty_sweep_qpu_v113/samples/3nq9_Kdist1.5_Kmono8.0/psweep113_r3_20260327_042607/3nq9_ligand_samples.json,./penalty_sweep_qpu_v113/samples/3nq9_Kdist1.5_Kmono8.0/psweep113_r3_20260327_042607/result.json
3nq9,3nq9_Kdist1.5_Kmono9.0,psweep113_r3_20260327_042607,1.5,9.0,ok,1.3568563779202987,1000,1000,1000,112,0.112,1.0,0.112,0.21212879999999998,0.17752,Advantage2_system1.13,2424,31,./penalty_sweep_qpu_v113/samples/3nq9_Kdist1.5_Kmono9.0/psweep113_r3_20260327_042607/3nq9_ligand_report.csv,./penalty_sweep_qpu_v113/samples/3nq9_Kdist1.5_Kmono9.0/psweep113_r3_20260327_042607/3nq9_ligand_samples.json,./penalty_sweep_qpu_v113/samples/3nq9_Kdist1.5_Kmono9.0/psweep113_r3_20260327_042607/result.json
3nq9,3nq9_Kdist1.5_Kmono10.0,psweep113_r3_20260327_042607,1.5,10.0,ok,2.7691126444860976,1000,1000,1000,0,0.0,1.0,0.0,0.2031996,0.1686,Advantage2_system1.13,2224,27,./penalty_sweep_qpu_v113/samples/3nq9_Kdist1.5_Kmono10.0/psweep113_r3_20260327_042607/3nq9_ligand_report.csv,./penalty_sweep_qpu_v113/samples/3nq9_Kdist1.5_Kmono10.0/psweep113_r3_20260327_042607/3nq9_ligand_samples.json,./penalty_sweep_qpu_v113/samples/3nq9_Kdist1.5_Kmono10.0/psweep113_r3_20260327_042607/result.json
3nq9,3nq9_Kdist1.5_Kmono11.0,psweep113_r3_20260327_042607,1.5,11.0,ok,1.0581634745687207,1000,1000,1000,91,0.091,1.0,0.091,0.20866479999999998,0.17406,Advantage2_system1.13,2206,25,./penalty_sweep_qpu_v113/samples/3nq9_Kdist1.5_Kmono11.0/psweep113_r3_20260327_042607/3nq9_ligand_report.csv,./penalty_sweep_qpu_v113/samples/3nq9_Kdist1.5_Kmono11.0/psweep113_r3_20260327_042607/3nq9_ligand_samples.json,./penalty_sweep_qpu_v113/samples/3nq9_Kdist1.5_Kmono11.0/psweep113_r3_20260327_042607/result.json
3nq9,3nq9_Kdist1.5_Kmono12.0,psweep113_r3_20260327_042607,1.5,12.0,ok,0.7816906708341487,1000,1000,1000,261,0.261,1.0,0.261,0.2138044,0.1792,Advantage2_system1.13,2079,25,./penalty_sweep_qpu_v113/samples/3nq9_Kdist1.5_Kmono12.0/psweep113_r3_20260327_042607/3nq9_ligand_report.csv,./penalty_sweep_qpu_v113/samples/3nq9_Kdist1.5_Kmono12.0/psweep113_r3_20260327_042607/3nq9_ligand_samples.json,./penalty_sweep_qpu_v113/samples/3nq9_Kdist1.5_Kmono12.0/psweep113_r3_20260327_042607/result.json
3nq9,3nq9_Kdist1.5_Kmono13.0,psweep113_r3_20260327_042607,1.5,13.0,ok,3.031577180077799,1000,1000,1000,0,0.0,1.0,0.0,0.2134012,0.1788,Advantage2_system1.13,2040,23,./penalty_sweep_qpu_v113/samples/3nq9_Kdist1.5_Kmono13.0/psweep113_r3_20260327_042607/3nq9_ligand_report.csv,./penalty_sweep_qpu_v113/samples/3nq9_Kdist1.5_Kmono13.0/psweep113_r3_20260327_042607/3nq9_ligand_samples.json,./penalty_sweep_qpu_v113/samples/3nq9_Kdist1.5_Kmono13.0/psweep113_r3_20260327_042607/result.json
3nq9,3nq9_Kdist1.5_Kmono14.0,psweep113_r3_20260327_042607,1.5,14.0,ok,2.2548694616299554,1000,1000,1000,0,0.0,1.0,0.0,0.21608760000000002,0.18148,Advantage2_system1.13,1912,22,./penalty_sweep_qpu_v113/samples/3nq9_Kdist1.5_Kmono14.0/psweep113_r3_20260327_042607/3nq9_ligand_report.csv,./penalty_sweep_qpu_v113/samples/3nq9_Kdist1.5_Kmono14.0/psweep113_r3_20260327_042607/3nq9_ligand_samples.json,./penalty_sweep_qpu_v113/samples/3nq9_Kdist1.5_Kmono14.0/psweep113_r3_20260327_042607/result.json
3nq9,3nq9_Kdist1.5_Kmono15.0,psweep113_r3_20260327_042607,1.5,15.0,ok,2.0423102743728383,1000,1000,1000,0,0.0,1.0,0.0,0.205704,0.1711,Advantage2_system1.13,1979,24,./penalty_sweep_qpu_v113/samples/3nq9_Kdist1.5_Kmono15.0/psweep113_r3_20260327_042607/3nq9_ligand_report.csv,./penalty_sweep_qpu_v113/samples/3nq9_Kdist1.5_Kmono15.0/psweep113_r3_20260327_042607/3nq9_ligand_samples.json,./penalty_sweep_qpu_v113/samples/3nq9_Kdist1.5_Kmono15.0/psweep113_r3_20260327_042607/result.json
3nq9,3nq9_Kdist1.5_Kmono16.0,psweep113_r3_20260327_042607,1.5,16.0,ok,2.6472127951010056,1000,1000,1000,0,0.0,1.0,0.0,0.216846,0.18224,Advantage2_system1.13,2052,24,./penalty_sweep_qpu_v113/samples/3nq9_Kdist1.5_Kmono16.0/psweep113_r3_20260327_042607/3nq9_ligand_report.csv,./penalty_sweep_qpu_v113/samples/3nq9_Kdist1.5_Kmono16.0/psweep113_r3_20260327_042607/3nq9_ligand_samples.json,./penalty_sweep_qpu_v113/samples/3nq9_Kdist1.5_Kmono16.0/psweep113_r3_20260327_042607/result.json
3nq9,3nq9_Kdist1.5_Kmono17.0,psweep113_r3_20260327_042607,1.5,17.0,ok,1.1878316740876973,1000,1000,1000,2,0.002,1.0,0.002,0.2083492,0.17374,Advantage2_system1.13,1983,24,./penalty_sweep_qpu_v113/samples/3nq9_Kdist1.5_Kmono17.0/psweep113_r3_20260327_042607/3nq9_ligand_report.csv,./penalty_sweep_qpu_v113/samples/3nq9_Kdist1.5_Kmono17.0/psweep113_r3_20260327_042607/3nq9_ligand_samples.json,./penalty_sweep_qpu_v113/samples/3nq9_Kdist1.5_Kmono17.0/psweep113_r3_20260327_042607/result.json
3nq9,3nq9_Kdist1.5_Kmono18.0,psweep113_r3_20260327_042607,1.5,18.0,ok,1.163270551583673,1000,1000,1000,23,0.023,1.0,0.023,0.2068408,0.17224,Advantage2_system1.13,2028,24,./penalty_sweep_qpu_v113/samples/3nq9_Kdist1.5_Kmono18.0/psweep113_r3_20260327_042607/3nq9_ligand_report.csv,./penalty_sweep_qpu_v113/samples/3nq9_Kdist1.5_Kmono18.0/psweep113_r3_20260327_042607/3nq9_ligand_samples.json,./penalty_sweep_qpu_v113/samples/3nq9_Kdist1.5_Kmono18.0/psweep113_r3_20260327_042607/result.json
3nq9,3nq9_Kdist1.5_Kmono19.0,psweep113_r3_20260327_042607,1.5,19.0,ok,3.0456870848926574,1000,1000,1000,0,0.0,1.0,0.0,0.20770360000000002,0.1731,Advantage2_system1.13,2071,25,./penalty_sweep_qpu_v113/samples/3nq9_Kdist1.5_Kmono19.0/psweep113_r3_20260327_042607/3nq9_ligand_report.csv,./penalty_sweep_qpu_v113/samples/3nq9_Kdist1.5_Kmono19.0/psweep113_r3_20260327_042607/3nq9_ligand_samples.json,./penalty_sweep_qpu_v113/samples/3nq9_Kdist1.5_Kmono19.0/psweep113_r3_20260327_042607/result.json
3nq9,3nq9_Kdist1.5_Kmono20.0,psweep113_r3_20260327_042607,1.5,20.0,ok,1.8066587081455276,1000,1000,1000,2,0.002,1.0,0.002,0.2108856,0.17628,Advantage2_system1.13,2092,24,./penalty_sweep_qpu_v113/samples/3nq9_Kdist1.5_Kmono20.0/psweep113_r3_20260327_042607/3nq9_ligand_report.csv,./penalty_sweep_qpu_v113/samples/3nq9_Kdist1.5_Kmono20.0/psweep113_r3_20260327_042607/3nq9_ligand_samples.json,./penalty_sweep_qpu_v113/samples/3nq9_Kdist1.5_Kmono20.0/psweep113_r3_20260327_042607/result.json
3nq9,3nq9_Kdist2.0_Kmono1.0,psweep113_r3_20260327_042607,2.0,1.0,ok,2.1960032437172066,1000,1000,1000,0,0.0,1.0,0.0,0.2069904,0.17238,Advantage2_system1.13,2208,28,./penalty_sweep_qpu_v113/samples/3nq9_Kdist2.0_Kmono1.0/psweep113_r3_20260327_042607/3nq9_ligand_report.csv,./penalty_sweep_qpu_v113/samples/3nq9_Kdist2.0_Kmono1.0/psweep113_r3_20260327_042607/3nq9_ligand_samples.json,./penalty_sweep_qpu_v113/samples/3nq9_Kdist2.0_Kmono1.0/psweep113_r3_20260327_042607/result.json
3nq9,3nq9_Kdist2.0_Kmono2.0,psweep113_r3_20260327_042607,2.0,2.0,ok,1.9629180120580896,1000,1000,1000,1,0.001,1.0,0.001,0.2145868,0.17998,Advantage2_system1.13,2140,26,./penalty_sweep_qpu_v113/samples/3nq9_Kdist2.0_Kmono2.0/psweep113_r3_20260327_042607/3nq9_ligand_report.csv,./penalty_sweep_qpu_v113/samples/3nq9_Kdist2.0_Kmono2.0/psweep113_r3_20260327_042607/3nq9_ligand_samples.json,./penalty_sweep_qpu_v113/samples/3nq9_Kdist2.0_Kmono2.0/psweep113_r3_20260327_042607/result.json
3nq9,3nq9_Kdist2.0_Kmono3.0,psweep113_r3_20260327_042607,2.0,3.0,ok,3.475393246557497,1000,1000,1000,0,0.0,1.0,0.0,0.20865679999999998,0.17406,Advantage2_system1.13,2103,25,./penalty_sweep_qpu_v113/samples/3nq9_Kdist2.0_Kmono3.0/psweep113_r3_20260327_042607/3nq9_ligand_report.csv,./penalty_sweep_qpu_v113/samples/3nq9_Kdist2.0_Kmono3.0/psweep113_r3_20260327_042607/3nq9_ligand_samples.json,./penalty_sweep_qpu_v113/samples/3nq9_Kdist2.0_Kmono3.0/psweep113_r3_20260327_042607/result.json
3nq9,3nq9_Kdist2.0_Kmono4.0,psweep113_r3_20260327_042607,2.0,4.0,ok,2.851713926635078,1000,1000,1000,0,0.0,1.0,0.0,0.2149076,0.1803,Advantage2_system1.13,2354,29,./penalty_sweep_qpu_v113/samples/3nq9_Kdist2.0_Kmono4.0/psweep113_r3_20260327_042607/3nq9_ligand_report.csv,./penalty_sweep_qpu_v113/samples/3nq9_Kdist2.0_Kmono4.0/psweep113_r3_20260327_042607/3nq9_ligand_samples.json,./penalty_sweep_qpu_v113/samples/3nq9_Kdist2.0_Kmono4.0/psweep113_r3_20260327_042607/result.json
3nq9,3nq9_Kdist2.0_Kmono5.0,psweep113_r3_20260327_042607,2.0,5.0,ok,3.0691913962978075,1000,1000,1000,0,0.0,1.0,0.0,0.21252120000000002,0.17792,Advantage2_system1.13,2234,25,./penalty_sweep_qpu_v113/samples/3nq9_Kdist2.0_Kmono5.0/psweep113_r3_20260327_042607/3nq9_ligand_report.csv,./penalty_sweep_qpu_v113/samples/3nq9_Kdist2.0_Kmono5.0/psweep113_r3_20260327_042607/3nq9_ligand_samples.json,./penalty_sweep_qpu_v113/samples/3nq9_Kdist2.0_Kmono5.0/psweep113_r3_20260327_042607/result.json
3nq9,3nq9_Kdist2.0_Kmono6.0,psweep113_r3_20260327_042607,2.0,6.0,ok,1.8691924225934664,1000,1000,1000,6,0.006,1.0,0.006,0.212804,0.1782,Advantage2_system1.13,1991,23,./penalty_sweep_qpu_v113/samples/3nq9_Kdist2.0_Kmono6.0/psweep113_r3_20260327_042607/3nq9_ligand_report.csv,./penalty_sweep_qpu_v113/samples/3nq9_Kdist2.0_Kmono6.0/psweep113_r3_20260327_042607/3nq9_ligand_samples.json,./penalty_sweep_qpu_v113/samples/3nq9_Kdist2.0_Kmono6.0/psweep113_r3_20260327_042607/result.json
3nq9,3nq9_Kdist2.0_Kmono7.0,psweep113_r3_20260327_042607,2.0,7.0,ok,2.8729304195105163,1000,1000,1000,0,0.0,1.0,0.0,0.21748879999999998,0.18288,Advantage2_system1.13,2261,26,./penalty_sweep_qpu_v113/samples/3nq9_Kdist2.0_Kmono7.0/psweep113_r3_20260327_042607/3nq9_ligand_report.csv,./penalty_sweep_qpu_v113/samples/3nq9_Kdist2.0_Kmono7.0/psweep113_r3_20260327_042607/3nq9_ligand_samples.json,./penalty_sweep_qpu_v113/samples/3nq9_Kdist2.0_Kmono7.0/psweep113_r3_20260327_042607/result.json
3nq9,3nq9_Kdist2.0_Kmono8.0,psweep113_r3_20260327_042607,2.0,8.0,ok,0.7696779943059748,1000,1000,1000,44,0.044,1.0,0.044,0.2051616,0.17056,Advantage2_system1.13,2389,28,./penalty_sweep_qpu_v113/samples/3nq9_Kdist2.0_Kmono8.0/psweep113_r3_20260327_042607/3nq9_ligand_report.csv,./penalty_sweep_qpu_v113/samples/3nq9_Kdist2.0_Kmono8.0/psweep113_r3_20260327_042607/3nq9_ligand_samples.json,./penalty_sweep_qpu_v113/samples/3nq9_Kdist2.0_Kmono8.0/psweep113_r3_20260327_042607/result.json
3nq9,3nq9_Kdist2.0_Kmono9.0,psweep113_r3_20260327_042607,2.0,9.0,ok,2.149669461853032,1000,1000,1000,0,0.0,1.0,0.0,0.20684360000000002,0.17224,Advantage2_system1.13,2212,28,./penalty_sweep_qpu_v113/samples/3nq9_Kdist2.0_Kmono9.0/psweep113_r3_20260327_042607/3nq9_ligand_report.csv,./penalty_sweep_qpu_v113/samples/3nq9_Kdist2.0_Kmono9.0/psweep113_r3_20260327_042607/3nq9_ligand_samples.json,./penalty_sweep_qpu_v113/samples/3nq9_Kdist2.0_Kmono9.0/psweep113_r3_20260327_042607/result.json
3nq9,3nq9_Kdist2.0_Kmono10.0,psweep113_r3_20260327_042607,2.0,10.0,ok,3.8725532785595913,1000,1000,1000,0,0.0,1.0,0.0,0.2064492,0.17184,Advantage2_system1.13,2242,26,./penalty_sweep_qpu_v113/samples/3nq9_Kdist2.0_Kmono10.0/psweep113_r3_20260327_042607/3nq9_ligand_report.csv,./penalty_sweep_qpu_v113/samples/3nq9_Kdist2.0_Kmono10.0/psweep113_r3_20260327_042607/3nq9_ligand_samples.json,./penalty_sweep_qpu_v113/samples/3nq9_Kdist2.0_Kmono10.0/psweep113_r3_20260327_042607/result.json
3nq9,3nq9_Kdist2.0_Kmono11.0,psweep113_r3_20260327_042607,2.0,11.0,ok,2.5766285826838717,1000,1000,1000,0,0.0,1.0,0.0,0.2095312,0.17492,Advantage2_system1.13,2394,29,./penalty_sweep_qpu_v113/samples/3nq9_Kdist2.0_Kmono11.0/psweep113_r3_20260327_042607/3nq9_ligand_report.csv,./penalty_sweep_qpu_v113/samples/3nq9_Kdist2.0_Kmono11.0/psweep113_r3_20260327_042607/3nq9_ligand_samples.json,./penalty_sweep_qpu_v113/samples/3nq9_Kdist2.0_Kmono11.0/psweep113_r3_20260327_042607/result.json
3nq9,3nq9_Kdist2.0_Kmono12.0,psweep113_r3_20260327_042607,2.0,12.0,ok,1.3932449529111564,1000,1000,1000,30,0.03,1.0,0.03,0.20709360000000002,0.17248,Advantage2_system1.13,2112,24,./penalty_sweep_qpu_v113/samples/3nq9_Kdist2.0_Kmono12.0/psweep113_r3_20260327_042607/3nq9_ligand_report.csv,./penalty_sweep_qpu_v113/samples/3nq9_Kdist2.0_Kmono12.0/psweep113_r3_20260327_042607/3nq9_ligand_samples.json,./penalty_sweep_qpu_v113/samples/3nq9_Kdist2.0_Kmono12.0/psweep113_r3_20260327_042607/result.json
3nq9,3nq9_Kdist2.0_Kmono13.0,psweep113_r3_20260327_042607,2.0,13.0,ok,2.0718729236547695,1000,1000,1000,0,0.0,1.0,0.0,0.21317439999999999,0.17856,Advantage2_system1.13,2312,28,./penalty_sweep_qpu_v113/samples/3nq9_Kdist2.0_Kmono13.0/psweep113_r3_20260327_042607/3nq9_ligand_report.csv,./penalty_sweep_qpu_v113/samples/3nq9_Kdist2.0_Kmono13.0/psweep113_r3_20260327_042607/3nq9_ligand_samples.json,./penalty_sweep_qpu_v113/samples/3nq9_Kdist2.0_Kmono13.0/psweep113_r3_20260327_042607/result.json
3nq9,3nq9_Kdist2.0_Kmono14.0,psweep113_r3_20260327_042607,2.0,14.0,ok,0.9120572636781412,1000,1000,1000,31,0.031,1.0,0.031,0.214522,0.17992,Advantage2_system1.13,2038,24,./penalty_sweep_qpu_v113/samples/3nq9_Kdist2.0_Kmono14.0/psweep113_r3_20260327_042607/3nq9_ligand_report.csv,./penalty_sweep_qpu_v113/samples/3nq9_Kdist2.0_Kmono14.0/psweep113_r3_20260327_042607/3nq9_ligand_samples.json,./penalty_sweep_qpu_v113/samples/3nq9_Kdist2.0_Kmono14.0/psweep113_r3_20260327_042607/result.json
3nq9,3nq9_Kdist2.0_Kmono15.0,psweep113_r3_20260327_042607,2.0,15.0,ok,1.4213511481275412,1000,1000,1000,4,0.004,1.0,0.004,0.2103864,0.17578,Advantage2_system1.13,2316,26,./penalty_sweep_qpu_v113/samples/3nq9_Kdist2.0_Kmono15.0/psweep113_r3_20260327_042607/3nq9_ligand_report.csv,./penalty_sweep_qpu_v113/samples/3nq9_Kdist2.0_Kmono15.0/psweep113_r3_20260327_042607/3nq9_ligand_samples.json,./penalty_sweep_qpu_v113/samples/3nq9_Kdist2.0_Kmono15.0/psweep113_r3_20260327_042607/result.json
3nq9,3nq9_Kdist2.0_Kmono16.0,psweep113_r3_20260327_042607,2.0,16.0,ok,3.3450046189686664,1000,1000,1000,0,0.0,1.0,0.0,0.2084852,0.17388,Advantage2_system1.13,2136,24,./penalty_sweep_qpu_v113/samples/3nq9_Kdist2.0_Kmono16.0/psweep113_r3_20260327_042607/3nq9_ligand_report.csv,./penalty_sweep_qpu_v113/samples/3nq9_Kdist2.0_Kmono16.0/psweep113_r3_20260327_042607/3nq9_ligand_samples.json,./penalty_sweep_qpu_v113/samples/3nq9_Kdist2.0_Kmono16.0/psweep113_r3_20260327_042607/result.json
3nq9,3nq9_Kdist2.0_Kmono17.0,psweep113_r3_20260327_042607,2.0,17.0,ok,2.0198524947440966,1000,1000,1000,0,0.0,1.0,0.0,0.20570560000000002,0.1711,Advantage2_system1.13,2007,23,./penalty_sweep_qpu_v113/samples/3nq9_Kdist2.0_Kmono17.0/psweep113_r3_20260327_042607/3nq9_ligand_report.csv,./penalty_sweep_qpu_v113/samples/3nq9_Kdist2.0_Kmono17.0/psweep113_r3_20260327_042607/3nq9_ligand_samples.json,./penalty_sweep_qpu_v113/samples/3nq9_Kdist2.0_Kmono17.0/psweep113_r3_20260327_042607/result.json
3nq9,3nq9_Kdist2.0_Kmono18.0,psweep113_r3_20260327_042607,2.0,18.0,ok,2.87786939595612,1000,1000,1000,0,0.0,1.0,0.0,0.2069456,0.17234,Advantage2_system1.13,2049,24,./penalty_sweep_qpu_v113/samples/3nq9_Kdist2.0_Kmono18.0/psweep113_r3_20260327_042607/3nq9_ligand_report.csv,./penalty_sweep_qpu_v113/samples/3nq9_Kdist2.0_Kmono18.0/psweep113_r3_20260327_042607/3nq9_ligand_samples.json,./penalty_sweep_qpu_v113/samples/3nq9_Kdist2.0_Kmono18.0/psweep113_r3_20260327_042607/result.json
3nq9,3nq9_Kdist2.0_Kmono19.0,psweep113_r3_20260327_042607,2.0,19.0,ok,2.1719733567991253,1000,1000,1000,0,0.0,1.0,0.0,0.2092264,0.17462,Advantage2_system1.13,2054,25,./penalty_sweep_qpu_v113/samples/3nq9_Kdist2.0_Kmono19.0/psweep113_r3_20260327_042607/3nq9_ligand_report.csv,./penalty_sweep_qpu_v113/samples/3nq9_Kdist2.0_Kmono19.0/psweep113_r3_20260327_042607/3nq9_ligand_samples.json,./penalty_sweep_qpu_v113/samples/3nq9_Kdist2.0_Kmono19.0/psweep113_r3_20260327_042607/result.json
3nq9,3nq9_Kdist2.0_Kmono20.0,psweep113_r3_20260327_042607,2.0,20.0,ok,2.2033629944718247,1000,1000,1000,0,0.0,1.0,0.0,0.21080320000000002,0.1762,Advantage2_system1.13,2182,25,./penalty_sweep_qpu_v113/samples/3nq9_Kdist2.0_Kmono20.0/psweep113_r3_20260327_042607/3nq9_ligand_report.csv,./penalty_sweep_qpu_v113/samples/3nq9_Kdist2.0_Kmono20.0/psweep113_r3_20260327_042607/3nq9_ligand_samples.json,./penalty_sweep_qpu_v113/samples/3nq9_Kdist2.0_Kmono20.0/psweep113_r3_20260327_042607/result.json
3nq9,3nq9_Kdist2.5_Kmono1.0,psweep113_r3_20260327_042607,2.5,1.0,ok,2.4590887713821696,1000,1000,1000,0,0.0,1.0,0.0,0.2072096,0.1726,Advantage2_system1.13,2049,23,./penalty_sweep_qpu_v113/samples/3nq9_Kdist2.5_Kmono1.0/psweep113_r3_20260327_042607/3nq9_ligand_report.csv,./penalty_sweep_qpu_v113/samples/3nq9_Kdist2.5_Kmono1.0/psweep113_r3_20260327_042607/3nq9_ligand_samples.json,./penalty_sweep_qpu_v113/samples/3nq9_Kdist2.5_Kmono1.0/psweep113_r3_20260327_042607/result.json
3nq9,3nq9_Kdist2.5_Kmono2.0,psweep113_r3_20260327_042607,2.5,2.0,ok,3.914743644971056,1000,1000,1000,0,0.0,1.0,0.0,0.2132604,0.17866,Advantage2_system1.13,1948,23,./penalty_sweep_qpu_v113/samples/3nq9_Kdist2.5_Kmono2.0/psweep113_r3_20260327_042607/3nq9_ligand_report.csv,./penalty_sweep_qpu_v113/samples/3nq9_Kdist2.5_Kmono2.0/psweep113_r3_20260327_042607/3nq9_ligand_samples.json,./penalty_sweep_qpu_v113/samples/3nq9_Kdist2.5_Kmono2.0/psweep113_r3_20260327_042607/result.json
3nq9,3nq9_Kdist2.5_Kmono3.0,psweep113_r3_20260327_042607,2.5,3.0,ok,3.5743706666593345,1000,1000,1000,0,0.0,1.0,0.0,0.209266,0.17466,Advantage2_system1.13,2052,24,./penalty_sweep_qpu_v113/samples/3nq9_Kdist2.5_Kmono3.0/psweep113_r3_20260327_042607/3nq9_ligand_report.csv,./penalty_sweep_qpu_v113/samples/3nq9_Kdist2.5_Kmono3.0/psweep113_r3_20260327_042607/3nq9_ligand_samples.json,./penalty_sweep_qpu_v113/samples/3nq9_Kdist2.5_Kmono3.0/psweep113_r3_20260327_042607/result.json
3nq9,3nq9_Kdist2.5_Kmono4.0,psweep113_r3_20260327_042607,2.5,4.0,ok,2.5065833046935357,1000,1000,1000,0,0.0,1.0,0.0,0.2130224,0.17842,Advantage2_system1.13,1977,23,./penalty_sweep_qpu_v113/samples/3nq9_Kdist2.5_Kmono4.0/psweep113_r3_20260327_042607/3nq9_ligand_report.csv,./penalty_sweep_qpu_v113/samples/3nq9_Kdist2.5_Kmono4.0/psweep113_r3_20260327_042607/3nq9_ligand_samples.json,./penalty_sweep_qpu_v113/samples/3nq9_Kdist2.5_Kmono4.0/psweep113_r3_20260327_042607/result.json
3nq9,3nq9_Kdist2.5_Kmono5.0,psweep113_r3_20260327_042607,2.5,5.0,ok,2.6831683233599177,1000,1000,1000,0,0.0,1.0,0.0,0.2157192,0.1811,Advantage2_system1.13,2287,27,./penalty_sweep_qpu_v113/samples/3nq9_Kdist2.5_Kmono5.0/psweep113_r3_20260327_042607/3nq9_ligand_report.csv,./penalty_sweep_qpu_v113/samples/3nq9_Kdist2.5_Kmono5.0/psweep113_r3_20260327_042607/3nq9_ligand_samples.json,./penalty_sweep_qpu_v113/samples/3nq9_Kdist2.5_Kmono5.0/psweep113_r3_20260327_042607/result.json
3nq9,3nq9_Kdist2.5_Kmono6.0,psweep113_r3_20260327_042607,2.5,6.0,ok,2.241315032560475,1000,1000,1000,0,0.0,1.0,0.0,0.2163092,0.1817,Advantage2_system1.13,2042,23,./penalty_sweep_qpu_v113/samples/3nq9_Kdist2.5_Kmono6.0/psweep113_r3_20260327_042607/3nq9_ligand_report.csv,./penalty_sweep_qpu_v113/samples/3nq9_Kdist2.5_Kmono6.0/psweep113_r3_20260327_042607/3nq9_ligand_samples.json,./penalty_sweep_qpu_v113/samples/3nq9_Kdist2.5_Kmono6.0/psweep113_r3_20260327_042607/result.json
3nq9,3nq9_Kdist2.5_Kmono7.0,psweep113_r3_20260327_042607,2.5,7.0,ok,3.4066993809304917,1000,1000,1000,0,0.0,1.0,0.0,0.2115368,0.17692,Advantage2_system1.13,2476,27,./penalty_sweep_qpu_v113/samples/3nq9_Kdist2.5_Kmono7.0/psweep113_r3_20260327_042607/3nq9_ligand_report.csv,./penalty_sweep_qpu_v113/samples/3nq9_Kdist2.5_Kmono7.0/psweep113_r3_20260327_042607/3nq9_ligand_samples.json,./penalty_sweep_qpu_v113/samples/3nq9_Kdist2.5_Kmono7.0/psweep113_r3_20260327_042607/result.json
3nq9,3nq9_Kdist2.5_Kmono8.0,psweep113_r3_20260327_042607,2.5,8.0,ok,2.5961670665199854,1000,1000,1000,0,0.0,1.0,0.0,0.2155912,0.18098,Advantage2_system1.13,2318,29,./penalty_sweep_qpu_v113/samples/3nq9_Kdist2.5_Kmono8.0/psweep113_r3_20260327_042607/3nq9_ligand_report.csv,./penalty_sweep_qpu_v113/samples/3nq9_Kdist2.5_Kmono8.0/psweep113_r3_20260327_042607/3nq9_ligand_samples.json,./penalty_sweep_qpu_v113/samples/3nq9_Kdist2.5_Kmono8.0/psweep113_r3_20260327_042607/result.json
3nq9,3nq9_Kdist2.5_Kmono9.0,psweep113_r3_20260327_042607,2.5,9.0,ok,1.7867809640301746,1000,1000,1000,1,0.001,1.0,0.001,0.2105236,0.17592,Advantage2_system1.13,1960,24,./penalty_sweep_qpu_v113/samples/3nq9_Kdist2.5_Kmono9.0/psweep113_r3_20260327_042607/3nq9_ligand_report.csv,./penalty_sweep_qpu_v113/samples/3nq9_Kdist2.5_Kmono9.0/psweep113_r3_20260327_042607/3nq9_ligand_samples.json,./penalty_sweep_qpu_v113/samples/3nq9_Kdist2.5_Kmono9.0/psweep113_r3_20260327_042607/result.json
3nq9,3nq9_Kdist2.5_Kmono10.0,psweep113_r3_20260327_042607,2.5,10.0,ok,0.9421795314833108,1000,1000,1000,45,0.045,1.0,0.045,0.2092652,0.17466,Advantage2_system1.13,2110,25,./penalty_sweep_qpu_v113/samples/3nq9_Kdist2.5_Kmono10.0/psweep113_r3_20260327_042607/3nq9_ligand_report.csv,./penalty_sweep_qpu_v113/samples/3nq9_Kdist2.5_Kmono10.0/psweep113_r3_20260327_042607/3nq9_ligand_samples.json,./penalty_sweep_qpu_v113/samples/3nq9_Kdist2.5_Kmono10.0/psweep113_r3_20260327_042607/result.json
3nq9,3nq9_Kdist2.5_Kmono11.0,psweep113_r3_20260327_042607,2.5,11.0,ok,1.9756489096100787,1000,1000,1000,1,0.001,1.0,0.001,0.2170796,0.18248,Advantage2_system1.13,2054,24,./penalty_sweep_qpu_v113/samples/3nq9_Kdist2.5_Kmono11.0/psweep113_r3_20260327_042607/3nq9_ligand_report.csv,./penalty_sweep_qpu_v113/samples/3nq9_Kdist2.5_Kmono11.0/psweep113_r3_20260327_042607/3nq9_ligand_samples.json,./penalty_sweep_qpu_v113/samples/3nq9_Kdist2.5_Kmono11.0/psweep113_r3_20260327_042607/result.json
3nq9,3nq9_Kdist2.5_Kmono12.0,psweep113_r3_20260327_042607,2.5,12.0,ok,2.715634574514492,1000,1000,1000,0,0.0,1.0,0.0,0.21326279999999997,0.17866,Advantage2_system1.13,2162,26,./penalty_sweep_qpu_v113/samples/3nq9_Kdist2.5_Kmono12.0/psweep113_r3_20260327_042607/3nq9_ligand_report.csv,./penalty_sweep_qpu_v113/samples/3nq9_Kdist2.5_Kmono12.0/psweep113_r3_20260327_042607/3nq9_ligand_samples.json,./penalty_sweep_qpu_v113/samples/3nq9_Kdist2.5_Kmono12.0/psweep113_r3_20260327_042607/result.json
3nq9,3nq9_Kdist2.5_Kmono13.0,psweep113_r3_20260327_042607,2.5,13.0,ok,2.389299430184262,1000,1000,1000,0,0.0,1.0,0.0,0.20202920000000002,0.16742,Advantage2_system1.13,2307,27,./penalty_sweep_qpu_v113/samples/3nq9_Kdist2.5_Kmono13.0/psweep113_r3_20260327_042607/3nq9_ligand_report.csv,./penalty_sweep_qpu_v113/samples/3nq9_Kdist2.5_Kmono13.0/psweep113_r3_20260327_042607/3nq9_ligand_samples.json,./penalty_sweep_qpu_v113/samples/3nq9_Kdist2.5_Kmono13.0/psweep113_r3_20260327_042607/result.json
3nq9,3nq9_Kdist2.5_Kmono14.0,psweep113_r3_20260327_042607,2.5,14.0,ok,1.3043200593755244,1000,1000,1000,73,0.073,1.0,0.073,0.2179812,0.18338,Advantage2_system1.13,2146,25,./penalty_sweep_qpu_v113/samples/3nq9_Kdist2.5_Kmono14.0/psweep113_r3_20260327_042607/3nq9_ligand_report.csv,./penalty_sweep_qpu_v113/samples/3nq9_Kdist2.5_Kmono14.0/psweep113_r3_20260327_042607/3nq9_ligand_samples.json,./penalty_sweep_qpu_v113/samples/3nq9_Kdist2.5_Kmono14.0/psweep113_r3_20260327_042607/result.json
3nq9,3nq9_Kdist2.5_Kmono15.0,psweep113_r3_20260327_042607,2.5,15.0,ok,0.8823689978423841,1000,1000,1000,129,0.129,1.0,0.129,0.2110936,0.17648,Advantage2_system1.13,2887,36,./penalty_sweep_qpu_v113/samples/3nq9_Kdist2.5_Kmono15.0/psweep113_r3_20260327_042607/3nq9_ligand_report.csv,./penalty_sweep_qpu_v113/samples/3nq9_Kdist2.5_Kmono15.0/psweep113_r3_20260327_042607/3nq9_ligand_samples.json,./penalty_sweep_qpu_v113/samples/3nq9_Kdist2.5_Kmono15.0/psweep113_r3_20260327_042607/result.json
3nq9,3nq9_Kdist2.5_Kmono16.0,psweep113_r3_20260327_042607,2.5,16.0,ok,3.672590798005199,1000,1000,1000,0,0.0,1.0,0.0,0.2073816,0.17278,Advantage2_system1.13,2014,24,./penalty_sweep_qpu_v113/samples/3nq9_Kdist2.5_Kmono16.0/psweep113_r3_20260327_042607/3nq9_ligand_report.csv,./penalty_sweep_qpu_v113/samples/3nq9_Kdist2.5_Kmono16.0/psweep113_r3_20260327_042607/3nq9_ligand_samples.json,./penalty_sweep_qpu_v113/samples/3nq9_Kdist2.5_Kmono16.0/psweep113_r3_20260327_042607/result.json
3nq9,3nq9_Kdist2.5_Kmono17.0,psweep113_r3_20260327_042607,2.5,17.0,ok,2.183085375840531,1000,1000,1000,0,0.0,1.0,0.0,0.212478,0.17788,Advantage2_system1.13,2208,26,./penalty_sweep_qpu_v113/samples/3nq9_Kdist2.5_Kmono17.0/psweep113_r3_20260327_042607/3nq9_ligand_report.csv,./penalty_sweep_qpu_v113/samples/3nq9_Kdist2.5_Kmono17.0/psweep113_r3_20260327_042607/3nq9_ligand_samples.json,./penalty_sweep_qpu_v113/samples/3nq9_Kdist2.5_Kmono17.0/psweep113_r3_20260327_042607/result.json
3nq9,3nq9_Kdist2.5_Kmono18.0,psweep113_r3_20260327_042607,2.5,18.0,ok,0.7375154600531435,1000,1000,1000,143,0.143,1.0,0.143,0.217578,0.18298,Advantage2_system1.13,2141,25,./penalty_sweep_qpu_v113/samples/3nq9_Kdist2.5_Kmono18.0/psweep113_r3_20260327_042607/3nq9_ligand_report.csv,./penalty_sweep_qpu_v113/samples/3nq9_Kdist2.5_Kmono18.0/psweep113_r3_20260327_042607/3nq9_ligand_samples.json,./penalty_sweep_qpu_v113/samples/3nq9_Kdist2.5_Kmono18.0/psweep113_r3_20260327_042607/result.json
3nq9,3nq9_Kdist2.5_Kmono19.0,psweep113_r3_20260327_042607,2.5,19.0,ok,1.4138820871339841,1000,1000,1000,2,0.002,1.0,0.002,0.2069896,0.17238,Advantage2_system1.13,2203,25,./penalty_sweep_qpu_v113/samples/3nq9_Kdist2.5_Kmono19.0/psweep113_r3_20260327_042607/3nq9_ligand_report.csv,./penalty_sweep_qpu_v113/samples/3nq9_Kdist2.5_Kmono19.0/psweep113_r3_20260327_042607/3nq9_ligand_samples.json,./penalty_sweep_qpu_v113/samples/3nq9_Kdist2.5_Kmono19.0/psweep113_r3_20260327_042607/result.json
3nq9,3nq9_Kdist2.5_Kmono20.0,psweep113_r3_20260327_042607,2.5,20.0,ok,3.7332547472369577,1000,1000,1000,0,0.0,1.0,0.0,0.206726,0.17212,Advantage2_system1.13,2264,27,./penalty_sweep_qpu_v113/samples/3nq9_Kdist2.5_Kmono20.0/psweep113_r3_20260327_042607/3nq9_ligand_report.csv,./penalty_sweep_qpu_v113/samples/3nq9_Kdist2.5_Kmono20.0/psweep113_r3_20260327_042607/3nq9_ligand_samples.json,./penalty_sweep_qpu_v113/samples/3nq9_Kdist2.5_Kmono20.0/psweep113_r3_20260327_042607/result.json
3nq9,3nq9_Kdist3.0_Kmono1.0,psweep113_r3_20260327_042607,3.0,1.0,ok,2.1147582708253267,1000,1000,1000,0,0.0,1.0,0.0,0.2120264,0.17742,Advantage2_system1.13,2307,28,./penalty_sweep_qpu_v113/samples/3nq9_Kdist3.0_Kmono1.0/psweep113_r3_20260327_042607/3nq9_ligand_report.csv,./penalty_sweep_qpu_v113/samples/3nq9_Kdist3.0_Kmono1.0/psweep113_r3_20260327_042607/3nq9_ligand_samples.json,./penalty_sweep_qpu_v113/samples/3nq9_Kdist3.0_Kmono1.0/psweep113_r3_20260327_042607/result.json
3nq9,3nq9_Kdist3.0_Kmono2.0,psweep113_r3_20260327_042607,3.0,2.0,ok,4.440504724350917,1000,1000,1000,0,0.0,1.0,0.0,0.2074916,0.17288,Advantage2_system1.13,2094,24,./penalty_sweep_qpu_v113/samples/3nq9_Kdist3.0_Kmono2.0/psweep113_r3_20260327_042607/3nq9_ligand_report.csv,./penalty_sweep_qpu_v113/samples/3nq9_Kdist3.0_Kmono2.0/psweep113_r3_20260327_042607/3nq9_ligand_samples.json,./penalty_sweep_qpu_v113/samples/3nq9_Kdist3.0_Kmono2.0/psweep113_r3_20260327_042607/result.json
3nq9,3nq9_Kdist3.0_Kmono3.0,psweep113_r3_20260327_042607,3.0,3.0,ok,4.98313402886767,1000,1000,1000,0,0.0,1.0,0.0,0.2010804,0.16648,Advantage2_system1.13,2257,27,./penalty_sweep_qpu_v113/samples/3nq9_Kdist3.0_Kmono3.0/psweep113_r3_20260327_042607/3nq9_ligand_report.csv,./penalty_sweep_qpu_v113/samples/3nq9_Kdist3.0_Kmono3.0/psweep113_r3_20260327_042607/3nq9_ligand_samples.json,./penalty_sweep_qpu_v113/samples/3nq9_Kdist3.0_Kmono3.0/psweep113_r3_20260327_042607/result.json
3nq9,3nq9_Kdist3.0_Kmono4.0,psweep113_r3_20260327_042607,3.0,4.0,ok,2.072638726034906,1000,1000,1000,0,0.0,1.0,0.0,0.20559360000000002,0.17098,Advantage2_system1.13,2154,25,./penalty_sweep_qpu_v113/samples/3nq9_Kdist3.0_Kmono4.0/psweep113_r3_20260327_042607/3nq9_ligand_report.csv,./penalty_sweep_qpu_v113/samples/3nq9_Kdist3.0_Kmono4.0/psweep113_r3_20260327_042607/3nq9_ligand_samples.json,./penalty_sweep_qpu_v113/samples/3nq9_Kdist3.0_Kmono4.0/psweep113_r3_20260327_042607/result.json
3nq9,3nq9_Kdist3.0_Kmono5.0,psweep113_r3_20260327_042607,3.0,5.0,ok,3.6731749141597665,1000,1000,1000,0,0.0,1.0,0.0,0.21390279999999998,0.1793,Advantage2_system1.13,2250,27,./penalty_sweep_qpu_v113/samples/3nq9_Kdist3.0_Kmono5.0/psweep113_r3_20260327_042607/3nq9_ligand_report.csv,./penalty_sweep_qpu_v113/samples/3nq9_Kdist3.0_Kmono5.0/psweep113_r3_20260327_042607/3nq9_ligand_samples.json,./penalty_sweep_qpu_v113/samples/3nq9_Kdist3.0_Kmono5.0/psweep113_r3_20260327_042607/result.json
3nq9,3nq9_Kdist3.0_Kmono6.0,psweep113_r3_20260327_042607,3.0,6.0,ok,1.8570592108320325,1000,1000,1000,2,0.002,1.0,0.002,0.20708279999999998,0.17248,Advantage2_system1.13,2255,26,./penalty_sweep_qpu_v113/samples/3nq9_Kdist3.0_Kmono6.0/psweep113_r3_20260327_042607/3nq9_ligand_report.csv,./penalty_sweep_qpu_v113/samples/3nq9_Kdist3.0_Kmono6.0/psweep113_r3_20260327_042607/3nq9_ligand_samples.json,./penalty_sweep_qpu_v113/samples/3nq9_Kdist3.0_Kmono6.0/psweep113_r3_20260327_042607/result.json
3nq9,3nq9_Kdist3.0_Kmono7.0,psweep113_r3_20260327_042607,3.0,7.0,ok,2.1833802886276366,1000,1000,1000,0,0.0,1.0,0.0,0.2097652,0.17516,Advantage2_system1.13,2110,26,./penalty_sweep_qpu_v113/samples/3nq9_Kdist3.0_Kmono7.0/psweep113_r3_20260327_042607/3nq9_ligand_report.csv,./penalty_sweep_qpu_v113/samples/3nq9_Kdist3.0_Kmono7.0/psweep113_r3_20260327_042607/3nq9_ligand_samples.json,./penalty_sweep_qpu_v113/samples/3nq9_Kdist3.0_Kmono7.0/psweep113_r3_20260327_042607/result.json
3nq9,3nq9_Kdist3.0_Kmono8.0,psweep113_r3_20260327_042607,3.0,8.0,ok,4.662015713674068,1000,1000,1000,0,0.0,1.0,0.0,0.2103016,0.1757,Advantage2_system1.13,1913,22,./penalty_sweep_qpu_v113/samples/3nq9_Kdist3.0_Kmono8.0/psweep113_r3_20260327_042607/3nq9_ligand_report.csv,./penalty_sweep_qpu_v113/samples/3nq9_Kdist3.0_Kmono8.0/psweep113_r3_20260327_042607/3nq9_ligand_samples.json,./penalty_sweep_qpu_v113/samples/3nq9_Kdist3.0_Kmono8.0/psweep113_r3_20260327_042607/result.json
3nq9,3nq9_Kdist3.0_Kmono9.0,psweep113_r3_20260327_042607,3.0,9.0,ok,1.7789386474322415,1000,1000,1000,1,0.001,1.0,0.001,0.2022204,0.16762,Advantage2_system1.13,2111,25,./penalty_sweep_qpu_v113/samples/3nq9_Kdist3.0_Kmono9.0/psweep113_r3_20260327_042607/3nq9_ligand_report.csv,./penalty_sweep_qpu_v113/samples/3nq9_Kdist3.0_Kmono9.0/psweep113_r3_20260327_042607/3nq9_ligand_samples.json,./penalty_sweep_qpu_v113/samples/3nq9_Kdist3.0_Kmono9.0/psweep113_r3_20260327_042607/result.json
3nq9,3nq9_Kdist3.0_Kmono10.0,psweep113_r3_20260327_042607,3.0,10.0,ok,4.629479124659915,1000,1000,1000,0,0.0,1.0,0.0,0.21098,0.17638,Advantage2_system1.13,1978,22,./penalty_sweep_qpu_v113/samples/3nq9_Kdist3.0_Kmono10.0/psweep113_r3_20260327_042607/3nq9_ligand_report.csv,./penalty_sweep_qpu_v113/samples/3nq9_Kdist3.0_Kmono10.0/psweep113_r3_20260327_042607/3nq9_ligand_samples.json,./penalty_sweep_qpu_v113/samples/3nq9_Kdist3.0_Kmono10.0/psweep113_r3_20260327_042607/result.json
3nq9,3nq9_Kdist3.0_Kmono11.0,psweep113_r3_20260327_042607,3.0,11.0,ok,1.1477196347186187,1000,1000,1000,46,0.046,1.0,0.046,0.21077079999999998,0.17616,Advantage2_system1.13,2165,25,./penalty_sweep_qpu_v113/samples/3nq9_Kdist3.0_Kmono11.0/psweep113_r3_20260327_042607/3nq9_ligand_report.csv,./penalty_sweep_qpu_v113/samples/3nq9_Kdist3.0_Kmono11.0/psweep113_r3_20260327_042607/3nq9_ligand_samples.json,./penalty_sweep_qpu_v113/samples/3nq9_Kdist3.0_Kmono11.0/psweep113_r3_20260327_042607/result.json
3nq9,3nq9_Kdist3.0_Kmono12.0,psweep113_r3_20260327_042607,3.0,12.0,ok,4.2278863994096065,1000,1000,1000,0,0.0,1.0,0.0,0.2177228,0.18312,Advantage2_system1.13,1975,23,./penalty_sweep_qpu_v113/samples/3nq9_Kdist3.0_Kmono12.0/psweep113_r3_20260327_042607/3nq9_ligand_report.csv,./penalty_sweep_qpu_v113/samples/3nq9_Kdist3.0_Kmono12.0/psweep113_r3_20260327_042607/3nq9_ligand_samples.json,./penalty_sweep_qpu_v113/samples/3nq9_Kdist3.0_Kmono12.0/psweep113_r3_20260327_042607/result.json
3nq9,3nq9_Kdist3.0_Kmono13.0,psweep113_r3_20260327_042607,3.0,13.0,ok,1.1969509315657352,1000,1000,1000,5,0.005,1.0,0.005,0.2068376,0.17224,Advantage2_system1.13,2021,24,./penalty_sweep_qpu_v113/samples/3nq9_Kdist3.0_Kmono13.0/psweep113_r3_20260327_042607/3nq9_ligand_report.csv,./penalty_sweep_qpu_v113/samples/3nq9_Kdist3.0_Kmono13.0/psweep113_r3_20260327_042607/3nq9_ligand_samples.json,./penalty_sweep_qpu_v113/samples/3nq9_Kdist3.0_Kmono13.0/psweep113_r3_20260327_042607/result.json
3nq9,3nq9_Kdist3.0_Kmono14.0,psweep113_r3_20260327_042607,3.0,14.0,ok,2.783131823131744,1000,1000,1000,0,0.0,1.0,0.0,0.21366,0.17906,Advantage2_system1.13,2010,23,./penalty_sweep_qpu_v113/samples/3nq9_Kdist3.0_Kmono14.0/psweep113_r3_20260327_042607/3nq9_ligand_report.csv,./penalty_sweep_qpu_v113/samples/3nq9_Kdist3.0_Kmono14.0/psweep113_r3_20260327_042607/3nq9_ligand_samples.json,./penalty_sweep_qpu_v113/samples/3nq9_Kdist3.0_Kmono14.0/psweep113_r3_20260327_042607/result.json
3nq9,3nq9_Kdist3.0_Kmono15.0,psweep113_r3_20260327_042607,3.0,15.0,ok,1.5539495227526618,1000,1000,1000,1,0.001,1.0,0.001,0.2062052,0.1716,Advantage2_system1.13,2218,25,./penalty_sweep_qpu_v113/samples/3nq9_Kdist3.0_Kmono15.0/psweep113_r3_20260327_042607/3nq9_ligand_report.csv,./penalty_sweep_qpu_v113/samples/3nq9_Kdist3.0_Kmono15.0/psweep113_r3_20260327_042607/3nq9_ligand_samples.json,./penalty_sweep_qpu_v113/samples/3nq9_Kdist3.0_Kmono15.0/psweep113_r3_20260327_042607/result.json
3nq9,3nq9_Kdist3.0_Kmono16.0,psweep113_r3_20260327_042607,3.0,16.0,ok,3.7783338962563175,1000,1000,1000,0,0.0,1.0,0.0,0.20977479999999998,0.17516,Advantage2_system1.13,2238,26,./penalty_sweep_qpu_v113/samples/3nq9_Kdist3.0_Kmono16.0/psweep113_r3_20260327_042607/3nq9_ligand_report.csv,./penalty_sweep_qpu_v113/samples/3nq9_Kdist3.0_Kmono16.0/psweep113_r3_20260327_042607/3nq9_ligand_samples.json,./penalty_sweep_qpu_v113/samples/3nq9_Kdist3.0_Kmono16.0/psweep113_r3_20260327_042607/result.json
3nq9,3nq9_Kdist3.0_Kmono17.0,psweep113_r3_20260327_042607,3.0,17.0,ok,4.229976814036338,1000,1000,1000,0,0.0,1.0,0.0,0.2133004,0.1787,Advantage2_system1.13,1956,23,./penalty_sweep_qpu_v113/samples/3nq9_Kdist3.0_Kmono17.0/psweep113_r3_20260327_042607/3nq9_ligand_report.csv,./penalty_sweep_qpu_v113/samples/3nq9_Kdist3.0_Kmono17.0/psweep113_r3_20260327_042607/3nq9_ligand_samples.json,./penalty_sweep_qpu_v113/samples/3nq9_Kdist3.0_Kmono17.0/psweep113_r3_20260327_042607/result.json
3nq9,3nq9_Kdist3.0_Kmono18.0,psweep113_r3_20260327_042607,3.0,18.0,ok,3.446780715780642,1000,1000,1000,0,0.0,1.0,0.0,0.21057679999999998,0.17598,Advantage2_system1.13,2111,24,./penalty_sweep_qpu_v113/samples/3nq9_Kdist3.0_Kmono18.0/psweep113_r3_20260327_042607/3nq9_ligand_report.csv,./penalty_sweep_qpu_v113/samples/3nq9_Kdist3.0_Kmono18.0/psweep113_r3_20260327_042607/3nq9_ligand_samples.json,./penalty_sweep_qpu_v113/samples/3nq9_Kdist3.0_Kmono18.0/psweep113_r3_20260327_042607/result.json
3nq9,3nq9_Kdist3.0_Kmono19.0,psweep113_r3_20260327_042607,3.0,19.0,ok,1.434638338709987,1000,1000,1000,4,0.004,1.0,0.004,0.20019879999999998,0.1656,Advantage2_system1.13,2066,24,./penalty_sweep_qpu_v113/samples/3nq9_Kdist3.0_Kmono19.0/psweep113_r3_20260327_042607/3nq9_ligand_report.csv,./penalty_sweep_qpu_v113/samples/3nq9_Kdist3.0_Kmono19.0/psweep113_r3_20260327_042607/3nq9_ligand_samples.json,./penalty_sweep_qpu_v113/samples/3nq9_Kdist3.0_Kmono19.0/psweep113_r3_20260327_042607/result.json
3nq9,3nq9_Kdist3.0_Kmono20.0,psweep113_r3_20260327_042607,3.0,20.0,ok,2.9449519846453023,1000,1000,1000,0,0.0,1.0,0.0,0.2042596,0.16966,Advantage2_system1.13,2267,27,./penalty_sweep_qpu_v113/samples/3nq9_Kdist3.0_Kmono20.0/psweep113_r3_20260327_042607/3nq9_ligand_report.csv,./penalty_sweep_qpu_v113/samples/3nq9_Kdist3.0_Kmono20.0/psweep113_r3_20260327_042607/3nq9_ligand_samples.json,./penalty_sweep_qpu_v113/samples/3nq9_Kdist3.0_Kmono20.0/psweep113_r3_20260327_042607/result.json
3nq9,3nq9_Kdist3.5_Kmono1.0,psweep113_r3_20260327_042607,3.5,1.0,ok,1.2669087040653024,1000,1000,1000,3,0.003,1.0,0.003,0.20922960000000002,0.17462,Advantage2_system1.13,2221,26,./penalty_sweep_qpu_v113/samples/3nq9_Kdist3.5_Kmono1.0/psweep113_r3_20260327_042607/3nq9_ligand_report.csv,./penalty_sweep_qpu_v113/samples/3nq9_Kdist3.5_Kmono1.0/psweep113_r3_20260327_042607/3nq9_ligand_samples.json,./penalty_sweep_qpu_v113/samples/3nq9_Kdist3.5_Kmono1.0/psweep113_r3_20260327_042607/result.json
3nq9,3nq9_Kdist3.5_Kmono2.0,psweep113_r3_20260327_042607,3.5,2.0,ok,2.615871559336519,1000,1000,1000,0,0.0,1.0,0.0,0.2149024,0.1803,Advantage2_system1.13,2116,24,./penalty_sweep_qpu_v113/samples/3nq9_Kdist3.5_Kmono2.0/psweep113_r3_20260327_042607/3nq9_ligand_report.csv,./penalty_sweep_qpu_v113/samples/3nq9_Kdist3.5_Kmono2.0/psweep113_r3_20260327_042607/3nq9_ligand_samples.json,./penalty_sweep_qpu_v113/samples/3nq9_Kdist3.5_Kmono2.0/psweep113_r3_20260327_042607/result.json
3nq9,3nq9_Kdist3.5_Kmono3.0,psweep113_r3_20260327_042607,3.5,3.0,ok,4.6211572794429,1000,1000,1000,0,0.0,1.0,0.0,0.21290879999999998,0.1783,Advantage2_system1.13,2119,25,./penalty_sweep_qpu_v113/samples/3nq9_Kdist3.5_Kmono3.0/psweep113_r3_20260327_042607/3nq9_ligand_report.csv,./penalty_sweep_qpu_v113/samples/3nq9_Kdist3.5_Kmono3.0/psweep113_r3_20260327_042607/3nq9_ligand_samples.json,./penalty_sweep_qpu_v113/samples/3nq9_Kdist3.5_Kmono3.0/psweep113_r3_20260327_042607/result.json
3nq9,3nq9_Kdist3.5_Kmono4.0,psweep113_r3_20260327_042607,3.5,4.0,ok,2.722579915831952,1000,1000,1000,0,0.0,1.0,0.0,0.20712360000000002,0.17252,Advantage2_system1.13,1967,23,./penalty_sweep_qpu_v113/samples/3nq9_Kdist3.5_Kmono4.0/psweep113_r3_20260327_042607/3nq9_ligand_report.csv,./penalty_sweep_qpu_v113/samples/3nq9_Kdist3.5_Kmono4.0/psweep113_r3_20260327_042607/3nq9_ligand_samples.json,./penalty_sweep_qpu_v113/samples/3nq9_Kdist3.5_Kmono4.0/psweep113_r3_20260327_042607/result.json
3nq9,3nq9_Kdist3.5_Kmono5.0,psweep113_r3_20260327_042607,3.5,5.0,ok,3.105037458652388,1000,1000,1000,0,0.0,1.0,0.0,0.2079084,0.1733,Advantage2_system1.13,1863,21,./penalty_sweep_qpu_v113/samples/3nq9_Kdist3.5_Kmono5.0/psweep113_r3_20260327_042607/3nq9_ligand_report.csv,./penalty_sweep_qpu_v113/samples/3nq9_Kdist3.5_Kmono5.0/psweep113_r3_20260327_042607/3nq9_ligand_samples.json,./penalty_sweep_qpu_v113/samples/3nq9_Kdist3.5_Kmono5.0/psweep113_r3_20260327_042607/result.json
3nq9,3nq9_Kdist3.5_Kmono6.0,psweep113_r3_20260327_042607,3.5,6.0,ok,2.5586023310336348,1000,1000,1000,0,0.0,1.0,0.0,0.2042124,0.1696,Advantage2_system1.13,2032,24,./penalty_sweep_qpu_v113/samples/3nq9_Kdist3.5_Kmono6.0/psweep113_r3_20260327_042607/3nq9_ligand_report.csv,./penalty_sweep_qpu_v113/samples/3nq9_Kdist3.5_Kmono6.0/psweep113_r3_20260327_042607/3nq9_ligand_samples.json,./penalty_sweep_qpu_v113/samples/3nq9_Kdist3.5_Kmono6.0/psweep113_r3_20260327_042607/result.json
3nq9,3nq9_Kdist3.5_Kmono7.0,psweep113_r3_20260327_042607,3.5,7.0,ok,3.8968280871210736,1000,1000,1000,0,0.0,1.0,0.0,0.2102088,0.1756,Advantage2_system1.13,2348,28,./penalty_sweep_qpu_v113/samples/3nq9_Kdist3.5_Kmono7.0/psweep113_r3_20260327_042607/3nq9_ligand_report.csv,./penalty_sweep_qpu_v113/samples/3nq9_Kdist3.5_Kmono7.0/psweep113_r3_20260327_042607/3nq9_ligand_samples.json,./penalty_sweep_qpu_v113/samples/3nq9_Kdist3.5_Kmono7.0/psweep113_r3_20260327_042607/result.json
3nq9,3nq9_Kdist3.5_Kmono8.0,psweep113_r3_20260327_042607,3.5,8.0,ok,4.640396720343808,1000,1000,1000,0,0.0,1.0,0.0,0.2067272,0.17212,Advantage2_system1.13,2138,25,./penalty_sweep_qpu_v113/samples/3nq9_Kdist3.5_Kmono8.0/psweep113_r3_20260327_042607/3nq9_ligand_report.csv,./penalty_sweep_qpu_v113/samples/3nq9_Kdist3.5_Kmono8.0/psweep113_r3_20260327_042607/3nq9_ligand_samples.json,./penalty_sweep_qpu_v113/samples/3nq9_Kdist3.5_Kmono8.0/psweep113_r3_20260327_042607/result.json
3nq9,3nq9_Kdist3.5_Kmono9.0,psweep113_r3_20260327_042607,3.5,9.0,ok,3.617081547787824,1000,1000,1000,0,0.0,1.0,0.0,0.20899120000000002,0.17438,Advantage2_system1.13,2018,23,./penalty_sweep_qpu_v113/samples/3nq9_Kdist3.5_Kmono9.0/psweep113_r3_20260327_042607/3nq9_ligand_report.csv,./penalty_sweep_qpu_v113/samples/3nq9_Kdist3.5_Kmono9.0/psweep113_r3_20260327_042607/3nq9_ligand_samples.json,./penalty_sweep_qpu_v113/samples/3nq9_Kdist3.5_Kmono9.0/psweep113_r3_20260327_042607/result.json
3nq9,3nq9_Kdist3.5_Kmono10.0,psweep113_r3_20260327_042607,3.5,10.0,ok,2.395193461868601,1000,1000,1000,0,0.0,1.0,0.0,0.2142736,0.17966,Advantage2_system1.13,2269,26,./penalty_sweep_qpu_v113/samples/3nq9_Kdist3.5_Kmono10.0/psweep113_r3_20260327_042607/3nq9_ligand_report.csv,./penalty_sweep_qpu_v113/samples/3nq9_Kdist3.5_Kmono10.0/psweep113_r3_20260327_042607/3nq9_ligand_samples.json,./penalty_sweep_qpu_v113/samples/3nq9_Kdist3.5_Kmono10.0/psweep113_r3_20260327_042607/result.json
3nq9,3nq9_Kdist3.5_Kmono11.0,psweep113_r3_20260327_042607,3.5,11.0,ok,1.9391735402662813,1000,1000,1000,3,0.003,1.0,0.003,0.211732,0.17712,Advantage2_system1.13,2310,28,./penalty_sweep_qpu_v113/samples/3nq9_Kdist3.5_Kmono11.0/psweep113_r3_20260327_042607/3nq9_ligand_report.csv,./penalty_sweep_qpu_v113/samples/3nq9_Kdist3.5_Kmono11.0/psweep113_r3_20260327_042607/3nq9_ligand_samples.json,./penalty_sweep_qpu_v113/samples/3nq9_Kdist3.5_Kmono11.0/psweep113_r3_20260327_042607/result.json
3nq9,3nq9_Kdist3.5_Kmono12.0,psweep113_r3_20260327_042607,3.5,12.0,ok,4.242421068445434,1000,1000,1000,0,0.0,1.0,0.0,0.20820439999999998,0.1736,Advantage2_system1.13,2063,25,./penalty_sweep_qpu_v113/samples/3nq9_Kdist3.5_Kmono12.0/psweep113_r3_20260327_042607/3nq9_ligand_report.csv,./penalty_sweep_qpu_v113/samples/3nq9_Kdist3.5_Kmono12.0/psweep113_r3_20260327_042607/3nq9_ligand_samples.json,./penalty_sweep_qpu_v113/samples/3nq9_Kdist3.5_Kmono12.0/psweep113_r3_20260327_042607/result.json
3nq9,3nq9_Kdist3.5_Kmono13.0,psweep113_r3_20260327_042607,3.5,13.0,ok,2.911638031018539,1000,1000,1000,0,0.0,1.0,0.0,0.2139036,0.1793,Advantage2_system1.13,2311,28,./penalty_sweep_qpu_v113/samples/3nq9_Kdist3.5_Kmono13.0/psweep113_r3_20260327_042607/3nq9_ligand_report.csv,./penalty_sweep_qpu_v113/samples/3nq9_Kdist3.5_Kmono13.0/psweep113_r3_20260327_042607/3nq9_ligand_samples.json,./penalty_sweep_qpu_v113/samples/3nq9_Kdist3.5_Kmono13.0/psweep113_r3_20260327_042607/result.json
3nq9,3nq9_Kdist3.5_Kmono14.0,psweep113_r3_20260327_042607,3.5,14.0,ok,2.491576609571199,1000,1000,1000,0,0.0,1.0,0.0,0.2127304,0.17812,Advantage2_system1.13,2353,28,./penalty_sweep_qpu_v113/samples/3nq9_Kdist3.5_Kmono14.0/psweep113_r3_20260327_042607/3nq9_ligand_report.csv,./penalty_sweep_qpu_v113/samples/3nq9_Kdist3.5_Kmono14.0/psweep113_r3_20260327_042607/3nq9_ligand_samples.json,./penalty_sweep_qpu_v113/samples/3nq9_Kdist3.5_Kmono14.0/psweep113_r3_20260327_042607/result.json
3nq9,3nq9_Kdist3.5_Kmono15.0,psweep113_r3_20260327_042607,3.5,15.0,ok,4.49850516011142,1000,1000,1000,0,0.0,1.0,0.0,0.2061988,0.1716,Advantage2_system1.13,1997,23,./penalty_sweep_qpu_v113/samples/3nq9_Kdist3.5_Kmono15.0/psweep113_r3_20260327_042607/3nq9_ligand_report.csv,./penalty_sweep_qpu_v113/samples/3nq9_Kdist3.5_Kmono15.0/psweep113_r3_20260327_042607/3nq9_ligand_samples.json,./penalty_sweep_qpu_v113/samples/3nq9_Kdist3.5_Kmono15.0/psweep113_r3_20260327_042607/result.json
3nq9,3nq9_Kdist3.5_Kmono16.0,psweep113_r3_20260327_042607,3.5,16.0,ok,2.408639596755623,1000,1000,1000,0,0.0,1.0,0.0,0.20849120000000002,0.17388,Advantage2_system1.13,2228,28,./penalty_sweep_qpu_v113/samples/3nq9_Kdist3.5_Kmono16.0/psweep113_r3_20260327_042607/3nq9_ligand_report.csv,./penalty_sweep_qpu_v113/samples/3nq9_Kdist3.5_Kmono16.0/psweep113_r3_20260327_042607/3nq9_ligand_samples.json,./penalty_sweep_qpu_v113/samples/3nq9_Kdist3.5_Kmono16.0/psweep113_r3_20260327_042607/result.json
3nq9,3nq9_Kdist3.5_Kmono17.0,psweep113_r3_20260327_042607,3.5,17.0,ok,1.495643404279652,1000,1000,1000,7,0.007,1.0,0.007,0.2082332,0.17362,Advantage2_system1.13,2245,27,./penalty_sweep_qpu_v113/samples/3nq9_Kdist3.5_Kmono17.0/psweep113_r3_20260327_042607/3nq9_ligand_report.csv,./penalty_sweep_qpu_v113/samples/3nq9_Kdist3.5_Kmono17.0/psweep113_r3_20260327_042607/3nq9_ligand_samples.json,./penalty_sweep_qpu_v113/samples/3nq9_Kdist3.5_Kmono17.0/psweep113_r3_20260327_042607/result.json
3nq9,3nq9_Kdist3.5_Kmono18.0,psweep113_r3_20260327_042607,3.5,18.0,ok,1.2821687716644106,1000,1000,1000,68,0.068,1.0,0.068,0.2016248,0.16702,Advantage2_system1.13,2218,26,./penalty_sweep_qpu_v113/samples/3nq9_Kdist3.5_Kmono18.0/psweep113_r3_20260327_042607/3nq9_ligand_report.csv,./penalty_sweep_qpu_v113/samples/3nq9_Kdist3.5_Kmono18.0/psweep113_r3_20260327_042607/3nq9_ligand_samples.json,./penalty_sweep_qpu_v113/samples/3nq9_Kdist3.5_Kmono18.0/psweep113_r3_20260327_042607/result.json
3nq9,3nq9_Kdist3.5_Kmono19.0,psweep113_r3_20260327_042607,3.5,19.0,ok,3.5701208346750652,1000,1000,1000,0,0.0,1.0,0.0,0.2116264,0.17702,Advantage2_system1.13,2352,29,./penalty_sweep_qpu_v113/samples/3nq9_Kdist3.5_Kmono19.0/psweep113_r3_20260327_042607/3nq9_ligand_report.csv,./penalty_sweep_qpu_v113/samples/3nq9_Kdist3.5_Kmono19.0/psweep113_r3_20260327_042607/3nq9_ligand_samples.json,./penalty_sweep_qpu_v113/samples/3nq9_Kdist3.5_Kmono19.0/psweep113_r3_20260327_042607/result.json
3nq9,3nq9_Kdist3.5_Kmono20.0,psweep113_r3_20260327_042607,3.5,20.0,ok,1.2162920224209994,1000,1000,1000,8,0.008,1.0,0.008,0.203022,0.16842,Advantage2_system1.13,2228,26,./penalty_sweep_qpu_v113/samples/3nq9_Kdist3.5_Kmono20.0/psweep113_r3_20260327_042607/3nq9_ligand_report.csv,./penalty_sweep_qpu_v113/samples/3nq9_Kdist3.5_Kmono20.0/psweep113_r3_20260327_042607/3nq9_ligand_samples.json,./penalty_sweep_qpu_v113/samples/3nq9_Kdist3.5_Kmono20.0/psweep113_r3_20260327_042607/result.json
3nq9,3nq9_Kdist4.0_Kmono1.0,psweep113_r3_20260327_042607,4.0,1.0,ok,4.378849394599367,1000,1000,1000,0,0.0,1.0,0.0,0.21303,0.17842,Advantage2_system1.13,2016,24,./penalty_sweep_qpu_v113/samples/3nq9_Kdist4.0_Kmono1.0/psweep113_r3_20260327_042607/3nq9_ligand_report.csv,./penalty_sweep_qpu_v113/samples/3nq9_Kdist4.0_Kmono1.0/psweep113_r3_20260327_042607/3nq9_ligand_samples.json,./penalty_sweep_qpu_v113/samples/3nq9_Kdist4.0_Kmono1.0/psweep113_r3_20260327_042607/result.json
3nq9,3nq9_Kdist4.0_Kmono2.0,psweep113_r3_20260327_042607,4.0,2.0,ok,3.6333176924368584,1000,1000,1000,0,0.0,1.0,0.0,0.2037648,0.16916,Advantage2_system1.13,2210,25,./penalty_sweep_qpu_v113/samples/3nq9_Kdist4.0_Kmono2.0/psweep113_r3_20260327_042607/3nq9_ligand_report.csv,./penalty_sweep_qpu_v113/samples/3nq9_Kdist4.0_Kmono2.0/psweep113_r3_20260327_042607/3nq9_ligand_samples.json,./penalty_sweep_qpu_v113/samples/3nq9_Kdist4.0_Kmono2.0/psweep113_r3_20260327_042607/result.json
3nq9,3nq9_Kdist4.0_Kmono3.0,psweep113_r3_20260327_042607,4.0,3.0,ok,3.810118275615864,1000,1000,1000,0,0.0,1.0,0.0,0.20595,0.17134,Advantage2_system1.13,2222,27,./penalty_sweep_qpu_v113/samples/3nq9_Kdist4.0_Kmono3.0/psweep113_r3_20260327_042607/3nq9_ligand_report.csv,./penalty_sweep_qpu_v113/samples/3nq9_Kdist4.0_Kmono3.0/psweep113_r3_20260327_042607/3nq9_ligand_samples.json,./penalty_sweep_qpu_v113/samples/3nq9_Kdist4.0_Kmono3.0/psweep113_r3_20260327_042607/result.json
3nq9,3nq9_Kdist4.0_Kmono4.0,psweep113_r3_20260327_042607,4.0,4.0,ok,3.0735321933769453,1000,1000,1000,0,0.0,1.0,0.0,0.2109064,0.1763,Advantage2_system1.13,2155,25,./penalty_sweep_qpu_v113/samples/3nq9_Kdist4.0_Kmono4.0/psweep113_r3_20260327_042607/3nq9_ligand_report.csv,./penalty_sweep_qpu_v113/samples/3nq9_Kdist4.0_Kmono4.0/psweep113_r3_20260327_042607/3nq9_ligand_samples.json,./penalty_sweep_qpu_v113/samples/3nq9_Kdist4.0_Kmono4.0/psweep113_r3_20260327_042607/result.json
3nq9,3nq9_Kdist4.0_Kmono5.0,psweep113_r3_20260327_042607,4.0,5.0,ok,3.163710684830264,1000,1000,1000,0,0.0,1.0,0.0,0.21415879999999998,0.17956,Advantage2_system1.13,2014,23,./penalty_sweep_qpu_v113/samples/3nq9_Kdist4.0_Kmono5.0/psweep113_r3_20260327_042607/3nq9_ligand_report.csv,./penalty_sweep_qpu_v113/samples/3nq9_Kdist4.0_Kmono5.0/psweep113_r3_20260327_042607/3nq9_ligand_samples.json,./penalty_sweep_qpu_v113/samples/3nq9_Kdist4.0_Kmono5.0/psweep113_r3_20260327_042607/result.json
3nq9,3nq9_Kdist4.0_Kmono6.0,psweep113_r3_20260327_042607,4.0,6.0,ok,2.4878034315840063,1000,1000,1000,0,0.0,1.0,0.0,0.2081296,0.17352,Advantage2_system1.13,2057,25,./penalty_sweep_qpu_v113/samples/3nq9_Kdist4.0_Kmono6.0/psweep113_r3_20260327_042607/3nq9_ligand_report.csv,./penalty_sweep_qpu_v113/samples/3nq9_Kdist4.0_Kmono6.0/psweep113_r3_20260327_042607/3nq9_ligand_samples.json,./penalty_sweep_qpu_v113/samples/3nq9_Kdist4.0_Kmono6.0/psweep113_r3_20260327_042607/result.json
3nq9,3nq9_Kdist4.0_Kmono7.0,psweep113_r3_20260327_042607,4.0,7.0,ok,2.018779249917479,1000,1000,1000,0,0.0,1.0,0.0,0.2052092,0.1706,Advantage2_system1.13,2151,26,./penalty_sweep_qpu_v113/samples/3nq9_Kdist4.0_Kmono7.0/psweep113_r3_20260327_042607/3nq9_ligand_report.csv,./penalty_sweep_qpu_v113/samples/3nq9_Kdist4.0_Kmono7.0/psweep113_r3_20260327_042607/3nq9_ligand_samples.json,./penalty_sweep_qpu_v113/samples/3nq9_Kdist4.0_Kmono7.0/psweep113_r3_20260327_042607/result.json
3nq9,3nq9_Kdist4.0_Kmono8.0,psweep113_r3_20260327_042607,4.0,8.0,ok,2.903417316521769,1000,1000,1000,0,0.0,1.0,0.0,0.2100224,0.17542,Advantage2_system1.13,2107,24,./penalty_sweep_qpu_v113/samples/3nq9_Kdist4.0_Kmono8.0/psweep113_r3_20260327_042607/3nq9_ligand_report.csv,./penalty_sweep_qpu_v113/samples/3nq9_Kdist4.0_Kmono8.0/psweep113_r3_20260327_042607/3nq9_ligand_samples.json,./penalty_sweep_qpu_v113/samples/3nq9_Kdist4.0_Kmono8.0/psweep113_r3_20260327_042607/result.json
3nq9,3nq9_Kdist4.0_Kmono9.0,psweep113_r3_20260327_042607,4.0,9.0,ok,1.9104104481787154,1000,1000,1000,3,0.003,1.0,0.003,0.21548920000000002,0.18088,Advantage2_system1.13,2009,22,./penalty_sweep_qpu_v113/samples/3nq9_Kdist4.0_Kmono9.0/psweep113_r3_20260327_042607/3nq9_ligand_report.csv,./penalty_sweep_qpu_v113/samples/3nq9_Kdist4.0_Kmono9.0/psweep113_r3_20260327_042607/3nq9_ligand_samples.json,./penalty_sweep_qpu_v113/samples/3nq9_Kdist4.0_Kmono9.0/psweep113_r3_20260327_042607/result.json
3nq9,3nq9_Kdist4.0_Kmono10.0,psweep113_r3_20260327_042607,4.0,10.0,ok,3.773587861911965,1000,1000,1000,0,0.0,1.0,0.0,0.21504520000000002,0.18044,Advantage2_system1.13,2102,27,./penalty_sweep_qpu_v113/samples/3nq9_Kdist4.0_Kmono10.0/psweep113_r3_20260327_042607/3nq9_ligand_report.csv,./penalty_sweep_qpu_v113/samples/3nq9_Kdist4.0_Kmono10.0/psweep113_r3_20260327_042607/3nq9_ligand_samples.json,./penalty_sweep_qpu_v113/samples/3nq9_Kdist4.0_Kmono10.0/psweep113_r3_20260327_042607/result.json
3nq9,3nq9_Kdist4.0_Kmono11.0,psweep113_r3_20260327_042607,4.0,11.0,ok,3.372904664314885,1000,1000,1000,0,0.0,1.0,0.0,0.21912279999999998,0.18452,Advantage2_system1.13,2014,24,./penalty_sweep_qpu_v113/samples/3nq9_Kdist4.0_Kmono11.0/psweep113_r3_20260327_042607/3nq9_ligand_report.csv,./penalty_sweep_qpu_v113/samples/3nq9_Kdist4.0_Kmono11.0/psweep113_r3_20260327_042607/3nq9_ligand_samples.json,./penalty_sweep_qpu_v113/samples/3nq9_Kdist4.0_Kmono11.0/psweep113_r3_20260327_042607/result.json
3nq9,3nq9_Kdist4.0_Kmono12.0,psweep113_r3_20260327_042607,4.0,12.0,ok,4.787251301011923,1000,1000,1000,0,0.0,1.0,0.0,0.2106728,0.17606,Advantage2_system1.13,2380,30,./penalty_sweep_qpu_v113/samples/3nq9_Kdist4.0_Kmono12.0/psweep113_r3_20260327_042607/3nq9_ligand_report.csv,./penalty_sweep_qpu_v113/samples/3nq9_Kdist4.0_Kmono12.0/psweep113_r3_20260327_042607/3nq9_ligand_samples.json,./penalty_sweep_qpu_v113/samples/3nq9_Kdist4.0_Kmono12.0/psweep113_r3_20260327_042607/result.json
3nq9,3nq9_Kdist4.0_Kmono13.0,psweep113_r3_20260327_042607,4.0,13.0,ok,2.8954740187481223,1000,1000,1000,0,0.0,1.0,0.0,0.199876,0.16528,Advantage2_system1.13,1897,21,./penalty_sweep_qpu_v113/samples/3nq9_Kdist4.0_Kmono13.0/psweep113_r3_20260327_042607/3nq9_ligand_report.csv,./penalty_sweep_qpu_v113/samples/3nq9_Kdist4.0_Kmono13.0/psweep113_r3_20260327_042607/3nq9_ligand_samples.json,./penalty_sweep_qpu_v113/samples/3nq9_Kdist4.0_Kmono13.0/psweep113_r3_20260327_042607/result.json
3nq9,3nq9_Kdist4.0_Kmono14.0,psweep113_r3_20260327_042607,4.0,14.0,ok,3.1000871433958634,1000,1000,1000,0,0.0,1.0,0.0,0.2108456,0.17624,Advantage2_system1.13,1873,22,./penalty_sweep_qpu_v113/samples/3nq9_Kdist4.0_Kmono14.0/psweep113_r3_20260327_042607/3nq9_ligand_report.csv,./penalty_sweep_qpu_v113/samples/3nq9_Kdist4.0_Kmono14.0/psweep113_r3_20260327_042607/3nq9_ligand_samples.json,./penalty_sweep_qpu_v113/samples/3nq9_Kdist4.0_Kmono14.0/psweep113_r3_20260327_042607/result.json
3nq9,3nq9_Kdist4.0_Kmono15.0,psweep113_r3_20260327_042607,4.0,15.0,ok,3.1615725860927273,1000,1000,1000,0,0.0,1.0,0.0,0.2040444,0.16944,Advantage2_system1.13,1915,21,./penalty_sweep_qpu_v113/samples/3nq9_Kdist4.0_Kmono15.0/psweep113_r3_20260327_042607/3nq9_ligand_report.csv,./penalty_sweep_qpu_v113/samples/3nq9_Kdist4.0_Kmono15.0/psweep113_r3_20260327_042607/3nq9_ligand_samples.json,./penalty_sweep_qpu_v113/samples/3nq9_Kdist4.0_Kmono15.0/psweep113_r3_20260327_042607/result.json
3nq9,3nq9_Kdist4.0_Kmono16.0,psweep113_r3_20260327_042607,4.0,16.0,ok,1.6379596137149193,1000,1000,1000,1,0.001,1.0,0.001,0.2069424,0.17234,Advantage2_system1.13,2044,23,./penalty_sweep_qpu_v113/samples/3nq9_Kdist4.0_Kmono16.0/psweep113_r3_20260327_042607/3nq9_ligand_report.csv,./penalty_sweep_qpu_v113/samples/3nq9_Kdist4.0_Kmono16.0/psweep113_r3_20260327_042607/3nq9_ligand_samples.json,./penalty_sweep_qpu_v113/samples/3nq9_Kdist4.0_Kmono16.0/psweep113_r3_20260327_042607/result.json
3nq9,3nq9_Kdist4.0_Kmono17.0,psweep113_r3_20260327_042607,4.0,17.0,ok,3.6151082612458736,1000,1000,1000,0,0.0,1.0,0.0,0.20716679999999998,0.17256,Advantage2_system1.13,1989,23,./penalty_sweep_qpu_v113/samples/3nq9_Kdist4.0_Kmono17.0/psweep113_r3_20260327_042607/3nq9_ligand_report.csv,./penalty_sweep_qpu_v113/samples/3nq9_Kdist4.0_Kmono17.0/psweep113_r3_20260327_042607/3nq9_ligand_samples.json,./penalty_sweep_qpu_v113/samples/3nq9_Kdist4.0_Kmono17.0/psweep113_r3_20260327_042607/result.json
3nq9,3nq9_Kdist4.0_Kmono18.0,psweep113_r3_20260327_042607,4.0,18.0,ok,1.1956596043366854,1000,1000,1000,33,0.033,1.0,0.033,0.2075896,0.17298,Advantage2_system1.13,2119,24,./penalty_sweep_qpu_v113/samples/3nq9_Kdist4.0_Kmono18.0/psweep113_r3_20260327_042607/3nq9_ligand_report.csv,./penalty_sweep_qpu_v113/samples/3nq9_Kdist4.0_Kmono18.0/psweep113_r3_20260327_042607/3nq9_ligand_samples.json,./penalty_sweep_qpu_v113/samples/3nq9_Kdist4.0_Kmono18.0/psweep113_r3_20260327_042607/result.json
3nq9,3nq9_Kdist4.0_Kmono19.0,psweep113_r3_20260327_042607,4.0,19.0,ok,1.8900257774877454,1000,1000,1000,1,0.001,1.0,0.001,0.21166320000000002,0.17706,Advantage2_system1.13,2217,27,./penalty_sweep_qpu_v113/samples/3nq9_Kdist4.0_Kmono19.0/psweep113_r3_20260327_042607/3nq9_ligand_report.csv,./penalty_sweep_qpu_v113/samples/3nq9_Kdist4.0_Kmono19.0/psweep113_r3_20260327_042607/3nq9_ligand_samples.json,./penalty_sweep_qpu_v113/samples/3nq9_Kdist4.0_Kmono19.0/psweep113_r3_20260327_042607/result.json
3nq9,3nq9_Kdist4.0_Kmono20.0,psweep113_r3_20260327_042607,4.0,20.0,ok,2.8040480044195006,1000,1000,1000,0,0.0,1.0,0.0,0.20949320000000002,0.17488,Advantage2_system1.13,2246,26,./penalty_sweep_qpu_v113/samples/3nq9_Kdist4.0_Kmono20.0/psweep113_r3_20260327_042607/3nq9_ligand_report.csv,./penalty_sweep_qpu_v113/samples/3nq9_Kdist4.0_Kmono20.0/psweep113_r3_20260327_042607/3nq9_ligand_samples.json,./penalty_sweep_qpu_v113/samples/3nq9_Kdist4.0_Kmono20.0/psweep113_r3_20260327_042607/result.json
3nq9,3nq9_Kdist4.5_Kmono1.0,psweep113_r3_20260327_042607,4.5,1.0,ok,5.4012471667542,1000,1000,1000,0,0.0,1.0,0.0,0.207218,0.17262,Advantage2_system1.13,2157,25,./penalty_sweep_qpu_v113/samples/3nq9_Kdist4.5_Kmono1.0/psweep113_r3_20260327_042607/3nq9_ligand_report.csv,./penalty_sweep_qpu_v113/samples/3nq9_Kdist4.5_Kmono1.0/psweep113_r3_20260327_042607/3nq9_ligand_samples.json,./penalty_sweep_qpu_v113/samples/3nq9_Kdist4.5_Kmono1.0/psweep113_r3_20260327_042607/result.json
3nq9,3nq9_Kdist4.5_Kmono2.0,psweep113_r3_20260327_042607,4.5,2.0,ok,2.1422880793010406,1000,1000,1000,0,0.0,1.0,0.0,0.2097252,0.17512,Advantage2_system1.13,2045,23,./penalty_sweep_qpu_v113/samples/3nq9_Kdist4.5_Kmono2.0/psweep113_r3_20260327_042607/3nq9_ligand_report.csv,./penalty_sweep_qpu_v113/samples/3nq9_Kdist4.5_Kmono2.0/psweep113_r3_20260327_042607/3nq9_ligand_samples.json,./penalty_sweep_qpu_v113/samples/3nq9_Kdist4.5_Kmono2.0/psweep113_r3_20260327_042607/result.json
3nq9,3nq9_Kdist4.5_Kmono3.0,psweep113_r3_20260327_042607,4.5,3.0,ok,5.513504515286223,1000,1000,1000,0,0.0,1.0,0.0,0.210034,0.17542,Advantage2_system1.13,2363,29,./penalty_sweep_qpu_v113/samples/3nq9_Kdist4.5_Kmono3.0/psweep113_r3_20260327_042607/3nq9_ligand_report.csv,./penalty_sweep_qpu_v113/samples/3nq9_Kdist4.5_Kmono3.0/psweep113_r3_20260327_042607/3nq9_ligand_samples.json,./penalty_sweep_qpu_v113/samples/3nq9_Kdist4.5_Kmono3.0/psweep113_r3_20260327_042607/result.json
3nq9,3nq9_Kdist4.5_Kmono4.0,psweep113_r3_20260327_042607,4.5,4.0,ok,0.9058079034337712,1000,1000,1000,6,0.006,1.0,0.006,0.21426520000000002,0.17966,Advantage2_system1.13,2126,24,./penalty_sweep_qpu_v113/samples/3nq9_Kdist4.5_Kmono4.0/psweep113_r3_20260327_042607/3nq9_ligand_report.csv,./penalty_sweep_qpu_v113/samples/3nq9_Kdist4.5_Kmono4.0/psweep113_r3_20260327_042607/3nq9_ligand_samples.json,./penalty_sweep_qpu_v113/samples/3nq9_Kdist4.5_Kmono4.0/psweep113_r3_20260327_042607/result.json
3nq9,3nq9_Kdist4.5_Kmono5.0,psweep113_r3_20260327_042607,4.5,5.0,ok,5.372427030300526,1000,1000,1000,0,0.0,1.0,0.0,0.2093056,0.1747,Advantage2_system1.13,2325,28,./penalty_sweep_qpu_v113/samples/3nq9_Kdist4.5_Kmono5.0/psweep113_r3_20260327_042607/3nq9_ligand_report.csv,./penalty_sweep_qpu_v113/samples/3nq9_Kdist4.5_Kmono5.0/psweep113_r3_20260327_042607/3nq9_ligand_samples.json,./penalty_sweep_qpu_v113/samples/3nq9_Kdist4.5_Kmono5.0/psweep113_r3_20260327_042607/result.json
3nq9,3nq9_Kdist4.5_Kmono6.0,psweep113_r3_20260327_042607,4.5,6.0,ok,5.879793192108626,1000,1000,1000,0,0.0,1.0,0.0,0.205338,0.17074,Advantage2_system1.13,2130,25,./penalty_sweep_qpu_v113/samples/3nq9_Kdist4.5_Kmono6.0/psweep113_r3_20260327_042607/3nq9_ligand_report.csv,./penalty_sweep_qpu_v113/samples/3nq9_Kdist4.5_Kmono6.0/psweep113_r3_20260327_042607/3nq9_ligand_samples.json,./penalty_sweep_qpu_v113/samples/3nq9_Kdist4.5_Kmono6.0/psweep113_r3_20260327_042607/result.json
3nq9,3nq9_Kdist4.5_Kmono7.0,psweep113_r3_20260327_042607,4.5,7.0,ok,3.741794498880443,1000,1000,1000,0,0.0,1.0,0.0,0.2074476,0.17284,Advantage2_system1.13,2309,27,./penalty_sweep_qpu_v113/samples/3nq9_Kdist4.5_Kmono7.0/psweep113_r3_20260327_042607/3nq9_ligand_report.csv,./penalty_sweep_qpu_v113/samples/3nq9_Kdist4.5_Kmono7.0/psweep113_r3_20260327_042607/3nq9_ligand_samples.json,./penalty_sweep_qpu_v113/samples/3nq9_Kdist4.5_Kmono7.0/psweep113_r3_20260327_042607/result.json
3nq9,3nq9_Kdist4.5_Kmono8.0,psweep113_r3_20260327_042607,4.5,8.0,ok,3.269522264175406,1000,1000,1000,0,0.0,1.0,0.0,0.21570679999999998,0.1811,Advantage2_system1.13,2187,26,./penalty_sweep_qpu_v113/samples/3nq9_Kdist4.5_Kmono8.0/psweep113_r3_20260327_042607/3nq9_ligand_report.csv,./penalty_sweep_qpu_v113/samples/3nq9_Kdist4.5_Kmono8.0/psweep113_r3_20260327_042607/3nq9_ligand_samples.json,./penalty_sweep_qpu_v113/samples/3nq9_Kdist4.5_Kmono8.0/psweep113_r3_20260327_042607/result.json
3nq9,3nq9_Kdist4.5_Kmono9.0,psweep113_r3_20260327_042607,4.5,9.0,ok,3.990488851367032,1000,1000,1000,0,0.0,1.0,0.0,0.2084884,0.17388,Advantage2_system1.13,2176,25,./penalty_sweep_qpu_v113/samples/3nq9_Kdist4.5_Kmono9.0/psweep113_r3_20260327_042607/3nq9_ligand_report.csv,./penalty_sweep_qpu_v113/samples/3nq9_Kdist4.5_Kmono9.0/psweep113_r3_20260327_042607/3nq9_ligand_samples.json,./penalty_sweep_qpu_v113/samples/3nq9_Kdist4.5_Kmono9.0/psweep113_r3_20260327_042607/result.json
3nq9,3nq9_Kdist4.5_Kmono10.0,psweep113_r3_20260327_042607,4.5,10.0,ok,1.4436601400596043,1000,1000,1000,4,0.004,1.0,0.004,0.2125284,0.17792,Advantage2_system1.13,2127,25,./penalty_sweep_qpu_v113/samples/3nq9_Kdist4.5_Kmono10.0/psweep113_r3_20260327_042607/3nq9_ligand_report.csv,./penalty_sweep_qpu_v113/samples/3nq9_Kdist4.5_Kmono10.0/psweep113_r3_20260327_042607/3nq9_ligand_samples.json,./penalty_sweep_qpu_v113/samples/3nq9_Kdist4.5_Kmono10.0/psweep113_r3_20260327_042607/result.json
3nq9,3nq9_Kdist4.5_Kmono11.0,psweep113_r3_20260327_042607,4.5,11.0,ok,3.6042689985105736,1000,1000,1000,0,0.0,1.0,0.0,0.2067116,0.1721,Advantage2_system1.13,2097,25,./penalty_sweep_qpu_v113/samples/3nq9_Kdist4.5_Kmono11.0/psweep113_r3_20260327_042607/3nq9_ligand_report.csv,./penalty_sweep_qpu_v113/samples/3nq9_Kdist4.5_Kmono11.0/psweep113_r3_20260327_042607/3nq9_ligand_samples.json,./penalty_sweep_qpu_v113/samples/3nq9_Kdist4.5_Kmono11.0/psweep113_r3_20260327_042607/result.json
3nq9,3nq9_Kdist4.5_Kmono12.0,psweep113_r3_20260327_042607,4.5,12.0,ok,3.5563925942006556,1000,1000,1000,0,0.0,1.0,0.0,0.21785,0.18324,Advantage2_system1.13,2099,24,./penalty_sweep_qpu_v113/samples/3nq9_Kdist4.5_Kmono12.0/psweep113_r3_20260327_042607/3nq9_ligand_report.csv,./penalty_sweep_qpu_v113/samples/3nq9_Kdist4.5_Kmono12.0/psweep113_r3_20260327_042607/3nq9_ligand_samples.json,./penalty_sweep_qpu_v113/samples/3nq9_Kdist4.5_Kmono12.0/psweep113_r3_20260327_042607/result.json
3nq9,3nq9_Kdist4.5_Kmono13.0,psweep113_r3_20260327_042607,4.5,13.0,ok,5.036727510424426,1000,1000,1000,0,0.0,1.0,0.0,0.2120256,0.17742,Advantage2_system1.13,2318,28,./penalty_sweep_qpu_v113/samples/3nq9_Kdist4.5_Kmono13.0/psweep113_r3_20260327_042607/3nq9_ligand_report.csv,./penalty_sweep_qpu_v113/samples/3nq9_Kdist4.5_Kmono13.0/psweep113_r3_20260327_042607/3nq9_ligand_samples.json,./penalty_sweep_qpu_v113/samples/3nq9_Kdist4.5_Kmono13.0/psweep113_r3_20260327_042607/result.json
3nq9,3nq9_Kdist4.5_Kmono14.0,psweep113_r3_20260327_042607,4.5,14.0,ok,2.7888055581434745,1000,1000,1000,0,0.0,1.0,0.0,0.2108844,0.17628,Advantage2_system1.13,2056,24,./penalty_sweep_qpu_v113/samples/3nq9_Kdist4.5_Kmono14.0/psweep113_r3_20260327_042607/3nq9_ligand_report.csv,./penalty_sweep_qpu_v113/samples/3nq9_Kdist4.5_Kmono14.0/psweep113_r3_20260327_042607/3nq9_ligand_samples.json,./penalty_sweep_qpu_v113/samples/3nq9_Kdist4.5_Kmono14.0/psweep113_r3_20260327_042607/result.json
3nq9,3nq9_Kdist4.5_Kmono15.0,psweep113_r3_20260327_042607,4.5,15.0,ok,3.277259289997557,1000,1000,1000,0,0.0,1.0,0.0,0.2092124,0.1746,Advantage2_system1.13,2202,27,./penalty_sweep_qpu_v113/samples/3nq9_Kdist4.5_Kmono15.0/psweep113_r3_20260327_042607/3nq9_ligand_report.csv,./penalty_sweep_qpu_v113/samples/3nq9_Kdist4.5_Kmono15.0/psweep113_r3_20260327_042607/3nq9_ligand_samples.json,./penalty_sweep_qpu_v113/samples/3nq9_Kdist4.5_Kmono15.0/psweep113_r3_20260327_042607/result.json
3nq9,3nq9_Kdist4.5_Kmono16.0,psweep113_r3_20260327_042607,4.5,16.0,ok,1.7649276150803779,1000,1000,1000,1,0.001,1.0,0.001,0.2091604,0.17456,Advantage2_system1.13,2088,24,./penalty_sweep_qpu_v113/samples/3nq9_Kdist4.5_Kmono16.0/psweep113_r3_20260327_042607/3nq9_ligand_report.csv,./penalty_sweep_qpu_v113/samples/3nq9_Kdist4.5_Kmono16.0/psweep113_r3_20260327_042607/3nq9_ligand_samples.json,./penalty_sweep_qpu_v113/samples/3nq9_Kdist4.5_Kmono16.0/psweep113_r3_20260327_042607/result.json
3nq9,3nq9_Kdist4.5_Kmono17.0,psweep113_r3_20260327_042607,4.5,17.0,ok,2.0408880222347534,1000,1000,1000,0,0.0,1.0,0.0,0.207624,0.17302,Advantage2_system1.13,1984,22,./penalty_sweep_qpu_v113/samples/3nq9_Kdist4.5_Kmono17.0/psweep113_r3_20260327_042607/3nq9_ligand_report.csv,./penalty_sweep_qpu_v113/samples/3nq9_Kdist4.5_Kmono17.0/psweep113_r3_20260327_042607/3nq9_ligand_samples.json,./penalty_sweep_qpu_v113/samples/3nq9_Kdist4.5_Kmono17.0/psweep113_r3_20260327_042607/result.json
3nq9,3nq9_Kdist4.5_Kmono18.0,psweep113_r3_20260327_042607,4.5,18.0,ok,0.9900760362766088,1000,1000,1000,13,0.013,1.0,0.013,0.20344279999999998,0.16884,Advantage2_system1.13,2299,27,./penalty_sweep_qpu_v113/samples/3nq9_Kdist4.5_Kmono18.0/psweep113_r3_20260327_042607/3nq9_ligand_report.csv,./penalty_sweep_qpu_v113/samples/3nq9_Kdist4.5_Kmono18.0/psweep113_r3_20260327_042607/3nq9_ligand_samples.json,./penalty_sweep_qpu_v113/samples/3nq9_Kdist4.5_Kmono18.0/psweep113_r3_20260327_042607/result.json
3nq9,3nq9_Kdist4.5_Kmono19.0,psweep113_r3_20260327_042607,4.5,19.0,ok,3.8412603185049243,1000,1000,1000,0,0.0,1.0,0.0,0.2039504,0.16934,Advantage2_system1.13,2051,24,./penalty_sweep_qpu_v113/samples/3nq9_Kdist4.5_Kmono19.0/psweep113_r3_20260327_042607/3nq9_ligand_report.csv,./penalty_sweep_qpu_v113/samples/3nq9_Kdist4.5_Kmono19.0/psweep113_r3_20260327_042607/3nq9_ligand_samples.json,./penalty_sweep_qpu_v113/samples/3nq9_Kdist4.5_Kmono19.0/psweep113_r3_20260327_042607/result.json
3nq9,3nq9_Kdist4.5_Kmono20.0,psweep113_r3_20260327_042607,4.5,20.0,ok,2.315992070470992,1000,1000,1000,0,0.0,1.0,0.0,0.2029376,0.16834,Advantage2_system1.13,2034,25,./penalty_sweep_qpu_v113/samples/3nq9_Kdist4.5_Kmono20.0/psweep113_r3_20260327_042607/3nq9_ligand_report.csv,./penalty_sweep_qpu_v113/samples/3nq9_Kdist4.5_Kmono20.0/psweep113_r3_20260327_042607/3nq9_ligand_samples.json,./penalty_sweep_qpu_v113/samples/3nq9_Kdist4.5_Kmono20.0/psweep113_r3_20260327_042607/result.json
3nq9,3nq9_Kdist5.0_Kmono1.0,psweep113_r3_20260327_042607,5.0,1.0,ok,4.106083881973094,1000,1000,1000,0,0.0,1.0,0.0,0.21016079999999998,0.17556,Advantage2_system1.13,1963,22,./penalty_sweep_qpu_v113/samples/3nq9_Kdist5.0_Kmono1.0/psweep113_r3_20260327_042607/3nq9_ligand_report.csv,./penalty_sweep_qpu_v113/samples/3nq9_Kdist5.0_Kmono1.0/psweep113_r3_20260327_042607/3nq9_ligand_samples.json,./penalty_sweep_qpu_v113/samples/3nq9_Kdist5.0_Kmono1.0/psweep113_r3_20260327_042607/result.json
3nq9,3nq9_Kdist5.0_Kmono2.0,psweep113_r3_20260327_042607,5.0,2.0,ok,4.711426985950472,1000,1000,1000,0,0.0,1.0,0.0,0.21248,0.17788,Advantage2_system1.13,1975,23,./penalty_sweep_qpu_v113/samples/3nq9_Kdist5.0_Kmono2.0/psweep113_r3_20260327_042607/3nq9_ligand_report.csv,./penalty_sweep_qpu_v113/samples/3nq9_Kdist5.0_Kmono2.0/psweep113_r3_20260327_042607/3nq9_ligand_samples.json,./penalty_sweep_qpu_v113/samples/3nq9_Kdist5.0_Kmono2.0/psweep113_r3_20260327_042607/result.json
3nq9,3nq9_Kdist5.0_Kmono3.0,psweep113_r3_20260327_042607,5.0,3.0,ok,4.082207845145502,1000,1000,1000,0,0.0,1.0,0.0,0.2180788,0.18348,Advantage2_system1.13,1949,21,./penalty_sweep_qpu_v113/samples/3nq9_Kdist5.0_Kmono3.0/psweep113_r3_20260327_042607/3nq9_ligand_report.csv,./penalty_sweep_qpu_v113/samples/3nq9_Kdist5.0_Kmono3.0/psweep113_r3_20260327_042607/3nq9_ligand_samples.json,./penalty_sweep_qpu_v113/samples/3nq9_Kdist5.0_Kmono3.0/psweep113_r3_20260327_042607/result.json
3nq9,3nq9_Kdist5.0_Kmono4.0,psweep113_r3_20260327_042607,5.0,4.0,ok,3.6386409018617445,1000,1000,1000,0,0.0,1.0,0.0,0.201986,0.16738,Advantage2_system1.13,2314,27,./penalty_sweep_qpu_v113/samples/3nq9_Kdist5.0_Kmono4.0/psweep113_r3_20260327_042607/3nq9_ligand_report.csv,./penalty_sweep_qpu_v113/samples/3nq9_Kdist5.0_Kmono4.0/psweep113_r3_20260327_042607/3nq9_ligand_samples.json,./penalty_sweep_qpu_v113/samples/3nq9_Kdist5.0_Kmono4.0/psweep113_r3_20260327_042607/result.json
3nq9,3nq9_Kdist5.0_Kmono5.0,psweep113_r3_20260327_042607,5.0,5.0,ok,1.4668827489274094,1000,1000,1000,12,0.012,1.0,0.012,0.2186344,0.18402,Advantage2_system1.13,2273,27,./penalty_sweep_qpu_v113/samples/3nq9_Kdist5.0_Kmono5.0/psweep113_r3_20260327_042607/3nq9_ligand_report.csv,./penalty_sweep_qpu_v113/samples/3nq9_Kdist5.0_Kmono5.0/psweep113_r3_20260327_042607/3nq9_ligand_samples.json,./penalty_sweep_qpu_v113/samples/3nq9_Kdist5.0_Kmono5.0/psweep113_r3_20260327_042607/result.json
3nq9,3nq9_Kdist5.0_Kmono6.0,psweep113_r3_20260327_042607,5.0,6.0,ok,2.645948655251981,1000,1000,1000,0,0.0,1.0,0.0,0.209388,0.17478,Advantage2_system1.13,2451,32,./penalty_sweep_qpu_v113/samples/3nq9_Kdist5.0_Kmono6.0/psweep113_r3_20260327_042607/3nq9_ligand_report.csv,./penalty_sweep_qpu_v113/samples/3nq9_Kdist5.0_Kmono6.0/psweep113_r3_20260327_042607/3nq9_ligand_samples.json,./penalty_sweep_qpu_v113/samples/3nq9_Kdist5.0_Kmono6.0/psweep113_r3_20260327_042607/result.json
3nq9,3nq9_Kdist5.0_Kmono7.0,psweep113_r3_20260327_042607,5.0,7.0,ok,5.116767524065399,1000,1000,1000,0,0.0,1.0,0.0,0.20479879999999998,0.1702,Advantage2_system1.13,2023,25,./penalty_sweep_qpu_v113/samples/3nq9_Kdist5.0_Kmono7.0/psweep113_r3_20260327_042607/3nq9_ligand_report.csv,./penalty_sweep_qpu_v113/samples/3nq9_Kdist5.0_Kmono7.0/psweep113_r3_20260327_042607/3nq9_ligand_samples.json,./penalty_sweep_qpu_v113/samples/3nq9_Kdist5.0_Kmono7.0/psweep113_r3_20260327_042607/result.json
3nq9,3nq9_Kdist5.0_Kmono8.0,psweep113_r3_20260327_042607,5.0,8.0,ok,4.592368101115771,1000,1000,1000,0,0.0,1.0,0.0,0.21848679999999998,0.18388,Advantage2_system1.13,1937,22,./penalty_sweep_qpu_v113/samples/3nq9_Kdist5.0_Kmono8.0/psweep113_r3_20260327_042607/3nq9_ligand_report.csv,./penalty_sweep_qpu_v113/samples/3nq9_Kdist5.0_Kmono8.0/psweep113_r3_20260327_042607/3nq9_ligand_samples.json,./penalty_sweep_qpu_v113/samples/3nq9_Kdist5.0_Kmono8.0/psweep113_r3_20260327_042607/result.json
3nq9,3nq9_Kdist5.0_Kmono9.0,psweep113_r3_20260327_042607,5.0,9.0,ok,3.17389911192009,1000,1000,1000,0,0.0,1.0,0.0,0.20758520000000003,0.17298,Advantage2_system1.13,2077,25,./penalty_sweep_qpu_v113/samples/3nq9_Kdist5.0_Kmono9.0/psweep113_r3_20260327_042607/3nq9_ligand_report.csv,./penalty_sweep_qpu_v113/samples/3nq9_Kdist5.0_Kmono9.0/psweep113_r3_20260327_042607/3nq9_ligand_samples.json,./penalty_sweep_qpu_v113/samples/3nq9_Kdist5.0_Kmono9.0/psweep113_r3_20260327_042607/result.json
3nq9,3nq9_Kdist5.0_Kmono10.0,psweep113_r3_20260327_042607,5.0,10.0,ok,0.9713841443921117,1000,1000,1000,167,0.167,1.0,0.167,0.2089076,0.1743,Advantage2_system1.13,2231,27,./penalty_sweep_qpu_v113/samples/3nq9_Kdist5.0_Kmono10.0/psweep113_r3_20260327_042607/3nq9_ligand_report.csv,./penalty_sweep_qpu_v113/samples/3nq9_Kdist5.0_Kmono10.0/psweep113_r3_20260327_042607/3nq9_ligand_samples.json,./penalty_sweep_qpu_v113/samples/3nq9_Kdist5.0_Kmono10.0/psweep113_r3_20260327_042607/result.json
3nq9,3nq9_Kdist5.0_Kmono11.0,psweep113_r3_20260327_042607,5.0,11.0,ok,2.692727522285638,1000,1000,1000,0,0.0,1.0,0.0,0.214522,0.17992,Advantage2_system1.13,2023,23,./penalty_sweep_qpu_v113/samples/3nq9_Kdist5.0_Kmono11.0/psweep113_r3_20260327_042607/3nq9_ligand_report.csv,./penalty_sweep_qpu_v113/samples/3nq9_Kdist5.0_Kmono11.0/psweep113_r3_20260327_042607/3nq9_ligand_samples.json,./penalty_sweep_qpu_v113/samples/3nq9_Kdist5.0_Kmono11.0/psweep113_r3_20260327_042607/result.json
3nq9,3nq9_Kdist5.0_Kmono12.0,psweep113_r3_20260327_042607,5.0,12.0,ok,3.4704412315386888,1000,1000,1000,0,0.0,1.0,0.0,0.2191276,0.18452,Advantage2_system1.13,2052,24,./penalty_sweep_qpu_v113/samples/3nq9_Kdist5.0_Kmono12.0/psweep113_r3_20260327_042607/3nq9_ligand_report.csv,./penalty_sweep_qpu_v113/samples/3nq9_Kdist5.0_Kmono12.0/psweep113_r3_20260327_042607/3nq9_ligand_samples.json,./penalty_sweep_qpu_v113/samples/3nq9_Kdist5.0_Kmono12.0/psweep113_r3_20260327_042607/result.json
3nq9,3nq9_Kdist5.0_Kmono13.0,psweep113_r3_20260327_042607,5.0,13.0,ok,2.3050146152770083,1000,1000,1000,0,0.0,1.0,0.0,0.2072176,0.1726,Advantage2_system1.13,2119,26,./penalty_sweep_qpu_v113/samples/3nq9_Kdist5.0_Kmono13.0/psweep113_r3_20260327_042607/3nq9_ligand_report.csv,./penalty_sweep_qpu_v113/samples/3nq9_Kdist5.0_Kmono13.0/psweep113_r3_20260327_042607/3nq9_ligand_samples.json,./penalty_sweep_qpu_v113/samples/3nq9_Kdist5.0_Kmono13.0/psweep113_r3_20260327_042607/result.json
3nq9,3nq9_Kdist5.0_Kmono14.0,psweep113_r3_20260327_042607,5.0,14.0,ok,2.458156363993761,1000,1000,1000,0,0.0,1.0,0.0,0.214904,0.1803,Advantage2_system1.13,2113,24,./penalty_sweep_qpu_v113/samples/3nq9_Kdist5.0_Kmono14.0/psweep113_r3_20260327_042607/3nq9_ligand_report.csv,./penalty_sweep_qpu_v113/samples/3nq9_Kdist5.0_Kmono14.0/psweep113_r3_20260327_042607/3nq9_ligand_samples.json,./penalty_sweep_qpu_v113/samples/3nq9_Kdist5.0_Kmono14.0/psweep113_r3_20260327_042607/result.json
3nq9,3nq9_Kdist5.0_Kmono15.0,psweep113_r3_20260327_042607,5.0,15.0,ok,4.052941914529147,1000,1000,1000,0,0.0,1.0,0.0,0.2040188,0.16942,Advantage2_system1.13,1951,24,./penalty_sweep_qpu_v113/samples/3nq9_Kdist5.0_Kmono15.0/psweep113_r3_20260327_042607/3nq9_ligand_report.csv,./penalty_sweep_qpu_v113/samples/3nq9_Kdist5.0_Kmono15.0/psweep113_r3_20260327_042607/3nq9_ligand_samples.json,./penalty_sweep_qpu_v113/samples/3nq9_Kdist5.0_Kmono15.0/psweep113_r3_20260327_042607/result.json
3nq9,3nq9_Kdist5.0_Kmono16.0,psweep113_r3_20260327_042607,5.0,16.0,ok,2.8893242865824873,1000,1000,1000,0,0.0,1.0,0.0,0.20889760000000002,0.1743,Advantage2_system1.13,2022,23,./penalty_sweep_qpu_v113/samples/3nq9_Kdist5.0_Kmono16.0/psweep113_r3_20260327_042607/3nq9_ligand_report.csv,./penalty_sweep_qpu_v113/samples/3nq9_Kdist5.0_Kmono16.0/psweep113_r3_20260327_042607/3nq9_ligand_samples.json,./penalty_sweep_qpu_v113/samples/3nq9_Kdist5.0_Kmono16.0/psweep113_r3_20260327_042607/result.json
3nq9,3nq9_Kdist5.0_Kmono17.0,psweep113_r3_20260327_042607,5.0,17.0,ok,3.9733693389114983,1000,1000,1000,0,0.0,1.0,0.0,0.2081284,0.17352,Advantage2_system1.13,2290,28,./penalty_sweep_qpu_v113/samples/3nq9_Kdist5.0_Kmono17.0/psweep113_r3_20260327_042607/3nq9_ligand_report.csv,./penalty_sweep_qpu_v113/samples/3nq9_Kdist5.0_Kmono17.0/psweep113_r3_20260327_042607/3nq9_ligand_samples.json,./penalty_sweep_qpu_v113/samples/3nq9_Kdist5.0_Kmono17.0/psweep113_r3_20260327_042607/result.json
3nq9,3nq9_Kdist5.0_Kmono18.0,psweep113_r3_20260327_042607,5.0,18.0,ok,2.032655733375475,1000,1000,1000,0,0.0,1.0,0.0,0.216224,0.18162,Advantage2_system1.13,1940,23,./penalty_sweep_qpu_v113/samples/3nq9_Kdist5.0_Kmono18.0/psweep113_r3_20260327_042607/3nq9_ligand_report.csv,./penalty_sweep_qpu_v113/samples/3nq9_Kdist5.0_Kmono18.0/psweep113_r3_20260327_042607/3nq9_ligand_samples.json,./penalty_sweep_qpu_v113/samples/3nq9_Kdist5.0_Kmono18.0/psweep113_r3_20260327_042607/result.json
3nq9,3nq9_Kdist5.0_Kmono19.0,psweep113_r3_20260327_042607,5.0,19.0,ok,2.048462140727215,1000,1000,1000,0,0.0,1.0,0.0,0.21720720000000002,0.1826,Advantage2_system1.13,2104,25,./penalty_sweep_qpu_v113/samples/3nq9_Kdist5.0_Kmono19.0/psweep113_r3_20260327_042607/3nq9_ligand_report.csv,./penalty_sweep_qpu_v113/samples/3nq9_Kdist5.0_Kmono19.0/psweep113_r3_20260327_042607/3nq9_ligand_samples.json,./penalty_sweep_qpu_v113/samples/3nq9_Kdist5.0_Kmono19.0/psweep113_r3_20260327_042607/result.json
3nq9,3nq9_Kdist5.0_Kmono20.0,psweep113_r3_20260327_042607,5.0,20.0,ok,2.0627192829130645,1000,1000,1000,0,0.0,1.0,0.0,0.21876520000000002,0.18416,Advantage2_system1.13,2057,23,./penalty_sweep_qpu_v113/samples/3nq9_Kdist5.0_Kmono20.0/psweep113_r3_20260327_042607/3nq9_ligand_report.csv,./penalty_sweep_qpu_v113/samples/3nq9_Kdist5.0_Kmono20.0/psweep113_r3_20260327_042607/3nq9_ligand_samples.json,./penalty_sweep_qpu_v113/samples/3nq9_Kdist5.0_Kmono20.0/psweep113_r3_20260327_042607/result.json
3nq9,3nq9_Kdist5.5_Kmono1.0,psweep113_r3_20260327_042607,5.5,1.0,ok,3.320420363962642,1000,1000,1000,0,0.0,1.0,0.0,0.2138868,0.17928,Advantage2_system1.13,2215,25,./penalty_sweep_qpu_v113/samples/3nq9_Kdist5.5_Kmono1.0/psweep113_r3_20260327_042607/3nq9_ligand_report.csv,./penalty_sweep_qpu_v113/samples/3nq9_Kdist5.5_Kmono1.0/psweep113_r3_20260327_042607/3nq9_ligand_samples.json,./penalty_sweep_qpu_v113/samples/3nq9_Kdist5.5_Kmono1.0/psweep113_r3_20260327_042607/result.json
3nq9,3nq9_Kdist5.5_Kmono2.0,psweep113_r3_20260327_042607,5.5,2.0,ok,3.8097668092442762,1000,1000,1000,0,0.0,1.0,0.0,0.2043136,0.1697,Advantage2_system1.13,2073,25,./penalty_sweep_qpu_v113/samples/3nq9_Kdist5.5_Kmono2.0/psweep113_r3_20260327_042607/3nq9_ligand_report.csv,./penalty_sweep_qpu_v113/samples/3nq9_Kdist5.5_Kmono2.0/psweep113_r3_20260327_042607/3nq9_ligand_samples.json,./penalty_sweep_qpu_v113/samples/3nq9_Kdist5.5_Kmono2.0/psweep113_r3_20260327_042607/result.json
3nq9,3nq9_Kdist5.5_Kmono3.0,psweep113_r3_20260327_042607,5.5,3.0,ok,2.376579307354756,1000,1000,1000,0,0.0,1.0,0.0,0.20934360000000002,0.17474,Advantage2_system1.13,2023,24,./penalty_sweep_qpu_v113/samples/3nq9_Kdist5.5_Kmono3.0/psweep113_r3_20260327_042607/3nq9_ligand_report.csv,./penalty_sweep_qpu_v113/samples/3nq9_Kdist5.5_Kmono3.0/psweep113_r3_20260327_042607/3nq9_ligand_samples.json,./penalty_sweep_qpu_v113/samples/3nq9_Kdist5.5_Kmono3.0/psweep113_r3_20260327_042607/result.json
3nq9,3nq9_Kdist5.5_Kmono4.0,psweep113_r3_20260327_042607,5.5,4.0,ok,1.7390506612894674,1000,1000,1000,1,0.001,1.0,0.001,0.21490920000000002,0.1803,Advantage2_system1.13,2121,26,./penalty_sweep_qpu_v113/samples/3nq9_Kdist5.5_Kmono4.0/psweep113_r3_20260327_042607/3nq9_ligand_report.csv,./penalty_sweep_qpu_v113/samples/3nq9_Kdist5.5_Kmono4.0/psweep113_r3_20260327_042607/3nq9_ligand_samples.json,./penalty_sweep_qpu_v113/samples/3nq9_Kdist5.5_Kmono4.0/psweep113_r3_20260327_042607/result.json
3nq9,3nq9_Kdist5.5_Kmono5.0,psweep113_r3_20260327_042607,5.5,5.0,ok,3.4861870089560374,1000,1000,1000,0,0.0,1.0,0.0,0.216586,0.18198,Advantage2_system1.13,1926,22,./penalty_sweep_qpu_v113/samples/3nq9_Kdist5.5_Kmono5.0/psweep113_r3_20260327_042607/3nq9_ligand_report.csv,./penalty_sweep_qpu_v113/samples/3nq9_Kdist5.5_Kmono5.0/psweep113_r3_20260327_042607/3nq9_ligand_samples.json,./penalty_sweep_qpu_v113/samples/3nq9_Kdist5.5_Kmono5.0/psweep113_r3_20260327_042607/result.json
3nq9,3nq9_Kdist5.5_Kmono6.0,psweep113_r3_20260327_042607,5.5,6.0,ok,4.32362069670747,1000,1000,1000,0,0.0,1.0,0.0,0.2184792,0.18388,Advantage2_system1.13,2276,28,./penalty_sweep_qpu_v113/samples/3nq9_Kdist5.5_Kmono6.0/psweep113_r3_20260327_042607/3nq9_ligand_report.csv,./penalty_sweep_qpu_v113/samples/3nq9_Kdist5.5_Kmono6.0/psweep113_r3_20260327_042607/3nq9_ligand_samples.json,./penalty_sweep_qpu_v113/samples/3nq9_Kdist5.5_Kmono6.0/psweep113_r3_20260327_042607/result.json
3nq9,3nq9_Kdist5.5_Kmono7.0,psweep113_r3_20260327_042607,5.5,7.0,ok,4.111280943580849,1000,1000,1000,0,0.0,1.0,0.0,0.21508760000000002,0.18048,Advantage2_system1.13,2033,22,./penalty_sweep_qpu_v113/samples/3nq9_Kdist5.5_Kmono7.0/psweep113_r3_20260327_042607/3nq9_ligand_report.csv,./penalty_sweep_qpu_v113/samples/3nq9_Kdist5.5_Kmono7.0/psweep113_r3_20260327_042607/3nq9_ligand_samples.json,./penalty_sweep_qpu_v113/samples/3nq9_Kdist5.5_Kmono7.0/psweep113_r3_20260327_042607/result.json
3nq9,3nq9_Kdist5.5_Kmono8.0,psweep113_r3_20260327_042607,5.5,8.0,ok,4.693600824166912,1000,1000,1000,0,0.0,1.0,0.0,0.2110272,0.17642,Advantage2_system1.13,2350,27,./penalty_sweep_qpu_v113/samples/3nq9_Kdist5.5_Kmono8.0/psweep113_r3_20260327_042607/3nq9_ligand_report.csv,./penalty_sweep_qpu_v113/samples/3nq9_Kdist5.5_Kmono8.0/psweep113_r3_20260327_042607/3nq9_ligand_samples.json,./penalty_sweep_qpu_v113/samples/3nq9_Kdist5.5_Kmono8.0/psweep113_r3_20260327_042607/result.json
3nq9,3nq9_Kdist5.5_Kmono9.0,psweep113_r3_20260327_042607,5.5,9.0,ok,3.5988058519383817,1000,1000,1000,0,0.0,1.0,0.0,0.2084852,0.17388,Advantage2_system1.13,2041,23,./penalty_sweep_qpu_v113/samples/3nq9_Kdist5.5_Kmono9.0/psweep113_r3_20260327_042607/3nq9_ligand_report.csv,./penalty_sweep_qpu_v113/samples/3nq9_Kdist5.5_Kmono9.0/psweep113_r3_20260327_042607/3nq9_ligand_samples.json,./penalty_sweep_qpu_v113/samples/3nq9_Kdist5.5_Kmono9.0/psweep113_r3_20260327_042607/result.json
3nq9,3nq9_Kdist5.5_Kmono10.0,psweep113_r3_20260327_042607,5.5,10.0,ok,5.012923849416211,1000,1000,1000,0,0.0,1.0,0.0,0.21823079999999997,0.18362,Advantage2_system1.13,2433,27,./penalty_sweep_qpu_v113/samples/3nq9_Kdist5.5_Kmono10.0/psweep113_r3_20260327_042607/3nq9_ligand_report.csv,./penalty_sweep_qpu_v113/samples/3nq9_Kdist5.5_Kmono10.0/psweep113_r3_20260327_042607/3nq9_ligand_samples.json,./penalty_sweep_qpu_v113/samples/3nq9_Kdist5.5_Kmono10.0/psweep113_r3_20260327_042607/result.json
3nq9,3nq9_Kdist5.5_Kmono11.0,psweep113_r3_20260327_042607,5.5,11.0,ok,4.147165810941852,1000,1000,1000,0,0.0,1.0,0.0,0.215166,0.18056,Advantage2_system1.13,2311,27,./penalty_sweep_qpu_v113/samples/3nq9_Kdist5.5_Kmono11.0/psweep113_r3_20260327_042607/3nq9_ligand_report.csv,./penalty_sweep_qpu_v113/samples/3nq9_Kdist5.5_Kmono11.0/psweep113_r3_20260327_042607/3nq9_ligand_samples.json,./penalty_sweep_qpu_v113/samples/3nq9_Kdist5.5_Kmono11.0/psweep113_r3_20260327_042607/result.json
3nq9,3nq9_Kdist5.5_Kmono12.0,psweep113_r3_20260327_042607,5.5,12.0,ok,1.6127360023219277,1000,1000,1000,1,0.001,1.0,0.001,0.2188844,0.18428,Advantage2_system1.13,2020,24,./penalty_sweep_qpu_v113/samples/3nq9_Kdist5.5_Kmono12.0/psweep113_r3_20260327_042607/3nq9_ligand_report.csv,./penalty_sweep_qpu_v113/samples/3nq9_Kdist5.5_Kmono12.0/psweep113_r3_20260327_042607/3nq9_ligand_samples.json,./penalty_sweep_qpu_v113/samples/3nq9_Kdist5.5_Kmono12.0/psweep113_r3_20260327_042607/result.json
3nq9,3nq9_Kdist5.5_Kmono13.0,psweep113_r3_20260327_042607,5.5,13.0,ok,2.4740126674411598,1000,1000,1000,0,0.0,1.0,0.0,0.20934439999999999,0.17474,Advantage2_system1.13,2043,24,./penalty_sweep_qpu_v113/samples/3nq9_Kdist5.5_Kmono13.0/psweep113_r3_20260327_042607/3nq9_ligand_report.csv,./penalty_sweep_qpu_v113/samples/3nq9_Kdist5.5_Kmono13.0/psweep113_r3_20260327_042607/3nq9_ligand_samples.json,./penalty_sweep_qpu_v113/samples/3nq9_Kdist5.5_Kmono13.0/psweep113_r3_20260327_042607/result.json
3nq9,3nq9_Kdist5.5_Kmono14.0,psweep113_r3_20260327_042607,5.5,14.0,ok,1.9757550089842852,1000,1000,1000,1,0.001,1.0,0.001,0.20934439999999999,0.17474,Advantage2_system1.13,2107,25,./penalty_sweep_qpu_v113/samples/3nq9_Kdist5.5_Kmono14.0/psweep113_r3_20260327_042607/3nq9_ligand_report.csv,./penalty_sweep_qpu_v113/samples/3nq9_Kdist5.5_Kmono14.0/psweep113_r3_20260327_042607/3nq9_ligand_samples.json,./penalty_sweep_qpu_v113/samples/3nq9_Kdist5.5_Kmono14.0/psweep113_r3_20260327_042607/result.json
3nq9,3nq9_Kdist5.5_Kmono15.0,psweep113_r3_20260327_042607,5.5,15.0,ok,3.059214496585064,1000,1000,1000,0,0.0,1.0,0.0,0.21158,0.17698,Advantage2_system1.13,1975,23,./penalty_sweep_qpu_v113/samples/3nq9_Kdist5.5_Kmono15.0/psweep113_r3_20260327_042607/3nq9_ligand_report.csv,./penalty_sweep_qpu_v113/samples/3nq9_Kdist5.5_Kmono15.0/psweep113_r3_20260327_042607/3nq9_ligand_samples.json,./penalty_sweep_qpu_v113/samples/3nq9_Kdist5.5_Kmono15.0/psweep113_r3_20260327_042607/result.json
3nq9,3nq9_Kdist5.5_Kmono16.0,psweep113_r3_20260327_042607,5.5,16.0,ok,2.622019765835729,1000,1000,1000,0,0.0,1.0,0.0,0.2084012,0.1738,Advantage2_system1.13,2065,25,./penalty_sweep_qpu_v113/samples/3nq9_Kdist5.5_Kmono16.0/psweep113_r3_20260327_042607/3nq9_ligand_report.csv,./penalty_sweep_qpu_v113/samples/3nq9_Kdist5.5_Kmono16.0/psweep113_r3_20260327_042607/3nq9_ligand_samples.json,./penalty_sweep_qpu_v113/samples/3nq9_Kdist5.5_Kmono16.0/psweep113_r3_20260327_042607/result.json
3nq9,3nq9_Kdist5.5_Kmono17.0,psweep113_r3_20260327_042607,5.5,17.0,ok,2.7708370292296496,1000,1000,1000,0,0.0,1.0,0.0,0.21126479999999997,0.17666,Advantage2_system1.13,2225,25,./penalty_sweep_qpu_v113/samples/3nq9_Kdist5.5_Kmono17.0/psweep113_r3_20260327_042607/3nq9_ligand_report.csv,./penalty_sweep_qpu_v113/samples/3nq9_Kdist5.5_Kmono17.0/psweep113_r3_20260327_042607/3nq9_ligand_samples.json,./penalty_sweep_qpu_v113/samples/3nq9_Kdist5.5_Kmono17.0/psweep113_r3_20260327_042607/result.json
3nq9,3nq9_Kdist5.5_Kmono18.0,psweep113_r3_20260327_042607,5.5,18.0,ok,2.4718608732728664,1000,1000,1000,0,0.0,1.0,0.0,0.21863120000000003,0.18402,Advantage2_system1.13,2402,29,./penalty_sweep_qpu_v113/samples/3nq9_Kdist5.5_Kmono18.0/psweep113_r3_20260327_042607/3nq9_ligand_report.csv,./penalty_sweep_qpu_v113/samples/3nq9_Kdist5.5_Kmono18.0/psweep113_r3_20260327_042607/3nq9_ligand_samples.json,./penalty_sweep_qpu_v113/samples/3nq9_Kdist5.5_Kmono18.0/psweep113_r3_20260327_042607/result.json
3nq9,3nq9_Kdist5.5_Kmono19.0,psweep113_r3_20260327_042607,5.5,19.0,ok,1.5069248958840575,1000,1000,1000,5,0.005,1.0,0.005,0.2107072,0.1761,Advantage2_system1.13,2326,27,./penalty_sweep_qpu_v113/samples/3nq9_Kdist5.5_Kmono19.0/psweep113_r3_20260327_042607/3nq9_ligand_report.csv,./penalty_sweep_qpu_v113/samples/3nq9_Kdist5.5_Kmono19.0/psweep113_r3_20260327_042607/3nq9_ligand_samples.json,./penalty_sweep_qpu_v113/samples/3nq9_Kdist5.5_Kmono19.0/psweep113_r3_20260327_042607/result.json
3nq9,3nq9_Kdist5.5_Kmono20.0,psweep113_r3_20260327_042607,5.5,20.0,ok,1.6101929215943436,1000,1000,1000,5,0.005,1.0,0.005,0.21420720000000001,0.1796,Advantage2_system1.13,2189,25,./penalty_sweep_qpu_v113/samples/3nq9_Kdist5.5_Kmono20.0/psweep113_r3_20260327_042607/3nq9_ligand_report.csv,./penalty_sweep_qpu_v113/samples/3nq9_Kdist5.5_Kmono20.0/psweep113_r3_20260327_042607/3nq9_ligand_samples.json,./penalty_sweep_qpu_v113/samples/3nq9_Kdist5.5_Kmono20.0/psweep113_r3_20260327_042607/result.json
3nq9,3nq9_Kdist6.0_Kmono1.0,psweep113_r3_20260327_042607,6.0,1.0,ok,2.930476455362834,1000,1000,1000,0,0.0,1.0,0.0,0.213028,0.17842,Advantage2_system1.13,2017,23,./penalty_sweep_qpu_v113/samples/3nq9_Kdist6.0_Kmono1.0/psweep113_r3_20260327_042607/3nq9_ligand_report.csv,./penalty_sweep_qpu_v113/samples/3nq9_Kdist6.0_Kmono1.0/psweep113_r3_20260327_042607/3nq9_ligand_samples.json,./penalty_sweep_qpu_v113/samples/3nq9_Kdist6.0_Kmono1.0/psweep113_r3_20260327_042607/result.json
3nq9,3nq9_Kdist6.0_Kmono2.0,psweep113_r3_20260327_042607,6.0,2.0,ok,3.904575159876917,1000,1000,1000,0,0.0,1.0,0.0,0.204594,0.16998,Advantage2_system1.13,1935,22,./penalty_sweep_qpu_v113/samples/3nq9_Kdist6.0_Kmono2.0/psweep113_r3_20260327_042607/3nq9_ligand_report.csv,./penalty_sweep_qpu_v113/samples/3nq9_Kdist6.0_Kmono2.0/psweep113_r3_20260327_042607/3nq9_ligand_samples.json,./penalty_sweep_qpu_v113/samples/3nq9_Kdist6.0_Kmono2.0/psweep113_r3_20260327_042607/result.json
3nq9,3nq9_Kdist6.0_Kmono3.0,psweep113_r3_20260327_042607,6.0,3.0,ok,1.369539755816227,1000,1000,1000,129,0.129,1.0,0.129,0.2058044,0.1712,Advantage2_system1.13,2038,24,./penalty_sweep_qpu_v113/samples/3nq9_Kdist6.0_Kmono3.0/psweep113_r3_20260327_042607/3nq9_ligand_report.csv,./penalty_sweep_qpu_v113/samples/3nq9_Kdist6.0_Kmono3.0/psweep113_r3_20260327_042607/3nq9_ligand_samples.json,./penalty_sweep_qpu_v113/samples/3nq9_Kdist6.0_Kmono3.0/psweep113_r3_20260327_042607/result.json
3nq9,3nq9_Kdist6.0_Kmono4.0,psweep113_r3_20260327_042607,6.0,4.0,ok,1.652436776961316,1000,1000,1000,46,0.046,1.0,0.046,0.2041596,0.16956,Advantage2_system1.13,2042,25,./penalty_sweep_qpu_v113/samples/3nq9_Kdist6.0_Kmono4.0/psweep113_r3_20260327_042607/3nq9_ligand_report.csv,./penalty_sweep_qpu_v113/samples/3nq9_Kdist6.0_Kmono4.0/psweep113_r3_20260327_042607/3nq9_ligand_samples.json,./penalty_sweep_qpu_v113/samples/3nq9_Kdist6.0_Kmono4.0/psweep113_r3_20260327_042607/result.json
3nq9,3nq9_Kdist6.0_Kmono5.0,psweep113_r3_20260327_042607,6.0,5.0,ok,1.4774972327513927,1000,1000,1000,388,0.388,1.0,0.388,0.2170832,0.18248,Advantage2_system1.13,2073,23,./penalty_sweep_qpu_v113/samples/3nq9_Kdist6.0_Kmono5.0/psweep113_r3_20260327_042607/3nq9_ligand_report.csv,./penalty_sweep_qpu_v113/samples/3nq9_Kdist6.0_Kmono5.0/psweep113_r3_20260327_042607/3nq9_ligand_samples.json,./penalty_sweep_qpu_v113/samples/3nq9_Kdist6.0_Kmono5.0/psweep113_r3_20260327_042607/result.json
3nq9,3nq9_Kdist6.0_Kmono6.0,psweep113_r3_20260327_042607,6.0,6.0,ok,2.036468452715018,1000,1000,1000,0,0.0,1.0,0.0,0.2075952,0.17298,Advantage2_system1.13,2055,23,./penalty_sweep_qpu_v113/samples/3nq9_Kdist6.0_Kmono6.0/psweep113_r3_20260327_042607/3nq9_ligand_report.csv,./penalty_sweep_qpu_v113/samples/3nq9_Kdist6.0_Kmono6.0/psweep113_r3_20260327_042607/3nq9_ligand_samples.json,./penalty_sweep_qpu_v113/samples/3nq9_Kdist6.0_Kmono6.0/psweep113_r3_20260327_042607/result.json
3nq9,3nq9_Kdist6.0_Kmono7.0,psweep113_r3_20260327_042607,6.0,7.0,ok,3.693746155443627,1000,1000,1000,0,0.0,1.0,0.0,0.21041479999999999,0.1758,Advantage2_system1.13,2437,30,./penalty_sweep_qpu_v113/samples/3nq9_Kdist6.0_Kmono7.0/psweep113_r3_20260327_042607/3nq9_ligand_report.csv,./penalty_sweep_qpu_v113/samples/3nq9_Kdist6.0_Kmono7.0/psweep113_r3_20260327_042607/3nq9_ligand_samples.json,./penalty_sweep_qpu_v113/samples/3nq9_Kdist6.0_Kmono7.0/psweep113_r3_20260327_042607/result.json
3nq9,3nq9_Kdist6.0_Kmono8.0,psweep113_r3_20260327_042607,6.0,8.0,ok,3.799598435401798,1000,1000,1000,0,0.0,1.0,0.0,0.212442,0.17784,Advantage2_system1.13,2090,24,./penalty_sweep_qpu_v113/samples/3nq9_Kdist6.0_Kmono8.0/psweep113_r3_20260327_042607/3nq9_ligand_report.csv,./penalty_sweep_qpu_v113/samples/3nq9_Kdist6.0_Kmono8.0/psweep113_r3_20260327_042607/3nq9_ligand_samples.json,./penalty_sweep_qpu_v113/samples/3nq9_Kdist6.0_Kmono8.0/psweep113_r3_20260327_042607/result.json
3nq9,3nq9_Kdist6.0_Kmono9.0,psweep113_r3_20260327_042607,6.0,9.0,ok,2.871323862536966,1000,1000,1000,0,0.0,1.0,0.0,0.2098904,0.17528,Advantage2_system1.13,2109,24,./penalty_sweep_qpu_v113/samples/3nq9_Kdist6.0_Kmono9.0/psweep113_r3_20260327_042607/3nq9_ligand_report.csv,./penalty_sweep_qpu_v113/samples/3nq9_Kdist6.0_Kmono9.0/psweep113_r3_20260327_042607/3nq9_ligand_samples.json,./penalty_sweep_qpu_v113/samples/3nq9_Kdist6.0_Kmono9.0/psweep113_r3_20260327_042607/result.json
3nq9,3nq9_Kdist6.0_Kmono10.0,psweep113_r3_20260327_042607,6.0,10.0,ok,2.1422736694735027,1000,1000,1000,0,0.0,1.0,0.0,0.2124124,0.1778,Advantage2_system1.13,2374,28,./penalty_sweep_qpu_v113/samples/3nq9_Kdist6.0_Kmono10.0/psweep113_r3_20260327_042607/3nq9_ligand_report.csv,./penalty_sweep_qpu_v113/samples/3nq9_Kdist6.0_Kmono10.0/psweep113_r3_20260327_042607/3nq9_ligand_samples.json,./penalty_sweep_qpu_v113/samples/3nq9_Kdist6.0_Kmono10.0/psweep113_r3_20260327_042607/result.json
3nq9,3nq9_Kdist6.0_Kmono11.0,psweep113_r3_20260327_042607,6.0,11.0,ok,5.301279623566397,1000,1000,1000,0,0.0,1.0,0.0,0.20799120000000001,0.17338,Advantage2_system1.13,2260,27,./penalty_sweep_qpu_v113/samples/3nq9_Kdist6.0_Kmono11.0/psweep113_r3_20260327_042607/3nq9_ligand_report.csv,./penalty_sweep_qpu_v113/samples/3nq9_Kdist6.0_Kmono11.0/psweep113_r3_20260327_042607/3nq9_ligand_samples.json,./penalty_sweep_qpu_v113/samples/3nq9_Kdist6.0_Kmono11.0/psweep113_r3_20260327_042607/result.json
3nq9,3nq9_Kdist6.0_Kmono12.0,psweep113_r3_20260327_042607,6.0,12.0,ok,2.562840843195178,1000,1000,1000,0,0.0,1.0,0.0,0.20980520000000003,0.1752,Advantage2_system1.13,1981,24,./penalty_sweep_qpu_v113/samples/3nq9_Kdist6.0_Kmono12.0/psweep113_r3_20260327_042607/3nq9_ligand_report.csv,./penalty_sweep_qpu_v113/samples/3nq9_Kdist6.0_Kmono12.0/psweep113_r3_20260327_042607/3nq9_ligand_samples.json,./penalty_sweep_qpu_v113/samples/3nq9_Kdist6.0_Kmono12.0/psweep113_r3_20260327_042607/result.json
3nq9,3nq9_Kdist6.0_Kmono13.0,psweep113_r3_20260327_042607,6.0,13.0,ok,2.9600419213509235,1000,1000,1000,0,0.0,1.0,0.0,0.207206,0.1726,Advantage2_system1.13,2238,27,./penalty_sweep_qpu_v113/samples/3nq9_Kdist6.0_Kmono13.0/psweep113_r3_20260327_042607/3nq9_ligand_report.csv,./penalty_sweep_qpu_v113/samples/3nq9_Kdist6.0_Kmono13.0/psweep113_r3_20260327_042607/3nq9_ligand_samples.json,./penalty_sweep_qpu_v113/samples/3nq9_Kdist6.0_Kmono13.0/psweep113_r3_20260327_042607/result.json
3nq9,3nq9_Kdist6.0_Kmono14.0,psweep113_r3_20260327_042607,6.0,14.0,ok,1.193314779416468,1000,1000,1000,155,0.155,1.0,0.155,0.20999120000000002,0.17538,Advantage2_system1.13,2157,25,./penalty_sweep_qpu_v113/samples/3nq9_Kdist6.0_Kmono14.0/psweep113_r3_20260327_042607/3nq9_ligand_report.csv,./penalty_sweep_qpu_v113/samples/3nq9_Kdist6.0_Kmono14.0/psweep113_r3_20260327_042607/3nq9_ligand_samples.json,./penalty_sweep_qpu_v113/samples/3nq9_Kdist6.0_Kmono14.0/psweep113_r3_20260327_042607/result.json
3nq9,3nq9_Kdist6.0_Kmono15.0,psweep113_r3_20260327_042607,6.0,15.0,ok,2.5658151898725863,1000,1000,1000,0,0.0,1.0,0.0,0.2075868,0.17298,Advantage2_system1.13,2164,26,./penalty_sweep_qpu_v113/samples/3nq9_Kdist6.0_Kmono15.0/psweep113_r3_20260327_042607/3nq9_ligand_report.csv,./penalty_sweep_qpu_v113/samples/3nq9_Kdist6.0_Kmono15.0/psweep113_r3_20260327_042607/3nq9_ligand_samples.json,./penalty_sweep_qpu_v113/samples/3nq9_Kdist6.0_Kmono15.0/psweep113_r3_20260327_042607/result.json
3nq9,3nq9_Kdist6.0_Kmono16.0,psweep113_r3_20260327_042607,6.0,16.0,ok,4.053423658322081,1000,1000,1000,0,0.0,1.0,0.0,0.21559720000000002,0.18098,Advantage2_system1.13,2103,25,./penalty_sweep_qpu_v113/samples/3nq9_Kdist6.0_Kmono16.0/psweep113_r3_20260327_042607/3nq9_ligand_report.csv,./penalty_sweep_qpu_v113/samples/3nq9_Kdist6.0_Kmono16.0/psweep113_r3_20260327_042607/3nq9_ligand_samples.json,./penalty_sweep_qpu_v113/samples/3nq9_Kdist6.0_Kmono16.0/psweep113_r3_20260327_042607/result.json
3nq9,3nq9_Kdist6.0_Kmono17.0,psweep113_r3_20260327_042607,6.0,17.0,ok,2.560540848590667,1000,1000,1000,0,0.0,1.0,0.0,0.2153012,0.1807,Advantage2_system1.13,2124,24,./penalty_sweep_qpu_v113/samples/3nq9_Kdist6.0_Kmono17.0/psweep113_r3_20260327_042607/3nq9_ligand_report.csv,./penalty_sweep_qpu_v113/samples/3nq9_Kdist6.0_Kmono17.0/psweep113_r3_20260327_042607/3nq9_ligand_samples.json,./penalty_sweep_qpu_v113/samples/3nq9_Kdist6.0_Kmono17.0/psweep113_r3_20260327_042607/result.json
3nq9,3nq9_Kdist6.0_Kmono18.0,psweep113_r3_20260327_042607,6.0,18.0,ok,1.316742533871804,1000,1000,1000,11,0.011,1.0,0.011,0.2099852,0.17538,Advantage2_system1.13,2105,24,./penalty_sweep_qpu_v113/samples/3nq9_Kdist6.0_Kmono18.0/psweep113_r3_20260327_042607/3nq9_ligand_report.csv,./penalty_sweep_qpu_v113/samples/3nq9_Kdist6.0_Kmono18.0/psweep113_r3_20260327_042607/3nq9_ligand_samples.json,./penalty_sweep_qpu_v113/samples/3nq9_Kdist6.0_Kmono18.0/psweep113_r3_20260327_042607/result.json
3nq9,3nq9_Kdist6.0_Kmono19.0,psweep113_r3_20260327_042607,6.0,19.0,ok,3.8577930805983653,1000,1000,1000,0,0.0,1.0,0.0,0.2112288,0.17662,Advantage2_system1.13,2016,24,./penalty_sweep_qpu_v113/samples/3nq9_Kdist6.0_Kmono19.0/psweep113_r3_20260327_042607/3nq9_ligand_report.csv,./penalty_sweep_qpu_v113/samples/3nq9_Kdist6.0_Kmono19.0/psweep113_r3_20260327_042607/3nq9_ligand_samples.json,./penalty_sweep_qpu_v113/samples/3nq9_Kdist6.0_Kmono19.0/psweep113_r3_20260327_042607/result.json
3nq9,3nq9_Kdist6.0_Kmono20.0,psweep113_r3_20260327_042607,6.0,20.0,ok,5.694179633487674,1000,1000,1000,0,0.0,1.0,0.0,0.2057092,0.1711,Advantage2_system1.13,2008,22,./penalty_sweep_qpu_v113/samples/3nq9_Kdist6.0_Kmono20.0/psweep113_r3_20260327_042607/3nq9_ligand_report.csv,./penalty_sweep_qpu_v113/samples/3nq9_Kdist6.0_Kmono20.0/psweep113_r3_20260327_042607/3nq9_ligand_samples.json,./penalty_sweep_qpu_v113/samples/3nq9_Kdist6.0_Kmono20.0/psweep113_r3_20260327_042607/result.json
3nq9,3nq9_Kdist6.5_Kmono1.0,psweep113_r3_20260327_042607,6.5,1.0,ok,3.2684461353234857,1000,1000,1000,0,0.0,1.0,0.0,0.211404,0.1768,Advantage2_system1.13,2248,27,./penalty_sweep_qpu_v113/samples/3nq9_Kdist6.5_Kmono1.0/psweep113_r3_20260327_042607/3nq9_ligand_report.csv,./penalty_sweep_qpu_v113/samples/3nq9_Kdist6.5_Kmono1.0/psweep113_r3_20260327_042607/3nq9_ligand_samples.json,./penalty_sweep_qpu_v113/samples/3nq9_Kdist6.5_Kmono1.0/psweep113_r3_20260327_042607/result.json
3nq9,3nq9_Kdist6.5_Kmono2.0,psweep113_r3_20260327_042607,6.5,2.0,ok,4.096319865787855,1000,1000,1000,0,0.0,1.0,0.0,0.2074996,0.17288,Advantage2_system1.13,2096,25,./penalty_sweep_qpu_v113/samples/3nq9_Kdist6.5_Kmono2.0/psweep113_r3_20260327_042607/3nq9_ligand_report.csv,./penalty_sweep_qpu_v113/samples/3nq9_Kdist6.5_Kmono2.0/psweep113_r3_20260327_042607/3nq9_ligand_samples.json,./penalty_sweep_qpu_v113/samples/3nq9_Kdist6.5_Kmono2.0/psweep113_r3_20260327_042607/result.json
3nq9,3nq9_Kdist6.5_Kmono3.0,psweep113_r3_20260327_042607,6.5,3.0,ok,1.7343389841262782,1000,1000,1000,8,0.008,1.0,0.008,0.2143024,0.1797,Advantage2_system1.13,1958,23,./penalty_sweep_qpu_v113/samples/3nq9_Kdist6.5_Kmono3.0/psweep113_r3_20260327_042607/3nq9_ligand_report.csv,./penalty_sweep_qpu_v113/samples/3nq9_Kdist6.5_Kmono3.0/psweep113_r3_20260327_042607/3nq9_ligand_samples.json,./penalty_sweep_qpu_v113/samples/3nq9_Kdist6.5_Kmono3.0/psweep113_r3_20260327_042607/result.json
3nq9,3nq9_Kdist6.5_Kmono4.0,psweep113_r3_20260327_042607,6.5,4.0,ok,4.2394942391008845,1000,1000,1000,0,0.0,1.0,0.0,0.205164,0.17056,Advantage2_system1.13,2163,27,./penalty_sweep_qpu_v113/samples/3nq9_Kdist6.5_Kmono4.0/psweep113_r3_20260327_042607/3nq9_ligand_report.csv,./penalty_sweep_qpu_v113/samples/3nq9_Kdist6.5_Kmono4.0/psweep113_r3_20260327_042607/3nq9_ligand_samples.json,./penalty_sweep_qpu_v113/samples/3nq9_Kdist6.5_Kmono4.0/psweep113_r3_20260327_042607/result.json
3nq9,3nq9_Kdist6.5_Kmono5.0,psweep113_r3_20260327_042607,6.5,5.0,ok,3.912460110814637,1000,1000,1000,0,0.0,1.0,0.0,0.21094,0.17634,Advantage2_system1.13,2094,25,./penalty_sweep_qpu_v113/samples/3nq9_Kdist6.5_Kmono5.0/psweep113_r3_20260327_042607/3nq9_ligand_report.csv,./penalty_sweep_qpu_v113/samples/3nq9_Kdist6.5_Kmono5.0/psweep113_r3_20260327_042607/3nq9_ligand_samples.json,./penalty_sweep_qpu_v113/samples/3nq9_Kdist6.5_Kmono5.0/psweep113_r3_20260327_042607/result.json
3nq9,3nq9_Kdist6.5_Kmono6.0,psweep113_r3_20260327_042607,6.5,6.0,ok,3.0997097817578005,1000,1000,1000,0,0.0,1.0,0.0,0.207854,0.17324,Advantage2_system1.13,2247,26,./penalty_sweep_qpu_v113/samples/3nq9_Kdist6.5_Kmono6.0/psweep113_r3_20260327_042607/3nq9_ligand_report.csv,./penalty_sweep_qpu_v113/samples/3nq9_Kdist6.5_Kmono6.0/psweep113_r3_20260327_042607/3nq9_ligand_samples.json,./penalty_sweep_qpu_v113/samples/3nq9_Kdist6.5_Kmono6.0/psweep113_r3_20260327_042607/result.json
3nq9,3nq9_Kdist6.5_Kmono7.0,psweep113_r3_20260327_042607,6.5,7.0,ok,3.8122703933181596,1000,1000,1000,0,0.0,1.0,0.0,0.205946,0.17134,Advantage2_system1.13,2246,25,./penalty_sweep_qpu_v113/samples/3nq9_Kdist6.5_Kmono7.0/psweep113_r3_20260327_042607/3nq9_ligand_report.csv,./penalty_sweep_qpu_v113/samples/3nq9_Kdist6.5_Kmono7.0/psweep113_r3_20260327_042607/3nq9_ligand_samples.json,./penalty_sweep_qpu_v113/samples/3nq9_Kdist6.5_Kmono7.0/psweep113_r3_20260327_042607/result.json
3nq9,3nq9_Kdist6.5_Kmono8.0,psweep113_r3_20260327_042607,6.5,8.0,ok,1.845822412404645,1000,1000,1000,3,0.003,1.0,0.003,0.20240239999999998,0.1678,Advantage2_system1.13,2282,26,./penalty_sweep_qpu_v113/samples/3nq9_Kdist6.5_Kmono8.0/psweep113_r3_20260327_042607/3nq9_ligand_report.csv,./penalty_sweep_qpu_v113/samples/3nq9_Kdist6.5_Kmono8.0/psweep113_r3_20260327_042607/3nq9_ligand_samples.json,./penalty_sweep_qpu_v113/samples/3nq9_Kdist6.5_Kmono8.0/psweep113_r3_20260327_042607/result.json
3nq9,3nq9_Kdist6.5_Kmono9.0,psweep113_r3_20260327_042607,6.5,9.0,ok,1.3820964998887468,1000,1000,1000,34,0.034,1.0,0.034,0.2110484,0.17644,Advantage2_system1.13,2530,31,./penalty_sweep_qpu_v113/samples/3nq9_Kdist6.5_Kmono9.0/psweep113_r3_20260327_042607/3nq9_ligand_report.csv,./penalty_sweep_qpu_v113/samples/3nq9_Kdist6.5_Kmono9.0/psweep113_r3_20260327_042607/3nq9_ligand_samples.json,./penalty_sweep_qpu_v113/samples/3nq9_Kdist6.5_Kmono9.0/psweep113_r3_20260327_042607/result.json
3nq9,3nq9_Kdist6.5_Kmono10.0,psweep113_r3_20260327_042607,6.5,10.0,ok,2.5512680647369783,1000,1000,1000,0,0.0,1.0,0.0,0.2030204,0.16842,Advantage2_system1.13,2078,25,./penalty_sweep_qpu_v113/samples/3nq9_Kdist6.5_Kmono10.0/psweep113_r3_20260327_042607/3nq9_ligand_report.csv,./penalty_sweep_qpu_v113/samples/3nq9_Kdist6.5_Kmono10.0/psweep113_r3_20260327_042607/3nq9_ligand_samples.json,./penalty_sweep_qpu_v113/samples/3nq9_Kdist6.5_Kmono10.0/psweep113_r3_20260327_042607/result.json
3nq9,3nq9_Kdist6.5_Kmono11.0,psweep113_r3_20260327_042607,6.5,11.0,ok,1.833483967889658,1000,1000,1000,1,0.001,1.0,0.001,0.20766720000000002,0.17306,Advantage2_system1.13,2198,27,./penalty_sweep_qpu_v113/samples/3nq9_Kdist6.5_Kmono11.0/psweep113_r3_20260327_042607/3nq9_ligand_report.csv,./penalty_sweep_qpu_v113/samples/3nq9_Kdist6.5_Kmono11.0/psweep113_r3_20260327_042607/3nq9_ligand_samples.json,./penalty_sweep_qpu_v113/samples/3nq9_Kdist6.5_Kmono11.0/psweep113_r3_20260327_042607/result.json
3nq9,3nq9_Kdist6.5_Kmono12.0,psweep113_r3_20260327_042607,6.5,12.0,ok,5.074514598055458,1000,1000,1000,0,0.0,1.0,0.0,0.213806,0.1792,Advantage2_system1.13,1869,21,./penalty_sweep_qpu_v113/samples/3nq9_Kdist6.5_Kmono12.0/psweep113_r3_20260327_042607/3nq9_ligand_report.csv,./penalty_sweep_qpu_v113/samples/3nq9_Kdist6.5_Kmono12.0/psweep113_r3_20260327_042607/3nq9_ligand_samples.json,./penalty_sweep_qpu_v113/samples/3nq9_Kdist6.5_Kmono12.0/psweep113_r3_20260327_042607/result.json
3nq9,3nq9_Kdist6.5_Kmono13.0,psweep113_r3_20260327_042607,6.5,13.0,ok,2.2211347581432075,1000,1000,1000,0,0.0,1.0,0.0,0.2089416,0.17434,Advantage2_system1.13,2271,28,./penalty_sweep_qpu_v113/samples/3nq9_Kdist6.5_Kmono13.0/psweep113_r3_20260327_042607/3nq9_ligand_report.csv,./penalty_sweep_qpu_v113/samples/3nq9_Kdist6.5_Kmono13.0/psweep113_r3_20260327_042607/3nq9_ligand_samples.json,./penalty_sweep_qpu_v113/samples/3nq9_Kdist6.5_Kmono13.0/psweep113_r3_20260327_042607/result.json
3nq9,3nq9_Kdist6.5_Kmono14.0,psweep113_r3_20260327_042607,6.5,14.0,ok,3.4044093539742066,1000,1000,1000,0,0.0,1.0,0.0,0.2047048,0.1701,Advantage2_system1.13,1995,23,./penalty_sweep_qpu_v113/samples/3nq9_Kdist6.5_Kmono14.0/psweep113_r3_20260327_042607/3nq9_ligand_report.csv,./penalty_sweep_qpu_v113/samples/3nq9_Kdist6.5_Kmono14.0/psweep113_r3_20260327_042607/3nq9_ligand_samples.json,./penalty_sweep_qpu_v113/samples/3nq9_Kdist6.5_Kmono14.0/psweep113_r3_20260327_042607/result.json
3nq9,3nq9_Kdist6.5_Kmono15.0,psweep113_r3_20260327_042607,6.5,15.0,ok,2.5522726849080932,1000,1000,1000,0,0.0,1.0,0.0,0.2079936,0.17338,Advantage2_system1.13,2117,25,./penalty_sweep_qpu_v113/samples/3nq9_Kdist6.5_Kmono15.0/psweep113_r3_20260327_042607/3nq9_ligand_report.csv,./penalty_sweep_qpu_v113/samples/3nq9_Kdist6.5_Kmono15.0/psweep113_r3_20260327_042607/3nq9_ligand_samples.json,./penalty_sweep_qpu_v113/samples/3nq9_Kdist6.5_Kmono15.0/psweep113_r3_20260327_042607/result.json
3nq9,3nq9_Kdist6.5_Kmono16.0,psweep113_r3_20260327_042607,6.5,16.0,ok,4.589302099001664,1000,1000,1000,0,0.0,1.0,0.0,0.2094028,0.1748,Advantage2_system1.13,2097,24,./penalty_sweep_qpu_v113/samples/3nq9_Kdist6.5_Kmono16.0/psweep113_r3_20260327_042607/3nq9_ligand_report.csv,./penalty_sweep_qpu_v113/samples/3nq9_Kdist6.5_Kmono16.0/psweep113_r3_20260327_042607/3nq9_ligand_samples.json,./penalty_sweep_qpu_v113/samples/3nq9_Kdist6.5_Kmono16.0/psweep113_r3_20260327_042607/result.json
3nq9,3nq9_Kdist6.5_Kmono17.0,psweep113_r3_20260327_042607,6.5,17.0,ok,2.324402453033376,1000,1000,1000,0,0.0,1.0,0.0,0.21594439999999998,0.18134,Advantage2_system1.13,2174,27,./penalty_sweep_qpu_v113/samples/3nq9_Kdist6.5_Kmono17.0/psweep113_r3_20260327_042607/3nq9_ligand_report.csv,./penalty_sweep_qpu_v113/samples/3nq9_Kdist6.5_Kmono17.0/psweep113_r3_20260327_042607/3nq9_ligand_samples.json,./penalty_sweep_qpu_v113/samples/3nq9_Kdist6.5_Kmono17.0/psweep113_r3_20260327_042607/result.json
3nq9,3nq9_Kdist6.5_Kmono18.0,psweep113_r3_20260327_042607,6.5,18.0,ok,3.467632970854123,1000,1000,1000,0,0.0,1.0,0.0,0.2064032,0.1718,Advantage2_system1.13,2253,26,./penalty_sweep_qpu_v113/samples/3nq9_Kdist6.5_Kmono18.0/psweep113_r3_20260327_042607/3nq9_ligand_report.csv,./penalty_sweep_qpu_v113/samples/3nq9_Kdist6.5_Kmono18.0/psweep113_r3_20260327_042607/3nq9_ligand_samples.json,./penalty_sweep_qpu_v113/samples/3nq9_Kdist6.5_Kmono18.0/psweep113_r3_20260327_042607/result.json
3nq9,3nq9_Kdist6.5_Kmono19.0,psweep113_r3_20260327_042607,6.5,19.0,ok,3.181830580100904,1000,1000,1000,0,0.0,1.0,0.0,0.2182712,0.18366,Advantage2_system1.13,2173,27,./penalty_sweep_qpu_v113/samples/3nq9_Kdist6.5_Kmono19.0/psweep113_r3_20260327_042607/3nq9_ligand_report.csv,./penalty_sweep_qpu_v113/samples/3nq9_Kdist6.5_Kmono19.0/psweep113_r3_20260327_042607/3nq9_ligand_samples.json,./penalty_sweep_qpu_v113/samples/3nq9_Kdist6.5_Kmono19.0/psweep113_r3_20260327_042607/result.json
3nq9,3nq9_Kdist6.5_Kmono20.0,psweep113_r3_20260327_042607,6.5,20.0,ok,5.543932620497359,1000,1000,1000,0,0.0,1.0,0.0,0.2188804,0.18428,Advantage2_system1.13,2078,24,./penalty_sweep_qpu_v113/samples/3nq9_Kdist6.5_Kmono20.0/psweep113_r3_20260327_042607/3nq9_ligand_report.csv,./penalty_sweep_qpu_v113/samples/3nq9_Kdist6.5_Kmono20.0/psweep113_r3_20260327_042607/3nq9_ligand_samples.json,./penalty_sweep_qpu_v113/samples/3nq9_Kdist6.5_Kmono20.0/psweep113_r3_20260327_042607/result.json
3nq9,3nq9_Kdist7.0_Kmono1.0,psweep113_r3_20260327_042607,7.0,1.0,ok,3.96882750649307,1000,1000,1000,0,0.0,1.0,0.0,0.2123844,0.17778,Advantage2_system1.13,2353,27,./penalty_sweep_qpu_v113/samples/3nq9_Kdist7.0_Kmono1.0/psweep113_r3_20260327_042607/3nq9_ligand_report.csv,./penalty_sweep_qpu_v113/samples/3nq9_Kdist7.0_Kmono1.0/psweep113_r3_20260327_042607/3nq9_ligand_samples.json,./penalty_sweep_qpu_v113/samples/3nq9_Kdist7.0_Kmono1.0/psweep113_r3_20260327_042607/result.json
3nq9,3nq9_Kdist7.0_Kmono2.0,psweep113_r3_20260327_042607,7.0,2.0,ok,5.706536900581183,1000,1000,1000,0,0.0,1.0,0.0,0.2027708,0.16816,Advantage2_system1.13,2287,28,./penalty_sweep_qpu_v113/samples/3nq9_Kdist7.0_Kmono2.0/psweep113_r3_20260327_042607/3nq9_ligand_report.csv,./penalty_sweep_qpu_v113/samples/3nq9_Kdist7.0_Kmono2.0/psweep113_r3_20260327_042607/3nq9_ligand_samples.json,./penalty_sweep_qpu_v113/samples/3nq9_Kdist7.0_Kmono2.0/psweep113_r3_20260327_042607/result.json
3nq9,3nq9_Kdist7.0_Kmono3.0,psweep113_r3_20260327_042607,7.0,3.0,ok,3.395446482398713,1000,1000,1000,0,0.0,1.0,0.0,0.2074904,0.17288,Advantage2_system1.13,2076,25,./penalty_sweep_qpu_v113/samples/3nq9_Kdist7.0_Kmono3.0/psweep113_r3_20260327_042607/3nq9_ligand_report.csv,./penalty_sweep_qpu_v113/samples/3nq9_Kdist7.0_Kmono3.0/psweep113_r3_20260327_042607/3nq9_ligand_samples.json,./penalty_sweep_qpu_v113/samples/3nq9_Kdist7.0_Kmono3.0/psweep113_r3_20260327_042607/result.json
3nq9,3nq9_Kdist7.0_Kmono4.0,psweep113_r3_20260327_042607,7.0,4.0,ok,4.000116820706355,1000,1000,1000,0,0.0,1.0,0.0,0.2042032,0.1696,Advantage2_system1.13,2024,23,./penalty_sweep_qpu_v113/samples/3nq9_Kdist7.0_Kmono4.0/psweep113_r3_20260327_042607/3nq9_ligand_report.csv,./penalty_sweep_qpu_v113/samples/3nq9_Kdist7.0_Kmono4.0/psweep113_r3_20260327_042607/3nq9_ligand_samples.json,./penalty_sweep_qpu_v113/samples/3nq9_Kdist7.0_Kmono4.0/psweep113_r3_20260327_042607/result.json
3nq9,3nq9_Kdist7.0_Kmono5.0,psweep113_r3_20260327_042607,7.0,5.0,ok,4.272486501532897,1000,1000,1000,0,0.0,1.0,0.0,0.19994320000000002,0.16534,Advantage2_system1.13,2050,24,./penalty_sweep_qpu_v113/samples/3nq9_Kdist7.0_Kmono5.0/psweep113_r3_20260327_042607/3nq9_ligand_report.csv,./penalty_sweep_qpu_v113/samples/3nq9_Kdist7.0_Kmono5.0/psweep113_r3_20260327_042607/3nq9_ligand_samples.json,./penalty_sweep_qpu_v113/samples/3nq9_Kdist7.0_Kmono5.0/psweep113_r3_20260327_042607/result.json
3nq9,3nq9_Kdist7.0_Kmono6.0,psweep113_r3_20260327_042607,7.0,6.0,ok,3.0497512782071814,1000,1000,1000,0,0.0,1.0,0.0,0.2019812,0.16738,Advantage2_system1.13,2032,24,./penalty_sweep_qpu_v113/samples/3nq9_Kdist7.0_Kmono6.0/psweep113_r3_20260327_042607/3nq9_ligand_report.csv,./penalty_sweep_qpu_v113/samples/3nq9_Kdist7.0_Kmono6.0/psweep113_r3_20260327_042607/3nq9_ligand_samples.json,./penalty_sweep_qpu_v113/samples/3nq9_Kdist7.0_Kmono6.0/psweep113_r3_20260327_042607/result.json
3nq9,3nq9_Kdist7.0_Kmono7.0,psweep113_r3_20260327_042607,7.0,7.0,ok,6.0823922454852015,1000,1000,1000,0,0.0,1.0,0.0,0.21684720000000002,0.18224,Advantage2_system1.13,2247,26,./penalty_sweep_qpu_v113/samples/3nq9_Kdist7.0_Kmono7.0/psweep113_r3_20260327_042607/3nq9_ligand_report.csv,./penalty_sweep_qpu_v113/samples/3nq9_Kdist7.0_Kmono7.0/psweep113_r3_20260327_042607/3nq9_ligand_samples.json,./penalty_sweep_qpu_v113/samples/3nq9_Kdist7.0_Kmono7.0/psweep113_r3_20260327_042607/result.json
3nq9,3nq9_Kdist7.0_Kmono8.0,psweep113_r3_20260327_042607,7.0,8.0,ok,4.364700154823126,1000,1000,1000,0,0.0,1.0,0.0,0.20558279999999998,0.17098,Advantage2_system1.13,2336,28,./penalty_sweep_qpu_v113/samples/3nq9_Kdist7.0_Kmono8.0/psweep113_r3_20260327_042607/3nq9_ligand_report.csv,./penalty_sweep_qpu_v113/samples/3nq9_Kdist7.0_Kmono8.0/psweep113_r3_20260327_042607/3nq9_ligand_samples.json,./penalty_sweep_qpu_v113/samples/3nq9_Kdist7.0_Kmono8.0/psweep113_r3_20260327_042607/result.json
3nq9,3nq9_Kdist7.0_Kmono9.0,psweep113_r3_20260327_042607,7.0,9.0,ok,4.1123058477069465,1000,1000,1000,0,0.0,1.0,0.0,0.2074104,0.1728,Advantage2_system1.13,2621,32,./penalty_sweep_qpu_v113/samples/3nq9_Kdist7.0_Kmono9.0/psweep113_r3_20260327_042607/3nq9_ligand_report.csv,./penalty_sweep_qpu_v113/samples/3nq9_Kdist7.0_Kmono9.0/psweep113_r3_20260327_042607/3nq9_ligand_samples.json,./penalty_sweep_qpu_v113/samples/3nq9_Kdist7.0_Kmono9.0/psweep113_r3_20260327_042607/result.json
3nq9,3nq9_Kdist7.0_Kmono10.0,psweep113_r3_20260327_042607,7.0,10.0,ok,3.977115166037892,1000,1000,1000,0,0.0,1.0,0.0,0.2053448,0.17074,Advantage2_system1.13,2454,30,./penalty_sweep_qpu_v113/samples/3nq9_Kdist7.0_Kmono10.0/psweep113_r3_20260327_042607/3nq9_ligand_report.csv,./penalty_sweep_qpu_v113/samples/3nq9_Kdist7.0_Kmono10.0/psweep113_r3_20260327_042607/3nq9_ligand_samples.json,./penalty_sweep_qpu_v113/samples/3nq9_Kdist7.0_Kmono10.0/psweep113_r3_20260327_042607/result.json
3nq9,3nq9_Kdist7.0_Kmono11.0,psweep113_r3_20260327_042607,7.0,11.0,ok,2.9815463666781206,1000,1000,1000,0,0.0,1.0,0.0,0.208086,0.17348,Advantage2_system1.13,1961,23,./penalty_sweep_qpu_v113/samples/3nq9_Kdist7.0_Kmono11.0/psweep113_r3_20260327_042607/3nq9_ligand_report.csv,./penalty_sweep_qpu_v113/samples/3nq9_Kdist7.0_Kmono11.0/psweep113_r3_20260327_042607/3nq9_ligand_samples.json,./penalty_sweep_qpu_v113/samples/3nq9_Kdist7.0_Kmono11.0/psweep113_r3_20260327_042607/result.json
3nq9,3nq9_Kdist7.0_Kmono12.0,psweep113_r3_20260327_042607,7.0,12.0,ok,3.5501209337257698,1000,1000,1000,0,0.0,1.0,0.0,0.21180279999999999,0.1772,Advantage2_system1.13,1912,22,./penalty_sweep_qpu_v113/samples/3nq9_Kdist7.0_Kmono12.0/psweep113_r3_20260327_042607/3nq9_ligand_report.csv,./penalty_sweep_qpu_v113/samples/3nq9_Kdist7.0_Kmono12.0/psweep113_r3_20260327_042607/3nq9_ligand_samples.json,./penalty_sweep_qpu_v113/samples/3nq9_Kdist7.0_Kmono12.0/psweep113_r3_20260327_042607/result.json
3nq9,3nq9_Kdist7.0_Kmono13.0,psweep113_r3_20260327_042607,7.0,13.0,ok,3.047144108779052,1000,1000,1000,0,0.0,1.0,0.0,0.2136228,0.17902,Advantage2_system1.13,1959,24,./penalty_sweep_qpu_v113/samples/3nq9_Kdist7.0_Kmono13.0/psweep113_r3_20260327_042607/3nq9_ligand_report.csv,./penalty_sweep_qpu_v113/samples/3nq9_Kdist7.0_Kmono13.0/psweep113_r3_20260327_042607/3nq9_ligand_samples.json,./penalty_sweep_qpu_v113/samples/3nq9_Kdist7.0_Kmono13.0/psweep113_r3_20260327_042607/result.json
3nq9,3nq9_Kdist7.0_Kmono14.0,psweep113_r3_20260327_042607,7.0,14.0,ok,3.92777001454534,1000,1000,1000,0,0.0,1.0,0.0,0.2087704,0.17416,Advantage2_system1.13,2230,28,./penalty_sweep_qpu_v113/samples/3nq9_Kdist7.0_Kmono14.0/psweep113_r3_20260327_042607/3nq9_ligand_report.csv,./penalty_sweep_qpu_v113/samples/3nq9_Kdist7.0_Kmono14.0/psweep113_r3_20260327_042607/3nq9_ligand_samples.json,./penalty_sweep_qpu_v113/samples/3nq9_Kdist7.0_Kmono14.0/psweep113_r3_20260327_042607/result.json
3nq9,3nq9_Kdist7.0_Kmono15.0,psweep113_r3_20260327_042607,7.0,15.0,ok,4.846688621828411,1000,1000,1000,0,0.0,1.0,0.0,0.207304,0.1727,Advantage2_system1.13,2172,27,./penalty_sweep_qpu_v113/samples/3nq9_Kdist7.0_Kmono15.0/psweep113_r3_20260327_042607/3nq9_ligand_report.csv,./penalty_sweep_qpu_v113/samples/3nq9_Kdist7.0_Kmono15.0/psweep113_r3_20260327_042607/3nq9_ligand_samples.json,./penalty_sweep_qpu_v113/samples/3nq9_Kdist7.0_Kmono15.0/psweep113_r3_20260327_042607/result.json
3nq9,3nq9_Kdist7.0_Kmono16.0,psweep113_r3_20260327_042607,7.0,16.0,ok,1.8289955266391078,1000,1000,1000,18,0.018,1.0,0.018,0.21571079999999998,0.1811,Advantage2_system1.13,2316,26,./penalty_sweep_qpu_v113/samples/3nq9_Kdist7.0_Kmono16.0/psweep113_r3_20260327_042607/3nq9_ligand_report.csv,./penalty_sweep_qpu_v113/samples/3nq9_Kdist7.0_Kmono16.0/psweep113_r3_20260327_042607/3nq9_ligand_samples.json,./penalty_sweep_qpu_v113/samples/3nq9_Kdist7.0_Kmono16.0/psweep113_r3_20260327_042607/result.json
3nq9,3nq9_Kdist7.0_Kmono17.0,psweep113_r3_20260327_042607,7.0,17.0,ok,3.450049998912019,1000,1000,1000,0,0.0,1.0,0.0,0.206588,0.17198,Advantage2_system1.13,2688,32,./penalty_sweep_qpu_v113/samples/3nq9_Kdist7.0_Kmono17.0/psweep113_r3_20260327_042607/3nq9_ligand_report.csv,./penalty_sweep_qpu_v113/samples/3nq9_Kdist7.0_Kmono17.0/psweep113_r3_20260327_042607/3nq9_ligand_samples.json,./penalty_sweep_qpu_v113/samples/3nq9_Kdist7.0_Kmono17.0/psweep113_r3_20260327_042607/result.json
3nq9,3nq9_Kdist7.0_Kmono18.0,psweep113_r3_20260327_042607,7.0,18.0,ok,2.2835414512245955,1000,1000,1000,0,0.0,1.0,0.0,0.2113876,0.17678,Advantage2_system1.13,2201,27,./penalty_sweep_qpu_v113/samples/3nq9_Kdist7.0_Kmono18.0/psweep113_r3_20260327_042607/3nq9_ligand_report.csv,./penalty_sweep_qpu_v113/samples/3nq9_Kdist7.0_Kmono18.0/psweep113_r3_20260327_042607/3nq9_ligand_samples.json,./penalty_sweep_qpu_v113/samples/3nq9_Kdist7.0_Kmono18.0/psweep113_r3_20260327_042607/result.json
3nq9,3nq9_Kdist7.0_Kmono19.0,psweep113_r3_20260327_042607,7.0,19.0,ok,1.093307460320936,1000,1000,1000,611,0.611,1.0,0.611,0.20762039999999998,0.17302,Advantage2_system1.13,2048,23,./penalty_sweep_qpu_v113/samples/3nq9_Kdist7.0_Kmono19.0/psweep113_r3_20260327_042607/3nq9_ligand_report.csv,./penalty_sweep_qpu_v113/samples/3nq9_Kdist7.0_Kmono19.0/psweep113_r3_20260327_042607/3nq9_ligand_samples.json,./penalty_sweep_qpu_v113/samples/3nq9_Kdist7.0_Kmono19.0/psweep113_r3_20260327_042607/result.json
3nq9,3nq9_Kdist7.0_Kmono20.0,psweep113_r3_20260327_042607,7.0,20.0,ok,1.7923674077124423,1000,1000,1000,2,0.002,1.0,0.002,0.2078904,0.17328,Advantage2_system1.13,2244,26,./penalty_sweep_qpu_v113/samples/3nq9_Kdist7.0_Kmono20.0/psweep113_r3_20260327_042607/3nq9_ligand_report.csv,./penalty_sweep_qpu_v113/samples/3nq9_Kdist7.0_Kmono20.0/psweep113_r3_20260327_042607/3nq9_ligand_samples.json,./penalty_sweep_qpu_v113/samples/3nq9_Kdist7.0_Kmono20.0/psweep113_r3_20260327_042607/result.json
3nq9,3nq9_Kdist7.5_Kmono1.0,psweep113_r3_20260327_042607,7.5,1.0,ok,2.8817817395625416,1000,1000,1000,0,0.0,1.0,0.0,0.2122664,0.17766,Advantage2_system1.13,2438,30,./penalty_sweep_qpu_v113/samples/3nq9_Kdist7.5_Kmono1.0/psweep113_r3_20260327_042607/3nq9_ligand_report.csv,./penalty_sweep_qpu_v113/samples/3nq9_Kdist7.5_Kmono1.0/psweep113_r3_20260327_042607/3nq9_ligand_samples.json,./penalty_sweep_qpu_v113/samples/3nq9_Kdist7.5_Kmono1.0/psweep113_r3_20260327_042607/result.json
3nq9,3nq9_Kdist7.5_Kmono2.0,psweep113_r3_20260327_042607,7.5,2.0,ok,3.6644093892006016,1000,1000,1000,0,0.0,1.0,0.0,0.21141520000000003,0.1768,Advantage2_system1.13,2382,28,./penalty_sweep_qpu_v113/samples/3nq9_Kdist7.5_Kmono2.0/psweep113_r3_20260327_042607/3nq9_ligand_report.csv,./penalty_sweep_qpu_v113/samples/3nq9_Kdist7.5_Kmono2.0/psweep113_r3_20260327_042607/3nq9_ligand_samples.json,./penalty_sweep_qpu_v113/samples/3nq9_Kdist7.5_Kmono2.0/psweep113_r3_20260327_042607/result.json
3nq9,3nq9_Kdist7.5_Kmono3.0,psweep113_r3_20260327_042607,7.5,3.0,ok,4.951776331034383,1000,1000,1000,0,0.0,1.0,0.0,0.2071188,0.17252,Advantage2_system1.13,2084,24,./penalty_sweep_qpu_v113/samples/3nq9_Kdist7.5_Kmono3.0/psweep113_r3_20260327_042607/3nq9_ligand_report.csv,./penalty_sweep_qpu_v113/samples/3nq9_Kdist7.5_Kmono3.0/psweep113_r3_20260327_042607/3nq9_ligand_samples.json,./penalty_sweep_qpu_v113/samples/3nq9_Kdist7.5_Kmono3.0/psweep113_r3_20260327_042607/result.json
3nq9,3nq9_Kdist7.5_Kmono4.0,psweep113_r3_20260327_042607,7.5,4.0,ok,3.4809934330950414,1000,1000,1000,0,0.0,1.0,0.0,0.2040208,0.16942,Advantage2_system1.13,2094,25,./penalty_sweep_qpu_v113/samples/3nq9_Kdist7.5_Kmono4.0/psweep113_r3_20260327_042607/3nq9_ligand_report.csv,./penalty_sweep_qpu_v113/samples/3nq9_Kdist7.5_Kmono4.0/psweep113_r3_20260327_042607/3nq9_ligand_samples.json,./penalty_sweep_qpu_v113/samples/3nq9_Kdist7.5_Kmono4.0/psweep113_r3_20260327_042607/result.json
3nq9,3nq9_Kdist7.5_Kmono5.0,psweep113_r3_20260327_042607,7.5,5.0,ok,3.3339129708752555,1000,1000,1000,0,0.0,1.0,0.0,0.212624,0.17802,Advantage2_system1.13,2011,24,./penalty_sweep_qpu_v113/samples/3nq9_Kdist7.5_Kmono5.0/psweep113_r3_20260327_042607/3nq9_ligand_report.csv,./penalty_sweep_qpu_v113/samples/3nq9_Kdist7.5_Kmono5.0/psweep113_r3_20260327_042607/3nq9_ligand_samples.json,./penalty_sweep_qpu_v113/samples/3nq9_Kdist7.5_Kmono5.0/psweep113_r3_20260327_042607/result.json
3nq9,3nq9_Kdist7.5_Kmono6.0,psweep113_r3_20260327_042607,7.5,6.0,ok,3.319501655496709,1000,1000,1000,0,0.0,1.0,0.0,0.2121656,0.17756,Advantage2_system1.13,2095,24,./penalty_sweep_qpu_v113/samples/3nq9_Kdist7.5_Kmono6.0/psweep113_r3_20260327_042607/3nq9_ligand_report.csv,./penalty_sweep_qpu_v113/samples/3nq9_Kdist7.5_Kmono6.0/psweep113_r3_20260327_042607/3nq9_ligand_samples.json,./penalty_sweep_qpu_v113/samples/3nq9_Kdist7.5_Kmono6.0/psweep113_r3_20260327_042607/result.json
3nq9,3nq9_Kdist7.5_Kmono7.0,psweep113_r3_20260327_042607,7.5,7.0,ok,2.7614574750295877,1000,1000,1000,0,0.0,1.0,0.0,0.219122,0.18452,Advantage2_system1.13,1982,23,./penalty_sweep_qpu_v113/samples/3nq9_Kdist7.5_Kmono7.0/psweep113_r3_20260327_042607/3nq9_ligand_report.csv,./penalty_sweep_qpu_v113/samples/3nq9_Kdist7.5_Kmono7.0/psweep113_r3_20260327_042607/3nq9_ligand_samples.json,./penalty_sweep_qpu_v113/samples/3nq9_Kdist7.5_Kmono7.0/psweep113_r3_20260327_042607/result.json
3nq9,3nq9_Kdist7.5_Kmono8.0,psweep113_r3_20260327_042607,7.5,8.0,ok,1.4408794254382413,1000,1000,1000,1,0.001,1.0,0.001,0.207444,0.17284,Advantage2_system1.13,2122,25,./penalty_sweep_qpu_v113/samples/3nq9_Kdist7.5_Kmono8.0/psweep113_r3_20260327_042607/3nq9_ligand_report.csv,./penalty_sweep_qpu_v113/samples/3nq9_Kdist7.5_Kmono8.0/psweep113_r3_20260327_042607/3nq9_ligand_samples.json,./penalty_sweep_qpu_v113/samples/3nq9_Kdist7.5_Kmono8.0/psweep113_r3_20260327_042607/result.json
3nq9,3nq9_Kdist7.5_Kmono9.0,psweep113_r3_20260327_042607,7.5,9.0,ok,2.3312513183185146,1000,1000,1000,0,0.0,1.0,0.0,0.21888,0.18428,Advantage2_system1.13,1990,22,./penalty_sweep_qpu_v113/samples/3nq9_Kdist7.5_Kmono9.0/psweep113_r3_20260327_042607/3nq9_ligand_report.csv,./penalty_sweep_qpu_v113/samples/3nq9_Kdist7.5_Kmono9.0/psweep113_r3_20260327_042607/3nq9_ligand_samples.json,./penalty_sweep_qpu_v113/samples/3nq9_Kdist7.5_Kmono9.0/psweep113_r3_20260327_042607/result.json
3nq9,3nq9_Kdist7.5_Kmono10.0,psweep113_r3_20260327_042607,7.5,10.0,ok,3.9146196292844486,1000,1000,1000,0,0.0,1.0,0.0,0.2045196,0.16992,Advantage2_system1.13,2064,24,./penalty_sweep_qpu_v113/samples/3nq9_Kdist7.5_Kmono10.0/psweep113_r3_20260327_042607/3nq9_ligand_report.csv,./penalty_sweep_qpu_v113/samples/3nq9_Kdist7.5_Kmono10.0/psweep113_r3_20260327_042607/3nq9_ligand_samples.json,./penalty_sweep_qpu_v113/samples/3nq9_Kdist7.5_Kmono10.0/psweep113_r3_20260327_042607/result.json
3nq9,3nq9_Kdist7.5_Kmono11.0,psweep113_r3_20260327_042607,7.5,11.0,ok,4.1350745093537125,1000,1000,1000,0,0.0,1.0,0.0,0.2181236,0.18352,Advantage2_system1.13,2059,23,./penalty_sweep_qpu_v113/samples/3nq9_Kdist7.5_Kmono11.0/psweep113_r3_20260327_042607/3nq9_ligand_report.csv,./penalty_sweep_qpu_v113/samples/3nq9_Kdist7.5_Kmono11.0/psweep113_r3_20260327_042607/3nq9_ligand_samples.json,./penalty_sweep_qpu_v113/samples/3nq9_Kdist7.5_Kmono11.0/psweep113_r3_20260327_042607/result.json
3nq9,3nq9_Kdist7.5_Kmono12.0,psweep113_r3_20260327_042607,7.5,12.0,ok,1.9487340129978377,1000,1000,1000,1,0.001,1.0,0.001,0.2087028,0.1741,Advantage2_system1.13,2051,24,./penalty_sweep_qpu_v113/samples/3nq9_Kdist7.5_Kmono12.0/psweep113_r3_20260327_042607/3nq9_ligand_report.csv,./penalty_sweep_qpu_v113/samples/3nq9_Kdist7.5_Kmono12.0/psweep113_r3_20260327_042607/3nq9_ligand_samples.json,./penalty_sweep_qpu_v113/samples/3nq9_Kdist7.5_Kmono12.0/psweep113_r3_20260327_042607/result.json
3nq9,3nq9_Kdist7.5_Kmono13.0,psweep113_r3_20260327_042607,7.5,13.0,ok,2.991000778762868,1000,1000,1000,0,0.0,1.0,0.0,0.215304,0.1807,Advantage2_system1.13,1977,24,./penalty_sweep_qpu_v113/samples/3nq9_Kdist7.5_Kmono13.0/psweep113_r3_20260327_042607/3nq9_ligand_report.csv,./penalty_sweep_qpu_v113/samples/3nq9_Kdist7.5_Kmono13.0/psweep113_r3_20260327_042607/3nq9_ligand_samples.json,./penalty_sweep_qpu_v113/samples/3nq9_Kdist7.5_Kmono13.0/psweep113_r3_20260327_042607/result.json
3nq9,3nq9_Kdist7.5_Kmono14.0,psweep113_r3_20260327_042607,7.5,14.0,ok,2.6967829918926887,1000,1000,1000,0,0.0,1.0,0.0,0.20894479999999999,0.17434,Advantage2_system1.13,2317,26,./penalty_sweep_qpu_v113/samples/3nq9_Kdist7.5_Kmono14.0/psweep113_r3_20260327_042607/3nq9_ligand_report.csv,./penalty_sweep_qpu_v113/samples/3nq9_Kdist7.5_Kmono14.0/psweep113_r3_20260327_042607/3nq9_ligand_samples.json,./penalty_sweep_qpu_v113/samples/3nq9_Kdist7.5_Kmono14.0/psweep113_r3_20260327_042607/result.json
3nq9,3nq9_Kdist7.5_Kmono15.0,psweep113_r3_20260327_042607,7.5,15.0,ok,3.0304033944897077,1000,1000,1000,0,0.0,1.0,0.0,0.21426520000000002,0.17966,Advantage2_system1.13,1868,22,./penalty_sweep_qpu_v113/samples/3nq9_Kdist7.5_Kmono15.0/psweep113_r3_20260327_042607/3nq9_ligand_report.csv,./penalty_sweep_qpu_v113/samples/3nq9_Kdist7.5_Kmono15.0/psweep113_r3_20260327_042607/3nq9_ligand_samples.json,./penalty_sweep_qpu_v113/samples/3nq9_Kdist7.5_Kmono15.0/psweep113_r3_20260327_042607/result.json
3nq9,3nq9_Kdist7.5_Kmono16.0,psweep113_r3_20260327_042607,7.5,16.0,ok,1.9323700298693585,1000,1000,1000,1,0.001,1.0,0.001,0.213446,0.17884,Advantage2_system1.13,2316,27,./penalty_sweep_qpu_v113/samples/3nq9_Kdist7.5_Kmono16.0/psweep113_r3_20260327_042607/3nq9_ligand_report.csv,./penalty_sweep_qpu_v113/samples/3nq9_Kdist7.5_Kmono16.0/psweep113_r3_20260327_042607/3nq9_ligand_samples.json,./penalty_sweep_qpu_v113/samples/3nq9_Kdist7.5_Kmono16.0/psweep113_r3_20260327_042607/result.json
3nq9,3nq9_Kdist7.5_Kmono17.0,psweep113_r3_20260327_042607,7.5,17.0,ok,2.3601708600307143,1000,1000,1000,0,0.0,1.0,0.0,0.2071656,0.17256,Advantage2_system1.13,2050,24,./penalty_sweep_qpu_v113/samples/3nq9_Kdist7.5_Kmono17.0/psweep113_r3_20260327_042607/3nq9_ligand_report.csv,./penalty_sweep_qpu_v113/samples/3nq9_Kdist7.5_Kmono17.0/psweep113_r3_20260327_042607/3nq9_ligand_samples.json,./penalty_sweep_qpu_v113/samples/3nq9_Kdist7.5_Kmono17.0/psweep113_r3_20260327_042607/result.json
3nq9,3nq9_Kdist7.5_Kmono18.0,psweep113_r3_20260327_042607,7.5,18.0,ok,3.686238152789438,1000,1000,1000,0,0.0,1.0,0.0,0.20659239999999998,0.17198,Advantage2_system1.13,2066,24,./penalty_sweep_qpu_v113/samples/3nq9_Kdist7.5_Kmono18.0/psweep113_r3_20260327_042607/3nq9_ligand_report.csv,./penalty_sweep_qpu_v113/samples/3nq9_Kdist7.5_Kmono18.0/psweep113_r3_20260327_042607/3nq9_ligand_samples.json,./penalty_sweep_qpu_v113/samples/3nq9_Kdist7.5_Kmono18.0/psweep113_r3_20260327_042607/result.json
3nq9,3nq9_Kdist7.5_Kmono19.0,psweep113_r3_20260327_042607,7.5,19.0,ok,4.5965796725899075,1000,1000,1000,0,0.0,1.0,0.0,0.206896,0.1723,Advantage2_system1.13,2194,25,./penalty_sweep_qpu_v113/samples/3nq9_Kdist7.5_Kmono19.0/psweep113_r3_20260327_042607/3nq9_ligand_report.csv,./penalty_sweep_qpu_v113/samples/3nq9_Kdist7.5_Kmono19.0/psweep113_r3_20260327_042607/3nq9_ligand_samples.json,./penalty_sweep_qpu_v113/samples/3nq9_Kdist7.5_Kmono19.0/psweep113_r3_20260327_042607/result.json
3nq9,3nq9_Kdist7.5_Kmono20.0,psweep113_r3_20260327_042607,7.5,20.0,ok,5.503386609047099,1000,1000,1000,0,0.0,1.0,0.0,0.21684,0.18224,Advantage2_system1.13,1924,22,./penalty_sweep_qpu_v113/samples/3nq9_Kdist7.5_Kmono20.0/psweep113_r3_20260327_042607/3nq9_ligand_report.csv,./penalty_sweep_qpu_v113/samples/3nq9_Kdist7.5_Kmono20.0/psweep113_r3_20260327_042607/3nq9_ligand_samples.json,./penalty_sweep_qpu_v113/samples/3nq9_Kdist7.5_Kmono20.0/psweep113_r3_20260327_042607/result.json
3nq9,3nq9_Kdist8.0_Kmono1.0,psweep113_r3_20260327_042607,8.0,1.0,ok,2.897998473587611,1000,1000,1000,0,0.0,1.0,0.0,0.2165936,0.18198,Advantage2_system1.13,2296,27,./penalty_sweep_qpu_v113/samples/3nq9_Kdist8.0_Kmono1.0/psweep113_r3_20260327_042607/3nq9_ligand_report.csv,./penalty_sweep_qpu_v113/samples/3nq9_Kdist8.0_Kmono1.0/psweep113_r3_20260327_042607/3nq9_ligand_samples.json,./penalty_sweep_qpu_v113/samples/3nq9_Kdist8.0_Kmono1.0/psweep113_r3_20260327_042607/result.json
3nq9,3nq9_Kdist8.0_Kmono2.0,psweep113_r3_20260327_042607,8.0,2.0,ok,4.378590084446777,1000,1000,1000,0,0.0,1.0,0.0,0.206452,0.17184,Advantage2_system1.13,2082,25,./penalty_sweep_qpu_v113/samples/3nq9_Kdist8.0_Kmono2.0/psweep113_r3_20260327_042607/3nq9_ligand_report.csv,./penalty_sweep_qpu_v113/samples/3nq9_Kdist8.0_Kmono2.0/psweep113_r3_20260327_042607/3nq9_ligand_samples.json,./penalty_sweep_qpu_v113/samples/3nq9_Kdist8.0_Kmono2.0/psweep113_r3_20260327_042607/result.json
3nq9,3nq9_Kdist8.0_Kmono3.0,psweep113_r3_20260327_042607,8.0,3.0,ok,5.935105666179384,1000,1000,1000,0,0.0,1.0,0.0,0.1988832,0.16428,Advantage2_system1.13,1927,22,./penalty_sweep_qpu_v113/samples/3nq9_Kdist8.0_Kmono3.0/psweep113_r3_20260327_042607/3nq9_ligand_report.csv,./penalty_sweep_qpu_v113/samples/3nq9_Kdist8.0_Kmono3.0/psweep113_r3_20260327_042607/3nq9_ligand_samples.json,./penalty_sweep_qpu_v113/samples/3nq9_Kdist8.0_Kmono3.0/psweep113_r3_20260327_042607/result.json
3nq9,3nq9_Kdist8.0_Kmono4.0,psweep113_r3_20260327_042607,8.0,4.0,ok,3.8274840482497563,1000,1000,1000,0,0.0,1.0,0.0,0.2160896,0.18148,Advantage2_system1.13,2130,25,./penalty_sweep_qpu_v113/samples/3nq9_Kdist8.0_Kmono4.0/psweep113_r3_20260327_042607/3nq9_ligand_report.csv,./penalty_sweep_qpu_v113/samples/3nq9_Kdist8.0_Kmono4.0/psweep113_r3_20260327_042607/3nq9_ligand_samples.json,./penalty_sweep_qpu_v113/samples/3nq9_Kdist8.0_Kmono4.0/psweep113_r3_20260327_042607/result.json
3nq9,3nq9_Kdist8.0_Kmono5.0,psweep113_r3_20260327_042607,8.0,5.0,ok,2.857449276866518,1000,1000,1000,0,0.0,1.0,0.0,0.2149508,0.18034,Advantage2_system1.13,2148,25,./penalty_sweep_qpu_v113/samples/3nq9_Kdist8.0_Kmono5.0/psweep113_r3_20260327_042607/3nq9_ligand_report.csv,./penalty_sweep_qpu_v113/samples/3nq9_Kdist8.0_Kmono5.0/psweep113_r3_20260327_042607/3nq9_ligand_samples.json,./penalty_sweep_qpu_v113/samples/3nq9_Kdist8.0_Kmono5.0/psweep113_r3_20260327_042607/result.json
3nq9,3nq9_Kdist8.0_Kmono6.0,psweep113_r3_20260327_042607,8.0,6.0,ok,4.995363830033415,1000,1000,1000,0,0.0,1.0,0.0,0.2126276,0.17802,Advantage2_system1.13,1881,21,./penalty_sweep_qpu_v113/samples/3nq9_Kdist8.0_Kmono6.0/psweep113_r3_20260327_042607/3nq9_ligand_report.csv,./penalty_sweep_qpu_v113/samples/3nq9_Kdist8.0_Kmono6.0/psweep113_r3_20260327_042607/3nq9_ligand_samples.json,./penalty_sweep_qpu_v113/samples/3nq9_Kdist8.0_Kmono6.0/psweep113_r3_20260327_042607/result.json
3nq9,3nq9_Kdist8.0_Kmono7.0,psweep113_r3_20260327_042607,8.0,7.0,ok,2.834285375011438,1000,1000,1000,0,0.0,1.0,0.0,0.2029872,0.16838,Advantage2_system1.13,2250,26,./penalty_sweep_qpu_v113/samples/3nq9_Kdist8.0_Kmono7.0/psweep113_r3_20260327_042607/3nq9_ligand_report.csv,./penalty_sweep_qpu_v113/samples/3nq9_Kdist8.0_Kmono7.0/psweep113_r3_20260327_042607/3nq9_ligand_samples.json,./penalty_sweep_qpu_v113/samples/3nq9_Kdist8.0_Kmono7.0/psweep113_r3_20260327_042607/result.json
3nq9,3nq9_Kdist8.0_Kmono8.0,psweep113_r3_20260327_042607,8.0,8.0,ok,2.2568986676907143,1000,1000,1000,0,0.0,1.0,0.0,0.2111988,0.1766,Advantage2_system1.13,2142,26,./penalty_sweep_qpu_v113/samples/3nq9_Kdist8.0_Kmono8.0/psweep113_r3_20260327_042607/3nq9_ligand_report.csv,./penalty_sweep_qpu_v113/samples/3nq9_Kdist8.0_Kmono8.0/psweep113_r3_20260327_042607/3nq9_ligand_samples.json,./penalty_sweep_qpu_v113/samples/3nq9_Kdist8.0_Kmono8.0/psweep113_r3_20260327_042607/result.json
3nq9,3nq9_Kdist8.0_Kmono9.0,psweep113_r3_20260327_042607,8.0,9.0,ok,3.347536973530521,1000,1000,1000,0,0.0,1.0,0.0,0.2163432,0.18174,Advantage2_system1.13,2133,25,./penalty_sweep_qpu_v113/samples/3nq9_Kdist8.0_Kmono9.0/psweep113_r3_20260327_042607/3nq9_ligand_report.csv,./penalty_sweep_qpu_v113/samples/3nq9_Kdist8.0_Kmono9.0/psweep113_r3_20260327_042607/3nq9_ligand_samples.json,./penalty_sweep_qpu_v113/samples/3nq9_Kdist8.0_Kmono9.0/psweep113_r3_20260327_042607/result.json
3nq9,3nq9_Kdist8.0_Kmono10.0,psweep113_r3_20260327_042607,8.0,10.0,ok,6.89669507791277,1000,1000,1000,0,0.0,1.0,0.0,0.2080836,0.17348,Advantage2_system1.13,2092,25,./penalty_sweep_qpu_v113/samples/3nq9_Kdist8.0_Kmono10.0/psweep113_r3_20260327_042607/3nq9_ligand_report.csv,./penalty_sweep_qpu_v113/samples/3nq9_Kdist8.0_Kmono10.0/psweep113_r3_20260327_042607/3nq9_ligand_samples.json,./penalty_sweep_qpu_v113/samples/3nq9_Kdist8.0_Kmono10.0/psweep113_r3_20260327_042607/result.json
3nq9,3nq9_Kdist8.0_Kmono11.0,psweep113_r3_20260327_042607,8.0,11.0,ok,4.2393016117907285,1000,1000,1000,0,0.0,1.0,0.0,0.204726,0.17012,Advantage2_system1.13,1993,23,./penalty_sweep_qpu_v113/samples/3nq9_Kdist8.0_Kmono11.0/psweep113_r3_20260327_042607/3nq9_ligand_report.csv,./penalty_sweep_qpu_v113/samples/3nq9_Kdist8.0_Kmono11.0/psweep113_r3_20260327_042607/3nq9_ligand_samples.json,./penalty_sweep_qpu_v113/samples/3nq9_Kdist8.0_Kmono11.0/psweep113_r3_20260327_042607/result.json
3nq9,3nq9_Kdist8.0_Kmono12.0,psweep113_r3_20260327_042607,8.0,12.0,ok,4.550475625677788,1000,1000,1000,0,0.0,1.0,0.0,0.20441,0.1698,Advantage2_system1.13,2016,24,./penalty_sweep_qpu_v113/samples/3nq9_Kdist8.0_Kmono12.0/psweep113_r3_20260327_042607/3nq9_ligand_report.csv,./penalty_sweep_qpu_v113/samples/3nq9_Kdist8.0_Kmono12.0/psweep113_r3_20260327_042607/3nq9_ligand_samples.json,./penalty_sweep_qpu_v113/samples/3nq9_Kdist8.0_Kmono12.0/psweep113_r3_20260327_042607/result.json
3nq9,3nq9_Kdist8.0_Kmono13.0,psweep113_r3_20260327_042607,8.0,13.0,ok,3.5273326802108405,1000,1000,1000,0,0.0,1.0,0.0,0.206712,0.1721,Advantage2_system1.13,2506,29,./penalty_sweep_qpu_v113/samples/3nq9_Kdist8.0_Kmono13.0/psweep113_r3_20260327_042607/3nq9_ligand_report.csv,./penalty_sweep_qpu_v113/samples/3nq9_Kdist8.0_Kmono13.0/psweep113_r3_20260327_042607/3nq9_ligand_samples.json,./penalty_sweep_qpu_v113/samples/3nq9_Kdist8.0_Kmono13.0/psweep113_r3_20260327_042607/result.json
3nq9,3nq9_Kdist8.0_Kmono14.0,psweep113_r3_20260327_042607,8.0,14.0,ok,2.1484193386455583,1000,1000,1000,0,0.0,1.0,0.0,0.207586,0.17298,Advantage2_system1.13,2205,26,./penalty_sweep_qpu_v113/samples/3nq9_Kdist8.0_Kmono14.0/psweep113_r3_20260327_042607/3nq9_ligand_report.csv,./penalty_sweep_qpu_v113/samples/3nq9_Kdist8.0_Kmono14.0/psweep113_r3_20260327_042607/3nq9_ligand_samples.json,./penalty_sweep_qpu_v113/samples/3nq9_Kdist8.0_Kmono14.0/psweep113_r3_20260327_042607/result.json
3nq9,3nq9_Kdist8.0_Kmono15.0,psweep113_r3_20260327_042607,8.0,15.0,ok,4.85627535195047,1000,1000,1000,0,0.0,1.0,0.0,0.20634,0.17174,Advantage2_system1.13,1860,22,./penalty_sweep_qpu_v113/samples/3nq9_Kdist8.0_Kmono15.0/psweep113_r3_20260327_042607/3nq9_ligand_report.csv,./penalty_sweep_qpu_v113/samples/3nq9_Kdist8.0_Kmono15.0/psweep113_r3_20260327_042607/3nq9_ligand_samples.json,./penalty_sweep_qpu_v113/samples/3nq9_Kdist8.0_Kmono15.0/psweep113_r3_20260327_042607/result.json
3nq9,3nq9_Kdist8.0_Kmono16.0,psweep113_r3_20260327_042607,8.0,16.0,ok,1.8931565310464296,1000,1000,1000,2,0.002,1.0,0.002,0.216848,0.18224,Advantage2_system1.13,2127,25,./penalty_sweep_qpu_v113/samples/3nq9_Kdist8.0_Kmono16.0/psweep113_r3_20260327_042607/3nq9_ligand_report.csv,./penalty_sweep_qpu_v113/samples/3nq9_Kdist8.0_Kmono16.0/psweep113_r3_20260327_042607/3nq9_ligand_samples.json,./penalty_sweep_qpu_v113/samples/3nq9_Kdist8.0_Kmono16.0/psweep113_r3_20260327_042607/result.json
3nq9,3nq9_Kdist8.0_Kmono17.0,psweep113_r3_20260327_042607,8.0,17.0,ok,2.442825955773427,1000,1000,1000,0,0.0,1.0,0.0,0.2150256,0.18042,Advantage2_system1.13,2134,24,./penalty_sweep_qpu_v113/samples/3nq9_Kdist8.0_Kmono17.0/psweep113_r3_20260327_042607/3nq9_ligand_report.csv,./penalty_sweep_qpu_v113/samples/3nq9_Kdist8.0_Kmono17.0/psweep113_r3_20260327_042607/3nq9_ligand_samples.json,./penalty_sweep_qpu_v113/samples/3nq9_Kdist8.0_Kmono17.0/psweep113_r3_20260327_042607/result.json
3nq9,3nq9_Kdist8.0_Kmono18.0,psweep113_r3_20260327_042607,8.0,18.0,ok,2.404196670801675,1000,1000,1000,0,0.0,1.0,0.0,0.206488,0.17188,Advantage2_system1.13,2174,26,./penalty_sweep_qpu_v113/samples/3nq9_Kdist8.0_Kmono18.0/psweep113_r3_20260327_042607/3nq9_ligand_report.csv,./penalty_sweep_qpu_v113/samples/3nq9_Kdist8.0_Kmono18.0/psweep113_r3_20260327_042607/3nq9_ligand_samples.json,./penalty_sweep_qpu_v113/samples/3nq9_Kdist8.0_Kmono18.0/psweep113_r3_20260327_042607/result.json
3nq9,3nq9_Kdist8.0_Kmono19.0,psweep113_r3_20260327_042607,8.0,19.0,ok,2.835548956697698,1000,1000,1000,0,0.0,1.0,0.0,0.209078,0.17448,Advantage2_system1.13,2071,25,./penalty_sweep_qpu_v113/samples/3nq9_Kdist8.0_Kmono19.0/psweep113_r3_20260327_042607/3nq9_ligand_report.csv,./penalty_sweep_qpu_v113/samples/3nq9_Kdist8.0_Kmono19.0/psweep113_r3_20260327_042607/3nq9_ligand_samples.json,./penalty_sweep_qpu_v113/samples/3nq9_Kdist8.0_Kmono19.0/psweep113_r3_20260327_042607/result.json
3nq9,3nq9_Kdist8.0_Kmono20.0,psweep113_r3_20260327_042607,8.0,20.0,ok,3.600561431329348,1000,1000,1000,0,0.0,1.0,0.0,0.19987560000000001,0.16528,Advantage2_system1.13,2054,24,./penalty_sweep_qpu_v113/samples/3nq9_Kdist8.0_Kmono20.0/psweep113_r3_20260327_042607/3nq9_ligand_report.csv,./penalty_sweep_qpu_v113/samples/3nq9_Kdist8.0_Kmono20.0/psweep113_r3_20260327_042607/3nq9_ligand_samples.json,./penalty_sweep_qpu_v113/samples/3nq9_Kdist8.0_Kmono20.0/psweep113_r3_20260327_042607/result.json
3nq9,3nq9_Kdist8.5_Kmono1.0,psweep113_r3_20260327_042607,8.5,1.0,ok,3.681694705073376,1000,1000,1000,0,0.0,1.0,0.0,0.2052184,0.1706,Advantage2_system1.13,2162,26,./penalty_sweep_qpu_v113/samples/3nq9_Kdist8.5_Kmono1.0/psweep113_r3_20260327_042607/3nq9_ligand_report.csv,./penalty_sweep_qpu_v113/samples/3nq9_Kdist8.5_Kmono1.0/psweep113_r3_20260327_042607/3nq9_ligand_samples.json,./penalty_sweep_qpu_v113/samples/3nq9_Kdist8.5_Kmono1.0/psweep113_r3_20260327_042607/result.json
3nq9,3nq9_Kdist8.5_Kmono2.0,psweep113_r3_20260327_042607,8.5,2.0,ok,4.424074977179339,1000,1000,1000,0,0.0,1.0,0.0,0.2107648,0.17616,Advantage2_system1.13,2033,23,./penalty_sweep_qpu_v113/samples/3nq9_Kdist8.5_Kmono2.0/psweep113_r3_20260327_042607/3nq9_ligand_report.csv,./penalty_sweep_qpu_v113/samples/3nq9_Kdist8.5_Kmono2.0/psweep113_r3_20260327_042607/3nq9_ligand_samples.json,./penalty_sweep_qpu_v113/samples/3nq9_Kdist8.5_Kmono2.0/psweep113_r3_20260327_042607/result.json
3nq9,3nq9_Kdist8.5_Kmono3.0,psweep113_r3_20260327_042607,8.5,3.0,ok,2.31739630887587,1000,1000,1000,0,0.0,1.0,0.0,0.2073516,0.17274,Advantage2_system1.13,2232,26,./penalty_sweep_qpu_v113/samples/3nq9_Kdist8.5_Kmono3.0/psweep113_r3_20260327_042607/3nq9_ligand_report.csv,./penalty_sweep_qpu_v113/samples/3nq9_Kdist8.5_Kmono3.0/psweep113_r3_20260327_042607/3nq9_ligand_samples.json,./penalty_sweep_qpu_v113/samples/3nq9_Kdist8.5_Kmono3.0/psweep113_r3_20260327_042607/result.json
3nq9,3nq9_Kdist8.5_Kmono4.0,psweep113_r3_20260327_042607,8.5,4.0,ok,4.26040298043436,1000,1000,1000,0,0.0,1.0,0.0,0.21421,0.1796,Advantage2_system1.13,2019,24,./penalty_sweep_qpu_v113/samples/3nq9_Kdist8.5_Kmono4.0/psweep113_r3_20260327_042607/3nq9_ligand_report.csv,./penalty_sweep_qpu_v113/samples/3nq9_Kdist8.5_Kmono4.0/psweep113_r3_20260327_042607/3nq9_ligand_samples.json,./penalty_sweep_qpu_v113/samples/3nq9_Kdist8.5_Kmono4.0/psweep113_r3_20260327_042607/result.json
3nq9,3nq9_Kdist8.5_Kmono5.0,psweep113_r3_20260327_042607,8.5,5.0,ok,2.7962702708526828,1000,1000,1000,0,0.0,1.0,0.0,0.218626,0.18402,Advantage2_system1.13,1966,22,./penalty_sweep_qpu_v113/samples/3nq9_Kdist8.5_Kmono5.0/psweep113_r3_20260327_042607/3nq9_ligand_report.csv,./penalty_sweep_qpu_v113/samples/3nq9_Kdist8.5_Kmono5.0/psweep113_r3_20260327_042607/3nq9_ligand_samples.json,./penalty_sweep_qpu_v113/samples/3nq9_Kdist8.5_Kmono5.0/psweep113_r3_20260327_042607/result.json
3nq9,3nq9_Kdist8.5_Kmono6.0,psweep113_r3_20260327_042607,8.5,6.0,ok,3.953885273422576,1000,1000,1000,0,0.0,1.0,0.0,0.2027224,0.16812,Advantage2_system1.13,1993,22,./penalty_sweep_qpu_v113/samples/3nq9_Kdist8.5_Kmono6.0/psweep113_r3_20260327_042607/3nq9_ligand_report.csv,./penalty_sweep_qpu_v113/samples/3nq9_Kdist8.5_Kmono6.0/psweep113_r3_20260327_042607/3nq9_ligand_samples.json,./penalty_sweep_qpu_v113/samples/3nq9_Kdist8.5_Kmono6.0/psweep113_r3_20260327_042607/result.json
3nq9,3nq9_Kdist8.5_Kmono7.0,psweep113_r3_20260327_042607,8.5,7.0,ok,2.607556316070249,1000,1000,1000,0,0.0,1.0,0.0,0.2060888,0.17148,Advantage2_system1.13,2207,28,./penalty_sweep_qpu_v113/samples/3nq9_Kdist8.5_Kmono7.0/psweep113_r3_20260327_042607/3nq9_ligand_report.csv,./penalty_sweep_qpu_v113/samples/3nq9_Kdist8.5_Kmono7.0/psweep113_r3_20260327_042607/3nq9_ligand_samples.json,./penalty_sweep_qpu_v113/samples/3nq9_Kdist8.5_Kmono7.0/psweep113_r3_20260327_042607/result.json
3nq9,3nq9_Kdist8.5_Kmono8.0,psweep113_r3_20260327_042607,8.5,8.0,ok,2.779155591703472,1000,1000,1000,0,0.0,1.0,0.0,0.201384,0.16678,Advantage2_system1.13,2064,25,./penalty_sweep_qpu_v113/samples/3nq9_Kdist8.5_Kmono8.0/psweep113_r3_20260327_042607/3nq9_ligand_report.csv,./penalty_sweep_qpu_v113/samples/3nq9_Kdist8.5_Kmono8.0/psweep113_r3_20260327_042607/3nq9_ligand_samples.json,./penalty_sweep_qpu_v113/samples/3nq9_Kdist8.5_Kmono8.0/psweep113_r3_20260327_042607/result.json
3nq9,3nq9_Kdist8.5_Kmono9.0,psweep113_r3_20260327_042607,8.5,9.0,ok,3.969860977001615,1000,1000,1000,0,0.0,1.0,0.0,0.2092264,0.17462,Advantage2_system1.13,2121,26,./penalty_sweep_qpu_v113/samples/3nq9_Kdist8.5_Kmono9.0/psweep113_r3_20260327_042607/3nq9_ligand_report.csv,./penalty_sweep_qpu_v113/samples/3nq9_Kdist8.5_Kmono9.0/psweep113_r3_20260327_042607/3nq9_ligand_samples.json,./penalty_sweep_qpu_v113/samples/3nq9_Kdist8.5_Kmono9.0/psweep113_r3_20260327_042607/result.json
3nq9,3nq9_Kdist8.5_Kmono10.0,psweep113_r3_20260327_042607,8.5,10.0,ok,3.6539160205663763,1000,1000,1000,0,0.0,1.0,0.0,0.207272,0.17266,Advantage2_system1.13,2201,25,./penalty_sweep_qpu_v113/samples/3nq9_Kdist8.5_Kmono10.0/psweep113_r3_20260327_042607/3nq9_ligand_report.csv,./penalty_sweep_qpu_v113/samples/3nq9_Kdist8.5_Kmono10.0/psweep113_r3_20260327_042607/3nq9_ligand_samples.json,./penalty_sweep_qpu_v113/samples/3nq9_Kdist8.5_Kmono10.0/psweep113_r3_20260327_042607/result.json
3nq9,3nq9_Kdist8.5_Kmono11.0,psweep113_r3_20260327_042607,8.5,11.0,ok,4.0678484398357275,1000,1000,1000,0,0.0,1.0,0.0,0.2073504,0.17274,Advantage2_system1.13,2235,26,./penalty_sweep_qpu_v113/samples/3nq9_Kdist8.5_Kmono11.0/psweep113_r3_20260327_042607/3nq9_ligand_report.csv,./penalty_sweep_qpu_v113/samples/3nq9_Kdist8.5_Kmono11.0/psweep113_r3_20260327_042607/3nq9_ligand_samples.json,./penalty_sweep_qpu_v113/samples/3nq9_Kdist8.5_Kmono11.0/psweep113_r3_20260327_042607/result.json
3nq9,3nq9_Kdist8.5_Kmono12.0,psweep113_r3_20260327_042607,8.5,12.0,ok,1.4336425752419169,1000,1000,1000,26,0.026,1.0,0.026,0.2127584,0.17816,Advantage2_system1.13,2078,25,./penalty_sweep_qpu_v113/samples/3nq9_Kdist8.5_Kmono12.0/psweep113_r3_20260327_042607/3nq9_ligand_report.csv,./penalty_sweep_qpu_v113/samples/3nq9_Kdist8.5_Kmono12.0/psweep113_r3_20260327_042607/3nq9_ligand_samples.json,./penalty_sweep_qpu_v113/samples/3nq9_Kdist8.5_Kmono12.0/psweep113_r3_20260327_042607/result.json
3nq9,3nq9_Kdist8.5_Kmono13.0,psweep113_r3_20260327_042607,8.5,13.0,ok,1.2568352652399417,1000,1000,1000,540,0.54,1.0,0.54,0.21362479999999998,0.17902,Advantage2_system1.13,2083,24,./penalty_sweep_qpu_v113/samples/3nq9_Kdist8.5_Kmono13.0/psweep113_r3_20260327_042607/3nq9_ligand_report.csv,./penalty_sweep_qpu_v113/samples/3nq9_Kdist8.5_Kmono13.0/psweep113_r3_20260327_042607/3nq9_ligand_samples.json,./penalty_sweep_qpu_v113/samples/3nq9_Kdist8.5_Kmono13.0/psweep113_r3_20260327_042607/result.json
3nq9,3nq9_Kdist8.5_Kmono14.0,psweep113_r3_20260327_042607,8.5,14.0,ok,3.0718698941373095,1000,1000,1000,0,0.0,1.0,0.0,0.20708479999999999,0.17248,Advantage2_system1.13,2168,25,./penalty_sweep_qpu_v113/samples/3nq9_Kdist8.5_Kmono14.0/psweep113_r3_20260327_042607/3nq9_ligand_report.csv,./penalty_sweep_qpu_v113/samples/3nq9_Kdist8.5_Kmono14.0/psweep113_r3_20260327_042607/3nq9_ligand_samples.json,./penalty_sweep_qpu_v113/samples/3nq9_Kdist8.5_Kmono14.0/psweep113_r3_20260327_042607/result.json
3nq9,3nq9_Kdist8.5_Kmono15.0,psweep113_r3_20260327_042607,8.5,15.0,ok,2.769490978443268,1000,1000,1000,0,0.0,1.0,0.0,0.21062679999999998,0.17602,Advantage2_system1.13,2177,25,./penalty_sweep_qpu_v113/samples/3nq9_Kdist8.5_Kmono15.0/psweep113_r3_20260327_042607/3nq9_ligand_report.csv,./penalty_sweep_qpu_v113/samples/3nq9_Kdist8.5_Kmono15.0/psweep113_r3_20260327_042607/3nq9_ligand_samples.json,./penalty_sweep_qpu_v113/samples/3nq9_Kdist8.5_Kmono15.0/psweep113_r3_20260327_042607/result.json
3nq9,3nq9_Kdist8.5_Kmono16.0,psweep113_r3_20260327_042607,8.5,16.0,ok,4.153627598327352,1000,1000,1000,0,0.0,1.0,0.0,0.20476160000000002,0.17016,Advantage2_system1.13,2098,25,./penalty_sweep_qpu_v113/samples/3nq9_Kdist8.5_Kmono16.0/psweep113_r3_20260327_042607/3nq9_ligand_report.csv,./penalty_sweep_qpu_v113/samples/3nq9_Kdist8.5_Kmono16.0/psweep113_r3_20260327_042607/3nq9_ligand_samples.json,./penalty_sweep_qpu_v113/samples/3nq9_Kdist8.5_Kmono16.0/psweep113_r3_20260327_042607/result.json
3nq9,3nq9_Kdist8.5_Kmono17.0,psweep113_r3_20260327_042607,8.5,17.0,ok,1.466217588465281,1000,1000,1000,2,0.002,1.0,0.002,0.2145288,0.17992,Advantage2_system1.13,2321,26,./penalty_sweep_qpu_v113/samples/3nq9_Kdist8.5_Kmono17.0/psweep113_r3_20260327_042607/3nq9_ligand_report.csv,./penalty_sweep_qpu_v113/samples/3nq9_Kdist8.5_Kmono17.0/psweep113_r3_20260327_042607/3nq9_ligand_samples.json,./penalty_sweep_qpu_v113/samples/3nq9_Kdist8.5_Kmono17.0/psweep113_r3_20260327_042607/result.json
3nq9,3nq9_Kdist8.5_Kmono18.0,psweep113_r3_20260327_042607,8.5,18.0,ok,2.127248202526118,1000,1000,1000,0,0.0,1.0,0.0,0.2078428,0.17324,Advantage2_system1.13,1847,21,./penalty_sweep_qpu_v113/samples/3nq9_Kdist8.5_Kmono18.0/psweep113_r3_20260327_042607/3nq9_ligand_report.csv,./penalty_sweep_qpu_v113/samples/3nq9_Kdist8.5_Kmono18.0/psweep113_r3_20260327_042607/3nq9_ligand_samples.json,./penalty_sweep_qpu_v113/samples/3nq9_Kdist8.5_Kmono18.0/psweep113_r3_20260327_042607/result.json
3nq9,3nq9_Kdist8.5_Kmono19.0,psweep113_r3_20260327_042607,8.5,19.0,ok,3.8035004539796646,1000,1000,1000,0,0.0,1.0,0.0,0.21140720000000002,0.1768,Advantage2_system1.13,2076,25,./penalty_sweep_qpu_v113/samples/3nq9_Kdist8.5_Kmono19.0/psweep113_r3_20260327_042607/3nq9_ligand_report.csv,./penalty_sweep_qpu_v113/samples/3nq9_Kdist8.5_Kmono19.0/psweep113_r3_20260327_042607/3nq9_ligand_samples.json,./penalty_sweep_qpu_v113/samples/3nq9_Kdist8.5_Kmono19.0/psweep113_r3_20260327_042607/result.json
3nq9,3nq9_Kdist8.5_Kmono20.0,psweep113_r3_20260327_042607,8.5,20.0,ok,3.7497011594060243,1000,1000,1000,0,0.0,1.0,0.0,0.2064912,0.17188,Advantage2_system1.13,2116,25,./penalty_sweep_qpu_v113/samples/3nq9_Kdist8.5_Kmono20.0/psweep113_r3_20260327_042607/3nq9_ligand_report.csv,./penalty_sweep_qpu_v113/samples/3nq9_Kdist8.5_Kmono20.0/psweep113_r3_20260327_042607/3nq9_ligand_samples.json,./penalty_sweep_qpu_v113/samples/3nq9_Kdist8.5_Kmono20.0/psweep113_r3_20260327_042607/result.json
3nq9,3nq9_Kdist9.0_Kmono1.0,psweep113_r3_20260327_042607,9.0,1.0,ok,4.10982014195642,1000,1000,1000,0,0.0,1.0,0.0,0.2004932,0.16588,Advantage2_system1.13,2127,26,./penalty_sweep_qpu_v113/samples/3nq9_Kdist9.0_Kmono1.0/psweep113_r3_20260327_042607/3nq9_ligand_report.csv,./penalty_sweep_qpu_v113/samples/3nq9_Kdist9.0_Kmono1.0/psweep113_r3_20260327_042607/3nq9_ligand_samples.json,./penalty_sweep_qpu_v113/samples/3nq9_Kdist9.0_Kmono1.0/psweep113_r3_20260327_042607/result.json
3nq9,3nq9_Kdist9.0_Kmono2.0,psweep113_r3_20260327_042607,9.0,2.0,ok,4.305919570922231,1000,1000,1000,0,0.0,1.0,0.0,0.2139472,0.17934,Advantage2_system1.13,2056,24,./penalty_sweep_qpu_v113/samples/3nq9_Kdist9.0_Kmono2.0/psweep113_r3_20260327_042607/3nq9_ligand_report.csv,./penalty_sweep_qpu_v113/samples/3nq9_Kdist9.0_Kmono2.0/psweep113_r3_20260327_042607/3nq9_ligand_samples.json,./penalty_sweep_qpu_v113/samples/3nq9_Kdist9.0_Kmono2.0/psweep113_r3_20260327_042607/result.json
3nq9,3nq9_Kdist9.0_Kmono3.0,psweep113_r3_20260327_042607,9.0,3.0,ok,2.395789328960626,1000,1000,1000,0,0.0,1.0,0.0,0.2067328,0.17212,Advantage2_system1.13,2169,25,./penalty_sweep_qpu_v113/samples/3nq9_Kdist9.0_Kmono3.0/psweep113_r3_20260327_042607/3nq9_ligand_report.csv,./penalty_sweep_qpu_v113/samples/3nq9_Kdist9.0_Kmono3.0/psweep113_r3_20260327_042607/3nq9_ligand_samples.json,./penalty_sweep_qpu_v113/samples/3nq9_Kdist9.0_Kmono3.0/psweep113_r3_20260327_042607/result.json
3nq9,3nq9_Kdist9.0_Kmono4.0,psweep113_r3_20260327_042607,9.0,4.0,ok,5.097437530839117,1000,1000,1000,0,0.0,1.0,0.0,0.2091344,0.17452,Advantage2_system1.13,2085,25,./penalty_sweep_qpu_v113/samples/3nq9_Kdist9.0_Kmono4.0/psweep113_r3_20260327_042607/3nq9_ligand_report.csv,./penalty_sweep_qpu_v113/samples/3nq9_Kdist9.0_Kmono4.0/psweep113_r3_20260327_042607/3nq9_ligand_samples.json,./penalty_sweep_qpu_v113/samples/3nq9_Kdist9.0_Kmono4.0/psweep113_r3_20260327_042607/result.json
3nq9,3nq9_Kdist9.0_Kmono5.0,psweep113_r3_20260327_042607,9.0,5.0,ok,2.304777589059028,1000,1000,1000,0,0.0,1.0,0.0,0.2110312,0.17642,Advantage2_system1.13,2212,27,./penalty_sweep_qpu_v113/samples/3nq9_Kdist9.0_Kmono5.0/psweep113_r3_20260327_042607/3nq9_ligand_report.csv,./penalty_sweep_qpu_v113/samples/3nq9_Kdist9.0_Kmono5.0/psweep113_r3_20260327_042607/3nq9_ligand_samples.json,./penalty_sweep_qpu_v113/samples/3nq9_Kdist9.0_Kmono5.0/psweep113_r3_20260327_042607/result.json
3nq9,3nq9_Kdist9.0_Kmono6.0,psweep113_r3_20260327_042607,9.0,6.0,ok,4.324619616482153,1000,1000,1000,0,0.0,1.0,0.0,0.2044908,0.16988,Advantage2_system1.13,2447,28,./penalty_sweep_qpu_v113/samples/3nq9_Kdist9.0_Kmono6.0/psweep113_r3_20260327_042607/3nq9_ligand_report.csv,./penalty_sweep_qpu_v113/samples/3nq9_Kdist9.0_Kmono6.0/psweep113_r3_20260327_042607/3nq9_ligand_samples.json,./penalty_sweep_qpu_v113/samples/3nq9_Kdist9.0_Kmono6.0/psweep113_r3_20260327_042607/result.json
3nq9,3nq9_Kdist9.0_Kmono7.0,psweep113_r3_20260327_042607,9.0,7.0,ok,1.5800195402905508,1000,1000,1000,64,0.064,1.0,0.064,0.2065908,0.17198,Advantage2_system1.13,2262,28,./penalty_sweep_qpu_v113/samples/3nq9_Kdist9.0_Kmono7.0/psweep113_r3_20260327_042607/3nq9_ligand_report.csv,./penalty_sweep_qpu_v113/samples/3nq9_Kdist9.0_Kmono7.0/psweep113_r3_20260327_042607/3nq9_ligand_samples.json,./penalty_sweep_qpu_v113/samples/3nq9_Kdist9.0_Kmono7.0/psweep113_r3_20260327_042607/result.json
3nq9,3nq9_Kdist9.0_Kmono8.0,psweep113_r3_20260327_042607,9.0,8.0,ok,2.803260144739045,1000,1000,1000,0,0.0,1.0,0.0,0.2170892,0.18248,Advantage2_system1.13,2137,25,./penalty_sweep_qpu_v113/samples/3nq9_Kdist9.0_Kmono8.0/psweep113_r3_20260327_042607/3nq9_ligand_report.csv,./penalty_sweep_qpu_v113/samples/3nq9_Kdist9.0_Kmono8.0/psweep113_r3_20260327_042607/3nq9_ligand_samples.json,./penalty_sweep_qpu_v113/samples/3nq9_Kdist9.0_Kmono8.0/psweep113_r3_20260327_042607/result.json
3nq9,3nq9_Kdist9.0_Kmono9.0,psweep113_r3_20260327_042607,9.0,9.0,ok,4.598782120731929,1000,1000,1000,0,0.0,1.0,0.0,0.21163079999999998,0.17702,Advantage2_system1.13,2349,29,./penalty_sweep_qpu_v113/samples/3nq9_Kdist9.0_Kmono9.0/psweep113_r3_20260327_042607/3nq9_ligand_report.csv,./penalty_sweep_qpu_v113/samples/3nq9_Kdist9.0_Kmono9.0/psweep113_r3_20260327_042607/3nq9_ligand_samples.json,./penalty_sweep_qpu_v113/samples/3nq9_Kdist9.0_Kmono9.0/psweep113_r3_20260327_042607/result.json
3nq9,3nq9_Kdist9.0_Kmono10.0,psweep113_r3_20260327_042607,9.0,10.0,ok,2.777457659248185,1000,1000,1000,0,0.0,1.0,0.0,0.2074032,0.1728,Advantage2_system1.13,1983,23,./penalty_sweep_qpu_v113/samples/3nq9_Kdist9.0_Kmono10.0/psweep113_r3_20260327_042607/3nq9_ligand_report.csv,./penalty_sweep_qpu_v113/samples/3nq9_Kdist9.0_Kmono10.0/psweep113_r3_20260327_042607/3nq9_ligand_samples.json,./penalty_sweep_qpu_v113/samples/3nq9_Kdist9.0_Kmono10.0/psweep113_r3_20260327_042607/result.json
3nq9,3nq9_Kdist9.0_Kmono11.0,psweep113_r3_20260327_042607,9.0,11.0,ok,2.796714765256451,1000,1000,1000,0,0.0,1.0,0.0,0.2055908,0.17098,Advantage2_system1.13,2043,25,./penalty_sweep_qpu_v113/samples/3nq9_Kdist9.0_Kmono11.0/psweep113_r3_20260327_042607/3nq9_ligand_report.csv,./penalty_sweep_qpu_v113/samples/3nq9_Kdist9.0_Kmono11.0/psweep113_r3_20260327_042607/3nq9_ligand_samples.json,./penalty_sweep_qpu_v113/samples/3nq9_Kdist9.0_Kmono11.0/psweep113_r3_20260327_042607/result.json
3nq9,3nq9_Kdist9.0_Kmono12.0,psweep113_r3_20260327_042607,9.0,12.0,ok,4.053471517425021,1000,1000,1000,0,0.0,1.0,0.0,0.2078512,0.17324,Advantage2_system1.13,2073,24,./penalty_sweep_qpu_v113/samples/3nq9_Kdist9.0_Kmono12.0/psweep113_r3_20260327_042607/3nq9_ligand_report.csv,./penalty_sweep_qpu_v113/samples/3nq9_Kdist9.0_Kmono12.0/psweep113_r3_20260327_042607/3nq9_ligand_samples.json,./penalty_sweep_qpu_v113/samples/3nq9_Kdist9.0_Kmono12.0/psweep113_r3_20260327_042607/result.json
3nq9,3nq9_Kdist9.0_Kmono13.0,psweep113_r3_20260327_042607,9.0,13.0,ok,3.8786463109131155,1000,1000,1000,0,0.0,1.0,0.0,0.2109488,0.17634,Advantage2_system1.13,2115,26,./penalty_sweep_qpu_v113/samples/3nq9_Kdist9.0_Kmono13.0/psweep113_r3_20260327_042607/3nq9_ligand_report.csv,./penalty_sweep_qpu_v113/samples/3nq9_Kdist9.0_Kmono13.0/psweep113_r3_20260327_042607/3nq9_ligand_samples.json,./penalty_sweep_qpu_v113/samples/3nq9_Kdist9.0_Kmono13.0/psweep113_r3_20260327_042607/result.json
3nq9,3nq9_Kdist9.0_Kmono14.0,psweep113_r3_20260327_042607,9.0,14.0,ok,3.6932510049544596,1000,1000,1000,0,0.0,1.0,0.0,0.20749079999999998,0.17288,Advantage2_system1.13,2308,27,./penalty_sweep_qpu_v113/samples/3nq9_Kdist9.0_Kmono14.0/psweep113_r3_20260327_042607/3nq9_ligand_report.csv,./penalty_sweep_qpu_v113/samples/3nq9_Kdist9.0_Kmono14.0/psweep113_r3_20260327_042607/3nq9_ligand_samples.json,./penalty_sweep_qpu_v113/samples/3nq9_Kdist9.0_Kmono14.0/psweep113_r3_20260327_042607/result.json
3nq9,3nq9_Kdist9.0_Kmono15.0,psweep113_r3_20260327_042607,9.0,15.0,ok,4.892929702230066,1000,1000,1000,0,0.0,1.0,0.0,0.2058128,0.1712,Advantage2_system1.13,2247,28,./penalty_sweep_qpu_v113/samples/3nq9_Kdist9.0_Kmono15.0/psweep113_r3_20260327_042607/3nq9_ligand_report.csv,./penalty_sweep_qpu_v113/samples/3nq9_Kdist9.0_Kmono15.0/psweep113_r3_20260327_042607/3nq9_ligand_samples.json,./penalty_sweep_qpu_v113/samples/3nq9_Kdist9.0_Kmono15.0/psweep113_r3_20260327_042607/result.json
3nq9,3nq9_Kdist9.0_Kmono16.0,psweep113_r3_20260327_042607,9.0,16.0,ok,5.631665882379518,1000,1000,1000,0,0.0,1.0,0.0,0.1996204,0.16502,Advantage2_system1.13,1942,22,./penalty_sweep_qpu_v113/samples/3nq9_Kdist9.0_Kmono16.0/psweep113_r3_20260327_042607/3nq9_ligand_report.csv,./penalty_sweep_qpu_v113/samples/3nq9_Kdist9.0_Kmono16.0/psweep113_r3_20260327_042607/3nq9_ligand_samples.json,./penalty_sweep_qpu_v113/samples/3nq9_Kdist9.0_Kmono16.0/psweep113_r3_20260327_042607/result.json
3nq9,3nq9_Kdist9.0_Kmono17.0,psweep113_r3_20260327_042607,9.0,17.0,ok,1.7799400789249797,1000,1000,1000,4,0.004,1.0,0.004,0.2083492,0.17374,Advantage2_system1.13,2207,25,./penalty_sweep_qpu_v113/samples/3nq9_Kdist9.0_Kmono17.0/psweep113_r3_20260327_042607/3nq9_ligand_report.csv,./penalty_sweep_qpu_v113/samples/3nq9_Kdist9.0_Kmono17.0/psweep113_r3_20260327_042607/3nq9_ligand_samples.json,./penalty_sweep_qpu_v113/samples/3nq9_Kdist9.0_Kmono17.0/psweep113_r3_20260327_042607/result.json
3nq9,3nq9_Kdist9.0_Kmono18.0,psweep113_r3_20260327_042607,9.0,18.0,ok,2.9754545033638866,1000,1000,1000,0,0.0,1.0,0.0,0.21440679999999998,0.1798,Advantage2_system1.13,2047,24,./penalty_sweep_qpu_v113/samples/3nq9_Kdist9.0_Kmono18.0/psweep113_r3_20260327_042607/3nq9_ligand_report.csv,./penalty_sweep_qpu_v113/samples/3nq9_Kdist9.0_Kmono18.0/psweep113_r3_20260327_042607/3nq9_ligand_samples.json,./penalty_sweep_qpu_v113/samples/3nq9_Kdist9.0_Kmono18.0/psweep113_r3_20260327_042607/result.json
3nq9,3nq9_Kdist9.0_Kmono19.0,psweep113_r3_20260327_042607,9.0,19.0,ok,3.3082873479034602,1000,1000,1000,0,0.0,1.0,0.0,0.2079876,0.17338,Advantage2_system1.13,2151,24,./penalty_sweep_qpu_v113/samples/3nq9_Kdist9.0_Kmono19.0/psweep113_r3_20260327_042607/3nq9_ligand_report.csv,./penalty_sweep_qpu_v113/samples/3nq9_Kdist9.0_Kmono19.0/psweep113_r3_20260327_042607/3nq9_ligand_samples.json,./penalty_sweep_qpu_v113/samples/3nq9_Kdist9.0_Kmono19.0/psweep113_r3_20260327_042607/result.json
3nq9,3nq9_Kdist9.0_Kmono20.0,psweep113_r3_20260327_042607,9.0,20.0,ok,2.2503688259705226,1000,1000,1000,0,0.0,1.0,0.0,0.208806,0.1742,Advantage2_system1.13,2230,26,./penalty_sweep_qpu_v113/samples/3nq9_Kdist9.0_Kmono20.0/psweep113_r3_20260327_042607/3nq9_ligand_report.csv,./penalty_sweep_qpu_v113/samples/3nq9_Kdist9.0_Kmono20.0/psweep113_r3_20260327_042607/3nq9_ligand_samples.json,./penalty_sweep_qpu_v113/samples/3nq9_Kdist9.0_Kmono20.0/psweep113_r3_20260327_042607/result.json
3nq9,3nq9_Kdist9.5_Kmono1.0,psweep113_r3_20260327_042607,9.5,1.0,ok,3.1614428014931337,1000,1000,1000,0,0.0,1.0,0.0,0.2064904,0.17188,Advantage2_system1.13,2143,24,./penalty_sweep_qpu_v113/samples/3nq9_Kdist9.5_Kmono1.0/psweep113_r3_20260327_042607/3nq9_ligand_report.csv,./penalty_sweep_qpu_v113/samples/3nq9_Kdist9.5_Kmono1.0/psweep113_r3_20260327_042607/3nq9_ligand_samples.json,./penalty_sweep_qpu_v113/samples/3nq9_Kdist9.5_Kmono1.0/psweep113_r3_20260327_042607/result.json
3nq9,3nq9_Kdist9.5_Kmono2.0,psweep113_r3_20260327_042607,9.5,2.0,ok,1.6415208418271956,1000,1000,1000,26,0.026,1.0,0.026,0.2071244,0.17252,Advantage2_system1.13,1960,22,./penalty_sweep_qpu_v113/samples/3nq9_Kdist9.5_Kmono2.0/psweep113_r3_20260327_042607/3nq9_ligand_report.csv,./penalty_sweep_qpu_v113/samples/3nq9_Kdist9.5_Kmono2.0/psweep113_r3_20260327_042607/3nq9_ligand_samples.json,./penalty_sweep_qpu_v113/samples/3nq9_Kdist9.5_Kmono2.0/psweep113_r3_20260327_042607/result.json
3nq9,3nq9_Kdist9.5_Kmono3.0,psweep113_r3_20260327_042607,9.5,3.0,ok,2.847901736959699,1000,1000,1000,0,0.0,1.0,0.0,0.2148056,0.1802,Advantage2_system1.13,2225,27,./penalty_sweep_qpu_v113/samples/3nq9_Kdist9.5_Kmono3.0/psweep113_r3_20260327_042607/3nq9_ligand_report.csv,./penalty_sweep_qpu_v113/samples/3nq9_Kdist9.5_Kmono3.0/psweep113_r3_20260327_042607/3nq9_ligand_samples.json,./penalty_sweep_qpu_v113/samples/3nq9_Kdist9.5_Kmono3.0/psweep113_r3_20260327_042607/result.json
3nq9,3nq9_Kdist9.5_Kmono4.0,psweep113_r3_20260327_042607,9.5,4.0,ok,4.291395485612123,1000,1000,1000,0,0.0,1.0,0.0,0.2027568,0.16816,Advantage2_system1.13,2147,24,./penalty_sweep_qpu_v113/samples/3nq9_Kdist9.5_Kmono4.0/psweep113_r3_20260327_042607/3nq9_ligand_report.csv,./penalty_sweep_qpu_v113/samples/3nq9_Kdist9.5_Kmono4.0/psweep113_r3_20260327_042607/3nq9_ligand_samples.json,./penalty_sweep_qpu_v113/samples/3nq9_Kdist9.5_Kmono4.0/psweep113_r3_20260327_042607/result.json
3nq9,3nq9_Kdist9.5_Kmono5.0,psweep113_r3_20260327_042607,9.5,5.0,ok,3.6894806181915434,1000,1000,1000,0,0.0,1.0,0.0,0.20613079999999998,0.17152,Advantage2_system1.13,1926,22,./penalty_sweep_qpu_v113/samples/3nq9_Kdist9.5_Kmono5.0/psweep113_r3_20260327_042607/3nq9_ligand_report.csv,./penalty_sweep_qpu_v113/samples/3nq9_Kdist9.5_Kmono5.0/psweep113_r3_20260327_042607/3nq9_ligand_samples.json,./penalty_sweep_qpu_v113/samples/3nq9_Kdist9.5_Kmono5.0/psweep113_r3_20260327_042607/result.json
3nq9,3nq9_Kdist9.5_Kmono6.0,psweep113_r3_20260327_042607,9.5,6.0,ok,1.9105662940894903,1000,1000,1000,5,0.005,1.0,0.005,0.210492,0.17588,Advantage2_system1.13,2257,25,./penalty_sweep_qpu_v113/samples/3nq9_Kdist9.5_Kmono6.0/psweep113_r3_20260327_042607/3nq9_ligand_report.csv,./penalty_sweep_qpu_v113/samples/3nq9_Kdist9.5_Kmono6.0/psweep113_r3_20260327_042607/3nq9_ligand_samples.json,./penalty_sweep_qpu_v113/samples/3nq9_Kdist9.5_Kmono6.0/psweep113_r3_20260327_042607/result.json
3nq9,3nq9_Kdist9.5_Kmono7.0,psweep113_r3_20260327_042607,9.5,7.0,ok,1.6774258901527006,1000,1000,1000,22,0.022,1.0,0.022,0.2061256,0.17152,Advantage2_system1.13,1995,23,./penalty_sweep_qpu_v113/samples/3nq9_Kdist9.5_Kmono7.0/psweep113_r3_20260327_042607/3nq9_ligand_report.csv,./penalty_sweep_qpu_v113/samples/3nq9_Kdist9.5_Kmono7.0/psweep113_r3_20260327_042607/3nq9_ligand_samples.json,./penalty_sweep_qpu_v113/samples/3nq9_Kdist9.5_Kmono7.0/psweep113_r3_20260327_042607/result.json
3nq9,3nq9_Kdist9.5_Kmono8.0,psweep113_r3_20260327_042607,9.5,8.0,ok,2.4839910254979873,1000,1000,1000,0,0.0,1.0,0.0,0.2129056,0.1783,Advantage2_system1.13,2130,25,./penalty_sweep_qpu_v113/samples/3nq9_Kdist9.5_Kmono8.0/psweep113_r3_20260327_042607/3nq9_ligand_report.csv,./penalty_sweep_qpu_v113/samples/3nq9_Kdist9.5_Kmono8.0/psweep113_r3_20260327_042607/3nq9_ligand_samples.json,./penalty_sweep_qpu_v113/samples/3nq9_Kdist9.5_Kmono8.0/psweep113_r3_20260327_042607/result.json
3nq9,3nq9_Kdist9.5_Kmono9.0,psweep113_r3_20260327_042607,9.5,9.0,ok,3.8312387916833983,1000,1000,1000,0,0.0,1.0,0.0,0.20308520000000002,0.16848,Advantage2_system1.13,2374,27,./penalty_sweep_qpu_v113/samples/3nq9_Kdist9.5_Kmono9.0/psweep113_r3_20260327_042607/3nq9_ligand_report.csv,./penalty_sweep_qpu_v113/samples/3nq9_Kdist9.5_Kmono9.0/psweep113_r3_20260327_042607/3nq9_ligand_samples.json,./penalty_sweep_qpu_v113/samples/3nq9_Kdist9.5_Kmono9.0/psweep113_r3_20260327_042607/result.json
3nq9,3nq9_Kdist9.5_Kmono10.0,psweep113_r3_20260327_042607,9.5,10.0,ok,4.64978798750871,1000,1000,1000,0,0.0,1.0,0.0,0.2104828,0.17588,Advantage2_system1.13,2157,25,./penalty_sweep_qpu_v113/samples/3nq9_Kdist9.5_Kmono10.0/psweep113_r3_20260327_042607/3nq9_ligand_report.csv,./penalty_sweep_qpu_v113/samples/3nq9_Kdist9.5_Kmono10.0/psweep113_r3_20260327_042607/3nq9_ligand_samples.json,./penalty_sweep_qpu_v113/samples/3nq9_Kdist9.5_Kmono10.0/psweep113_r3_20260327_042607/result.json
3nq9,3nq9_Kdist9.5_Kmono11.0,psweep113_r3_20260327_042607,9.5,11.0,ok,2.672870294941361,1000,1000,1000,0,0.0,1.0,0.0,0.209664,0.17506,Advantage2_system1.13,2090,23,./penalty_sweep_qpu_v113/samples/3nq9_Kdist9.5_Kmono11.0/psweep113_r3_20260327_042607/3nq9_ligand_report.csv,./penalty_sweep_qpu_v113/samples/3nq9_Kdist9.5_Kmono11.0/psweep113_r3_20260327_042607/3nq9_ligand_samples.json,./penalty_sweep_qpu_v113/samples/3nq9_Kdist9.5_Kmono11.0/psweep113_r3_20260327_042607/result.json
3nq9,3nq9_Kdist9.5_Kmono12.0,psweep113_r3_20260327_042607,9.5,12.0,ok,2.887292957350239,1000,1000,1000,0,0.0,1.0,0.0,0.2094868,0.17488,Advantage2_system1.13,1935,21,./penalty_sweep_qpu_v113/samples/3nq9_Kdist9.5_Kmono12.0/psweep113_r3_20260327_042607/3nq9_ligand_report.csv,./penalty_sweep_qpu_v113/samples/3nq9_Kdist9.5_Kmono12.0/psweep113_r3_20260327_042607/3nq9_ligand_samples.json,./penalty_sweep_qpu_v113/samples/3nq9_Kdist9.5_Kmono12.0/psweep113_r3_20260327_042607/result.json
3nq9,3nq9_Kdist9.5_Kmono13.0,psweep113_r3_20260327_042607,9.5,13.0,ok,2.8068015741371446,1000,1000,1000,0,0.0,1.0,0.0,0.211526,0.17692,Advantage2_system1.13,1944,23,./penalty_sweep_qpu_v113/samples/3nq9_Kdist9.5_Kmono13.0/psweep113_r3_20260327_042607/3nq9_ligand_report.csv,./penalty_sweep_qpu_v113/samples/3nq9_Kdist9.5_Kmono13.0/psweep113_r3_20260327_042607/3nq9_ligand_samples.json,./penalty_sweep_qpu_v113/samples/3nq9_Kdist9.5_Kmono13.0/psweep113_r3_20260327_042607/result.json
3nq9,3nq9_Kdist9.5_Kmono14.0,psweep113_r3_20260327_042607,9.5,14.0,ok,5.77883447286794,1000,1000,1000,0,0.0,1.0,0.0,0.20559,0.17098,Advantage2_system1.13,2099,25,./penalty_sweep_qpu_v113/samples/3nq9_Kdist9.5_Kmono14.0/psweep113_r3_20260327_042607/3nq9_ligand_report.csv,./penalty_sweep_qpu_v113/samples/3nq9_Kdist9.5_Kmono14.0/psweep113_r3_20260327_042607/3nq9_ligand_samples.json,./penalty_sweep_qpu_v113/samples/3nq9_Kdist9.5_Kmono14.0/psweep113_r3_20260327_042607/result.json
3nq9,3nq9_Kdist9.5_Kmono15.0,psweep113_r3_20260327_042607,9.5,15.0,ok,3.743055997662134,1000,1000,1000,0,0.0,1.0,0.0,0.2067012,0.1721,Advantage2_system1.13,2093,25,./penalty_sweep_qpu_v113/samples/3nq9_Kdist9.5_Kmono15.0/psweep113_r3_20260327_042607/3nq9_ligand_report.csv,./penalty_sweep_qpu_v113/samples/3nq9_Kdist9.5_Kmono15.0/psweep113_r3_20260327_042607/3nq9_ligand_samples.json,./penalty_sweep_qpu_v113/samples/3nq9_Kdist9.5_Kmono15.0/psweep113_r3_20260327_042607/result.json
3nq9,3nq9_Kdist9.5_Kmono16.0,psweep113_r3_20260327_042607,9.5,16.0,ok,1.5057751238053303,1000,1000,1000,12,0.012,1.0,0.012,0.2004812,0.16588,Advantage2_system1.13,2154,25,./penalty_sweep_qpu_v113/samples/3nq9_Kdist9.5_Kmono16.0/psweep113_r3_20260327_042607/3nq9_ligand_report.csv,./penalty_sweep_qpu_v113/samples/3nq9_Kdist9.5_Kmono16.0/psweep113_r3_20260327_042607/3nq9_ligand_samples.json,./penalty_sweep_qpu_v113/samples/3nq9_Kdist9.5_Kmono16.0/psweep113_r3_20260327_042607/result.json
3nq9,3nq9_Kdist9.5_Kmono17.0,psweep113_r3_20260327_042607,9.5,17.0,ok,2.102152131950641,1000,1000,1000,0,0.0,1.0,0.0,0.2094044,0.1748,Advantage2_system1.13,2011,23,./penalty_sweep_qpu_v113/samples/3nq9_Kdist9.5_Kmono17.0/psweep113_r3_20260327_042607/3nq9_ligand_report.csv,./penalty_sweep_qpu_v113/samples/3nq9_Kdist9.5_Kmono17.0/psweep113_r3_20260327_042607/3nq9_ligand_samples.json,./penalty_sweep_qpu_v113/samples/3nq9_Kdist9.5_Kmono17.0/psweep113_r3_20260327_042607/result.json
3nq9,3nq9_Kdist9.5_Kmono18.0,psweep113_r3_20260327_042607,9.5,18.0,ok,1.6984498212033217,1000,1000,1000,5,0.005,1.0,0.005,0.2095928,0.17498,Advantage2_system1.13,2320,29,./penalty_sweep_qpu_v113/samples/3nq9_Kdist9.5_Kmono18.0/psweep113_r3_20260327_042607/3nq9_ligand_report.csv,./penalty_sweep_qpu_v113/samples/3nq9_Kdist9.5_Kmono18.0/psweep113_r3_20260327_042607/3nq9_ligand_samples.json,./penalty_sweep_qpu_v113/samples/3nq9_Kdist9.5_Kmono18.0/psweep113_r3_20260327_042607/result.json
3nq9,3nq9_Kdist9.5_Kmono19.0,psweep113_r3_20260327_042607,9.5,19.0,ok,2.756704322150177,1000,1000,1000,0,0.0,1.0,0.0,0.2113888,0.17678,Advantage2_system1.13,2161,26,./penalty_sweep_qpu_v113/samples/3nq9_Kdist9.5_Kmono19.0/psweep113_r3_20260327_042607/3nq9_ligand_report.csv,./penalty_sweep_qpu_v113/samples/3nq9_Kdist9.5_Kmono19.0/psweep113_r3_20260327_042607/3nq9_ligand_samples.json,./penalty_sweep_qpu_v113/samples/3nq9_Kdist9.5_Kmono19.0/psweep113_r3_20260327_042607/result.json
3nq9,3nq9_Kdist9.5_Kmono20.0,psweep113_r3_20260327_042607,9.5,20.0,ok,1.347930345246412,1000,1000,1000,27,0.027,1.0,0.027,0.2022036,0.1676,Advantage2_system1.13,2029,23,./penalty_sweep_qpu_v113/samples/3nq9_Kdist9.5_Kmono20.0/psweep113_r3_20260327_042607/3nq9_ligand_report.csv,./penalty_sweep_qpu_v113/samples/3nq9_Kdist9.5_Kmono20.0/psweep113_r3_20260327_042607/3nq9_ligand_samples.json,./penalty_sweep_qpu_v113/samples/3nq9_Kdist9.5_Kmono20.0/psweep113_r3_20260327_042607/result.json
3nq9,3nq9_Kdist10.0_Kmono1.0,psweep113_r3_20260327_042607,10.0,1.0,ok,2.6571227131111046,1000,1000,1000,0,0.0,1.0,0.0,0.2118004,0.1772,Advantage2_system1.13,2157,27,./penalty_sweep_qpu_v113/samples/3nq9_Kdist10.0_Kmono1.0/psweep113_r3_20260327_042607/3nq9_ligand_report.csv,./penalty_sweep_qpu_v113/samples/3nq9_Kdist10.0_Kmono1.0/psweep113_r3_20260327_042607/3nq9_ligand_samples.json,./penalty_sweep_qpu_v113/samples/3nq9_Kdist10.0_Kmono1.0/psweep113_r3_20260327_042607/result.json
3nq9,3nq9_Kdist10.0_Kmono2.0,psweep113_r3_20260327_042607,10.0,2.0,ok,4.370775611769816,1000,1000,1000,0,0.0,1.0,0.0,0.2049552,0.17034,Advantage2_system1.13,2024,24,./penalty_sweep_qpu_v113/samples/3nq9_Kdist10.0_Kmono2.0/psweep113_r3_20260327_042607/3nq9_ligand_report.csv,./penalty_sweep_qpu_v113/samples/3nq9_Kdist10.0_Kmono2.0/psweep113_r3_20260327_042607/3nq9_ligand_samples.json,./penalty_sweep_qpu_v113/samples/3nq9_Kdist10.0_Kmono2.0/psweep113_r3_20260327_042607/result.json
3nq9,3nq9_Kdist10.0_Kmono3.0,psweep113_r3_20260327_042607,10.0,3.0,ok,4.718814290523931,1000,1000,1000,0,0.0,1.0,0.0,0.212198,0.1776,Advantage2_system1.13,1983,23,./penalty_sweep_qpu_v113/samples/3nq9_Kdist10.0_Kmono3.0/psweep113_r3_20260327_042607/3nq9_ligand_report.csv,./penalty_sweep_qpu_v113/samples/3nq9_Kdist10.0_Kmono3.0/psweep113_r3_20260327_042607/3nq9_ligand_samples.json,./penalty_sweep_qpu_v113/samples/3nq9_Kdist10.0_Kmono3.0/psweep113_r3_20260327_042607/result.json
3nq9,3nq9_Kdist10.0_Kmono4.0,psweep113_r3_20260327_042607,10.0,4.0,ok,2.7202537727227054,1000,1000,1000,0,0.0,1.0,0.0,0.21508960000000002,0.18048,Advantage2_system1.13,2437,30,./penalty_sweep_qpu_v113/samples/3nq9_Kdist10.0_Kmono4.0/psweep113_r3_20260327_042607/3nq9_ligand_report.csv,./penalty_sweep_qpu_v113/samples/3nq9_Kdist10.0_Kmono4.0/psweep113_r3_20260327_042607/3nq9_ligand_samples.json,./penalty_sweep_qpu_v113/samples/3nq9_Kdist10.0_Kmono4.0/psweep113_r3_20260327_042607/result.json
3nq9,3nq9_Kdist10.0_Kmono5.0,psweep113_r3_20260327_042607,10.0,5.0,ok,2.9827223062151016,1000,1000,1000,0,0.0,1.0,0.0,0.2064852,0.17188,Advantage2_system1.13,2108,24,./penalty_sweep_qpu_v113/samples/3nq9_Kdist10.0_Kmono5.0/psweep113_r3_20260327_042607/3nq9_ligand_report.csv,./penalty_sweep_qpu_v113/samples/3nq9_Kdist10.0_Kmono5.0/psweep113_r3_20260327_042607/3nq9_ligand_samples.json,./penalty_sweep_qpu_v113/samples/3nq9_Kdist10.0_Kmono5.0/psweep113_r3_20260327_042607/result.json
3nq9,3nq9_Kdist10.0_Kmono6.0,psweep113_r3_20260327_042607,10.0,6.0,ok,3.875445166994858,1000,1000,1000,0,0.0,1.0,0.0,0.2050888,0.17048,Advantage2_system1.13,2002,24,./penalty_sweep_qpu_v113/samples/3nq9_Kdist10.0_Kmono6.0/psweep113_r3_20260327_042607/3nq9_ligand_report.csv,./penalty_sweep_qpu_v113/samples/3nq9_Kdist10.0_Kmono6.0/psweep113_r3_20260327_042607/3nq9_ligand_samples.json,./penalty_sweep_qpu_v113/samples/3nq9_Kdist10.0_Kmono6.0/psweep113_r3_20260327_042607/result.json
3nq9,3nq9_Kdist10.0_Kmono7.0,psweep113_r3_20260327_042607,10.0,7.0,ok,4.0880885074505935,1000,1000,1000,0,0.0,1.0,0.0,0.214164,0.17956,Advantage2_system1.13,2005,24,./penalty_sweep_qpu_v113/samples/3nq9_Kdist10.0_Kmono7.0/psweep113_r3_20260327_042607/3nq9_ligand_report.csv,./penalty_sweep_qpu_v113/samples/3nq9_Kdist10.0_Kmono7.0/psweep113_r3_20260327_042607/3nq9_ligand_samples.json,./penalty_sweep_qpu_v113/samples/3nq9_Kdist10.0_Kmono7.0/psweep113_r3_20260327_042607/result.json
3nq9,3nq9_Kdist10.0_Kmono8.0,psweep113_r3_20260327_042607,10.0,8.0,ok,2.384607152729121,1000,1000,1000,0,0.0,1.0,0.0,0.2136664,0.17906,Advantage2_system1.13,2160,26,./penalty_sweep_qpu_v113/samples/3nq9_Kdist10.0_Kmono8.0/psweep113_r3_20260327_042607/3nq9_ligand_report.csv,./penalty_sweep_qpu_v113/samples/3nq9_Kdist10.0_Kmono8.0/psweep113_r3_20260327_042607/3nq9_ligand_samples.json,./penalty_sweep_qpu_v113/samples/3nq9_Kdist10.0_Kmono8.0/psweep113_r3_20260327_042607/result.json
3nq9,3nq9_Kdist10.0_Kmono9.0,psweep113_r3_20260327_042607,10.0,9.0,ok,1.4068439543398215,1000,1000,1000,367,0.367,1.0,0.367,0.214844,0.18024,Advantage2_system1.13,2213,26,./penalty_sweep_qpu_v113/samples/3nq9_Kdist10.0_Kmono9.0/psweep113_r3_20260327_042607/3nq9_ligand_report.csv,./penalty_sweep_qpu_v113/samples/3nq9_Kdist10.0_Kmono9.0/psweep113_r3_20260327_042607/3nq9_ligand_samples.json,./penalty_sweep_qpu_v113/samples/3nq9_Kdist10.0_Kmono9.0/psweep113_r3_20260327_042607/result.json
3nq9,3nq9_Kdist10.0_Kmono10.0,psweep113_r3_20260327_042607,10.0,10.0,ok,2.941891199452113,1000,1000,1000,0,0.0,1.0,0.0,0.20771720000000002,0.1731,Advantage2_system1.13,2164,25,./penalty_sweep_qpu_v113/samples/3nq9_Kdist10.0_Kmono10.0/psweep113_r3_20260327_042607/3nq9_ligand_report.csv,./penalty_sweep_qpu_v113/samples/3nq9_Kdist10.0_Kmono10.0/psweep113_r3_20260327_042607/3nq9_ligand_samples.json,./penalty_sweep_qpu_v113/samples/3nq9_Kdist10.0_Kmono10.0/psweep113_r3_20260327_042607/result.json
3nq9,3nq9_Kdist10.0_Kmono11.0,psweep113_r3_20260327_042607,10.0,11.0,ok,1.2785853983066877,1000,1000,1000,8,0.008,1.0,0.008,0.2077268,0.17312,Advantage2_system1.13,2066,24,./penalty_sweep_qpu_v113/samples/3nq9_Kdist10.0_Kmono11.0/psweep113_r3_20260327_042607/3nq9_ligand_report.csv,./penalty_sweep_qpu_v113/samples/3nq9_Kdist10.0_Kmono11.0/psweep113_r3_20260327_042607/3nq9_ligand_samples.json,./penalty_sweep_qpu_v113/samples/3nq9_Kdist10.0_Kmono11.0/psweep113_r3_20260327_042607/result.json
3nq9,3nq9_Kdist10.0_Kmono12.0,psweep113_r3_20260327_042607,10.0,12.0,ok,3.3006840340742345,1000,1000,1000,0,0.0,1.0,0.0,0.2183424,0.18374,Advantage2_system1.13,2127,24,./penalty_sweep_qpu_v113/samples/3nq9_Kdist10.0_Kmono12.0/psweep113_r3_20260327_042607/3nq9_ligand_report.csv,./penalty_sweep_qpu_v113/samples/3nq9_Kdist10.0_Kmono12.0/psweep113_r3_20260327_042607/3nq9_ligand_samples.json,./penalty_sweep_qpu_v113/samples/3nq9_Kdist10.0_Kmono12.0/psweep113_r3_20260327_042607/result.json
3nq9,3nq9_Kdist10.0_Kmono13.0,psweep113_r3_20260327_042607,10.0,13.0,ok,2.3440737062805135,1000,1000,1000,0,0.0,1.0,0.0,0.20738879999999998,0.17278,Advantage2_system1.13,2656,29,./penalty_sweep_qpu_v113/samples/3nq9_Kdist10.0_Kmono13.0/psweep113_r3_20260327_042607/3nq9_ligand_report.csv,./penalty_sweep_qpu_v113/samples/3nq9_Kdist10.0_Kmono13.0/psweep113_r3_20260327_042607/3nq9_ligand_samples.json,./penalty_sweep_qpu_v113/samples/3nq9_Kdist10.0_Kmono13.0/psweep113_r3_20260327_042607/result.json
3nq9,3nq9_Kdist10.0_Kmono14.0,psweep113_r3_20260327_042607,10.0,14.0,ok,2.7766301729528435,1000,1000,1000,0,0.0,1.0,0.0,0.20744279999999998,0.17284,Advantage2_system1.13,2155,25,./penalty_sweep_qpu_v113/samples/3nq9_Kdist10.0_Kmono14.0/psweep113_r3_20260327_042607/3nq9_ligand_report.csv,./penalty_sweep_qpu_v113/samples/3nq9_Kdist10.0_Kmono14.0/psweep113_r3_20260327_042607/3nq9_ligand_samples.json,./penalty_sweep_qpu_v113/samples/3nq9_Kdist10.0_Kmono14.0/psweep113_r3_20260327_042607/result.json
3nq9,3nq9_Kdist10.0_Kmono15.0,psweep113_r3_20260327_042607,10.0,15.0,ok,2.3566616521076393,1000,1000,1000,0,0.0,1.0,0.0,0.20799079999999998,0.17338,Advantage2_system1.13,2119,24,./penalty_sweep_qpu_v113/samples/3nq9_Kdist10.0_Kmono15.0/psweep113_r3_20260327_042607/3nq9_ligand_report.csv,./penalty_sweep_qpu_v113/samples/3nq9_Kdist10.0_Kmono15.0/psweep113_r3_20260327_042607/3nq9_ligand_samples.json,./penalty_sweep_qpu_v113/samples/3nq9_Kdist10.0_Kmono15.0/psweep113_r3_20260327_042607/result.json
3nq9,3nq9_Kdist10.0_Kmono16.0,psweep113_r3_20260327_042607,10.0,16.0,ok,4.587193109480641,1000,1000,1000,0,0.0,1.0,0.0,0.207582,0.17298,Advantage2_system1.13,1985,23,./penalty_sweep_qpu_v113/samples/3nq9_Kdist10.0_Kmono16.0/psweep113_r3_20260327_042607/3nq9_ligand_report.csv,./penalty_sweep_qpu_v113/samples/3nq9_Kdist10.0_Kmono16.0/psweep113_r3_20260327_042607/3nq9_ligand_samples.json,./penalty_sweep_qpu_v113/samples/3nq9_Kdist10.0_Kmono16.0/psweep113_r3_20260327_042607/result.json
3nq9,3nq9_Kdist10.0_Kmono17.0,psweep113_r3_20260327_042607,10.0,17.0,ok,3.0408422840656955,1000,1000,1000,0,0.0,1.0,0.0,0.20971079999999998,0.1751,Advantage2_system1.13,2218,27,./penalty_sweep_qpu_v113/samples/3nq9_Kdist10.0_Kmono17.0/psweep113_r3_20260327_042607/3nq9_ligand_report.csv,./penalty_sweep_qpu_v113/samples/3nq9_Kdist10.0_Kmono17.0/psweep113_r3_20260327_042607/3nq9_ligand_samples.json,./penalty_sweep_qpu_v113/samples/3nq9_Kdist10.0_Kmono17.0/psweep113_r3_20260327_042607/result.json
3nq9,3nq9_Kdist10.0_Kmono18.0,psweep113_r3_20260327_042607,10.0,18.0,ok,3.301662504887962,1000,1000,1000,0,0.0,1.0,0.0,0.20559,0.17098,Advantage2_system1.13,2481,29,./penalty_sweep_qpu_v113/samples/3nq9_Kdist10.0_Kmono18.0/psweep113_r3_20260327_042607/3nq9_ligand_report.csv,./penalty_sweep_qpu_v113/samples/3nq9_Kdist10.0_Kmono18.0/psweep113_r3_20260327_042607/3nq9_ligand_samples.json,./penalty_sweep_qpu_v113/samples/3nq9_Kdist10.0_Kmono18.0/psweep113_r3_20260327_042607/result.json
3nq9,3nq9_Kdist10.0_Kmono19.0,psweep113_r3_20260327_042607,10.0,19.0,ok,3.6309367534108676,1000,1000,1000,0,0.0,1.0,0.0,0.211912,0.1773,Advantage2_system1.13,2267,27,./penalty_sweep_qpu_v113/samples/3nq9_Kdist10.0_Kmono19.0/psweep113_r3_20260327_042607/3nq9_ligand_report.csv,./penalty_sweep_qpu_v113/samples/3nq9_Kdist10.0_Kmono19.0/psweep113_r3_20260327_042607/3nq9_ligand_samples.json,./penalty_sweep_qpu_v113/samples/3nq9_Kdist10.0_Kmono19.0/psweep113_r3_20260327_042607/result.json
3nq9,3nq9_Kdist10.0_Kmono20.0,psweep113_r3_20260327_042607,10.0,20.0,ok,2.2684937020802334,1000,1000,1000,0,0.0,1.0,0.0,0.2074516,0.17284,Advantage2_system1.13,2094,25,./penalty_sweep_qpu_v113/samples/3nq9_Kdist10.0_Kmono20.0/psweep113_r3_20260327_042607/3nq9_ligand_report.csv,./penalty_sweep_qpu_v113/samples/3nq9_Kdist10.0_Kmono20.0/psweep113_r3_20260327_042607/3nq9_ligand_samples.json,./penalty_sweep_qpu_v113/samples/3nq9_Kdist10.0_Kmono20.0/psweep113_r3_20260327_042607/result.json
4jsz,4jsz_Kdist0.5_Kmono1.0,psweep113_r3_20260327_042607,0.5,1.0,ok,1.1555370534862521,1000,1000,1000,74,0.074,1.0,0.074,0.2130292,0.17842,Advantage2_system1.13,2616,28,./penalty_sweep_qpu_v113/samples/4jsz_Kdist0.5_Kmono1.0/psweep113_r3_20260327_042607/4jsz_ligand_report.csv,./penalty_sweep_qpu_v113/samples/4jsz_Kdist0.5_Kmono1.0/psweep113_r3_20260327_042607/4jsz_ligand_samples.json,./penalty_sweep_qpu_v113/samples/4jsz_Kdist0.5_Kmono1.0/psweep113_r3_20260327_042607/result.json
4jsz,4jsz_Kdist0.5_Kmono2.0,psweep113_r3_20260327_042607,0.5,2.0,ok,2.9130676265251703,1000,1000,1000,0,0.0,1.0,0.0,0.21248679999999998,0.17788,Advantage2_system1.13,2716,31,./penalty_sweep_qpu_v113/samples/4jsz_Kdist0.5_Kmono2.0/psweep113_r3_20260327_042607/4jsz_ligand_report.csv,./penalty_sweep_qpu_v113/samples/4jsz_Kdist0.5_Kmono2.0/psweep113_r3_20260327_042607/4jsz_ligand_samples.json,./penalty_sweep_qpu_v113/samples/4jsz_Kdist0.5_Kmono2.0/psweep113_r3_20260327_042607/result.json
4jsz,4jsz_Kdist0.5_Kmono3.0,psweep113_r3_20260327_042607,0.5,3.0,ok,1.5414750939450836,1000,1000,1000,9,0.009,1.0,0.009,0.21126479999999997,0.17666,Advantage2_system1.13,2524,27,./penalty_sweep_qpu_v113/samples/4jsz_Kdist0.5_Kmono3.0/psweep113_r3_20260327_042607/4jsz_ligand_report.csv,./penalty_sweep_qpu_v113/samples/4jsz_Kdist0.5_Kmono3.0/psweep113_r3_20260327_042607/4jsz_ligand_samples.json,./penalty_sweep_qpu_v113/samples/4jsz_Kdist0.5_Kmono3.0/psweep113_r3_20260327_042607/result.json
4jsz,4jsz_Kdist0.5_Kmono4.0,psweep113_r3_20260327_042607,0.5,4.0,ok,1.3603077252138347,1000,1000,1000,20,0.02,1.0,0.02,0.2144524,0.17984,Advantage2_system1.13,2630,30,./penalty_sweep_qpu_v113/samples/4jsz_Kdist0.5_Kmono4.0/psweep113_r3_20260327_042607/4jsz_ligand_report.csv,./penalty_sweep_qpu_v113/samples/4jsz_Kdist0.5_Kmono4.0/psweep113_r3_20260327_042607/4jsz_ligand_samples.json,./penalty_sweep_qpu_v113/samples/4jsz_Kdist0.5_Kmono4.0/psweep113_r3_20260327_042607/result.json
4jsz,4jsz_Kdist0.5_Kmono5.0,psweep113_r3_20260327_042607,0.5,5.0,ok,1.182249000651958,1000,1000,1000,130,0.13,1.0,0.13,0.21712279999999998,0.18252,Advantage2_system1.13,2676,30,./penalty_sweep_qpu_v113/samples/4jsz_Kdist0.5_Kmono5.0/psweep113_r3_20260327_042607/4jsz_ligand_report.csv,./penalty_sweep_qpu_v113/samples/4jsz_Kdist0.5_Kmono5.0/psweep113_r3_20260327_042607/4jsz_ligand_samples.json,./penalty_sweep_qpu_v113/samples/4jsz_Kdist0.5_Kmono5.0/psweep113_r3_20260327_042607/result.json
4jsz,4jsz_Kdist0.5_Kmono6.0,psweep113_r3_20260327_042607,0.5,6.0,ok,1.1839409261706142,1000,1000,1000,31,0.031,1.0,0.031,0.21763079999999999,0.18302,Advantage2_system1.13,2602,29,./penalty_sweep_qpu_v113/samples/4jsz_Kdist0.5_Kmono6.0/psweep113_r3_20260327_042607/4jsz_ligand_report.csv,./penalty_sweep_qpu_v113/samples/4jsz_Kdist0.5_Kmono6.0/psweep113_r3_20260327_042607/4jsz_ligand_samples.json,./penalty_sweep_qpu_v113/samples/4jsz_Kdist0.5_Kmono6.0/psweep113_r3_20260327_042607/result.json
4jsz,4jsz_Kdist0.5_Kmono7.0,psweep113_r3_20260327_042607,0.5,7.0,ok,1.4517531309043974,1000,1000,1000,11,0.011,1.0,0.011,0.2079076,0.1733,Advantage2_system1.13,2745,30,./penalty_sweep_qpu_v113/samples/4jsz_Kdist0.5_Kmono7.0/psweep113_r3_20260327_042607/4jsz_ligand_report.csv,./penalty_sweep_qpu_v113/samples/4jsz_Kdist0.5_Kmono7.0/psweep113_r3_20260327_042607/4jsz_ligand_samples.json,./penalty_sweep_qpu_v113/samples/4jsz_Kdist0.5_Kmono7.0/psweep113_r3_20260327_042607/result.json
4jsz,4jsz_Kdist0.5_Kmono8.0,psweep113_r3_20260327_042607,0.5,8.0,ok,1.5775091458979789,1000,1000,1000,8,0.008,1.0,0.008,0.2183852,0.18378,Advantage2_system1.13,2630,27,./penalty_sweep_qpu_v113/samples/4jsz_Kdist0.5_Kmono8.0/psweep113_r3_20260327_042607/4jsz_ligand_report.csv,./penalty_sweep_qpu_v113/samples/4jsz_Kdist0.5_Kmono8.0/psweep113_r3_20260327_042607/4jsz_ligand_samples.json,./penalty_sweep_qpu_v113/samples/4jsz_Kdist0.5_Kmono8.0/psweep113_r3_20260327_042607/result.json
4jsz,4jsz_Kdist0.5_Kmono9.0,psweep113_r3_20260327_042607,0.5,9.0,ok,2.157698392693814,1000,1000,1000,0,0.0,1.0,0.0,0.2148088,0.1802,Advantage2_system1.13,2728,29,./penalty_sweep_qpu_v113/samples/4jsz_Kdist0.5_Kmono9.0/psweep113_r3_20260327_042607/4jsz_ligand_report.csv,./penalty_sweep_qpu_v113/samples/4jsz_Kdist0.5_Kmono9.0/psweep113_r3_20260327_042607/4jsz_ligand_samples.json,./penalty_sweep_qpu_v113/samples/4jsz_Kdist0.5_Kmono9.0/psweep113_r3_20260327_042607/result.json
4jsz,4jsz_Kdist0.5_Kmono10.0,psweep113_r3_20260327_042607,0.5,10.0,ok,1.7175622707980598,1000,1000,1000,2,0.002,1.0,0.002,0.21104879999999998,0.17644,Advantage2_system1.13,2772,30,./penalty_sweep_qpu_v113/samples/4jsz_Kdist0.5_Kmono10.0/psweep113_r3_20260327_042607/4jsz_ligand_report.csv,./penalty_sweep_qpu_v113/samples/4jsz_Kdist0.5_Kmono10.0/psweep113_r3_20260327_042607/4jsz_ligand_samples.json,./penalty_sweep_qpu_v113/samples/4jsz_Kdist0.5_Kmono10.0/psweep113_r3_20260327_042607/result.json
4jsz,4jsz_Kdist0.5_Kmono11.0,psweep113_r3_20260327_042607,0.5,11.0,ok,1.450585880995576,1000,1000,1000,46,0.046,1.0,0.046,0.21062879999999998,0.17602,Advantage2_system1.13,2496,26,./penalty_sweep_qpu_v113/samples/4jsz_Kdist0.5_Kmono11.0/psweep113_r3_20260327_042607/4jsz_ligand_report.csv,./penalty_sweep_qpu_v113/samples/4jsz_Kdist0.5_Kmono11.0/psweep113_r3_20260327_042607/4jsz_ligand_samples.json,./penalty_sweep_qpu_v113/samples/4jsz_Kdist0.5_Kmono11.0/psweep113_r3_20260327_042607/result.json
4jsz,4jsz_Kdist0.5_Kmono12.0,psweep113_r3_20260327_042607,0.5,12.0,ok,1.0768979506032248,1000,1000,1000,14,0.014,1.0,0.014,0.21598879999999998,0.18138,Advantage2_system1.13,2578,27,./penalty_sweep_qpu_v113/samples/4jsz_Kdist0.5_Kmono12.0/psweep113_r3_20260327_042607/4jsz_ligand_report.csv,./penalty_sweep_qpu_v113/samples/4jsz_Kdist0.5_Kmono12.0/psweep113_r3_20260327_042607/4jsz_ligand_samples.json,./penalty_sweep_qpu_v113/samples/4jsz_Kdist0.5_Kmono12.0/psweep113_r3_20260327_042607/result.json
4jsz,4jsz_Kdist0.5_Kmono13.0,psweep113_r3_20260327_042607,0.5,13.0,ok,1.6997809443882412,1000,1000,1000,6,0.006,1.0,0.006,0.21321,0.1786,Advantage2_system1.13,2622,29,./penalty_sweep_qpu_v113/samples/4jsz_Kdist0.5_Kmono13.0/psweep113_r3_20260327_042607/4jsz_ligand_report.csv,./penalty_sweep_qpu_v113/samples/4jsz_Kdist0.5_Kmono13.0/psweep113_r3_20260327_042607/4jsz_ligand_samples.json,./penalty_sweep_qpu_v113/samples/4jsz_Kdist0.5_Kmono13.0/psweep113_r3_20260327_042607/result.json
4jsz,4jsz_Kdist0.5_Kmono14.0,psweep113_r3_20260327_042607,0.5,14.0,ok,1.2806436263552246,1000,1000,1000,57,0.057,1.0,0.057,0.2183872,0.18378,Advantage2_system1.13,2440,27,./penalty_sweep_qpu_v113/samples/4jsz_Kdist0.5_Kmono14.0/psweep113_r3_20260327_042607/4jsz_ligand_report.csv,./penalty_sweep_qpu_v113/samples/4jsz_Kdist0.5_Kmono14.0/psweep113_r3_20260327_042607/4jsz_ligand_samples.json,./penalty_sweep_qpu_v113/samples/4jsz_Kdist0.5_Kmono14.0/psweep113_r3_20260327_042607/result.json
4jsz,4jsz_Kdist0.5_Kmono15.0,psweep113_r3_20260327_042607,0.5,15.0,ok,1.0595707730861945,1000,1000,1000,38,0.038,1.0,0.038,0.2168504,0.18224,Advantage2_system1.13,2389,25,./penalty_sweep_qpu_v113/samples/4jsz_Kdist0.5_Kmono15.0/psweep113_r3_20260327_042607/4jsz_ligand_report.csv,./penalty_sweep_qpu_v113/samples/4jsz_Kdist0.5_Kmono15.0/psweep113_r3_20260327_042607/4jsz_ligand_samples.json,./penalty_sweep_qpu_v113/samples/4jsz_Kdist0.5_Kmono15.0/psweep113_r3_20260327_042607/result.json
4jsz,4jsz_Kdist0.5_Kmono16.0,psweep113_r3_20260327_042607,0.5,16.0,ok,2.2916670311629246,1000,1000,1000,0,0.0,1.0,0.0,0.21267360000000002,0.17806,Advantage2_system1.13,2273,24,./penalty_sweep_qpu_v113/samples/4jsz_Kdist0.5_Kmono16.0/psweep113_r3_20260327_042607/4jsz_ligand_report.csv,./penalty_sweep_qpu_v113/samples/4jsz_Kdist0.5_Kmono16.0/psweep113_r3_20260327_042607/4jsz_ligand_samples.json,./penalty_sweep_qpu_v113/samples/4jsz_Kdist0.5_Kmono16.0/psweep113_r3_20260327_042607/result.json
4jsz,4jsz_Kdist0.5_Kmono17.0,psweep113_r3_20260327_042607,0.5,17.0,ok,1.7438167922835885,1000,1000,1000,3,0.003,1.0,0.003,0.2153464,0.18074,Advantage2_system1.13,2450,26,./penalty_sweep_qpu_v113/samples/4jsz_Kdist0.5_Kmono17.0/psweep113_r3_20260327_042607/4jsz_ligand_report.csv,./penalty_sweep_qpu_v113/samples/4jsz_Kdist0.5_Kmono17.0/psweep113_r3_20260327_042607/4jsz_ligand_samples.json,./penalty_sweep_qpu_v113/samples/4jsz_Kdist0.5_Kmono17.0/psweep113_r3_20260327_042607/result.json
4jsz,4jsz_Kdist0.5_Kmono18.0,psweep113_r3_20260327_042607,0.5,18.0,ok,1.6385356766648718,1000,1000,1000,11,0.011,1.0,0.011,0.2159436,0.18134,Advantage2_system1.13,2428,27,./penalty_sweep_qpu_v113/samples/4jsz_Kdist0.5_Kmono18.0/psweep113_r3_20260327_042607/4jsz_ligand_report.csv,./penalty_sweep_qpu_v113/samples/4jsz_Kdist0.5_Kmono18.0/psweep113_r3_20260327_042607/4jsz_ligand_samples.json,./penalty_sweep_qpu_v113/samples/4jsz_Kdist0.5_Kmono18.0/psweep113_r3_20260327_042607/result.json
4jsz,4jsz_Kdist0.5_Kmono19.0,psweep113_r3_20260327_042607,0.5,19.0,ok,1.7312189736843664,1000,1000,1000,2,0.002,1.0,0.002,0.21455120000000003,0.17994,Advantage2_system1.13,2751,31,./penalty_sweep_qpu_v113/samples/4jsz_Kdist0.5_Kmono19.0/psweep113_r3_20260327_042607/4jsz_ligand_report.csv,./penalty_sweep_qpu_v113/samples/4jsz_Kdist0.5_Kmono19.0/psweep113_r3_20260327_042607/4jsz_ligand_samples.json,./penalty_sweep_qpu_v113/samples/4jsz_Kdist0.5_Kmono19.0/psweep113_r3_20260327_042607/result.json
4jsz,4jsz_Kdist0.5_Kmono20.0,psweep113_r3_20260327_042607,0.5,20.0,ok,2.9006087882719256,1000,1000,1000,0,0.0,1.0,0.0,0.21420920000000002,0.1796,Advantage2_system1.13,2677,31,./penalty_sweep_qpu_v113/samples/4jsz_Kdist0.5_Kmono20.0/psweep113_r3_20260327_042607/4jsz_ligand_report.csv,./penalty_sweep_qpu_v113/samples/4jsz_Kdist0.5_Kmono20.0/psweep113_r3_20260327_042607/4jsz_ligand_samples.json,./penalty_sweep_qpu_v113/samples/4jsz_Kdist0.5_Kmono20.0/psweep113_r3_20260327_042607/result.json
4jsz,4jsz_Kdist1.0_Kmono1.0,psweep113_r3_20260327_042607,1.0,1.0,ok,2.4285807010819833,1000,1000,1000,0,0.0,1.0,0.0,0.21720720000000002,0.1826,Advantage2_system1.13,2506,28,./penalty_sweep_qpu_v113/samples/4jsz_Kdist1.0_Kmono1.0/psweep113_r3_20260327_042607/4jsz_ligand_report.csv,./penalty_sweep_qpu_v113/samples/4jsz_Kdist1.0_Kmono1.0/psweep113_r3_20260327_042607/4jsz_ligand_samples.json,./penalty_sweep_qpu_v113/samples/4jsz_Kdist1.0_Kmono1.0/psweep113_r3_20260327_042607/result.json
4jsz,4jsz_Kdist1.0_Kmono2.0,psweep113_r3_20260327_042607,1.0,2.0,ok,2.586068566328421,1000,1000,1000,0,0.0,1.0,0.0,0.2123876,0.17778,Advantage2_system1.13,2827,31,./penalty_sweep_qpu_v113/samples/4jsz_Kdist1.0_Kmono2.0/psweep113_r3_20260327_042607/4jsz_ligand_report.csv,./penalty_sweep_qpu_v113/samples/4jsz_Kdist1.0_Kmono2.0/psweep113_r3_20260327_042607/4jsz_ligand_samples.json,./penalty_sweep_qpu_v113/samples/4jsz_Kdist1.0_Kmono2.0/psweep113_r3_20260327_042607/result.json
4jsz,4jsz_Kdist1.0_Kmono3.0,psweep113_r3_20260327_042607,1.0,3.0,ok,1.1095022642036412,1000,1000,1000,147,0.147,1.0,0.147,0.2138088,0.1792,Advantage2_system1.13,2472,28,./penalty_sweep_qpu_v113/samples/4jsz_Kdist1.0_Kmono3.0/psweep113_r3_20260327_042607/4jsz_ligand_report.csv,./penalty_sweep_qpu_v113/samples/4jsz_Kdist1.0_Kmono3.0/psweep113_r3_20260327_042607/4jsz_ligand_samples.json,./penalty_sweep_qpu_v113/samples/4jsz_Kdist1.0_Kmono3.0/psweep113_r3_20260327_042607/result.json
4jsz,4jsz_Kdist1.0_Kmono4.0,psweep113_r3_20260327_042607,1.0,4.0,ok,2.8400646507260623,1000,1000,1000,0,0.0,1.0,0.0,0.21255960000000002,0.17794,Advantage2_system1.13,2617,30,./penalty_sweep_qpu_v113/samples/4jsz_Kdist1.0_Kmono4.0/psweep113_r3_20260327_042607/4jsz_ligand_report.csv,./penalty_sweep_qpu_v113/samples/4jsz_Kdist1.0_Kmono4.0/psweep113_r3_20260327_042607/4jsz_ligand_samples.json,./penalty_sweep_qpu_v113/samples/4jsz_Kdist1.0_Kmono4.0/psweep113_r3_20260327_042607/result.json
4jsz,4jsz_Kdist1.0_Kmono5.0,psweep113_r3_20260327_042607,1.0,5.0,ok,1.3397862780361656,1000,1000,1000,11,0.011,1.0,0.011,0.20789839999999998,0.1733,Advantage2_system1.13,2629,27,./penalty_sweep_qpu_v113/samples/4jsz_Kdist1.0_Kmono5.0/psweep113_r3_20260327_042607/4jsz_ligand_report.csv,./penalty_sweep_qpu_v113/samples/4jsz_Kdist1.0_Kmono5.0/psweep113_r3_20260327_042607/4jsz_ligand_samples.json,./penalty_sweep_qpu_v113/samples/4jsz_Kdist1.0_Kmono5.0/psweep113_r3_20260327_042607/result.json
4jsz,4jsz_Kdist1.0_Kmono6.0,psweep113_r3_20260327_042607,1.0,6.0,ok,1.87933837682925,1000,1000,1000,2,0.002,1.0,0.002,0.208076,0.17348,Advantage2_system1.13,2451,25,./penalty_sweep_qpu_v113/samples/4jsz_Kdist1.0_Kmono6.0/psweep113_r3_20260327_042607/4jsz_ligand_report.csv,./penalty_sweep_qpu_v113/samples/4jsz_Kdist1.0_Kmono6.0/psweep113_r3_20260327_042607/4jsz_ligand_samples.json,./penalty_sweep_qpu_v113/samples/4jsz_Kdist1.0_Kmono6.0/psweep113_r3_20260327_042607/result.json
4jsz,4jsz_Kdist1.0_Kmono7.0,psweep113_r3_20260327_042607,1.0,7.0,ok,3.853356180163703,1000,1000,1000,0,0.0,1.0,0.0,0.2094008,0.1748,Advantage2_system1.13,2601,28,./penalty_sweep_qpu_v113/samples/4jsz_Kdist1.0_Kmono7.0/psweep113_r3_20260327_042607/4jsz_ligand_report.csv,./penalty_sweep_qpu_v113/samples/4jsz_Kdist1.0_Kmono7.0/psweep113_r3_20260327_042607/4jsz_ligand_samples.json,./penalty_sweep_qpu_v113/samples/4jsz_Kdist1.0_Kmono7.0/psweep113_r3_20260327_042607/result.json
4jsz,4jsz_Kdist1.0_Kmono8.0,psweep113_r3_20260327_042607,1.0,8.0,ok,1.407284357587743,1000,1000,1000,6,0.006,1.0,0.006,0.2135284,0.17892,Advantage2_system1.13,2468,26,./penalty_sweep_qpu_v113/samples/4jsz_Kdist1.0_Kmono8.0/psweep113_r3_20260327_042607/4jsz_ligand_report.csv,./penalty_sweep_qpu_v113/samples/4jsz_Kdist1.0_Kmono8.0/psweep113_r3_20260327_042607/4jsz_ligand_samples.json,./penalty_sweep_qpu_v113/samples/4jsz_Kdist1.0_Kmono8.0/psweep113_r3_20260327_042607/result.json
4jsz,4jsz_Kdist1.0_Kmono9.0,psweep113_r3_20260327_042607,1.0,9.0,ok,1.7321698869829678,1000,1000,1000,4,0.004,1.0,0.004,0.2106296,0.17602,Advantage2_system1.13,2448,26,./penalty_sweep_qpu_v113/samples/4jsz_Kdist1.0_Kmono9.0/psweep113_r3_20260327_042607/4jsz_ligand_report.csv,./penalty_sweep_qpu_v113/samples/4jsz_Kdist1.0_Kmono9.0/psweep113_r3_20260327_042607/4jsz_ligand_samples.json,./penalty_sweep_qpu_v113/samples/4jsz_Kdist1.0_Kmono9.0/psweep113_r3_20260327_042607/result.json
4jsz,4jsz_Kdist1.0_Kmono10.0,psweep113_r3_20260327_042607,1.0,10.0,ok,1.635825520479841,1000,1000,1000,9,0.009,1.0,0.009,0.21515679999999998,0.18056,Advantage2_system1.13,2212,23,./penalty_sweep_qpu_v113/samples/4jsz_Kdist1.0_Kmono10.0/psweep113_r3_20260327_042607/4jsz_ligand_report.csv,./penalty_sweep_qpu_v113/samples/4jsz_Kdist1.0_Kmono10.0/psweep113_r3_20260327_042607/4jsz_ligand_samples.json,./penalty_sweep_qpu_v113/samples/4jsz_Kdist1.0_Kmono10.0/psweep113_r3_20260327_042607/result.json
4jsz,4jsz_Kdist1.0_Kmono11.0,psweep113_r3_20260327_042607,1.0,11.0,ok,2.251911617868253,1000,1000,1000,0,0.0,1.0,0.0,0.2094076,0.1748,Advantage2_system1.13,2480,27,./penalty_sweep_qpu_v113/samples/4jsz_Kdist1.0_Kmono11.0/psweep113_r3_20260327_042607/4jsz_ligand_report.csv,./penalty_sweep_qpu_v113/samples/4jsz_Kdist1.0_Kmono11.0/psweep113_r3_20260327_042607/4jsz_ligand_samples.json,./penalty_sweep_qpu_v113/samples/4jsz_Kdist1.0_Kmono11.0/psweep113_r3_20260327_042607/result.json
4jsz,4jsz_Kdist1.0_Kmono12.0,psweep113_r3_20260327_042607,1.0,12.0,ok,3.35957539723774,1000,1000,1000,0,0.0,1.0,0.0,0.21052479999999998,0.17592,Advantage2_system1.13,2470,27,./penalty_sweep_qpu_v113/samples/4jsz_Kdist1.0_Kmono12.0/psweep113_r3_20260327_042607/4jsz_ligand_report.csv,./penalty_sweep_qpu_v113/samples/4jsz_Kdist1.0_Kmono12.0/psweep113_r3_20260327_042607/4jsz_ligand_samples.json,./penalty_sweep_qpu_v113/samples/4jsz_Kdist1.0_Kmono12.0/psweep113_r3_20260327_042607/result.json
4jsz,4jsz_Kdist1.0_Kmono13.0,psweep113_r3_20260327_042607,1.0,13.0,ok,1.746954178882684,1000,1000,1000,2,0.002,1.0,0.002,0.21659,0.18198,Advantage2_system1.13,2561,28,./penalty_sweep_qpu_v113/samples/4jsz_Kdist1.0_Kmono13.0/psweep113_r3_20260327_042607/4jsz_ligand_report.csv,./penalty_sweep_qpu_v113/samples/4jsz_Kdist1.0_Kmono13.0/psweep113_r3_20260327_042607/4jsz_ligand_samples.json,./penalty_sweep_qpu_v113/samples/4jsz_Kdist1.0_Kmono13.0/psweep113_r3_20260327_042607/result.json
4jsz,4jsz_Kdist1.0_Kmono14.0,psweep113_r3_20260327_042607,1.0,14.0,ok,1.505677403773496,1000,1000,1000,8,0.008,1.0,0.008,0.2122684,0.17766,Advantage2_system1.13,2577,27,./penalty_sweep_qpu_v113/samples/4jsz_Kdist1.0_Kmono14.0/psweep113_r3_20260327_042607/4jsz_ligand_report.csv,./penalty_sweep_qpu_v113/samples/4jsz_Kdist1.0_Kmono14.0/psweep113_r3_20260327_042607/4jsz_ligand_samples.json,./penalty_sweep_qpu_v113/samples/4jsz_Kdist1.0_Kmono14.0/psweep113_r3_20260327_042607/result.json
4jsz,4jsz_Kdist1.0_Kmono15.0,psweep113_r3_20260327_042607,1.0,15.0,ok,2.829963817913989,1000,1000,1000,0,0.0,1.0,0.0,0.2090908,0.17448,Advantage2_system1.13,2461,26,./penalty_sweep_qpu_v113/samples/4jsz_Kdist1.0_Kmono15.0/psweep113_r3_20260327_042607/4jsz_ligand_report.csv,./penalty_sweep_qpu_v113/samples/4jsz_Kdist1.0_Kmono15.0/psweep113_r3_20260327_042607/4jsz_ligand_samples.json,./penalty_sweep_qpu_v113/samples/4jsz_Kdist1.0_Kmono15.0/psweep113_r3_20260327_042607/result.json
4jsz,4jsz_Kdist1.0_Kmono16.0,psweep113_r3_20260327_042607,1.0,16.0,ok,1.470121436215086,1000,1000,1000,25,0.025,1.0,0.025,0.2157116,0.1811,Advantage2_system1.13,2389,25,./penalty_sweep_qpu_v113/samples/4jsz_Kdist1.0_Kmono16.0/psweep113_r3_20260327_042607/4jsz_ligand_report.csv,./penalty_sweep_qpu_v113/samples/4jsz_Kdist1.0_Kmono16.0/psweep113_r3_20260327_042607/4jsz_ligand_samples.json,./penalty_sweep_qpu_v113/samples/4jsz_Kdist1.0_Kmono16.0/psweep113_r3_20260327_042607/result.json
4jsz,4jsz_Kdist1.0_Kmono17.0,psweep113_r3_20260327_042607,1.0,17.0,ok,1.0066994630641537,1000,1000,1000,28,0.028,1.0,0.028,0.21876920000000002,0.18416,Advantage2_system1.13,2499,26,./penalty_sweep_qpu_v113/samples/4jsz_Kdist1.0_Kmono17.0/psweep113_r3_20260327_042607/4jsz_ligand_report.csv,./penalty_sweep_qpu_v113/samples/4jsz_Kdist1.0_Kmono17.0/psweep113_r3_20260327_042607/4jsz_ligand_samples.json,./penalty_sweep_qpu_v113/samples/4jsz_Kdist1.0_Kmono17.0/psweep113_r3_20260327_042607/result.json
4jsz,4jsz_Kdist1.0_Kmono18.0,psweep113_r3_20260327_042607,1.0,18.0,ok,2.9936634895410794,1000,1000,1000,0,0.0,1.0,0.0,0.2158032,0.1812,Advantage2_system1.13,2675,27,./penalty_sweep_qpu_v113/samples/4jsz_Kdist1.0_Kmono18.0/psweep113_r3_20260327_042607/4jsz_ligand_report.csv,./penalty_sweep_qpu_v113/samples/4jsz_Kdist1.0_Kmono18.0/psweep113_r3_20260327_042607/4jsz_ligand_samples.json,./penalty_sweep_qpu_v113/samples/4jsz_Kdist1.0_Kmono18.0/psweep113_r3_20260327_042607/result.json
4jsz,4jsz_Kdist1.0_Kmono19.0,psweep113_r3_20260327_042607,1.0,19.0,ok,1.4288944466860476,1000,1000,1000,4,0.004,1.0,0.004,0.215708,0.1811,Advantage2_system1.13,2599,28,./penalty_sweep_qpu_v113/samples/4jsz_Kdist1.0_Kmono19.0/psweep113_r3_20260327_042607/4jsz_ligand_report.csv,./penalty_sweep_qpu_v113/samples/4jsz_Kdist1.0_Kmono19.0/psweep113_r3_20260327_042607/4jsz_ligand_samples.json,./penalty_sweep_qpu_v113/samples/4jsz_Kdist1.0_Kmono19.0/psweep113_r3_20260327_042607/result.json
4jsz,4jsz_Kdist1.0_Kmono20.0,psweep113_r3_20260327_042607,1.0,20.0,ok,1.3377986533611372,1000,1000,1000,44,0.044,1.0,0.044,0.21135,0.17674,Advantage2_system1.13,2740,30,./penalty_sweep_qpu_v113/samples/4jsz_Kdist1.0_Kmono20.0/psweep113_r3_20260327_042607/4jsz_ligand_report.csv,./penalty_sweep_qpu_v113/samples/4jsz_Kdist1.0_Kmono20.0/psweep113_r3_20260327_042607/4jsz_ligand_samples.json,./penalty_sweep_qpu_v113/samples/4jsz_Kdist1.0_Kmono20.0/psweep113_r3_20260327_042607/result.json
4jsz,4jsz_Kdist1.5_Kmono1.0,psweep113_r3_20260327_042607,1.5,1.0,ok,1.300455269224295,1000,1000,1000,4,0.004,1.0,0.004,0.215406,0.1808,Advantage2_system1.13,2763,30,./penalty_sweep_qpu_v113/samples/4jsz_Kdist1.5_Kmono1.0/psweep113_r3_20260327_042607/4jsz_ligand_report.csv,./penalty_sweep_qpu_v113/samples/4jsz_Kdist1.5_Kmono1.0/psweep113_r3_20260327_042607/4jsz_ligand_samples.json,./penalty_sweep_qpu_v113/samples/4jsz_Kdist1.5_Kmono1.0/psweep113_r3_20260327_042607/result.json
4jsz,4jsz_Kdist1.5_Kmono2.0,psweep113_r3_20260327_042607,1.5,2.0,ok,2.4317971650636943,1000,1000,1000,0,0.0,1.0,0.0,0.2155496,0.18094,Advantage2_system1.13,2739,29,./penalty_sweep_qpu_v113/samples/4jsz_Kdist1.5_Kmono2.0/psweep113_r3_20260327_042607/4jsz_ligand_report.csv,./penalty_sweep_qpu_v113/samples/4jsz_Kdist1.5_Kmono2.0/psweep113_r3_20260327_042607/4jsz_ligand_samples.json,./penalty_sweep_qpu_v113/samples/4jsz_Kdist1.5_Kmono2.0/psweep113_r3_20260327_042607/result.json
4jsz,4jsz_Kdist1.5_Kmono3.0,psweep113_r3_20260327_042607,1.5,3.0,ok,2.714969745419912,1000,1000,1000,0,0.0,1.0,0.0,0.2122724,0.17766,Advantage2_system1.13,2652,29,./penalty_sweep_qpu_v113/samples/4jsz_Kdist1.5_Kmono3.0/psweep113_r3_20260327_042607/4jsz_ligand_report.csv,./penalty_sweep_qpu_v113/samples/4jsz_Kdist1.5_Kmono3.0/psweep113_r3_20260327_042607/4jsz_ligand_samples.json,./penalty_sweep_qpu_v113/samples/4jsz_Kdist1.5_Kmono3.0/psweep113_r3_20260327_042607/result.json
4jsz,4jsz_Kdist1.5_Kmono4.0,psweep113_r3_20260327_042607,1.5,4.0,ok,3.747878764136514,1000,1000,1000,0,0.0,1.0,0.0,0.21071479999999998,0.1761,Advantage2_system1.13,3045,34,./penalty_sweep_qpu_v113/samples/4jsz_Kdist1.5_Kmono4.0/psweep113_r3_20260327_042607/4jsz_ligand_report.csv,./penalty_sweep_qpu_v113/samples/4jsz_Kdist1.5_Kmono4.0/psweep113_r3_20260327_042607/4jsz_ligand_samples.json,./penalty_sweep_qpu_v113/samples/4jsz_Kdist1.5_Kmono4.0/psweep113_r3_20260327_042607/result.json
4jsz,4jsz_Kdist1.5_Kmono5.0,psweep113_r3_20260327_042607,1.5,5.0,ok,1.2859649495202863,1000,1000,1000,1,0.001,1.0,0.001,0.2102676,0.17566,Advantage2_system1.13,2350,24,./penalty_sweep_qpu_v113/samples/4jsz_Kdist1.5_Kmono5.0/psweep113_r3_20260327_042607/4jsz_ligand_report.csv,./penalty_sweep_qpu_v113/samples/4jsz_Kdist1.5_Kmono5.0/psweep113_r3_20260327_042607/4jsz_ligand_samples.json,./penalty_sweep_qpu_v113/samples/4jsz_Kdist1.5_Kmono5.0/psweep113_r3_20260327_042607/result.json
4jsz,4jsz_Kdist1.5_Kmono6.0,psweep113_r3_20260327_042607,1.5,6.0,ok,2.719343305295454,1000,1000,1000,0,0.0,1.0,0.0,0.21266960000000001,0.17806,Advantage2_system1.13,2399,26,./penalty_sweep_qpu_v113/samples/4jsz_Kdist1.5_Kmono6.0/psweep113_r3_20260327_042607/4jsz_ligand_report.csv,./penalty_sweep_qpu_v113/samples/4jsz_Kdist1.5_Kmono6.0/psweep113_r3_20260327_042607/4jsz_ligand_samples.json,./penalty_sweep_qpu_v113/samples/4jsz_Kdist1.5_Kmono6.0/psweep113_r3_20260327_042607/result.json
4jsz,4jsz_Kdist1.5_Kmono7.0,psweep113_r3_20260327_042607,1.5,7.0,ok,1.8510051643629781,1000,1000,1000,6,0.006,1.0,0.006,0.21153160000000001,0.17692,Advantage2_system1.13,2558,27,./penalty_sweep_qpu_v113/samples/4jsz_Kdist1.5_Kmono7.0/psweep113_r3_20260327_042607/4jsz_ligand_report.csv,./penalty_sweep_qpu_v113/samples/4jsz_Kdist1.5_Kmono7.0/psweep113_r3_20260327_042607/4jsz_ligand_samples.json,./penalty_sweep_qpu_v113/samples/4jsz_Kdist1.5_Kmono7.0/psweep113_r3_20260327_042607/result.json
4jsz,4jsz_Kdist1.5_Kmono8.0,psweep113_r3_20260327_042607,1.5,8.0,ok,2.9133385628231854,1000,1000,1000,0,0.0,1.0,0.0,0.2037972,0.1692,Advantage2_system1.13,2462,27,./penalty_sweep_qpu_v113/samples/4jsz_Kdist1.5_Kmono8.0/psweep113_r3_20260327_042607/4jsz_ligand_report.csv,./penalty_sweep_qpu_v113/samples/4jsz_Kdist1.5_Kmono8.0/psweep113_r3_20260327_042607/4jsz_ligand_samples.json,./penalty_sweep_qpu_v113/samples/4jsz_Kdist1.5_Kmono8.0/psweep113_r3_20260327_042607/result.json
4jsz,4jsz_Kdist1.5_Kmono9.0,psweep113_r3_20260327_042607,1.5,9.0,ok,3.6044046020589713,1000,1000,1000,0,0.0,1.0,0.0,0.2102332,0.17562,Advantage2_system1.13,2403,25,./penalty_sweep_qpu_v113/samples/4jsz_Kdist1.5_Kmono9.0/psweep113_r3_20260327_042607/4jsz_ligand_report.csv,./penalty_sweep_qpu_v113/samples/4jsz_Kdist1.5_Kmono9.0/psweep113_r3_20260327_042607/4jsz_ligand_samples.json,./penalty_sweep_qpu_v113/samples/4jsz_Kdist1.5_Kmono9.0/psweep113_r3_20260327_042607/result.json
4jsz,4jsz_Kdist1.5_Kmono10.0,psweep113_r3_20260327_042607,1.5,10.0,ok,1.643295259832965,1000,1000,1000,6,0.006,1.0,0.006,0.2385128,0.17984,Advantage2_system1.13,2691,29,./penalty_sweep_qpu_v113/samples/4jsz_Kdist1.5_Kmono10.0/psweep113_r3_20260327_042607/4jsz_ligand_report.csv,./penalty_sweep_qpu_v113/samples/4jsz_Kdist1.5_Kmono10.0/psweep113_r3_20260327_042607/4jsz_ligand_samples.json,./penalty_sweep_qpu_v113/samples/4jsz_Kdist1.5_Kmono10.0/psweep113_r3_20260327_042607/result.json
4jsz,4jsz_Kdist1.5_Kmono11.0,psweep113_r3_20260327_042607,1.5,11.0,ok,1.7010955529604876,1000,1000,1000,7,0.007,1.0,0.007,0.211086,0.17648,Advantage2_system1.13,2550,28,./penalty_sweep_qpu_v113/samples/4jsz_Kdist1.5_Kmono11.0/psweep113_r3_20260327_042607/4jsz_ligand_report.csv,./penalty_sweep_qpu_v113/samples/4jsz_Kdist1.5_Kmono11.0/psweep113_r3_20260327_042607/4jsz_ligand_samples.json,./penalty_sweep_qpu_v113/samples/4jsz_Kdist1.5_Kmono11.0/psweep113_r3_20260327_042607/result.json
4jsz,4jsz_Kdist1.5_Kmono12.0,psweep113_r3_20260327_042607,1.5,12.0,ok,1.1598954666533114,1000,1000,1000,5,0.005,1.0,0.005,0.21604679999999998,0.18144,Advantage2_system1.13,2171,23,./penalty_sweep_qpu_v113/samples/4jsz_Kdist1.5_Kmono12.0/psweep113_r3_20260327_042607/4jsz_ligand_report.csv,./penalty_sweep_qpu_v113/samples/4jsz_Kdist1.5_Kmono12.0/psweep113_r3_20260327_042607/4jsz_ligand_samples.json,./penalty_sweep_qpu_v113/samples/4jsz_Kdist1.5_Kmono12.0/psweep113_r3_20260327_042607/result.json
4jsz,4jsz_Kdist1.5_Kmono13.0,psweep113_r3_20260327_042607,1.5,13.0,ok,1.5069238438468193,1000,1000,1000,63,0.063,1.0,0.063,0.2104464,0.17584,Advantage2_system1.13,2865,31,./penalty_sweep_qpu_v113/samples/4jsz_Kdist1.5_Kmono13.0/psweep113_r3_20260327_042607/4jsz_ligand_report.csv,./penalty_sweep_qpu_v113/samples/4jsz_Kdist1.5_Kmono13.0/psweep113_r3_20260327_042607/4jsz_ligand_samples.json,./penalty_sweep_qpu_v113/samples/4jsz_Kdist1.5_Kmono13.0/psweep113_r3_20260327_042607/result.json
4jsz,4jsz_Kdist1.5_Kmono14.0,psweep113_r3_20260327_042607,1.5,14.0,ok,2.066283422631413,1000,1000,1000,0,0.0,1.0,0.0,0.214206,0.1796,Advantage2_system1.13,2466,27,./penalty_sweep_qpu_v113/samples/4jsz_Kdist1.5_Kmono14.0/psweep113_r3_20260327_042607/4jsz_ligand_report.csv,./penalty_sweep_qpu_v113/samples/4jsz_Kdist1.5_Kmono14.0/psweep113_r3_20260327_042607/4jsz_ligand_samples.json,./penalty_sweep_qpu_v113/samples/4jsz_Kdist1.5_Kmono14.0/psweep113_r3_20260327_042607/result.json
4jsz,4jsz_Kdist1.5_Kmono15.0,psweep113_r3_20260327_042607,1.5,15.0,ok,1.6527164281375186,1000,1000,1000,7,0.007,1.0,0.007,0.2112064,0.1766,Advantage2_system1.13,2589,28,./penalty_sweep_qpu_v113/samples/4jsz_Kdist1.5_Kmono15.0/psweep113_r3_20260327_042607/4jsz_ligand_report.csv,./penalty_sweep_qpu_v113/samples/4jsz_Kdist1.5_Kmono15.0/psweep113_r3_20260327_042607/4jsz_ligand_samples.json,./penalty_sweep_qpu_v113/samples/4jsz_Kdist1.5_Kmono15.0/psweep113_r3_20260327_042607/result.json
4jsz,4jsz_Kdist1.5_Kmono16.0,psweep113_r3_20260327_042607,1.5,16.0,ok,1.564428733011092,1000,1000,1000,14,0.014,1.0,0.014,0.2177704,0.18316,Advantage2_system1.13,2476,25,./penalty_sweep_qpu_v113/samples/4jsz_Kdist1.5_Kmono16.0/psweep113_r3_20260327_042607/4jsz_ligand_report.csv,./penalty_sweep_qpu_v113/samples/4jsz_Kdist1.5_Kmono16.0/psweep113_r3_20260327_042607/4jsz_ligand_samples.json,./penalty_sweep_qpu_v113/samples/4jsz_Kdist1.5_Kmono16.0/psweep113_r3_20260327_042607/result.json
4jsz,4jsz_Kdist1.5_Kmono17.0,psweep113_r3_20260327_042607,1.5,17.0,ok,1.0635696301624016,1000,1000,1000,94,0.094,1.0,0.094,0.2142624,0.17966,Advantage2_system1.13,2397,26,./penalty_sweep_qpu_v113/samples/4jsz_Kdist1.5_Kmono17.0/psweep113_r3_20260327_042607/4jsz_ligand_report.csv,./penalty_sweep_qpu_v113/samples/4jsz_Kdist1.5_Kmono17.0/psweep113_r3_20260327_042607/4jsz_ligand_samples.json,./penalty_sweep_qpu_v113/samples/4jsz_Kdist1.5_Kmono17.0/psweep113_r3_20260327_042607/result.json
4jsz,4jsz_Kdist1.5_Kmono18.0,psweep113_r3_20260327_042607,1.5,18.0,ok,1.519627260831058,1000,1000,1000,6,0.006,1.0,0.006,0.2154576,0.18084,Advantage2_system1.13,2738,29,./penalty_sweep_qpu_v113/samples/4jsz_Kdist1.5_Kmono18.0/psweep113_r3_20260327_042607/4jsz_ligand_report.csv,./penalty_sweep_qpu_v113/samples/4jsz_Kdist1.5_Kmono18.0/psweep113_r3_20260327_042607/4jsz_ligand_samples.json,./penalty_sweep_qpu_v113/samples/4jsz_Kdist1.5_Kmono18.0/psweep113_r3_20260327_042607/result.json
4jsz,4jsz_Kdist1.5_Kmono19.0,psweep113_r3_20260327_042607,1.5,19.0,ok,1.2714570683778228,1000,1000,1000,84,0.084,1.0,0.084,0.2105876,0.17598,Advantage2_system1.13,2969,34,./penalty_sweep_qpu_v113/samples/4jsz_Kdist1.5_Kmono19.0/psweep113_r3_20260327_042607/4jsz_ligand_report.csv,./penalty_sweep_qpu_v113/samples/4jsz_Kdist1.5_Kmono19.0/psweep113_r3_20260327_042607/4jsz_ligand_samples.json,./penalty_sweep_qpu_v113/samples/4jsz_Kdist1.5_Kmono19.0/psweep113_r3_20260327_042607/result.json
4jsz,4jsz_Kdist1.5_Kmono20.0,psweep113_r3_20260327_042607,1.5,20.0,ok,0.8651526905561823,1000,1000,1000,259,0.259,1.0,0.259,0.213548,0.17894,Advantage2_system1.13,2676,28,./penalty_sweep_qpu_v113/samples/4jsz_Kdist1.5_Kmono20.0/psweep113_r3_20260327_042607/4jsz_ligand_report.csv,./penalty_sweep_qpu_v113/samples/4jsz_Kdist1.5_Kmono20.0/psweep113_r3_20260327_042607/4jsz_ligand_samples.json,./penalty_sweep_qpu_v113/samples/4jsz_Kdist1.5_Kmono20.0/psweep113_r3_20260327_042607/result.json
4jsz,4jsz_Kdist2.0_Kmono1.0,psweep113_r3_20260327_042607,2.0,1.0,ok,2.6301896842780885,1000,1000,1000,0,0.0,1.0,0.0,0.2105284,0.17592,Advantage2_system1.13,2565,28,./penalty_sweep_qpu_v113/samples/4jsz_Kdist2.0_Kmono1.0/psweep113_r3_20260327_042607/4jsz_ligand_report.csv,./penalty_sweep_qpu_v113/samples/4jsz_Kdist2.0_Kmono1.0/psweep113_r3_20260327_042607/4jsz_ligand_samples.json,./penalty_sweep_qpu_v113/samples/4jsz_Kdist2.0_Kmono1.0/psweep113_r3_20260327_042607/result.json
4jsz,4jsz_Kdist2.0_Kmono2.0,psweep113_r3_20260327_042607,2.0,2.0,ok,4.087944742481202,1000,1000,1000,0,0.0,1.0,0.0,0.216946,0.18234,Advantage2_system1.13,2615,28,./penalty_sweep_qpu_v113/samples/4jsz_Kdist2.0_Kmono2.0/psweep113_r3_20260327_042607/4jsz_ligand_report.csv,./penalty_sweep_qpu_v113/samples/4jsz_Kdist2.0_Kmono2.0/psweep113_r3_20260327_042607/4jsz_ligand_samples.json,./penalty_sweep_qpu_v113/samples/4jsz_Kdist2.0_Kmono2.0/psweep113_r3_20260327_042607/result.json
4jsz,4jsz_Kdist2.0_Kmono3.0,psweep113_r3_20260327_042607,2.0,3.0,ok,3.165871316386124,1000,1000,1000,0,0.0,1.0,0.0,0.210446,0.17584,Advantage2_system1.13,2598,28,./penalty_sweep_qpu_v113/samples/4jsz_Kdist2.0_Kmono3.0/psweep113_r3_20260327_042607/4jsz_ligand_report.csv,./penalty_sweep_qpu_v113/samples/4jsz_Kdist2.0_Kmono3.0/psweep113_r3_20260327_042607/4jsz_ligand_samples.json,./penalty_sweep_qpu_v113/samples/4jsz_Kdist2.0_Kmono3.0/psweep113_r3_20260327_042607/result.json
4jsz,4jsz_Kdist2.0_Kmono4.0,psweep113_r3_20260327_042607,2.0,4.0,ok,1.4370393955861764,1000,1000,1000,17,0.017,1.0,0.017,0.21784879999999998,0.18324,Advantage2_system1.13,2566,26,./penalty_sweep_qpu_v113/samples/4jsz_Kdist2.0_Kmono4.0/psweep113_r3_20260327_042607/4jsz_ligand_report.csv,./penalty_sweep_qpu_v113/samples/4jsz_Kdist2.0_Kmono4.0/psweep113_r3_20260327_042607/4jsz_ligand_samples.json,./penalty_sweep_qpu_v113/samples/4jsz_Kdist2.0_Kmono4.0/psweep113_r3_20260327_042607/result.json
4jsz,4jsz_Kdist2.0_Kmono5.0,psweep113_r3_20260327_042607,2.0,5.0,ok,1.4448974545321072,1000,1000,1000,436,0.436,1.0,0.436,0.2079456,0.17334,Advantage2_system1.13,2662,28,./penalty_sweep_qpu_v113/samples/4jsz_Kdist2.0_Kmono5.0/psweep113_r3_20260327_042607/4jsz_ligand_report.csv,./penalty_sweep_qpu_v113/samples/4jsz_Kdist2.0_Kmono5.0/psweep113_r3_20260327_042607/4jsz_ligand_samples.json,./penalty_sweep_qpu_v113/samples/4jsz_Kdist2.0_Kmono5.0/psweep113_r3_20260327_042607/result.json
4jsz,4jsz_Kdist2.0_Kmono6.0,psweep113_r3_20260327_042607,2.0,6.0,ok,2.8332723366291686,1000,1000,1000,0,0.0,1.0,0.0,0.2173588,0.18274,Advantage2_system1.13,3023,33,./penalty_sweep_qpu_v113/samples/4jsz_Kdist2.0_Kmono6.0/psweep113_r3_20260327_042607/4jsz_ligand_report.csv,./penalty_sweep_qpu_v113/samples/4jsz_Kdist2.0_Kmono6.0/psweep113_r3_20260327_042607/4jsz_ligand_samples.json,./penalty_sweep_qpu_v113/samples/4jsz_Kdist2.0_Kmono6.0/psweep113_r3_20260327_042607/result.json
4jsz,4jsz_Kdist2.0_Kmono7.0,psweep113_r3_20260327_042607,2.0,7.0,ok,1.799104277072627,1000,1000,1000,3,0.003,1.0,0.003,0.21735320000000002,0.18274,Advantage2_system1.13,2517,26,./penalty_sweep_qpu_v113/samples/4jsz_Kdist2.0_Kmono7.0/psweep113_r3_20260327_042607/4jsz_ligand_report.csv,./penalty_sweep_qpu_v113/samples/4jsz_Kdist2.0_Kmono7.0/psweep113_r3_20260327_042607/4jsz_ligand_samples.json,./penalty_sweep_qpu_v113/samples/4jsz_Kdist2.0_Kmono7.0/psweep113_r3_20260327_042607/result.json
4jsz,4jsz_Kdist2.0_Kmono8.0,psweep113_r3_20260327_042607,2.0,8.0,ok,1.1543375110245278,1000,1000,1000,68,0.068,1.0,0.068,0.2160848,0.18148,Advantage2_system1.13,2515,29,./penalty_sweep_qpu_v113/samples/4jsz_Kdist2.0_Kmono8.0/psweep113_r3_20260327_042607/4jsz_ligand_report.csv,./penalty_sweep_qpu_v113/samples/4jsz_Kdist2.0_Kmono8.0/psweep113_r3_20260327_042607/4jsz_ligand_samples.json,./penalty_sweep_qpu_v113/samples/4jsz_Kdist2.0_Kmono8.0/psweep113_r3_20260327_042607/result.json
4jsz,4jsz_Kdist2.0_Kmono9.0,psweep113_r3_20260327_042607,2.0,9.0,ok,1.4642992273230206,1000,1000,1000,127,0.127,1.0,0.127,0.2089056,0.1743,Advantage2_system1.13,2997,32,./penalty_sweep_qpu_v113/samples/4jsz_Kdist2.0_Kmono9.0/psweep113_r3_20260327_042607/4jsz_ligand_report.csv,./penalty_sweep_qpu_v113/samples/4jsz_Kdist2.0_Kmono9.0/psweep113_r3_20260327_042607/4jsz_ligand_samples.json,./penalty_sweep_qpu_v113/samples/4jsz_Kdist2.0_Kmono9.0/psweep113_r3_20260327_042607/result.json
4jsz,4jsz_Kdist2.0_Kmono10.0,psweep113_r3_20260327_042607,2.0,10.0,ok,1.4830451994643068,1000,1000,1000,6,0.006,1.0,0.006,0.2117656,0.17716,Advantage2_system1.13,2468,25,./penalty_sweep_qpu_v113/samples/4jsz_Kdist2.0_Kmono10.0/psweep113_r3_20260327_042607/4jsz_ligand_report.csv,./penalty_sweep_qpu_v113/samples/4jsz_Kdist2.0_Kmono10.0/psweep113_r3_20260327_042607/4jsz_ligand_samples.json,./penalty_sweep_qpu_v113/samples/4jsz_Kdist2.0_Kmono10.0/psweep113_r3_20260327_042607/result.json
4jsz,4jsz_Kdist2.0_Kmono11.0,psweep113_r3_20260327_042607,2.0,11.0,ok,1.707846232843933,1000,1000,1000,5,0.005,1.0,0.005,0.218122,0.18352,Advantage2_system1.13,2491,27,./penalty_sweep_qpu_v113/samples/4jsz_Kdist2.0_Kmono11.0/psweep113_r3_20260327_042607/4jsz_ligand_report.csv,./penalty_sweep_qpu_v113/samples/4jsz_Kdist2.0_Kmono11.0/psweep113_r3_20260327_042607/4jsz_ligand_samples.json,./penalty_sweep_qpu_v113/samples/4jsz_Kdist2.0_Kmono11.0/psweep113_r3_20260327_042607/result.json
4jsz,4jsz_Kdist2.0_Kmono12.0,psweep113_r3_20260327_042607,2.0,12.0,ok,1.48559336515106,1000,1000,1000,15,0.015,1.0,0.015,0.211408,0.1768,Advantage2_system1.13,2524,27,./penalty_sweep_qpu_v113/samples/4jsz_Kdist2.0_Kmono12.0/psweep113_r3_20260327_042607/4jsz_ligand_report.csv,./penalty_sweep_qpu_v113/samples/4jsz_Kdist2.0_Kmono12.0/psweep113_r3_20260327_042607/4jsz_ligand_samples.json,./penalty_sweep_qpu_v113/samples/4jsz_Kdist2.0_Kmono12.0/psweep113_r3_20260327_042607/result.json
4jsz,4jsz_Kdist2.0_Kmono13.0,psweep113_r3_20260327_042607,2.0,13.0,ok,1.160076159467069,1000,1000,1000,130,0.13,1.0,0.13,0.2177196,0.18312,Advantage2_system1.13,2308,23,./penalty_sweep_qpu_v113/samples/4jsz_Kdist2.0_Kmono13.0/psweep113_r3_20260327_042607/4jsz_ligand_report.csv,./penalty_sweep_qpu_v113/samples/4jsz_Kdist2.0_Kmono13.0/psweep113_r3_20260327_042607/4jsz_ligand_samples.json,./penalty_sweep_qpu_v113/samples/4jsz_Kdist2.0_Kmono13.0/psweep113_r3_20260327_042607/result.json
4jsz,4jsz_Kdist2.0_Kmono14.0,psweep113_r3_20260327_042607,2.0,14.0,ok,4.021366174628344,1000,1000,1000,0,0.0,1.0,0.0,0.21876479999999998,0.18416,Advantage2_system1.13,2550,28,./penalty_sweep_qpu_v113/samples/4jsz_Kdist2.0_Kmono14.0/psweep113_r3_20260327_042607/4jsz_ligand_report.csv,./penalty_sweep_qpu_v113/samples/4jsz_Kdist2.0_Kmono14.0/psweep113_r3_20260327_042607/4jsz_ligand_samples.json,./penalty_sweep_qpu_v113/samples/4jsz_Kdist2.0_Kmono14.0/psweep113_r3_20260327_042607/result.json
4jsz,4jsz_Kdist2.0_Kmono15.0,psweep113_r3_20260327_042607,2.0,15.0,ok,1.7611509994013892,1000,1000,1000,4,0.004,1.0,0.004,0.21553,0.18092,Advantage2_system1.13,2505,24,./penalty_sweep_qpu_v113/samples/4jsz_Kdist2.0_Kmono15.0/psweep113_r3_20260327_042607/4jsz_ligand_report.csv,./penalty_sweep_qpu_v113/samples/4jsz_Kdist2.0_Kmono15.0/psweep113_r3_20260327_042607/4jsz_ligand_samples.json,./penalty_sweep_qpu_v113/samples/4jsz_Kdist2.0_Kmono15.0/psweep113_r3_20260327_042607/result.json
4jsz,4jsz_Kdist2.0_Kmono16.0,psweep113_r3_20260327_042607,2.0,16.0,ok,2.2322556607891224,1000,1000,1000,0,0.0,1.0,0.0,0.215026,0.18042,Advantage2_system1.13,2310,24,./penalty_sweep_qpu_v113/samples/4jsz_Kdist2.0_Kmono16.0/psweep113_r3_20260327_042607/4jsz_ligand_report.csv,./penalty_sweep_qpu_v113/samples/4jsz_Kdist2.0_Kmono16.0/psweep113_r3_20260327_042607/4jsz_ligand_samples.json,./penalty_sweep_qpu_v113/samples/4jsz_Kdist2.0_Kmono16.0/psweep113_r3_20260327_042607/result.json
4jsz,4jsz_Kdist2.0_Kmono17.0,psweep113_r3_20260327_042607,2.0,17.0,ok,2.7086069661854792,1000,1000,1000,0,0.0,1.0,0.0,0.2115276,0.17692,Advantage2_system1.13,2549,27,./penalty_sweep_qpu_v113/samples/4jsz_Kdist2.0_Kmono17.0/psweep113_r3_20260327_042607/4jsz_ligand_report.csv,./penalty_sweep_qpu_v113/samples/4jsz_Kdist2.0_Kmono17.0/psweep113_r3_20260327_042607/4jsz_ligand_samples.json,./penalty_sweep_qpu_v113/samples/4jsz_Kdist2.0_Kmono17.0/psweep113_r3_20260327_042607/result.json
4jsz,4jsz_Kdist2.0_Kmono18.0,psweep113_r3_20260327_042607,2.0,18.0,ok,1.0182356489810396,1000,1000,1000,138,0.138,1.0,0.138,0.20876879999999998,0.17416,Advantage2_system1.13,2344,24,./penalty_sweep_qpu_v113/samples/4jsz_Kdist2.0_Kmono18.0/psweep113_r3_20260327_042607/4jsz_ligand_report.csv,./penalty_sweep_qpu_v113/samples/4jsz_Kdist2.0_Kmono18.0/psweep113_r3_20260327_042607/4jsz_ligand_samples.json,./penalty_sweep_qpu_v113/samples/4jsz_Kdist2.0_Kmono18.0/psweep113_r3_20260327_042607/result.json
4jsz,4jsz_Kdist2.0_Kmono19.0,psweep113_r3_20260327_042607,2.0,19.0,ok,1.2057205442245273,1000,1000,1000,42,0.042,1.0,0.042,0.2142064,0.1796,Advantage2_system1.13,2498,28,./penalty_sweep_qpu_v113/samples/4jsz_Kdist2.0_Kmono19.0/psweep113_r3_20260327_042607/4jsz_ligand_report.csv,./penalty_sweep_qpu_v113/samples/4jsz_Kdist2.0_Kmono19.0/psweep113_r3_20260327_042607/4jsz_ligand_samples.json,./penalty_sweep_qpu_v113/samples/4jsz_Kdist2.0_Kmono19.0/psweep113_r3_20260327_042607/result.json
4jsz,4jsz_Kdist2.0_Kmono20.0,psweep113_r3_20260327_042607,2.0,20.0,ok,1.1711108330299953,1000,1000,1000,67,0.067,1.0,0.067,0.2043448,0.16974,Advantage2_system1.13,2505,26,./penalty_sweep_qpu_v113/samples/4jsz_Kdist2.0_Kmono20.0/psweep113_r3_20260327_042607/4jsz_ligand_report.csv,./penalty_sweep_qpu_v113/samples/4jsz_Kdist2.0_Kmono20.0/psweep113_r3_20260327_042607/4jsz_ligand_samples.json,./penalty_sweep_qpu_v113/samples/4jsz_Kdist2.0_Kmono20.0/psweep113_r3_20260327_042607/result.json
4jsz,4jsz_Kdist2.5_Kmono1.0,psweep113_r3_20260327_042607,2.5,1.0,ok,2.87597524544682,1000,1000,1000,0,0.0,1.0,0.0,0.211818,0.1772,Advantage2_system1.13,2604,30,./penalty_sweep_qpu_v113/samples/4jsz_Kdist2.5_Kmono1.0/psweep113_r3_20260327_042607/4jsz_ligand_report.csv,./penalty_sweep_qpu_v113/samples/4jsz_Kdist2.5_Kmono1.0/psweep113_r3_20260327_042607/4jsz_ligand_samples.json,./penalty_sweep_qpu_v113/samples/4jsz_Kdist2.5_Kmono1.0/psweep113_r3_20260327_042607/result.json
4jsz,4jsz_Kdist2.5_Kmono2.0,psweep113_r3_20260327_042607,2.5,2.0,ok,2.0190686122139874,1000,1000,1000,0,0.0,1.0,0.0,0.2071276,0.17252,Advantage2_system1.13,2575,28,./penalty_sweep_qpu_v113/samples/4jsz_Kdist2.5_Kmono2.0/psweep113_r3_20260327_042607/4jsz_ligand_report.csv,./penalty_sweep_qpu_v113/samples/4jsz_Kdist2.5_Kmono2.0/psweep113_r3_20260327_042607/4jsz_ligand_samples.json,./penalty_sweep_qpu_v113/samples/4jsz_Kdist2.5_Kmono2.0/psweep113_r3_20260327_042607/result.json
4jsz,4jsz_Kdist2.5_Kmono3.0,psweep113_r3_20260327_042607,2.5,3.0,ok,2.4309935899113895,1000,1000,1000,0,0.0,1.0,0.0,0.2156988,0.1811,Advantage2_system1.13,2468,26,./penalty_sweep_qpu_v113/samples/4jsz_Kdist2.5_Kmono3.0/psweep113_r3_20260327_042607/4jsz_ligand_report.csv,./penalty_sweep_qpu_v113/samples/4jsz_Kdist2.5_Kmono3.0/psweep113_r3_20260327_042607/4jsz_ligand_samples.json,./penalty_sweep_qpu_v113/samples/4jsz_Kdist2.5_Kmono3.0/psweep113_r3_20260327_042607/result.json
4jsz,4jsz_Kdist2.5_Kmono4.0,psweep113_r3_20260327_042607,2.5,4.0,ok,3.0679021253412384,1000,1000,1000,0,0.0,1.0,0.0,0.2122716,0.17766,Advantage2_system1.13,2402,25,./penalty_sweep_qpu_v113/samples/4jsz_Kdist2.5_Kmono4.0/psweep113_r3_20260327_042607/4jsz_ligand_report.csv,./penalty_sweep_qpu_v113/samples/4jsz_Kdist2.5_Kmono4.0/psweep113_r3_20260327_042607/4jsz_ligand_samples.json,./penalty_sweep_qpu_v113/samples/4jsz_Kdist2.5_Kmono4.0/psweep113_r3_20260327_042607/result.json
4jsz,4jsz_Kdist2.5_Kmono5.0,psweep113_r3_20260327_042607,2.5,5.0,ok,1.9817120151647931,1000,1000,1000,1,0.001,1.0,0.001,0.22040520000000002,0.1858,Advantage2_system1.13,2525,26,./penalty_sweep_qpu_v113/samples/4jsz_Kdist2.5_Kmono5.0/psweep113_r3_20260327_042607/4jsz_ligand_report.csv,./penalty_sweep_qpu_v113/samples/4jsz_Kdist2.5_Kmono5.0/psweep113_r3_20260327_042607/4jsz_ligand_samples.json,./penalty_sweep_qpu_v113/samples/4jsz_Kdist2.5_Kmono5.0/psweep113_r3_20260327_042607/result.json
4jsz,4jsz_Kdist2.5_Kmono6.0,psweep113_r3_20260327_042607,2.5,6.0,ok,3.161318483524366,1000,1000,1000,0,0.0,1.0,0.0,0.20995,0.17534,Advantage2_system1.13,2736,30,./penalty_sweep_qpu_v113/samples/4jsz_Kdist2.5_Kmono6.0/psweep113_r3_20260327_042607/4jsz_ligand_report.csv,./penalty_sweep_qpu_v113/samples/4jsz_Kdist2.5_Kmono6.0/psweep113_r3_20260327_042607/4jsz_ligand_samples.json,./penalty_sweep_qpu_v113/samples/4jsz_Kdist2.5_Kmono6.0/psweep113_r3_20260327_042607/result.json
4jsz,4jsz_Kdist2.5_Kmono7.0,psweep113_r3_20260327_042607,2.5,7.0,ok,2.4833235851992193,1000,1000,1000,0,0.0,1.0,0.0,0.2153132,0.1807,Advantage2_system1.13,2592,27,./penalty_sweep_qpu_v113/samples/4jsz_Kdist2.5_Kmono7.0/psweep113_r3_20260327_042607/4jsz_ligand_report.csv,./penalty_sweep_qpu_v113/samples/4jsz_Kdist2.5_Kmono7.0/psweep113_r3_20260327_042607/4jsz_ligand_samples.json,./penalty_sweep_qpu_v113/samples/4jsz_Kdist2.5_Kmono7.0/psweep113_r3_20260327_042607/result.json
4jsz,4jsz_Kdist2.5_Kmono8.0,psweep113_r3_20260327_042607,2.5,8.0,ok,1.6709480686767573,1000,1000,1000,3,0.003,1.0,0.003,0.2057696,0.17116,Advantage2_system1.13,2687,28,./penalty_sweep_qpu_v113/samples/4jsz_Kdist2.5_Kmono8.0/psweep113_r3_20260327_042607/4jsz_ligand_report.csv,./penalty_sweep_qpu_v113/samples/4jsz_Kdist2.5_Kmono8.0/psweep113_r3_20260327_042607/4jsz_ligand_samples.json,./penalty_sweep_qpu_v113/samples/4jsz_Kdist2.5_Kmono8.0/psweep113_r3_20260327_042607/result.json
4jsz,4jsz_Kdist2.5_Kmono9.0,psweep113_r3_20260327_042607,2.5,9.0,ok,1.2921210293175784,1000,1000,1000,48,0.048,1.0,0.048,0.2154556,0.18084,Advantage2_system1.13,2663,29,./penalty_sweep_qpu_v113/samples/4jsz_Kdist2.5_Kmono9.0/psweep113_r3_20260327_042607/4jsz_ligand_report.csv,./penalty_sweep_qpu_v113/samples/4jsz_Kdist2.5_Kmono9.0/psweep113_r3_20260327_042607/4jsz_ligand_samples.json,./penalty_sweep_qpu_v113/samples/4jsz_Kdist2.5_Kmono9.0/psweep113_r3_20260327_042607/result.json
4jsz,4jsz_Kdist2.5_Kmono10.0,psweep113_r3_20260327_042607,2.5,10.0,ok,1.5522959059493135,1000,1000,1000,31,0.031,1.0,0.031,0.21990679999999999,0.1853,Advantage2_system1.13,2298,23,./penalty_sweep_qpu_v113/samples/4jsz_Kdist2.5_Kmono10.0/psweep113_r3_20260327_042607/4jsz_ligand_report.csv,./penalty_sweep_qpu_v113/samples/4jsz_Kdist2.5_Kmono10.0/psweep113_r3_20260327_042607/4jsz_ligand_samples.json,./penalty_sweep_qpu_v113/samples/4jsz_Kdist2.5_Kmono10.0/psweep113_r3_20260327_042607/result.json
4jsz,4jsz_Kdist2.5_Kmono11.0,psweep113_r3_20260327_042607,2.5,11.0,ok,1.8947663095393015,1000,1000,1000,3,0.003,1.0,0.003,0.2117232,0.17712,Advantage2_system1.13,2549,28,./penalty_sweep_qpu_v113/samples/4jsz_Kdist2.5_Kmono11.0/psweep113_r3_20260327_042607/4jsz_ligand_report.csv,./penalty_sweep_qpu_v113/samples/4jsz_Kdist2.5_Kmono11.0/psweep113_r3_20260327_042607/4jsz_ligand_samples.json,./penalty_sweep_qpu_v113/samples/4jsz_Kdist2.5_Kmono11.0/psweep113_r3_20260327_042607/result.json
4jsz,4jsz_Kdist2.5_Kmono12.0,psweep113_r3_20260327_042607,2.5,12.0,ok,2.1420323502332437,1000,1000,1000,0,0.0,1.0,0.0,0.2153028,0.1807,Advantage2_system1.13,2706,29,./penalty_sweep_qpu_v113/samples/4jsz_Kdist2.5_Kmono12.0/psweep113_r3_20260327_042607/4jsz_ligand_report.csv,./penalty_sweep_qpu_v113/samples/4jsz_Kdist2.5_Kmono12.0/psweep113_r3_20260327_042607/4jsz_ligand_samples.json,./penalty_sweep_qpu_v113/samples/4jsz_Kdist2.5_Kmono12.0/psweep113_r3_20260327_042607/result.json
4jsz,4jsz_Kdist2.5_Kmono13.0,psweep113_r3_20260327_042607,2.5,13.0,ok,1.3127068221502982,1000,1000,1000,271,0.271,1.0,0.271,0.2158048,0.1812,Advantage2_system1.13,2295,24,./penalty_sweep_qpu_v113/samples/4jsz_Kdist2.5_Kmono13.0/psweep113_r3_20260327_042607/4jsz_ligand_report.csv,./penalty_sweep_qpu_v113/samples/4jsz_Kdist2.5_Kmono13.0/psweep113_r3_20260327_042607/4jsz_ligand_samples.json,./penalty_sweep_qpu_v113/samples/4jsz_Kdist2.5_Kmono13.0/psweep113_r3_20260327_042607/result.json
4jsz,4jsz_Kdist2.5_Kmono14.0,psweep113_r3_20260327_042607,2.5,14.0,ok,1.7712026766769147,1000,1000,1000,2,0.002,1.0,0.002,0.21252279999999998,0.17792,Advantage2_system1.13,2579,28,./penalty_sweep_qpu_v113/samples/4jsz_Kdist2.5_Kmono14.0/psweep113_r3_20260327_042607/4jsz_ligand_report.csv,./penalty_sweep_qpu_v113/samples/4jsz_Kdist2.5_Kmono14.0/psweep113_r3_20260327_042607/4jsz_ligand_samples.json,./penalty_sweep_qpu_v113/samples/4jsz_Kdist2.5_Kmono14.0/psweep113_r3_20260327_042607/result.json
4jsz,4jsz_Kdist2.5_Kmono15.0,psweep113_r3_20260327_042607,2.5,15.0,ok,1.1637069632583537,1000,1000,1000,7,0.007,1.0,0.007,0.21302279999999998,0.17842,Advantage2_system1.13,2361,27,./penalty_sweep_qpu_v113/samples/4jsz_Kdist2.5_Kmono15.0/psweep113_r3_20260327_042607/4jsz_ligand_report.csv,./penalty_sweep_qpu_v113/samples/4jsz_Kdist2.5_Kmono15.0/psweep113_r3_20260327_042607/4jsz_ligand_samples.json,./penalty_sweep_qpu_v113/samples/4jsz_Kdist2.5_Kmono15.0/psweep113_r3_20260327_042607/result.json
4jsz,4jsz_Kdist2.5_Kmono16.0,psweep113_r3_20260327_042607,2.5,16.0,ok,1.6516493596604391,1000,1000,1000,3,0.003,1.0,0.003,0.216346,0.18174,Advantage2_system1.13,2738,32,./penalty_sweep_qpu_v113/samples/4jsz_Kdist2.5_Kmono16.0/psweep113_r3_20260327_042607/4jsz_ligand_report.csv,./penalty_sweep_qpu_v113/samples/4jsz_Kdist2.5_Kmono16.0/psweep113_r3_20260327_042607/4jsz_ligand_samples.json,./penalty_sweep_qpu_v113/samples/4jsz_Kdist2.5_Kmono16.0/psweep113_r3_20260327_042607/result.json
4jsz,4jsz_Kdist2.5_Kmono17.0,psweep113_r3_20260327_042607,2.5,17.0,ok,3.2225583286471435,1000,1000,1000,0,0.0,1.0,0.0,0.211988,0.17738,Advantage2_system1.13,2367,24,./penalty_sweep_qpu_v113/samples/4jsz_Kdist2.5_Kmono17.0/psweep113_r3_20260327_042607/4jsz_ligand_report.csv,./penalty_sweep_qpu_v113/samples/4jsz_Kdist2.5_Kmono17.0/psweep113_r3_20260327_042607/4jsz_ligand_samples.json,./penalty_sweep_qpu_v113/samples/4jsz_Kdist2.5_Kmono17.0/psweep113_r3_20260327_042607/result.json
4jsz,4jsz_Kdist2.5_Kmono18.0,psweep113_r3_20260327_042607,2.5,18.0,ok,2.3498120404101877,1000,1000,1000,0,0.0,1.0,0.0,0.20820639999999999,0.1736,Advantage2_system1.13,2798,31,./penalty_sweep_qpu_v113/samples/4jsz_Kdist2.5_Kmono18.0/psweep113_r3_20260327_042607/4jsz_ligand_report.csv,./penalty_sweep_qpu_v113/samples/4jsz_Kdist2.5_Kmono18.0/psweep113_r3_20260327_042607/4jsz_ligand_samples.json,./penalty_sweep_qpu_v113/samples/4jsz_Kdist2.5_Kmono18.0/psweep113_r3_20260327_042607/result.json
4jsz,4jsz_Kdist2.5_Kmono19.0,psweep113_r3_20260327_042607,2.5,19.0,ok,1.4421946181357228,1000,1000,1000,74,0.074,1.0,0.074,0.2165884,0.18198,Advantage2_system1.13,2472,28,./penalty_sweep_qpu_v113/samples/4jsz_Kdist2.5_Kmono19.0/psweep113_r3_20260327_042607/4jsz_ligand_report.csv,./penalty_sweep_qpu_v113/samples/4jsz_Kdist2.5_Kmono19.0/psweep113_r3_20260327_042607/4jsz_ligand_samples.json,./penalty_sweep_qpu_v113/samples/4jsz_Kdist2.5_Kmono19.0/psweep113_r3_20260327_042607/result.json
4jsz,4jsz_Kdist2.5_Kmono20.0,psweep113_r3_20260327_042607,2.5,20.0,ok,1.5748847170595963,1000,1000,1000,2,0.002,1.0,0.002,0.2152116,0.1806,Advantage2_system1.13,2949,31,./penalty_sweep_qpu_v113/samples/4jsz_Kdist2.5_Kmono20.0/psweep113_r3_20260327_042607/4jsz_ligand_report.csv,./penalty_sweep_qpu_v113/samples/4jsz_Kdist2.5_Kmono20.0/psweep113_r3_20260327_042607/4jsz_ligand_samples.json,./penalty_sweep_qpu_v113/samples/4jsz_Kdist2.5_Kmono20.0/psweep113_r3_20260327_042607/result.json
4jsz,4jsz_Kdist3.0_Kmono1.0,psweep113_r3_20260327_042607,3.0,1.0,ok,2.6365176481229384,1000,1000,1000,0,0.0,1.0,0.0,0.2043448,0.16974,Advantage2_system1.13,2586,27,./penalty_sweep_qpu_v113/samples/4jsz_Kdist3.0_Kmono1.0/psweep113_r3_20260327_042607/4jsz_ligand_report.csv,./penalty_sweep_qpu_v113/samples/4jsz_Kdist3.0_Kmono1.0/psweep113_r3_20260327_042607/4jsz_ligand_samples.json,./penalty_sweep_qpu_v113/samples/4jsz_Kdist3.0_Kmono1.0/psweep113_r3_20260327_042607/result.json
4jsz,4jsz_Kdist3.0_Kmono2.0,psweep113_r3_20260327_042607,3.0,2.0,ok,4.280563477250045,1000,1000,1000,0,0.0,1.0,0.0,0.2110276,0.17642,Advantage2_system1.13,2554,27,./penalty_sweep_qpu_v113/samples/4jsz_Kdist3.0_Kmono2.0/psweep113_r3_20260327_042607/4jsz_ligand_report.csv,./penalty_sweep_qpu_v113/samples/4jsz_Kdist3.0_Kmono2.0/psweep113_r3_20260327_042607/4jsz_ligand_samples.json,./penalty_sweep_qpu_v113/samples/4jsz_Kdist3.0_Kmono2.0/psweep113_r3_20260327_042607/result.json
4jsz,4jsz_Kdist3.0_Kmono3.0,psweep113_r3_20260327_042607,3.0,3.0,ok,3.1283678770658923,1000,1000,1000,0,0.0,1.0,0.0,0.2176316,0.18302,Advantage2_system1.13,2404,25,./penalty_sweep_qpu_v113/samples/4jsz_Kdist3.0_Kmono3.0/psweep113_r3_20260327_042607/4jsz_ligand_report.csv,./penalty_sweep_qpu_v113/samples/4jsz_Kdist3.0_Kmono3.0/psweep113_r3_20260327_042607/4jsz_ligand_samples.json,./penalty_sweep_qpu_v113/samples/4jsz_Kdist3.0_Kmono3.0/psweep113_r3_20260327_042607/result.json
4jsz,4jsz_Kdist3.0_Kmono4.0,psweep113_r3_20260327_042607,3.0,4.0,ok,2.1165595375731483,1000,1000,1000,0,0.0,1.0,0.0,0.20994320000000002,0.17534,Advantage2_system1.13,2422,26,./penalty_sweep_qpu_v113/samples/4jsz_Kdist3.0_Kmono4.0/psweep113_r3_20260327_042607/4jsz_ligand_report.csv,./penalty_sweep_qpu_v113/samples/4jsz_Kdist3.0_Kmono4.0/psweep113_r3_20260327_042607/4jsz_ligand_samples.json,./penalty_sweep_qpu_v113/samples/4jsz_Kdist3.0_Kmono4.0/psweep113_r3_20260327_042607/result.json
4jsz,4jsz_Kdist3.0_Kmono5.0,psweep113_r3_20260327_042607,3.0,5.0,ok,3.7080835449754708,1000,1000,1000,0,0.0,1.0,0.0,0.215992,0.18138,Advantage2_system1.13,2889,30,./penalty_sweep_qpu_v113/samples/4jsz_Kdist3.0_Kmono5.0/psweep113_r3_20260327_042607/4jsz_ligand_report.csv,./penalty_sweep_qpu_v113/samples/4jsz_Kdist3.0_Kmono5.0/psweep113_r3_20260327_042607/4jsz_ligand_samples.json,./penalty_sweep_qpu_v113/samples/4jsz_Kdist3.0_Kmono5.0/psweep113_r3_20260327_042607/result.json
4jsz,4jsz_Kdist3.0_Kmono6.0,psweep113_r3_20260327_042607,3.0,6.0,ok,2.044419555233086,1000,1000,1000,0,0.0,1.0,0.0,0.21303039999999998,0.17842,Advantage2_system1.13,2456,26,./penalty_sweep_qpu_v113/samples/4jsz_Kdist3.0_Kmono6.0/psweep113_r3_20260327_042607/4jsz_ligand_report.csv,./penalty_sweep_qpu_v113/samples/4jsz_Kdist3.0_Kmono6.0/psweep113_r3_20260327_042607/4jsz_ligand_samples.json,./penalty_sweep_qpu_v113/samples/4jsz_Kdist3.0_Kmono6.0/psweep113_r3_20260327_042607/result.json
4jsz,4jsz_Kdist3.0_Kmono7.0,psweep113_r3_20260327_042607,3.0,7.0,ok,4.1778219218850845,1000,1000,1000,0,0.0,1.0,0.0,0.2172264,0.18262,Advantage2_system1.13,2376,26,./penalty_sweep_qpu_v113/samples/4jsz_Kdist3.0_Kmono7.0/psweep113_r3_20260327_042607/4jsz_ligand_report.csv,./penalty_sweep_qpu_v113/samples/4jsz_Kdist3.0_Kmono7.0/psweep113_r3_20260327_042607/4jsz_ligand_samples.json,./penalty_sweep_qpu_v113/samples/4jsz_Kdist3.0_Kmono7.0/psweep113_r3_20260327_042607/result.json
4jsz,4jsz_Kdist3.0_Kmono8.0,psweep113_r3_20260327_042607,3.0,8.0,ok,2.827979403320427,1000,1000,1000,0,0.0,1.0,0.0,0.2092332,0.17462,Advantage2_system1.13,2347,25,./penalty_sweep_qpu_v113/samples/4jsz_Kdist3.0_Kmono8.0/psweep113_r3_20260327_042607/4jsz_ligand_report.csv,./penalty_sweep_qpu_v113/samples/4jsz_Kdist3.0_Kmono8.0/psweep113_r3_20260327_042607/4jsz_ligand_samples.json,./penalty_sweep_qpu_v113/samples/4jsz_Kdist3.0_Kmono8.0/psweep113_r3_20260327_042607/result.json
4jsz,4jsz_Kdist3.0_Kmono9.0,psweep113_r3_20260327_042607,3.0,9.0,ok,2.7509867757447015,1000,1000,1000,0,0.0,1.0,0.0,0.21326720000000002,0.17866,Advantage2_system1.13,2411,25,./penalty_sweep_qpu_v113/samples/4jsz_Kdist3.0_Kmono9.0/psweep113_r3_20260327_042607/4jsz_ligand_report.csv,./penalty_sweep_qpu_v113/samples/4jsz_Kdist3.0_Kmono9.0/psweep113_r3_20260327_042607/4jsz_ligand_samples.json,./penalty_sweep_qpu_v113/samples/4jsz_Kdist3.0_Kmono9.0/psweep113_r3_20260327_042607/result.json
4jsz,4jsz_Kdist3.0_Kmono10.0,psweep113_r3_20260327_042607,3.0,10.0,ok,1.2904349327013107,1000,1000,1000,674,0.674,1.0,0.674,0.2165852,0.18198,Advantage2_system1.13,2596,28,./penalty_sweep_qpu_v113/samples/4jsz_Kdist3.0_Kmono10.0/psweep113_r3_20260327_042607/4jsz_ligand_report.csv,./penalty_sweep_qpu_v113/samples/4jsz_Kdist3.0_Kmono10.0/psweep113_r3_20260327_042607/4jsz_ligand_samples.json,./penalty_sweep_qpu_v113/samples/4jsz_Kdist3.0_Kmono10.0/psweep113_r3_20260327_042607/result.json
4jsz,4jsz_Kdist3.0_Kmono11.0,psweep113_r3_20260327_042607,3.0,11.0,ok,1.3994733653899414,1000,1000,1000,10,0.01,1.0,0.01,0.21154,0.17692,Advantage2_system1.13,2593,27,./penalty_sweep_qpu_v113/samples/4jsz_Kdist3.0_Kmono11.0/psweep113_r3_20260327_042607/4jsz_ligand_report.csv,./penalty_sweep_qpu_v113/samples/4jsz_Kdist3.0_Kmono11.0/psweep113_r3_20260327_042607/4jsz_ligand_samples.json,./penalty_sweep_qpu_v113/samples/4jsz_Kdist3.0_Kmono11.0/psweep113_r3_20260327_042607/result.json
4jsz,4jsz_Kdist3.0_Kmono12.0,psweep113_r3_20260327_042607,3.0,12.0,ok,0.9989545783646027,1000,1000,1000,84,0.084,1.0,0.084,0.20991079999999998,0.1753,Advantage2_system1.13,2673,28,./penalty_sweep_qpu_v113/samples/4jsz_Kdist3.0_Kmono12.0/psweep113_r3_20260327_042607/4jsz_ligand_report.csv,./penalty_sweep_qpu_v113/samples/4jsz_Kdist3.0_Kmono12.0/psweep113_r3_20260327_042607/4jsz_ligand_samples.json,./penalty_sweep_qpu_v113/samples/4jsz_Kdist3.0_Kmono12.0/psweep113_r3_20260327_042607/result.json
4jsz,4jsz_Kdist3.0_Kmono13.0,psweep113_r3_20260327_042607,3.0,13.0,ok,1.4604469234690323,1000,1000,1000,1,0.001,1.0,0.001,0.21394839999999998,0.17934,Advantage2_system1.13,2366,25,./penalty_sweep_qpu_v113/samples/4jsz_Kdist3.0_Kmono13.0/psweep113_r3_20260327_042607/4jsz_ligand_report.csv,./penalty_sweep_qpu_v113/samples/4jsz_Kdist3.0_Kmono13.0/psweep113_r3_20260327_042607/4jsz_ligand_samples.json,./penalty_sweep_qpu_v113/samples/4jsz_Kdist3.0_Kmono13.0/psweep113_r3_20260327_042607/result.json
4jsz,4jsz_Kdist3.0_Kmono14.0,psweep113_r3_20260327_042607,3.0,14.0,ok,2.453431236465905,1000,1000,1000,0,0.0,1.0,0.0,0.20798239999999998,0.17338,Advantage2_system1.13,2614,28,./penalty_sweep_qpu_v113/samples/4jsz_Kdist3.0_Kmono14.0/psweep113_r3_20260327_042607/4jsz_ligand_report.csv,./penalty_sweep_qpu_v113/samples/4jsz_Kdist3.0_Kmono14.0/psweep113_r3_20260327_042607/4jsz_ligand_samples.json,./penalty_sweep_qpu_v113/samples/4jsz_Kdist3.0_Kmono14.0/psweep113_r3_20260327_042607/result.json
4jsz,4jsz_Kdist3.0_Kmono15.0,psweep113_r3_20260327_042607,3.0,15.0,ok,1.340541059878016,1000,1000,1000,7,0.007,1.0,0.007,0.2093916,0.17478,Advantage2_system1.13,2397,25,./penalty_sweep_qpu_v113/samples/4jsz_Kdist3.0_Kmono15.0/psweep113_r3_20260327_042607/4jsz_ligand_report.csv,./penalty_sweep_qpu_v113/samples/4jsz_Kdist3.0_Kmono15.0/psweep113_r3_20260327_042607/4jsz_ligand_samples.json,./penalty_sweep_qpu_v113/samples/4jsz_Kdist3.0_Kmono15.0/psweep113_r3_20260327_042607/result.json
4jsz,4jsz_Kdist3.0_Kmono16.0,psweep113_r3_20260327_042607,3.0,16.0,ok,1.580285319339636,1000,1000,1000,3,0.003,1.0,0.003,0.2133108,0.1787,Advantage2_system1.13,2679,29,./penalty_sweep_qpu_v113/samples/4jsz_Kdist3.0_Kmono16.0/psweep113_r3_20260327_042607/4jsz_ligand_report.csv,./penalty_sweep_qpu_v113/samples/4jsz_Kdist3.0_Kmono16.0/psweep113_r3_20260327_042607/4jsz_ligand_samples.json,./penalty_sweep_qpu_v113/samples/4jsz_Kdist3.0_Kmono16.0/psweep113_r3_20260327_042607/result.json
4jsz,4jsz_Kdist3.0_Kmono17.0,psweep113_r3_20260327_042607,3.0,17.0,ok,1.0180581397614745,1000,1000,1000,96,0.096,1.0,0.096,0.20454920000000001,0.16994,Advantage2_system1.13,2519,28,./penalty_sweep_qpu_v113/samples/4jsz_Kdist3.0_Kmono17.0/psweep113_r3_20260327_042607/4jsz_ligand_report.csv,./penalty_sweep_qpu_v113/samples/4jsz_Kdist3.0_Kmono17.0/psweep113_r3_20260327_042607/4jsz_ligand_samples.json,./penalty_sweep_qpu_v113/samples/4jsz_Kdist3.0_Kmono17.0/psweep113_r3_20260327_042607/result.json
4jsz,4jsz_Kdist3.0_Kmono18.0,psweep113_r3_20260327_042607,3.0,18.0,ok,2.8267093923132975,1000,1000,1000,0,0.0,1.0,0.0,0.21426520000000002,0.17966,Advantage2_system1.13,2486,26,./penalty_sweep_qpu_v113/samples/4jsz_Kdist3.0_Kmono18.0/psweep113_r3_20260327_042607/4jsz_ligand_report.csv,./penalty_sweep_qpu_v113/samples/4jsz_Kdist3.0_Kmono18.0/psweep113_r3_20260327_042607/4jsz_ligand_samples.json,./penalty_sweep_qpu_v113/samples/4jsz_Kdist3.0_Kmono18.0/psweep113_r3_20260327_042607/result.json
4jsz,4jsz_Kdist3.0_Kmono19.0,psweep113_r3_20260327_042607,3.0,19.0,ok,1.658582251662043,1000,1000,1000,7,0.007,1.0,0.007,0.2110008,0.17638,Advantage2_system1.13,2555,26,./penalty_sweep_qpu_v113/samples/4jsz_Kdist3.0_Kmono19.0/psweep113_r3_20260327_042607/4jsz_ligand_report.csv,./penalty_sweep_qpu_v113/samples/4jsz_Kdist3.0_Kmono19.0/psweep113_r3_20260327_042607/4jsz_ligand_samples.json,./penalty_sweep_qpu_v113/samples/4jsz_Kdist3.0_Kmono19.0/psweep113_r3_20260327_042607/result.json
4jsz,4jsz_Kdist3.0_Kmono20.0,psweep113_r3_20260327_042607,3.0,20.0,ok,2.2071393473134604,1000,1000,1000,0,0.0,1.0,0.0,0.2179844,0.18338,Advantage2_system1.13,2780,31,./penalty_sweep_qpu_v113/samples/4jsz_Kdist3.0_Kmono20.0/psweep113_r3_20260327_042607/4jsz_ligand_report.csv,./penalty_sweep_qpu_v113/samples/4jsz_Kdist3.0_Kmono20.0/psweep113_r3_20260327_042607/4jsz_ligand_samples.json,./penalty_sweep_qpu_v113/samples/4jsz_Kdist3.0_Kmono20.0/psweep113_r3_20260327_042607/result.json
4jsz,4jsz_Kdist3.5_Kmono1.0,psweep113_r3_20260327_042607,3.5,1.0,ok,1.4887679965996186,1000,1000,1000,433,0.433,1.0,0.433,0.21231239999999998,0.1777,Advantage2_system1.13,2751,30,./penalty_sweep_qpu_v113/samples/4jsz_Kdist3.5_Kmono1.0/psweep113_r3_20260327_042607/4jsz_ligand_report.csv,./penalty_sweep_qpu_v113/samples/4jsz_Kdist3.5_Kmono1.0/psweep113_r3_20260327_042607/4jsz_ligand_samples.json,./penalty_sweep_qpu_v113/samples/4jsz_Kdist3.5_Kmono1.0/psweep113_r3_20260327_042607/result.json
4jsz,4jsz_Kdist3.5_Kmono2.0,psweep113_r3_20260327_042607,3.5,2.0,ok,1.526314561629163,1000,1000,1000,226,0.226,1.0,0.226,0.213804,0.1792,Advantage2_system1.13,2625,29,./penalty_sweep_qpu_v113/samples/4jsz_Kdist3.5_Kmono2.0/psweep113_r3_20260327_042607/4jsz_ligand_report.csv,./penalty_sweep_qpu_v113/samples/4jsz_Kdist3.5_Kmono2.0/psweep113_r3_20260327_042607/4jsz_ligand_samples.json,./penalty_sweep_qpu_v113/samples/4jsz_Kdist3.5_Kmono2.0/psweep113_r3_20260327_042607/result.json
4jsz,4jsz_Kdist3.5_Kmono3.0,psweep113_r3_20260327_042607,3.5,3.0,ok,2.2216728145000375,1000,1000,1000,0,0.0,1.0,0.0,0.21584920000000002,0.18124,Advantage2_system1.13,2734,29,./penalty_sweep_qpu_v113/samples/4jsz_Kdist3.5_Kmono3.0/psweep113_r3_20260327_042607/4jsz_ligand_report.csv,./penalty_sweep_qpu_v113/samples/4jsz_Kdist3.5_Kmono3.0/psweep113_r3_20260327_042607/4jsz_ligand_samples.json,./penalty_sweep_qpu_v113/samples/4jsz_Kdist3.5_Kmono3.0/psweep113_r3_20260327_042607/result.json
4jsz,4jsz_Kdist3.5_Kmono4.0,psweep113_r3_20260327_042607,3.5,4.0,ok,1.230948041588991,1000,1000,1000,75,0.075,1.0,0.075,0.2111192,0.17652,Advantage2_system1.13,2563,28,./penalty_sweep_qpu_v113/samples/4jsz_Kdist3.5_Kmono4.0/psweep113_r3_20260327_042607/4jsz_ligand_report.csv,./penalty_sweep_qpu_v113/samples/4jsz_Kdist3.5_Kmono4.0/psweep113_r3_20260327_042607/4jsz_ligand_samples.json,./penalty_sweep_qpu_v113/samples/4jsz_Kdist3.5_Kmono4.0/psweep113_r3_20260327_042607/result.json
4jsz,4jsz_Kdist3.5_Kmono5.0,psweep113_r3_20260327_042607,3.5,5.0,ok,1.4119390383423678,1000,1000,1000,241,0.241,1.0,0.241,0.2071248,0.17252,Advantage2_system1.13,2435,26,./penalty_sweep_qpu_v113/samples/4jsz_Kdist3.5_Kmono5.0/psweep113_r3_20260327_042607/4jsz_ligand_report.csv,./penalty_sweep_qpu_v113/samples/4jsz_Kdist3.5_Kmono5.0/psweep113_r3_20260327_042607/4jsz_ligand_samples.json,./penalty_sweep_qpu_v113/samples/4jsz_Kdist3.5_Kmono5.0/psweep113_r3_20260327_042607/result.json
4jsz,4jsz_Kdist3.5_Kmono6.0,psweep113_r3_20260327_042607,3.5,6.0,ok,2.4842146718228784,1000,1000,1000,0,0.0,1.0,0.0,0.2177028,0.1831,Advantage2_system1.13,2427,26,./penalty_sweep_qpu_v113/samples/4jsz_Kdist3.5_Kmono6.0/psweep113_r3_20260327_042607/4jsz_ligand_report.csv,./penalty_sweep_qpu_v113/samples/4jsz_Kdist3.5_Kmono6.0/psweep113_r3_20260327_042607/4jsz_ligand_samples.json,./penalty_sweep_qpu_v113/samples/4jsz_Kdist3.5_Kmono6.0/psweep113_r3_20260327_042607/result.json
4jsz,4jsz_Kdist3.5_Kmono7.0,psweep113_r3_20260327_042607,3.5,7.0,ok,1.6969350286517706,1000,1000,1000,189,0.189,1.0,0.189,0.219128,0.18452,Advantage2_system1.13,2545,28,./penalty_sweep_qpu_v113/samples/4jsz_Kdist3.5_Kmono7.0/psweep113_r3_20260327_042607/4jsz_ligand_report.csv,./penalty_sweep_qpu_v113/samples/4jsz_Kdist3.5_Kmono7.0/psweep113_r3_20260327_042607/4jsz_ligand_samples.json,./penalty_sweep_qpu_v113/samples/4jsz_Kdist3.5_Kmono7.0/psweep113_r3_20260327_042607/result.json
4jsz,4jsz_Kdist3.5_Kmono8.0,psweep113_r3_20260327_042607,3.5,8.0,ok,1.5933344885531264,1000,1000,1000,34,0.034,1.0,0.034,0.2127232,0.17812,Advantage2_system1.13,2390,26,./penalty_sweep_qpu_v113/samples/4jsz_Kdist3.5_Kmono8.0/psweep113_r3_20260327_042607/4jsz_ligand_report.csv,./penalty_sweep_qpu_v113/samples/4jsz_Kdist3.5_Kmono8.0/psweep113_r3_20260327_042607/4jsz_ligand_samples.json,./penalty_sweep_qpu_v113/samples/4jsz_Kdist3.5_Kmono8.0/psweep113_r3_20260327_042607/result.json
4jsz,4jsz_Kdist3.5_Kmono9.0,psweep113_r3_20260327_042607,3.5,9.0,ok,1.9791146789333074,1000,1000,1000,1,0.001,1.0,0.001,0.21409879999999998,0.17948,Advantage2_system1.13,2869,31,./penalty_sweep_qpu_v113/samples/4jsz_Kdist3.5_Kmono9.0/psweep113_r3_20260327_042607/4jsz_ligand_report.csv,./penalty_sweep_qpu_v113/samples/4jsz_Kdist3.5_Kmono9.0/psweep113_r3_20260327_042607/4jsz_ligand_samples.json,./penalty_sweep_qpu_v113/samples/4jsz_Kdist3.5_Kmono9.0/psweep113_r3_20260327_042607/result.json
4jsz,4jsz_Kdist3.5_Kmono10.0,psweep113_r3_20260327_042607,3.5,10.0,ok,4.4101699935397365,1000,1000,1000,0,0.0,1.0,0.0,0.217348,0.18274,Advantage2_system1.13,2401,25,./penalty_sweep_qpu_v113/samples/4jsz_Kdist3.5_Kmono10.0/psweep113_r3_20260327_042607/4jsz_ligand_report.csv,./penalty_sweep_qpu_v113/samples/4jsz_Kdist3.5_Kmono10.0/psweep113_r3_20260327_042607/4jsz_ligand_samples.json,./penalty_sweep_qpu_v113/samples/4jsz_Kdist3.5_Kmono10.0/psweep113_r3_20260327_042607/result.json
4jsz,4jsz_Kdist3.5_Kmono11.0,psweep113_r3_20260327_042607,3.5,11.0,ok,2.6019280554079742,1000,1000,1000,0,0.0,1.0,0.0,0.2169944,0.18238,Advantage2_system1.13,2549,28,./penalty_sweep_qpu_v113/samples/4jsz_Kdist3.5_Kmono11.0/psweep113_r3_20260327_042607/4jsz_ligand_report.csv,./penalty_sweep_qpu_v113/samples/4jsz_Kdist3.5_Kmono11.0/psweep113_r3_20260327_042607/4jsz_ligand_samples.json,./penalty_sweep_qpu_v113/samples/4jsz_Kdist3.5_Kmono11.0/psweep113_r3_20260327_042607/result.json
4jsz,4jsz_Kdist3.5_Kmono12.0,psweep113_r3_20260327_042607,3.5,12.0,ok,2.1081746531091317,1000,1000,1000,0,0.0,1.0,0.0,0.21313120000000002,0.17852,Advantage2_system1.13,2557,27,./penalty_sweep_qpu_v113/samples/4jsz_Kdist3.5_Kmono12.0/psweep113_r3_20260327_042607/4jsz_ligand_report.csv,./penalty_sweep_qpu_v113/samples/4jsz_Kdist3.5_Kmono12.0/psweep113_r3_20260327_042607/4jsz_ligand_samples.json,./penalty_sweep_qpu_v113/samples/4jsz_Kdist3.5_Kmono12.0/psweep113_r3_20260327_042607/result.json
4jsz,4jsz_Kdist3.5_Kmono13.0,psweep113_r3_20260327_042607,3.5,13.0,ok,1.1607318643749323,1000,1000,1000,276,0.276,1.0,0.276,0.2148072,0.1802,Advantage2_system1.13,2340,25,./penalty_sweep_qpu_v113/samples/4jsz_Kdist3.5_Kmono13.0/psweep113_r3_20260327_042607/4jsz_ligand_report.csv,./penalty_sweep_qpu_v113/samples/4jsz_Kdist3.5_Kmono13.0/psweep113_r3_20260327_042607/4jsz_ligand_samples.json,./penalty_sweep_qpu_v113/samples/4jsz_Kdist3.5_Kmono13.0/psweep113_r3_20260327_042607/result.json
4jsz,4jsz_Kdist3.5_Kmono14.0,psweep113_r3_20260327_042607,3.5,14.0,ok,1.2003509235820653,1000,1000,1000,59,0.059,1.0,0.059,0.2097076,0.1751,Advantage2_system1.13,2516,26,./penalty_sweep_qpu_v113/samples/4jsz_Kdist3.5_Kmono14.0/psweep113_r3_20260327_042607/4jsz_ligand_report.csv,./penalty_sweep_qpu_v113/samples/4jsz_Kdist3.5_Kmono14.0/psweep113_r3_20260327_042607/4jsz_ligand_samples.json,./penalty_sweep_qpu_v113/samples/4jsz_Kdist3.5_Kmono14.0/psweep113_r3_20260327_042607/result.json
4jsz,4jsz_Kdist3.5_Kmono15.0,psweep113_r3_20260327_042607,3.5,15.0,ok,2.7116389617149874,1000,1000,1000,0,0.0,1.0,0.0,0.2112104,0.1766,Advantage2_system1.13,2462,25,./penalty_sweep_qpu_v113/samples/4jsz_Kdist3.5_Kmono15.0/psweep113_r3_20260327_042607/4jsz_ligand_report.csv,./penalty_sweep_qpu_v113/samples/4jsz_Kdist3.5_Kmono15.0/psweep113_r3_20260327_042607/4jsz_ligand_samples.json,./penalty_sweep_qpu_v113/samples/4jsz_Kdist3.5_Kmono15.0/psweep113_r3_20260327_042607/result.json
4jsz,4jsz_Kdist3.5_Kmono16.0,psweep113_r3_20260327_042607,3.5,16.0,ok,2.0879585257209907,1000,1000,1000,0,0.0,1.0,0.0,0.2166276,0.18202,Advantage2_system1.13,2755,31,./penalty_sweep_qpu_v113/samples/4jsz_Kdist3.5_Kmono16.0/psweep113_r3_20260327_042607/4jsz_ligand_report.csv,./penalty_sweep_qpu_v113/samples/4jsz_Kdist3.5_Kmono16.0/psweep113_r3_20260327_042607/4jsz_ligand_samples.json,./penalty_sweep_qpu_v113/samples/4jsz_Kdist3.5_Kmono16.0/psweep113_r3_20260327_042607/result.json
4jsz,4jsz_Kdist3.5_Kmono17.0,psweep113_r3_20260327_042607,3.5,17.0,ok,1.369681874437589,1000,1000,1000,761,0.761,1.0,0.761,0.21620479999999997,0.1816,Advantage2_system1.13,2407,27,./penalty_sweep_qpu_v113/samples/4jsz_Kdist3.5_Kmono17.0/psweep113_r3_20260327_042607/4jsz_ligand_report.csv,./penalty_sweep_qpu_v113/samples/4jsz_Kdist3.5_Kmono17.0/psweep113_r3_20260327_042607/4jsz_ligand_samples.json,./penalty_sweep_qpu_v113/samples/4jsz_Kdist3.5_Kmono17.0/psweep113_r3_20260327_042607/result.json
4jsz,4jsz_Kdist3.5_Kmono18.0,psweep113_r3_20260327_042607,3.5,18.0,ok,1.0467421244639943,1000,1000,1000,62,0.062,1.0,0.062,0.2063508,0.17174,Advantage2_system1.13,2477,26,./penalty_sweep_qpu_v113/samples/4jsz_Kdist3.5_Kmono18.0/psweep113_r3_20260327_042607/4jsz_ligand_report.csv,./penalty_sweep_qpu_v113/samples/4jsz_Kdist3.5_Kmono18.0/psweep113_r3_20260327_042607/4jsz_ligand_samples.json,./penalty_sweep_qpu_v113/samples/4jsz_Kdist3.5_Kmono18.0/psweep113_r3_20260327_042607/result.json
4jsz,4jsz_Kdist3.5_Kmono19.0,psweep113_r3_20260327_042607,3.5,19.0,ok,1.6199862227105795,1000,1000,1000,6,0.006,1.0,0.006,0.2124604,0.17784,Advantage2_system1.13,2719,30,./penalty_sweep_qpu_v113/samples/4jsz_Kdist3.5_Kmono19.0/psweep113_r3_20260327_042607/4jsz_ligand_report.csv,./penalty_sweep_qpu_v113/samples/4jsz_Kdist3.5_Kmono19.0/psweep113_r3_20260327_042607/4jsz_ligand_samples.json,./penalty_sweep_qpu_v113/samples/4jsz_Kdist3.5_Kmono19.0/psweep113_r3_20260327_042607/result.json
4jsz,4jsz_Kdist3.5_Kmono20.0,psweep113_r3_20260327_042607,3.5,20.0,ok,2.510717805989099,1000,1000,1000,0,0.0,1.0,0.0,0.21177079999999998,0.17716,Advantage2_system1.13,2527,27,./penalty_sweep_qpu_v113/samples/4jsz_Kdist3.5_Kmono20.0/psweep113_r3_20260327_042607/4jsz_ligand_report.csv,./penalty_sweep_qpu_v113/samples/4jsz_Kdist3.5_Kmono20.0/psweep113_r3_20260327_042607/4jsz_ligand_samples.json,./penalty_sweep_qpu_v113/samples/4jsz_Kdist3.5_Kmono20.0/psweep113_r3_20260327_042607/result.json
4jsz,4jsz_Kdist4.0_Kmono1.0,psweep113_r3_20260327_042607,4.0,1.0,ok,1.8815137019514934,1000,1000,1000,2,0.002,1.0,0.002,0.2115036,0.17688,Advantage2_system1.13,2810,31,./penalty_sweep_qpu_v113/samples/4jsz_Kdist4.0_Kmono1.0/psweep113_r3_20260327_042607/4jsz_ligand_report.csv,./penalty_sweep_qpu_v113/samples/4jsz_Kdist4.0_Kmono1.0/psweep113_r3_20260327_042607/4jsz_ligand_samples.json,./penalty_sweep_qpu_v113/samples/4jsz_Kdist4.0_Kmono1.0/psweep113_r3_20260327_042607/result.json
4jsz,4jsz_Kdist4.0_Kmono2.0,psweep113_r3_20260327_042607,4.0,2.0,ok,1.3282669287249378,1000,1000,1000,9,0.009,1.0,0.009,0.2167296,0.18212,Advantage2_system1.13,2424,27,./penalty_sweep_qpu_v113/samples/4jsz_Kdist4.0_Kmono2.0/psweep113_r3_20260327_042607/4jsz_ligand_report.csv,./penalty_sweep_qpu_v113/samples/4jsz_Kdist4.0_Kmono2.0/psweep113_r3_20260327_042607/4jsz_ligand_samples.json,./penalty_sweep_qpu_v113/samples/4jsz_Kdist4.0_Kmono2.0/psweep113_r3_20260327_042607/result.json
4jsz,4jsz_Kdist4.0_Kmono3.0,psweep113_r3_20260327_042607,4.0,3.0,ok,1.4413167320875426,1000,1000,1000,8,0.008,1.0,0.008,0.2133132,0.1787,Advantage2_system1.13,2695,29,./penalty_sweep_qpu_v113/samples/4jsz_Kdist4.0_Kmono3.0/psweep113_r3_20260327_042607/4jsz_ligand_report.csv,./penalty_sweep_qpu_v113/samples/4jsz_Kdist4.0_Kmono3.0/psweep113_r3_20260327_042607/4jsz_ligand_samples.json,./penalty_sweep_qpu_v113/samples/4jsz_Kdist4.0_Kmono3.0/psweep113_r3_20260327_042607/result.json
4jsz,4jsz_Kdist4.0_Kmono4.0,psweep113_r3_20260327_042607,4.0,4.0,ok,3.5003150377501395,1000,1000,1000,0,0.0,1.0,0.0,0.2191336,0.18452,Advantage2_system1.13,2562,26,./penalty_sweep_qpu_v113/samples/4jsz_Kdist4.0_Kmono4.0/psweep113_r3_20260327_042607/4jsz_ligand_report.csv,./penalty_sweep_qpu_v113/samples/4jsz_Kdist4.0_Kmono4.0/psweep113_r3_20260327_042607/4jsz_ligand_samples.json,./penalty_sweep_qpu_v113/samples/4jsz_Kdist4.0_Kmono4.0/psweep113_r3_20260327_042607/result.json
4jsz,4jsz_Kdist4.0_Kmono5.0,psweep113_r3_20260327_042607,4.0,5.0,ok,1.5300300198335754,1000,1000,1000,2,0.002,1.0,0.002,0.2124944,0.17788,Advantage2_system1.13,2596,27,./penalty_sweep_qpu_v113/samples/4jsz_Kdist4.0_Kmono5.0/psweep113_r3_20260327_042607/4jsz_ligand_report.csv,./penalty_sweep_qpu_v113/samples/4jsz_Kdist4.0_Kmono5.0/psweep113_r3_20260327_042607/4jsz_ligand_samples.json,./penalty_sweep_qpu_v113/samples/4jsz_Kdist4.0_Kmono5.0/psweep113_r3_20260327_042607/result.json
4jsz,4jsz_Kdist4.0_Kmono6.0,psweep113_r3_20260327_042607,4.0,6.0,ok,3.2313946818179846,1000,1000,1000,0,0.0,1.0,0.0,0.2125312,0.17792,Advantage2_system1.13,2470,26,./penalty_sweep_qpu_v113/samples/4jsz_Kdist4.0_Kmono6.0/psweep113_r3_20260327_042607/4jsz_ligand_report.csv,./penalty_sweep_qpu_v113/samples/4jsz_Kdist4.0_Kmono6.0/psweep113_r3_20260327_042607/4jsz_ligand_samples.json,./penalty_sweep_qpu_v113/samples/4jsz_Kdist4.0_Kmono6.0/psweep113_r3_20260327_042607/result.json
4jsz,4jsz_Kdist4.0_Kmono7.0,psweep113_r3_20260327_042607,4.0,7.0,ok,1.8575335249215168,1000,1000,1000,2,0.002,1.0,0.002,0.2108112,0.1762,Advantage2_system1.13,2409,25,./penalty_sweep_qpu_v113/samples/4jsz_Kdist4.0_Kmono7.0/psweep113_r3_20260327_042607/4jsz_ligand_report.csv,./penalty_sweep_qpu_v113/samples/4jsz_Kdist4.0_Kmono7.0/psweep113_r3_20260327_042607/4jsz_ligand_samples.json,./penalty_sweep_qpu_v113/samples/4jsz_Kdist4.0_Kmono7.0/psweep113_r3_20260327_042607/result.json
4jsz,4jsz_Kdist4.0_Kmono8.0,psweep113_r3_20260327_042607,4.0,8.0,ok,3.082250693587477,1000,1000,1000,0,0.0,1.0,0.0,0.21609,0.18148,Advantage2_system1.13,2926,32,./penalty_sweep_qpu_v113/samples/4jsz_Kdist4.0_Kmono8.0/psweep113_r3_20260327_042607/4jsz_ligand_report.csv,./penalty_sweep_qpu_v113/samples/4jsz_Kdist4.0_Kmono8.0/psweep113_r3_20260327_042607/4jsz_ligand_samples.json,./penalty_sweep_qpu_v113/samples/4jsz_Kdist4.0_Kmono8.0/psweep113_r3_20260327_042607/result.json
4jsz,4jsz_Kdist4.0_Kmono9.0,psweep113_r3_20260327_042607,4.0,9.0,ok,2.98847768309346,1000,1000,1000,0,0.0,1.0,0.0,0.2152104,0.1806,Advantage2_system1.13,2347,25,./penalty_sweep_qpu_v113/samples/4jsz_Kdist4.0_Kmono9.0/psweep113_r3_20260327_042607/4jsz_ligand_report.csv,./penalty_sweep_qpu_v113/samples/4jsz_Kdist4.0_Kmono9.0/psweep113_r3_20260327_042607/4jsz_ligand_samples.json,./penalty_sweep_qpu_v113/samples/4jsz_Kdist4.0_Kmono9.0/psweep113_r3_20260327_042607/result.json
4jsz,4jsz_Kdist4.0_Kmono10.0,psweep113_r3_20260327_042607,4.0,10.0,ok,3.3940508476510787,1000,1000,1000,0,0.0,1.0,0.0,0.2053484,0.17074,Advantage2_system1.13,2594,28,./penalty_sweep_qpu_v113/samples/4jsz_Kdist4.0_Kmono10.0/psweep113_r3_20260327_042607/4jsz_ligand_report.csv,./penalty_sweep_qpu_v113/samples/4jsz_Kdist4.0_Kmono10.0/psweep113_r3_20260327_042607/4jsz_ligand_samples.json,./penalty_sweep_qpu_v113/samples/4jsz_Kdist4.0_Kmono10.0/psweep113_r3_20260327_042607/result.json
4jsz,4jsz_Kdist4.0_Kmono11.0,psweep113_r3_20260327_042607,4.0,11.0,ok,3.2568720305023584,1000,1000,1000,0,0.0,1.0,0.0,0.2126784,0.17806,Advantage2_system1.13,2582,28,./penalty_sweep_qpu_v113/samples/4jsz_Kdist4.0_Kmono11.0/psweep113_r3_20260327_042607/4jsz_ligand_report.csv,./penalty_sweep_qpu_v113/samples/4jsz_Kdist4.0_Kmono11.0/psweep113_r3_20260327_042607/4jsz_ligand_samples.json,./penalty_sweep_qpu_v113/samples/4jsz_Kdist4.0_Kmono11.0/psweep113_r3_20260327_042607/result.json
4jsz,4jsz_Kdist4.0_Kmono12.0,psweep113_r3_20260327_042607,4.0,12.0,ok,1.3823909960240948,1000,1000,1000,5,0.005,1.0,0.005,0.21421720000000002,0.1796,Advantage2_system1.13,2769,29,./penalty_sweep_qpu_v113/samples/4jsz_Kdist4.0_Kmono12.0/psweep113_r3_20260327_042607/4jsz_ligand_report.csv,./penalty_sweep_qpu_v113/samples/4jsz_Kdist4.0_Kmono12.0/psweep113_r3_20260327_042607/4jsz_ligand_samples.json,./penalty_sweep_qpu_v113/samples/4jsz_Kdist4.0_Kmono12.0/psweep113_r3_20260327_042607/result.json
4jsz,4jsz_Kdist4.0_Kmono13.0,psweep113_r3_20260327_042607,4.0,13.0,ok,1.361575727895488,1000,1000,1000,137,0.137,1.0,0.137,0.2110912,0.17648,Advantage2_system1.13,2606,30,./penalty_sweep_qpu_v113/samples/4jsz_Kdist4.0_Kmono13.0/psweep113_r3_20260327_042607/4jsz_ligand_report.csv,./penalty_sweep_qpu_v113/samples/4jsz_Kdist4.0_Kmono13.0/psweep113_r3_20260327_042607/4jsz_ligand_samples.json,./penalty_sweep_qpu_v113/samples/4jsz_Kdist4.0_Kmono13.0/psweep113_r3_20260327_042607/result.json
4jsz,4jsz_Kdist4.0_Kmono14.0,psweep113_r3_20260327_042607,4.0,14.0,ok,1.5080174386853846,1000,1000,1000,4,0.004,1.0,0.004,0.21076720000000002,0.17616,Advantage2_system1.13,2435,27,./penalty_sweep_qpu_v113/samples/4jsz_Kdist4.0_Kmono14.0/psweep113_r3_20260327_042607/4jsz_ligand_report.csv,./penalty_sweep_qpu_v113/samples/4jsz_Kdist4.0_Kmono14.0/psweep113_r3_20260327_042607/4jsz_ligand_samples.json,./penalty_sweep_qpu_v113/samples/4jsz_Kdist4.0_Kmono14.0/psweep113_r3_20260327_042607/result.json
4jsz,4jsz_Kdist4.0_Kmono15.0,psweep113_r3_20260327_042607,4.0,15.0,ok,1.7427616540387447,1000,1000,1000,3,0.003,1.0,0.003,0.20938879999999999,0.17478,Advantage2_system1.13,2779,30,./penalty_sweep_qpu_v113/samples/4jsz_Kdist4.0_Kmono15.0/psweep113_r3_20260327_042607/4jsz_ligand_report.csv,./penalty_sweep_qpu_v113/samples/4jsz_Kdist4.0_Kmono15.0/psweep113_r3_20260327_042607/4jsz_ligand_samples.json,./penalty_sweep_qpu_v113/samples/4jsz_Kdist4.0_Kmono15.0/psweep113_r3_20260327_042607/result.json
4jsz,4jsz_Kdist4.0_Kmono16.0,psweep113_r3_20260327_042607,4.0,16.0,ok,1.459405080637664,1000,1000,1000,42,0.042,1.0,0.042,0.2110332,0.17642,Advantage2_system1.13,2526,27,./penalty_sweep_qpu_v113/samples/4jsz_Kdist4.0_Kmono16.0/psweep113_r3_20260327_042607/4jsz_ligand_report.csv,./penalty_sweep_qpu_v113/samples/4jsz_Kdist4.0_Kmono16.0/psweep113_r3_20260327_042607/4jsz_ligand_samples.json,./penalty_sweep_qpu_v113/samples/4jsz_Kdist4.0_Kmono16.0/psweep113_r3_20260327_042607/result.json
4jsz,4jsz_Kdist4.0_Kmono17.0,psweep113_r3_20260327_042607,4.0,17.0,ok,1.7991232581181211,1000,1000,1000,5,0.005,1.0,0.005,0.209348,0.17474,Advantage2_system1.13,2660,29,./penalty_sweep_qpu_v113/samples/4jsz_Kdist4.0_Kmono17.0/psweep113_r3_20260327_042607/4jsz_ligand_report.csv,./penalty_sweep_qpu_v113/samples/4jsz_Kdist4.0_Kmono17.0/psweep113_r3_20260327_042607/4jsz_ligand_samples.json,./penalty_sweep_qpu_v113/samples/4jsz_Kdist4.0_Kmono17.0/psweep113_r3_20260327_042607/result.json
4jsz,4jsz_Kdist4.0_Kmono18.0,psweep113_r3_20260327_042607,4.0,18.0,ok,1.8809144249157903,1000,1000,1000,7,0.007,1.0,0.007,0.2150264,0.18042,Advantage2_system1.13,2227,24,./penalty_sweep_qpu_v113/samples/4jsz_Kdist4.0_Kmono18.0/psweep113_r3_20260327_042607/4jsz_ligand_report.csv,./penalty_sweep_qpu_v113/samples/4jsz_Kdist4.0_Kmono18.0/psweep113_r3_20260327_042607/4jsz_ligand_samples.json,./penalty_sweep_qpu_v113/samples/4jsz_Kdist4.0_Kmono18.0/psweep113_r3_20260327_042607/result.json
4jsz,4jsz_Kdist4.0_Kmono19.0,psweep113_r3_20260327_042607,4.0,19.0,ok,0.7756578793117136,1000,1000,1000,30,0.03,1.0,0.03,0.2192656,0.18466,Advantage2_system1.13,2562,28,./penalty_sweep_qpu_v113/samples/4jsz_Kdist4.0_Kmono19.0/psweep113_r3_20260327_042607/4jsz_ligand_report.csv,./penalty_sweep_qpu_v113/samples/4jsz_Kdist4.0_Kmono19.0/psweep113_r3_20260327_042607/4jsz_ligand_samples.json,./penalty_sweep_qpu_v113/samples/4jsz_Kdist4.0_Kmono19.0/psweep113_r3_20260327_042607/result.json
4jsz,4jsz_Kdist4.0_Kmono20.0,psweep113_r3_20260327_042607,4.0,20.0,ok,1.2894045975119532,1000,1000,1000,19,0.019,1.0,0.019,0.2117052,0.1771,Advantage2_system1.13,2503,27,./penalty_sweep_qpu_v113/samples/4jsz_Kdist4.0_Kmono20.0/psweep113_r3_20260327_042607/4jsz_ligand_report.csv,./penalty_sweep_qpu_v113/samples/4jsz_Kdist4.0_Kmono20.0/psweep113_r3_20260327_042607/4jsz_ligand_samples.json,./penalty_sweep_qpu_v113/samples/4jsz_Kdist4.0_Kmono20.0/psweep113_r3_20260327_042607/result.json
4jsz,4jsz_Kdist4.5_Kmono1.0,psweep113_r3_20260327_042607,4.5,1.0,ok,2.7720096745769642,1000,1000,1000,0,0.0,1.0,0.0,0.2145516,0.17994,Advantage2_system1.13,2805,31,./penalty_sweep_qpu_v113/samples/4jsz_Kdist4.5_Kmono1.0/psweep113_r3_20260327_042607/4jsz_ligand_report.csv,./penalty_sweep_qpu_v113/samples/4jsz_Kdist4.5_Kmono1.0/psweep113_r3_20260327_042607/4jsz_ligand_samples.json,./penalty_sweep_qpu_v113/samples/4jsz_Kdist4.5_Kmono1.0/psweep113_r3_20260327_042607/result.json
4jsz,4jsz_Kdist4.5_Kmono2.0,psweep113_r3_20260327_042607,4.5,2.0,ok,2.7220959128343916,1000,1000,1000,0,0.0,1.0,0.0,0.21789160000000002,0.18328,Advantage2_system1.13,2733,28,./penalty_sweep_qpu_v113/samples/4jsz_Kdist4.5_Kmono2.0/psweep113_r3_20260327_042607/4jsz_ligand_report.csv,./penalty_sweep_qpu_v113/samples/4jsz_Kdist4.5_Kmono2.0/psweep113_r3_20260327_042607/4jsz_ligand_samples.json,./penalty_sweep_qpu_v113/samples/4jsz_Kdist4.5_Kmono2.0/psweep113_r3_20260327_042607/result.json
4jsz,4jsz_Kdist4.5_Kmono3.0,psweep113_r3_20260327_042607,4.5,3.0,ok,1.912318843239172,1000,1000,1000,1,0.001,1.0,0.001,0.217088,0.18248,Advantage2_system1.13,2495,27,./penalty_sweep_qpu_v113/samples/4jsz_Kdist4.5_Kmono3.0/psweep113_r3_20260327_042607/4jsz_ligand_report.csv,./penalty_sweep_qpu_v113/samples/4jsz_Kdist4.5_Kmono3.0/psweep113_r3_20260327_042607/4jsz_ligand_samples.json,./penalty_sweep_qpu_v113/samples/4jsz_Kdist4.5_Kmono3.0/psweep113_r3_20260327_042607/result.json
4jsz,4jsz_Kdist4.5_Kmono4.0,psweep113_r3_20260327_042607,4.5,4.0,ok,1.8442229381024726,1000,1000,1000,3,0.003,1.0,0.003,0.2193888,0.18478,Advantage2_system1.13,2269,24,./penalty_sweep_qpu_v113/samples/4jsz_Kdist4.5_Kmono4.0/psweep113_r3_20260327_042607/4jsz_ligand_report.csv,./penalty_sweep_qpu_v113/samples/4jsz_Kdist4.5_Kmono4.0/psweep113_r3_20260327_042607/4jsz_ligand_samples.json,./penalty_sweep_qpu_v113/samples/4jsz_Kdist4.5_Kmono4.0/psweep113_r3_20260327_042607/result.json
4jsz,4jsz_Kdist4.5_Kmono5.0,psweep113_r3_20260327_042607,4.5,5.0,ok,2.0436469736993876,1000,1000,1000,0,0.0,1.0,0.0,0.2168456,0.18224,Advantage2_system1.13,2440,26,./penalty_sweep_qpu_v113/samples/4jsz_Kdist4.5_Kmono5.0/psweep113_r3_20260327_042607/4jsz_ligand_report.csv,./penalty_sweep_qpu_v113/samples/4jsz_Kdist4.5_Kmono5.0/psweep113_r3_20260327_042607/4jsz_ligand_samples.json,./penalty_sweep_qpu_v113/samples/4jsz_Kdist4.5_Kmono5.0/psweep113_r3_20260327_042607/result.json
4jsz,4jsz_Kdist4.5_Kmono6.0,psweep113_r3_20260327_042607,4.5,6.0,ok,2.0482131532772794,1000,1000,1000,0,0.0,1.0,0.0,0.2150508,0.18044,Advantage2_system1.13,2367,26,./penalty_sweep_qpu_v113/samples/4jsz_Kdist4.5_Kmono6.0/psweep113_r3_20260327_042607/4jsz_ligand_report.csv,./penalty_sweep_qpu_v113/samples/4jsz_Kdist4.5_Kmono6.0/psweep113_r3_20260327_042607/4jsz_ligand_samples.json,./penalty_sweep_qpu_v113/samples/4jsz_Kdist4.5_Kmono6.0/psweep113_r3_20260327_042607/result.json
4jsz,4jsz_Kdist4.5_Kmono7.0,psweep113_r3_20260327_042607,4.5,7.0,ok,2.240334867074178,1000,1000,1000,0,0.0,1.0,0.0,0.2145932,0.17998,Advantage2_system1.13,2680,29,./penalty_sweep_qpu_v113/samples/4jsz_Kdist4.5_Kmono7.0/psweep113_r3_20260327_042607/4jsz_ligand_report.csv,./penalty_sweep_qpu_v113/samples/4jsz_Kdist4.5_Kmono7.0/psweep113_r3_20260327_042607/4jsz_ligand_samples.json,./penalty_sweep_qpu_v113/samples/4jsz_Kdist4.5_Kmono7.0/psweep113_r3_20260327_042607/result.json
4jsz,4jsz_Kdist4.5_Kmono8.0,psweep113_r3_20260327_042607,4.5,8.0,ok,4.369603218250152,1000,1000,1000,0,0.0,1.0,0.0,0.2073044,0.1727,Advantage2_system1.13,2854,30,./penalty_sweep_qpu_v113/samples/4jsz_Kdist4.5_Kmono8.0/psweep113_r3_20260327_042607/4jsz_ligand_report.csv,./penalty_sweep_qpu_v113/samples/4jsz_Kdist4.5_Kmono8.0/psweep113_r3_20260327_042607/4jsz_ligand_samples.json,./penalty_sweep_qpu_v113/samples/4jsz_Kdist4.5_Kmono8.0/psweep113_r3_20260327_042607/result.json
4jsz,4jsz_Kdist4.5_Kmono9.0,psweep113_r3_20260327_042607,4.5,9.0,ok,1.908670696382832,1000,1000,1000,2,0.002,1.0,0.002,0.2123144,0.1777,Advantage2_system1.13,2614,29,./penalty_sweep_qpu_v113/samples/4jsz_Kdist4.5_Kmono9.0/psweep113_r3_20260327_042607/4jsz_ligand_report.csv,./penalty_sweep_qpu_v113/samples/4jsz_Kdist4.5_Kmono9.0/psweep113_r3_20260327_042607/4jsz_ligand_samples.json,./penalty_sweep_qpu_v113/samples/4jsz_Kdist4.5_Kmono9.0/psweep113_r3_20260327_042607/result.json
4jsz,4jsz_Kdist4.5_Kmono10.0,psweep113_r3_20260327_042607,4.5,10.0,ok,1.8165816223510178,1000,1000,1000,14,0.014,1.0,0.014,0.210946,0.17634,Advantage2_system1.13,2308,24,./penalty_sweep_qpu_v113/samples/4jsz_Kdist4.5_Kmono10.0/psweep113_r3_20260327_042607/4jsz_ligand_report.csv,./penalty_sweep_qpu_v113/samples/4jsz_Kdist4.5_Kmono10.0/psweep113_r3_20260327_042607/4jsz_ligand_samples.json,./penalty_sweep_qpu_v113/samples/4jsz_Kdist4.5_Kmono10.0/psweep113_r3_20260327_042607/result.json
4jsz,4jsz_Kdist4.5_Kmono11.0,psweep113_r3_20260327_042607,4.5,11.0,ok,2.0030221884080666,1000,1000,1000,0,0.0,1.0,0.0,0.2096676,0.17506,Advantage2_system1.13,2333,27,./penalty_sweep_qpu_v113/samples/4jsz_Kdist4.5_Kmono11.0/psweep113_r3_20260327_042607/4jsz_ligand_report.csv,./penalty_sweep_qpu_v113/samples/4jsz_Kdist4.5_Kmono11.0/psweep113_r3_20260327_042607/4jsz_ligand_samples.json,./penalty_sweep_qpu_v113/samples/4jsz_Kdist4.5_Kmono11.0/psweep113_r3_20260327_042607/result.json
4jsz,4jsz_Kdist4.5_Kmono12.0,psweep113_r3_20260327_042607,4.5,12.0,ok,1.4029037680094085,1000,1000,1000,65,0.065,1.0,0.065,0.21421720000000002,0.1796,Advantage2_system1.13,2697,29,./penalty_sweep_qpu_v113/samples/4jsz_Kdist4.5_Kmono12.0/psweep113_r3_20260327_042607/4jsz_ligand_report.csv,./penalty_sweep_qpu_v113/samples/4jsz_Kdist4.5_Kmono12.0/psweep113_r3_20260327_042607/4jsz_ligand_samples.json,./penalty_sweep_qpu_v113/samples/4jsz_Kdist4.5_Kmono12.0/psweep113_r3_20260327_042607/result.json
4jsz,4jsz_Kdist4.5_Kmono13.0,psweep113_r3_20260327_042607,4.5,13.0,ok,2.6284802228835065,1000,1000,1000,0,0.0,1.0,0.0,0.2140952,0.17948,Advantage2_system1.13,2649,28,./penalty_sweep_qpu_v113/samples/4jsz_Kdist4.5_Kmono13.0/psweep113_r3_20260327_042607/4jsz_ligand_report.csv,./penalty_sweep_qpu_v113/samples/4jsz_Kdist4.5_Kmono13.0/psweep113_r3_20260327_042607/4jsz_ligand_samples.json,./penalty_sweep_qpu_v113/samples/4jsz_Kdist4.5_Kmono13.0/psweep113_r3_20260327_042607/result.json
4jsz,4jsz_Kdist4.5_Kmono14.0,psweep113_r3_20260327_042607,4.5,14.0,ok,3.500247873837617,1000,1000,1000,0,0.0,1.0,0.0,0.2152644,0.18066,Advantage2_system1.13,2451,26,./penalty_sweep_qpu_v113/samples/4jsz_Kdist4.5_Kmono14.0/psweep113_r3_20260327_042607/4jsz_ligand_report.csv,./penalty_sweep_qpu_v113/samples/4jsz_Kdist4.5_Kmono14.0/psweep113_r3_20260327_042607/4jsz_ligand_samples.json,./penalty_sweep_qpu_v113/samples/4jsz_Kdist4.5_Kmono14.0/psweep113_r3_20260327_042607/result.json
4jsz,4jsz_Kdist4.5_Kmono15.0,psweep113_r3_20260327_042607,4.5,15.0,ok,3.54202668401665,1000,1000,1000,0,0.0,1.0,0.0,0.21849079999999999,0.18388,Advantage2_system1.13,2451,26,./penalty_sweep_qpu_v113/samples/4jsz_Kdist4.5_Kmono15.0/psweep113_r3_20260327_042607/4jsz_ligand_report.csv,./penalty_sweep_qpu_v113/samples/4jsz_Kdist4.5_Kmono15.0/psweep113_r3_20260327_042607/4jsz_ligand_samples.json,./penalty_sweep_qpu_v113/samples/4jsz_Kdist4.5_Kmono15.0/psweep113_r3_20260327_042607/result.json
4jsz,4jsz_Kdist4.5_Kmono16.0,psweep113_r3_20260327_042607,4.5,16.0,ok,2.5583821810985854,1000,1000,1000,0,0.0,1.0,0.0,0.21571,0.1811,Advantage2_system1.13,2770,31,./penalty_sweep_qpu_v113/samples/4jsz_Kdist4.5_Kmono16.0/psweep113_r3_20260327_042607/4jsz_ligand_report.csv,./penalty_sweep_qpu_v113/samples/4jsz_Kdist4.5_Kmono16.0/psweep113_r3_20260327_042607/4jsz_ligand_samples.json,./penalty_sweep_qpu_v113/samples/4jsz_Kdist4.5_Kmono16.0/psweep113_r3_20260327_042607/result.json
4jsz,4jsz_Kdist4.5_Kmono17.0,psweep113_r3_20260327_042607,4.5,17.0,ok,1.8469447520695754,1000,1000,1000,2,0.002,1.0,0.002,0.213676,0.17906,Advantage2_system1.13,2626,29,./penalty_sweep_qpu_v113/samples/4jsz_Kdist4.5_Kmono17.0/psweep113_r3_20260327_042607/4jsz_ligand_report.csv,./penalty_sweep_qpu_v113/samples/4jsz_Kdist4.5_Kmono17.0/psweep113_r3_20260327_042607/4jsz_ligand_samples.json,./penalty_sweep_qpu_v113/samples/4jsz_Kdist4.5_Kmono17.0/psweep113_r3_20260327_042607/result.json
4jsz,4jsz_Kdist4.5_Kmono18.0,psweep113_r3_20260327_042607,4.5,18.0,ok,1.9973659156268349,1000,1000,1000,1,0.001,1.0,0.001,0.212388,0.17778,Advantage2_system1.13,2703,29,./penalty_sweep_qpu_v113/samples/4jsz_Kdist4.5_Kmono18.0/psweep113_r3_20260327_042607/4jsz_ligand_report.csv,./penalty_sweep_qpu_v113/samples/4jsz_Kdist4.5_Kmono18.0/psweep113_r3_20260327_042607/4jsz_ligand_samples.json,./penalty_sweep_qpu_v113/samples/4jsz_Kdist4.5_Kmono18.0/psweep113_r3_20260327_042607/result.json
4jsz,4jsz_Kdist4.5_Kmono19.0,psweep113_r3_20260327_042607,4.5,19.0,ok,1.4804782155452416,1000,1000,1000,94,0.094,1.0,0.094,0.218122,0.18352,Advantage2_system1.13,2413,25,./penalty_sweep_qpu_v113/samples/4jsz_Kdist4.5_Kmono19.0/psweep113_r3_20260327_042607/4jsz_ligand_report.csv,./penalty_sweep_qpu_v113/samples/4jsz_Kdist4.5_Kmono19.0/psweep113_r3_20260327_042607/4jsz_ligand_samples.json,./penalty_sweep_qpu_v113/samples/4jsz_Kdist4.5_Kmono19.0/psweep113_r3_20260327_042607/result.json
4jsz,4jsz_Kdist4.5_Kmono20.0,psweep113_r3_20260327_042607,4.5,20.0,ok,1.5361868953056603,1000,1000,1000,2,0.002,1.0,0.002,0.21477079999999998,0.18016,Advantage2_system1.13,2375,25,./penalty_sweep_qpu_v113/samples/4jsz_Kdist4.5_Kmono20.0/psweep113_r3_20260327_042607/4jsz_ligand_report.csv,./penalty_sweep_qpu_v113/samples/4jsz_Kdist4.5_Kmono20.0/psweep113_r3_20260327_042607/4jsz_ligand_samples.json,./penalty_sweep_qpu_v113/samples/4jsz_Kdist4.5_Kmono20.0/psweep113_r3_20260327_042607/result.json
4jsz,4jsz_Kdist5.0_Kmono1.0,psweep113_r3_20260327_042607,5.0,1.0,ok,1.37152037855314,1000,1000,1000,47,0.047,1.0,0.047,0.2060884,0.17148,Advantage2_system1.13,2531,27,./penalty_sweep_qpu_v113/samples/4jsz_Kdist5.0_Kmono1.0/psweep113_r3_20260327_042607/4jsz_ligand_report.csv,./penalty_sweep_qpu_v113/samples/4jsz_Kdist5.0_Kmono1.0/psweep113_r3_20260327_042607/4jsz_ligand_samples.json,./penalty_sweep_qpu_v113/samples/4jsz_Kdist5.0_Kmono1.0/psweep113_r3_20260327_042607/result.json
4jsz,4jsz_Kdist5.0_Kmono2.0,psweep113_r3_20260327_042607,5.0,2.0,ok,2.1558446157453917,1000,1000,1000,0,0.0,1.0,0.0,0.2167168,0.1821,Advantage2_system1.13,2757,29,./penalty_sweep_qpu_v113/samples/4jsz_Kdist5.0_Kmono2.0/psweep113_r3_20260327_042607/4jsz_ligand_report.csv,./penalty_sweep_qpu_v113/samples/4jsz_Kdist5.0_Kmono2.0/psweep113_r3_20260327_042607/4jsz_ligand_samples.json,./penalty_sweep_qpu_v113/samples/4jsz_Kdist5.0_Kmono2.0/psweep113_r3_20260327_042607/result.json
4jsz,4jsz_Kdist5.0_Kmono3.0,psweep113_r3_20260327_042607,5.0,3.0,ok,2.789470730955534,1000,1000,1000,0,0.0,1.0,0.0,0.204024,0.16942,Advantage2_system1.13,2435,26,./penalty_sweep_qpu_v113/samples/4jsz_Kdist5.0_Kmono3.0/psweep113_r3_20260327_042607/4jsz_ligand_report.csv,./penalty_sweep_qpu_v113/samples/4jsz_Kdist5.0_Kmono3.0/psweep113_r3_20260327_042607/4jsz_ligand_samples.json,./penalty_sweep_qpu_v113/samples/4jsz_Kdist5.0_Kmono3.0/psweep113_r3_20260327_042607/result.json
4jsz,4jsz_Kdist5.0_Kmono4.0,psweep113_r3_20260327_042607,5.0,4.0,ok,2.3417046416076834,1000,1000,1000,0,0.0,1.0,0.0,0.2107724,0.17616,Advantage2_system1.13,2475,27,./penalty_sweep_qpu_v113/samples/4jsz_Kdist5.0_Kmono4.0/psweep113_r3_20260327_042607/4jsz_ligand_report.csv,./penalty_sweep_qpu_v113/samples/4jsz_Kdist5.0_Kmono4.0/psweep113_r3_20260327_042607/4jsz_ligand_samples.json,./penalty_sweep_qpu_v113/samples/4jsz_Kdist5.0_Kmono4.0/psweep113_r3_20260327_042607/result.json
4jsz,4jsz_Kdist5.0_Kmono5.0,psweep113_r3_20260327_042607,5.0,5.0,ok,3.461662215942962,1000,1000,1000,0,0.0,1.0,0.0,0.20948920000000001,0.17488,Advantage2_system1.13,2412,25,./penalty_sweep_qpu_v113/samples/4jsz_Kdist5.0_Kmono5.0/psweep113_r3_20260327_042607/4jsz_ligand_report.csv,./penalty_sweep_qpu_v113/samples/4jsz_Kdist5.0_Kmono5.0/psweep113_r3_20260327_042607/4jsz_ligand_samples.json,./penalty_sweep_qpu_v113/samples/4jsz_Kdist5.0_Kmono5.0/psweep113_r3_20260327_042607/result.json
4jsz,4jsz_Kdist5.0_Kmono6.0,psweep113_r3_20260327_042607,5.0,6.0,ok,1.3848881631927057,1000,1000,1000,70,0.07,1.0,0.07,0.215486,0.18088,Advantage2_system1.13,2363,26,./penalty_sweep_qpu_v113/samples/4jsz_Kdist5.0_Kmono6.0/psweep113_r3_20260327_042607/4jsz_ligand_report.csv,./penalty_sweep_qpu_v113/samples/4jsz_Kdist5.0_Kmono6.0/psweep113_r3_20260327_042607/4jsz_ligand_samples.json,./penalty_sweep_qpu_v113/samples/4jsz_Kdist5.0_Kmono6.0/psweep113_r3_20260327_042607/result.json
4jsz,4jsz_Kdist5.0_Kmono7.0,psweep113_r3_20260327_042607,5.0,7.0,ok,1.695712238889296,1000,1000,1000,12,0.012,1.0,0.012,0.212306,0.1777,Advantage2_system1.13,2389,26,./penalty_sweep_qpu_v113/samples/4jsz_Kdist5.0_Kmono7.0/psweep113_r3_20260327_042607/4jsz_ligand_report.csv,./penalty_sweep_qpu_v113/samples/4jsz_Kdist5.0_Kmono7.0/psweep113_r3_20260327_042607/4jsz_ligand_samples.json,./penalty_sweep_qpu_v113/samples/4jsz_Kdist5.0_Kmono7.0/psweep113_r3_20260327_042607/result.json
4jsz,4jsz_Kdist5.0_Kmono8.0,psweep113_r3_20260327_042607,5.0,8.0,ok,3.8772103395337396,1000,1000,1000,0,0.0,1.0,0.0,0.2159512,0.18134,Advantage2_system1.13,2578,27,./penalty_sweep_qpu_v113/samples/4jsz_Kdist5.0_Kmono8.0/psweep113_r3_20260327_042607/4jsz_ligand_report.csv,./penalty_sweep_qpu_v113/samples/4jsz_Kdist5.0_Kmono8.0/psweep113_r3_20260327_042607/4jsz_ligand_samples.json,./penalty_sweep_qpu_v113/samples/4jsz_Kdist5.0_Kmono8.0/psweep113_r3_20260327_042607/result.json
4jsz,4jsz_Kdist5.0_Kmono9.0,psweep113_r3_20260327_042607,5.0,9.0,ok,2.332808110038569,1000,1000,1000,0,0.0,1.0,0.0,0.2162044,0.1816,Advantage2_system1.13,2549,28,./penalty_sweep_qpu_v113/samples/4jsz_Kdist5.0_Kmono9.0/psweep113_r3_20260327_042607/4jsz_ligand_report.csv,./penalty_sweep_qpu_v113/samples/4jsz_Kdist5.0_Kmono9.0/psweep113_r3_20260327_042607/4jsz_ligand_samples.json,./penalty_sweep_qpu_v113/samples/4jsz_Kdist5.0_Kmono9.0/psweep113_r3_20260327_042607/result.json
4jsz,4jsz_Kdist5.0_Kmono10.0,psweep113_r3_20260327_042607,5.0,10.0,ok,1.9507981231228861,1000,1000,1000,1,0.001,1.0,0.001,0.2133152,0.1787,Advantage2_system1.13,2679,29,./penalty_sweep_qpu_v113/samples/4jsz_Kdist5.0_Kmono10.0/psweep113_r3_20260327_042607/4jsz_ligand_report.csv,./penalty_sweep_qpu_v113/samples/4jsz_Kdist5.0_Kmono10.0/psweep113_r3_20260327_042607/4jsz_ligand_samples.json,./penalty_sweep_qpu_v113/samples/4jsz_Kdist5.0_Kmono10.0/psweep113_r3_20260327_042607/result.json
4jsz,4jsz_Kdist5.0_Kmono11.0,psweep113_r3_20260327_042607,5.0,11.0,ok,1.6173859036014173,1000,1000,1000,5,0.005,1.0,0.005,0.2129548,0.17834,Advantage2_system1.13,2737,30,./penalty_sweep_qpu_v113/samples/4jsz_Kdist5.0_Kmono11.0/psweep113_r3_20260327_042607/4jsz_ligand_report.csv,./penalty_sweep_qpu_v113/samples/4jsz_Kdist5.0_Kmono11.0/psweep113_r3_20260327_042607/4jsz_ligand_samples.json,./penalty_sweep_qpu_v113/samples/4jsz_Kdist5.0_Kmono11.0/psweep113_r3_20260327_042607/result.json
4jsz,4jsz_Kdist5.0_Kmono12.0,psweep113_r3_20260327_042607,5.0,12.0,ok,2.0934922492697163,1000,1000,1000,0,0.0,1.0,0.0,0.2174992,0.18288,Advantage2_system1.13,2690,28,./penalty_sweep_qpu_v113/samples/4jsz_Kdist5.0_Kmono12.0/psweep113_r3_20260327_042607/4jsz_ligand_report.csv,./penalty_sweep_qpu_v113/samples/4jsz_Kdist5.0_Kmono12.0/psweep113_r3_20260327_042607/4jsz_ligand_samples.json,./penalty_sweep_qpu_v113/samples/4jsz_Kdist5.0_Kmono12.0/psweep113_r3_20260327_042607/result.json
4jsz,4jsz_Kdist5.0_Kmono13.0,psweep113_r3_20260327_042607,5.0,13.0,ok,1.3722890702654094,1000,1000,1000,99,0.099,1.0,0.099,0.21152479999999999,0.17692,Advantage2_system1.13,2330,25,./penalty_sweep_qpu_v113/samples/4jsz_Kdist5.0_Kmono13.0/psweep113_r3_20260327_042607/4jsz_ligand_report.csv,./penalty_sweep_qpu_v113/samples/4jsz_Kdist5.0_Kmono13.0/psweep113_r3_20260327_042607/4jsz_ligand_samples.json,./penalty_sweep_qpu_v113/samples/4jsz_Kdist5.0_Kmono13.0/psweep113_r3_20260327_042607/result.json
4jsz,4jsz_Kdist5.0_Kmono14.0,psweep113_r3_20260327_042607,5.0,14.0,ok,1.7627578607390317,1000,1000,1000,2,0.002,1.0,0.002,0.216444,0.18184,Advantage2_system1.13,2491,26,./penalty_sweep_qpu_v113/samples/4jsz_Kdist5.0_Kmono14.0/psweep113_r3_20260327_042607/4jsz_ligand_report.csv,./penalty_sweep_qpu_v113/samples/4jsz_Kdist5.0_Kmono14.0/psweep113_r3_20260327_042607/4jsz_ligand_samples.json,./penalty_sweep_qpu_v113/samples/4jsz_Kdist5.0_Kmono14.0/psweep113_r3_20260327_042607/result.json
4jsz,4jsz_Kdist5.0_Kmono15.0,psweep113_r3_20260327_042607,5.0,15.0,ok,2.322113527280269,1000,1000,1000,0,0.0,1.0,0.0,0.21848679999999998,0.18388,Advantage2_system1.13,2294,24,./penalty_sweep_qpu_v113/samples/4jsz_Kdist5.0_Kmono15.0/psweep113_r3_20260327_042607/4jsz_ligand_report.csv,./penalty_sweep_qpu_v113/samples/4jsz_Kdist5.0_Kmono15.0/psweep113_r3_20260327_042607/4jsz_ligand_samples.json,./penalty_sweep_qpu_v113/samples/4jsz_Kdist5.0_Kmono15.0/psweep113_r3_20260327_042607/result.json
4jsz,4jsz_Kdist5.0_Kmono16.0,psweep113_r3_20260327_042607,5.0,16.0,ok,2.1378231137249606,1000,1000,1000,0,0.0,1.0,0.0,0.2095836,0.17498,Advantage2_system1.13,2384,26,./penalty_sweep_qpu_v113/samples/4jsz_Kdist5.0_Kmono16.0/psweep113_r3_20260327_042607/4jsz_ligand_report.csv,./penalty_sweep_qpu_v113/samples/4jsz_Kdist5.0_Kmono16.0/psweep113_r3_20260327_042607/4jsz_ligand_samples.json,./penalty_sweep_qpu_v113/samples/4jsz_Kdist5.0_Kmono16.0/psweep113_r3_20260327_042607/result.json
4jsz,4jsz_Kdist5.0_Kmono17.0,psweep113_r3_20260327_042607,5.0,17.0,ok,1.8473962149299197,1000,1000,1000,2,0.002,1.0,0.002,0.2091616,0.17456,Advantage2_system1.13,2521,29,./penalty_sweep_qpu_v113/samples/4jsz_Kdist5.0_Kmono17.0/psweep113_r3_20260327_042607/4jsz_ligand_report.csv,./penalty_sweep_qpu_v113/samples/4jsz_Kdist5.0_Kmono17.0/psweep113_r3_20260327_042607/4jsz_ligand_samples.json,./penalty_sweep_qpu_v113/samples/4jsz_Kdist5.0_Kmono17.0/psweep113_r3_20260327_042607/result.json
4jsz,4jsz_Kdist5.0_Kmono18.0,psweep113_r3_20260327_042607,5.0,18.0,ok,0.7168059081289723,1000,1000,1000,545,0.545,1.0,0.545,0.214452,0.17984,Advantage2_system1.13,2355,24,./penalty_sweep_qpu_v113/samples/4jsz_Kdist5.0_Kmono18.0/psweep113_r3_20260327_042607/4jsz_ligand_report.csv,./penalty_sweep_qpu_v113/samples/4jsz_Kdist5.0_Kmono18.0/psweep113_r3_20260327_042607/4jsz_ligand_samples.json,./penalty_sweep_qpu_v113/samples/4jsz_Kdist5.0_Kmono18.0/psweep113_r3_20260327_042607/result.json
4jsz,4jsz_Kdist5.0_Kmono19.0,psweep113_r3_20260327_042607,5.0,19.0,ok,1.8607116257651133,1000,1000,1000,1,0.001,1.0,0.001,0.2154044,0.1808,Advantage2_system1.13,2643,29,./penalty_sweep_qpu_v113/samples/4jsz_Kdist5.0_Kmono19.0/psweep113_r3_20260327_042607/4jsz_ligand_report.csv,./penalty_sweep_qpu_v113/samples/4jsz_Kdist5.0_Kmono19.0/psweep113_r3_20260327_042607/4jsz_ligand_samples.json,./penalty_sweep_qpu_v113/samples/4jsz_Kdist5.0_Kmono19.0/psweep113_r3_20260327_042607/result.json
4jsz,4jsz_Kdist5.0_Kmono20.0,psweep113_r3_20260327_042607,5.0,20.0,ok,1.70418412541828,1000,1000,1000,42,0.042,1.0,0.042,0.20877320000000002,0.17416,Advantage2_system1.13,2507,26,./penalty_sweep_qpu_v113/samples/4jsz_Kdist5.0_Kmono20.0/psweep113_r3_20260327_042607/4jsz_ligand_report.csv,./penalty_sweep_qpu_v113/samples/4jsz_Kdist5.0_Kmono20.0/psweep113_r3_20260327_042607/4jsz_ligand_samples.json,./penalty_sweep_qpu_v113/samples/4jsz_Kdist5.0_Kmono20.0/psweep113_r3_20260327_042607/result.json
4jsz,4jsz_Kdist5.5_Kmono1.0,psweep113_r3_20260327_042607,5.5,1.0,ok,1.9972163084182055,1000,1000,1000,1,0.001,1.0,0.001,0.21331160000000002,0.1787,Advantage2_system1.13,2506,26,./penalty_sweep_qpu_v113/samples/4jsz_Kdist5.5_Kmono1.0/psweep113_r3_20260327_042607/4jsz_ligand_report.csv,./penalty_sweep_qpu_v113/samples/4jsz_Kdist5.5_Kmono1.0/psweep113_r3_20260327_042607/4jsz_ligand_samples.json,./penalty_sweep_qpu_v113/samples/4jsz_Kdist5.5_Kmono1.0/psweep113_r3_20260327_042607/result.json
4jsz,4jsz_Kdist5.5_Kmono2.0,psweep113_r3_20260327_042607,5.5,2.0,ok,2.4607966876459475,1000,1000,1000,0,0.0,1.0,0.0,0.2156584,0.18106,Advantage2_system1.13,2454,26,./penalty_sweep_qpu_v113/samples/4jsz_Kdist5.5_Kmono2.0/psweep113_r3_20260327_042607/4jsz_ligand_report.csv,./penalty_sweep_qpu_v113/samples/4jsz_Kdist5.5_Kmono2.0/psweep113_r3_20260327_042607/4jsz_ligand_samples.json,./penalty_sweep_qpu_v113/samples/4jsz_Kdist5.5_Kmono2.0/psweep113_r3_20260327_042607/result.json
4jsz,4jsz_Kdist5.5_Kmono3.0,psweep113_r3_20260327_042607,5.5,3.0,ok,3.5065941232523867,1000,1000,1000,0,0.0,1.0,0.0,0.2162164,0.1816,Advantage2_system1.13,2796,30,./penalty_sweep_qpu_v113/samples/4jsz_Kdist5.5_Kmono3.0/psweep113_r3_20260327_042607/4jsz_ligand_report.csv,./penalty_sweep_qpu_v113/samples/4jsz_Kdist5.5_Kmono3.0/psweep113_r3_20260327_042607/4jsz_ligand_samples.json,./penalty_sweep_qpu_v113/samples/4jsz_Kdist5.5_Kmono3.0/psweep113_r3_20260327_042607/result.json
4jsz,4jsz_Kdist5.5_Kmono4.0,psweep113_r3_20260327_042607,5.5,4.0,ok,1.8903930600144283,1000,1000,1000,2,0.002,1.0,0.002,0.218484,0.18388,Advantage2_system1.13,2533,29,./penalty_sweep_qpu_v113/samples/4jsz_Kdist5.5_Kmono4.0/psweep113_r3_20260327_042607/4jsz_ligand_report.csv,./penalty_sweep_qpu_v113/samples/4jsz_Kdist5.5_Kmono4.0/psweep113_r3_20260327_042607/4jsz_ligand_samples.json,./penalty_sweep_qpu_v113/samples/4jsz_Kdist5.5_Kmono4.0/psweep113_r3_20260327_042607/result.json
4jsz,4jsz_Kdist5.5_Kmono5.0,psweep113_r3_20260327_042607,5.5,5.0,ok,2.581027995406887,1000,1000,1000,0,0.0,1.0,0.0,0.217442,0.18284,Advantage2_system1.13,2631,28,./penalty_sweep_qpu_v113/samples/4jsz_Kdist5.5_Kmono5.0/psweep113_r3_20260327_042607/4jsz_ligand_report.csv,./penalty_sweep_qpu_v113/samples/4jsz_Kdist5.5_Kmono5.0/psweep113_r3_20260327_042607/4jsz_ligand_samples.json,./penalty_sweep_qpu_v113/samples/4jsz_Kdist5.5_Kmono5.0/psweep113_r3_20260327_042607/result.json
4jsz,4jsz_Kdist5.5_Kmono6.0,psweep113_r3_20260327_042607,5.5,6.0,ok,2.3716282976836838,1000,1000,1000,0,0.0,1.0,0.0,0.217208,0.1826,Advantage2_system1.13,2543,29,./penalty_sweep_qpu_v113/samples/4jsz_Kdist5.5_Kmono6.0/psweep113_r3_20260327_042607/4jsz_ligand_report.csv,./penalty_sweep_qpu_v113/samples/4jsz_Kdist5.5_Kmono6.0/psweep113_r3_20260327_042607/4jsz_ligand_samples.json,./penalty_sweep_qpu_v113/samples/4jsz_Kdist5.5_Kmono6.0/psweep113_r3_20260327_042607/result.json
4jsz,4jsz_Kdist5.5_Kmono7.0,psweep113_r3_20260327_042607,5.5,7.0,ok,1.4615363059520943,1000,1000,1000,35,0.035,1.0,0.035,0.2136636,0.17906,Advantage2_system1.13,2396,25,./penalty_sweep_qpu_v113/samples/4jsz_Kdist5.5_Kmono7.0/psweep113_r3_20260327_042607/4jsz_ligand_report.csv,./penalty_sweep_qpu_v113/samples/4jsz_Kdist5.5_Kmono7.0/psweep113_r3_20260327_042607/4jsz_ligand_samples.json,./penalty_sweep_qpu_v113/samples/4jsz_Kdist5.5_Kmono7.0/psweep113_r3_20260327_042607/result.json
4jsz,4jsz_Kdist5.5_Kmono8.0,psweep113_r3_20260327_042607,5.5,8.0,ok,3.2004561874276547,1000,1000,1000,0,0.0,1.0,0.0,0.211912,0.1773,Advantage2_system1.13,2626,31,./penalty_sweep_qpu_v113/samples/4jsz_Kdist5.5_Kmono8.0/psweep113_r3_20260327_042607/4jsz_ligand_report.csv,./penalty_sweep_qpu_v113/samples/4jsz_Kdist5.5_Kmono8.0/psweep113_r3_20260327_042607/4jsz_ligand_samples.json,./penalty_sweep_qpu_v113/samples/4jsz_Kdist5.5_Kmono8.0/psweep113_r3_20260327_042607/result.json
4jsz,4jsz_Kdist5.5_Kmono9.0,psweep113_r3_20260327_042607,5.5,9.0,ok,3.890745542520654,1000,1000,1000,0,0.0,1.0,0.0,0.20913679999999998,0.17452,Advantage2_system1.13,2423,26,./penalty_sweep_qpu_v113/samples/4jsz_Kdist5.5_Kmono9.0/psweep113_r3_20260327_042607/4jsz_ligand_report.csv,./penalty_sweep_qpu_v113/samples/4jsz_Kdist5.5_Kmono9.0/psweep113_r3_20260327_042607/4jsz_ligand_samples.json,./penalty_sweep_qpu_v113/samples/4jsz_Kdist5.5_Kmono9.0/psweep113_r3_20260327_042607/result.json
4jsz,4jsz_Kdist5.5_Kmono10.0,psweep113_r3_20260327_042607,5.5,10.0,ok,2.1318483876252277,1000,1000,1000,0,0.0,1.0,0.0,0.2118392,0.17724,Advantage2_system1.13,2433,27,./penalty_sweep_qpu_v113/samples/4jsz_Kdist5.5_Kmono10.0/psweep113_r3_20260327_042607/4jsz_ligand_report.csv,./penalty_sweep_qpu_v113/samples/4jsz_Kdist5.5_Kmono10.0/psweep113_r3_20260327_042607/4jsz_ligand_samples.json,./penalty_sweep_qpu_v113/samples/4jsz_Kdist5.5_Kmono10.0/psweep113_r3_20260327_042607/result.json
4jsz,4jsz_Kdist5.5_Kmono11.0,psweep113_r3_20260327_042607,5.5,11.0,ok,2.152989980246141,1000,1000,1000,0,0.0,1.0,0.0,0.20848039999999998,0.17388,Advantage2_system1.13,2395,26,./penalty_sweep_qpu_v113/samples/4jsz_Kdist5.5_Kmono11.0/psweep113_r3_20260327_042607/4jsz_ligand_report.csv,./penalty_sweep_qpu_v113/samples/4jsz_Kdist5.5_Kmono11.0/psweep113_r3_20260327_042607/4jsz_ligand_samples.json,./penalty_sweep_qpu_v113/samples/4jsz_Kdist5.5_Kmono11.0/psweep113_r3_20260327_042607/result.json
4jsz,4jsz_Kdist5.5_Kmono12.0,psweep113_r3_20260327_042607,5.5,12.0,ok,1.3762768235864828,1000,1000,1000,48,0.048,1.0,0.048,0.2144472,0.17984,Advantage2_system1.13,2426,27,./penalty_sweep_qpu_v113/samples/4jsz_Kdist5.5_Kmono12.0/psweep113_r3_20260327_042607/4jsz_ligand_report.csv,./penalty_sweep_qpu_v113/samples/4jsz_Kdist5.5_Kmono12.0/psweep113_r3_20260327_042607/4jsz_ligand_samples.json,./penalty_sweep_qpu_v113/samples/4jsz_Kdist5.5_Kmono12.0/psweep113_r3_20260327_042607/result.json
4jsz,4jsz_Kdist5.5_Kmono13.0,psweep113_r3_20260327_042607,5.5,13.0,ok,2.5591805125700806,1000,1000,1000,0,0.0,1.0,0.0,0.2151644,0.18056,Advantage2_system1.13,2324,26,./penalty_sweep_qpu_v113/samples/4jsz_Kdist5.5_Kmono13.0/psweep113_r3_20260327_042607/4jsz_ligand_report.csv,./penalty_sweep_qpu_v113/samples/4jsz_Kdist5.5_Kmono13.0/psweep113_r3_20260327_042607/4jsz_ligand_samples.json,./penalty_sweep_qpu_v113/samples/4jsz_Kdist5.5_Kmono13.0/psweep113_r3_20260327_042607/result.json
4jsz,4jsz_Kdist5.5_Kmono14.0,psweep113_r3_20260327_042607,5.5,14.0,ok,2.2803735107047514,1000,1000,1000,0,0.0,1.0,0.0,0.20634360000000002,0.17174,Advantage2_system1.13,2549,26,./penalty_sweep_qpu_v113/samples/4jsz_Kdist5.5_Kmono14.0/psweep113_r3_20260327_042607/4jsz_ligand_report.csv,./penalty_sweep_qpu_v113/samples/4jsz_Kdist5.5_Kmono14.0/psweep113_r3_20260327_042607/4jsz_ligand_samples.json,./penalty_sweep_qpu_v113/samples/4jsz_Kdist5.5_Kmono14.0/psweep113_r3_20260327_042607/result.json
4jsz,4jsz_Kdist5.5_Kmono15.0,psweep113_r3_20260327_042607,5.5,15.0,ok,0.6188182473919853,1000,1000,1000,719,0.719,1.0,0.719,0.2105972,0.17598,Advantage2_system1.13,2509,27,./penalty_sweep_qpu_v113/samples/4jsz_Kdist5.5_Kmono15.0/psweep113_r3_20260327_042607/4jsz_ligand_report.csv,./penalty_sweep_qpu_v113/samples/4jsz_Kdist5.5_Kmono15.0/psweep113_r3_20260327_042607/4jsz_ligand_samples.json,./penalty_sweep_qpu_v113/samples/4jsz_Kdist5.5_Kmono15.0/psweep113_r3_20260327_042607/result.json
4jsz,4jsz_Kdist5.5_Kmono16.0,psweep113_r3_20260327_042607,5.5,16.0,ok,1.4623241740857418,1000,1000,1000,92,0.092,1.0,0.092,0.21049320000000002,0.17588,Advantage2_system1.13,2495,28,./penalty_sweep_qpu_v113/samples/4jsz_Kdist5.5_Kmono16.0/psweep113_r3_20260327_042607/4jsz_ligand_report.csv,./penalty_sweep_qpu_v113/samples/4jsz_Kdist5.5_Kmono16.0/psweep113_r3_20260327_042607/4jsz_ligand_samples.json,./penalty_sweep_qpu_v113/samples/4jsz_Kdist5.5_Kmono16.0/psweep113_r3_20260327_042607/result.json
4jsz,4jsz_Kdist5.5_Kmono17.0,psweep113_r3_20260327_042607,5.5,17.0,ok,3.9446906246084534,1000,1000,1000,0,0.0,1.0,0.0,0.20949520000000002,0.17488,Advantage2_system1.13,2698,31,./penalty_sweep_qpu_v113/samples/4jsz_Kdist5.5_Kmono17.0/psweep113_r3_20260327_042607/4jsz_ligand_report.csv,./penalty_sweep_qpu_v113/samples/4jsz_Kdist5.5_Kmono17.0/psweep113_r3_20260327_042607/4jsz_ligand_samples.json,./penalty_sweep_qpu_v113/samples/4jsz_Kdist5.5_Kmono17.0/psweep113_r3_20260327_042607/result.json
4jsz,4jsz_Kdist5.5_Kmono18.0,psweep113_r3_20260327_042607,5.5,18.0,ok,1.8227847732724618,1000,1000,1000,4,0.004,1.0,0.004,0.2164516,0.18184,Advantage2_system1.13,2698,31,./penalty_sweep_qpu_v113/samples/4jsz_Kdist5.5_Kmono18.0/psweep113_r3_20260327_042607/4jsz_ligand_report.csv,./penalty_sweep_qpu_v113/samples/4jsz_Kdist5.5_Kmono18.0/psweep113_r3_20260327_042607/4jsz_ligand_samples.json,./penalty_sweep_qpu_v113/samples/4jsz_Kdist5.5_Kmono18.0/psweep113_r3_20260327_042607/result.json
4jsz,4jsz_Kdist5.5_Kmono19.0,psweep113_r3_20260327_042607,5.5,19.0,ok,1.3414860246120177,1000,1000,1000,6,0.006,1.0,0.006,0.21226720000000002,0.17766,Advantage2_system1.13,2476,27,./penalty_sweep_qpu_v113/samples/4jsz_Kdist5.5_Kmono19.0/psweep113_r3_20260327_042607/4jsz_ligand_report.csv,./penalty_sweep_qpu_v113/samples/4jsz_Kdist5.5_Kmono19.0/psweep113_r3_20260327_042607/4jsz_ligand_samples.json,./penalty_sweep_qpu_v113/samples/4jsz_Kdist5.5_Kmono19.0/psweep113_r3_20260327_042607/result.json
4jsz,4jsz_Kdist5.5_Kmono20.0,psweep113_r3_20260327_042607,5.5,20.0,ok,1.2367357245335338,1000,1000,1000,62,0.062,1.0,0.062,0.2181244,0.18352,Advantage2_system1.13,2679,27,./penalty_sweep_qpu_v113/samples/4jsz_Kdist5.5_Kmono20.0/psweep113_r3_20260327_042607/4jsz_ligand_report.csv,./penalty_sweep_qpu_v113/samples/4jsz_Kdist5.5_Kmono20.0/psweep113_r3_20260327_042607/4jsz_ligand_samples.json,./penalty_sweep_qpu_v113/samples/4jsz_Kdist5.5_Kmono20.0/psweep113_r3_20260327_042607/result.json
4jsz,4jsz_Kdist6.0_Kmono1.0,psweep113_r3_20260327_042607,6.0,1.0,ok,3.647844538120331,1000,1000,1000,0,0.0,1.0,0.0,0.2149468,0.18034,Advantage2_system1.13,2720,31,./penalty_sweep_qpu_v113/samples/4jsz_Kdist6.0_Kmono1.0/psweep113_r3_20260327_042607/4jsz_ligand_report.csv,./penalty_sweep_qpu_v113/samples/4jsz_Kdist6.0_Kmono1.0/psweep113_r3_20260327_042607/4jsz_ligand_samples.json,./penalty_sweep_qpu_v113/samples/4jsz_Kdist6.0_Kmono1.0/psweep113_r3_20260327_042607/result.json
4jsz,4jsz_Kdist6.0_Kmono2.0,psweep113_r3_20260327_042607,6.0,2.0,ok,1.6892433068761321,1000,1000,1000,2,0.002,1.0,0.002,0.214716,0.1801,Advantage2_system1.13,2793,31,./penalty_sweep_qpu_v113/samples/4jsz_Kdist6.0_Kmono2.0/psweep113_r3_20260327_042607/4jsz_ligand_report.csv,./penalty_sweep_qpu_v113/samples/4jsz_Kdist6.0_Kmono2.0/psweep113_r3_20260327_042607/4jsz_ligand_samples.json,./penalty_sweep_qpu_v113/samples/4jsz_Kdist6.0_Kmono2.0/psweep113_r3_20260327_042607/result.json
4jsz,4jsz_Kdist6.0_Kmono3.0,psweep113_r3_20260327_042607,6.0,3.0,ok,4.021318263094533,1000,1000,1000,0,0.0,1.0,0.0,0.21217039999999998,0.17756,Advantage2_system1.13,2274,24,./penalty_sweep_qpu_v113/samples/4jsz_Kdist6.0_Kmono3.0/psweep113_r3_20260327_042607/4jsz_ligand_report.csv,./penalty_sweep_qpu_v113/samples/4jsz_Kdist6.0_Kmono3.0/psweep113_r3_20260327_042607/4jsz_ligand_samples.json,./penalty_sweep_qpu_v113/samples/4jsz_Kdist6.0_Kmono3.0/psweep113_r3_20260327_042607/result.json
4jsz,4jsz_Kdist6.0_Kmono4.0,psweep113_r3_20260327_042607,6.0,4.0,ok,1.7529840066637636,1000,1000,1000,5,0.005,1.0,0.005,0.2103864,0.17578,Advantage2_system1.13,2512,27,./penalty_sweep_qpu_v113/samples/4jsz_Kdist6.0_Kmono4.0/psweep113_r3_20260327_042607/4jsz_ligand_report.csv,./penalty_sweep_qpu_v113/samples/4jsz_Kdist6.0_Kmono4.0/psweep113_r3_20260327_042607/4jsz_ligand_samples.json,./penalty_sweep_qpu_v113/samples/4jsz_Kdist6.0_Kmono4.0/psweep113_r3_20260327_042607/result.json
4jsz,4jsz_Kdist6.0_Kmono5.0,psweep113_r3_20260327_042607,6.0,5.0,ok,0.6815618558753059,1000,1000,1000,11,0.011,1.0,0.011,0.211912,0.1773,Advantage2_system1.13,2595,28,./penalty_sweep_qpu_v113/samples/4jsz_Kdist6.0_Kmono5.0/psweep113_r3_20260327_042607/4jsz_ligand_report.csv,./penalty_sweep_qpu_v113/samples/4jsz_Kdist6.0_Kmono5.0/psweep113_r3_20260327_042607/4jsz_ligand_samples.json,./penalty_sweep_qpu_v113/samples/4jsz_Kdist6.0_Kmono5.0/psweep113_r3_20260327_042607/result.json
4jsz,4jsz_Kdist6.0_Kmono6.0,psweep113_r3_20260327_042607,6.0,6.0,ok,2.2285336000642593,1000,1000,1000,0,0.0,1.0,0.0,0.2109456,0.17634,Advantage2_system1.13,2822,31,./penalty_sweep_qpu_v113/samples/4jsz_Kdist6.0_Kmono6.0/psweep113_r3_20260327_042607/4jsz_ligand_report.csv,./penalty_sweep_qpu_v113/samples/4jsz_Kdist6.0_Kmono6.0/psweep113_r3_20260327_042607/4jsz_ligand_samples.json,./penalty_sweep_qpu_v113/samples/4jsz_Kdist6.0_Kmono6.0/psweep113_r3_20260327_042607/result.json
4jsz,4jsz_Kdist6.0_Kmono7.0,psweep113_r3_20260327_042607,6.0,7.0,ok,1.0620487978718782,1000,1000,1000,6,0.006,1.0,0.006,0.2168552,0.18224,Advantage2_system1.13,2893,32,./penalty_sweep_qpu_v113/samples/4jsz_Kdist6.0_Kmono7.0/psweep113_r3_20260327_042607/4jsz_ligand_report.csv,./penalty_sweep_qpu_v113/samples/4jsz_Kdist6.0_Kmono7.0/psweep113_r3_20260327_042607/4jsz_ligand_samples.json,./penalty_sweep_qpu_v113/samples/4jsz_Kdist6.0_Kmono7.0/psweep113_r3_20260327_042607/result.json
4jsz,4jsz_Kdist6.0_Kmono8.0,psweep113_r3_20260327_042607,6.0,8.0,ok,1.1871769994211516,1000,1000,1000,15,0.015,1.0,0.015,0.213404,0.1788,Advantage2_system1.13,2372,28,./penalty_sweep_qpu_v113/samples/4jsz_Kdist6.0_Kmono8.0/psweep113_r3_20260327_042607/4jsz_ligand_report.csv,./penalty_sweep_qpu_v113/samples/4jsz_Kdist6.0_Kmono8.0/psweep113_r3_20260327_042607/4jsz_ligand_samples.json,./penalty_sweep_qpu_v113/samples/4jsz_Kdist6.0_Kmono8.0/psweep113_r3_20260327_042607/result.json
4jsz,4jsz_Kdist6.0_Kmono9.0,psweep113_r3_20260327_042607,6.0,9.0,ok,4.106975805554171,1000,1000,1000,0,0.0,1.0,0.0,0.21249520000000002,0.17788,Advantage2_system1.13,2624,30,./penalty_sweep_qpu_v113/samples/4jsz_Kdist6.0_Kmono9.0/psweep113_r3_20260327_042607/4jsz_ligand_report.csv,./penalty_sweep_qpu_v113/samples/4jsz_Kdist6.0_Kmono9.0/psweep113_r3_20260327_042607/4jsz_ligand_samples.json,./penalty_sweep_qpu_v113/samples/4jsz_Kdist6.0_Kmono9.0/psweep113_r3_20260327_042607/result.json
4jsz,4jsz_Kdist6.0_Kmono10.0,psweep113_r3_20260327_042607,6.0,10.0,ok,2.1828384341684415,1000,1000,1000,0,0.0,1.0,0.0,0.21658560000000002,0.18198,Advantage2_system1.13,2546,26,./penalty_sweep_qpu_v113/samples/4jsz_Kdist6.0_Kmono10.0/psweep113_r3_20260327_042607/4jsz_ligand_report.csv,./penalty_sweep_qpu_v113/samples/4jsz_Kdist6.0_Kmono10.0/psweep113_r3_20260327_042607/4jsz_ligand_samples.json,./penalty_sweep_qpu_v113/samples/4jsz_Kdist6.0_Kmono10.0/psweep113_r3_20260327_042607/result.json
4jsz,4jsz_Kdist6.0_Kmono11.0,psweep113_r3_20260327_042607,6.0,11.0,ok,4.071455576263706,1000,1000,1000,0,0.0,1.0,0.0,0.21076679999999998,0.17616,Advantage2_system1.13,2470,26,./penalty_sweep_qpu_v113/samples/4jsz_Kdist6.0_Kmono11.0/psweep113_r3_20260327_042607/4jsz_ligand_report.csv,./penalty_sweep_qpu_v113/samples/4jsz_Kdist6.0_Kmono11.0/psweep113_r3_20260327_042607/4jsz_ligand_samples.json,./penalty_sweep_qpu_v113/samples/4jsz_Kdist6.0_Kmono11.0/psweep113_r3_20260327_042607/result.json
4jsz,4jsz_Kdist6.0_Kmono12.0,psweep113_r3_20260327_042607,6.0,12.0,ok,3.063723469433862,1000,1000,1000,0,0.0,1.0,0.0,0.2104472,0.17584,Advantage2_system1.13,2539,27,./penalty_sweep_qpu_v113/samples/4jsz_Kdist6.0_Kmono12.0/psweep113_r3_20260327_042607/4jsz_ligand_report.csv,./penalty_sweep_qpu_v113/samples/4jsz_Kdist6.0_Kmono12.0/psweep113_r3_20260327_042607/4jsz_ligand_samples.json,./penalty_sweep_qpu_v113/samples/4jsz_Kdist6.0_Kmono12.0/psweep113_r3_20260327_042607/result.json
4jsz,4jsz_Kdist6.0_Kmono13.0,psweep113_r3_20260327_042607,6.0,13.0,ok,2.1785114218953523,1000,1000,1000,0,0.0,1.0,0.0,0.2113472,0.17674,Advantage2_system1.13,2554,29,./penalty_sweep_qpu_v113/samples/4jsz_Kdist6.0_Kmono13.0/psweep113_r3_20260327_042607/4jsz_ligand_report.csv,./penalty_sweep_qpu_v113/samples/4jsz_Kdist6.0_Kmono13.0/psweep113_r3_20260327_042607/4jsz_ligand_samples.json,./penalty_sweep_qpu_v113/samples/4jsz_Kdist6.0_Kmono13.0/psweep113_r3_20260327_042607/result.json
4jsz,4jsz_Kdist6.0_Kmono14.0,psweep113_r3_20260327_042607,6.0,14.0,ok,1.4678451341420535,1000,1000,1000,19,0.019,1.0,0.019,0.2133056,0.1787,Advantage2_system1.13,2470,26,./penalty_sweep_qpu_v113/samples/4jsz_Kdist6.0_Kmono14.0/psweep113_r3_20260327_042607/4jsz_ligand_report.csv,./penalty_sweep_qpu_v113/samples/4jsz_Kdist6.0_Kmono14.0/psweep113_r3_20260327_042607/4jsz_ligand_samples.json,./penalty_sweep_qpu_v113/samples/4jsz_Kdist6.0_Kmono14.0/psweep113_r3_20260327_042607/result.json
4jsz,4jsz_Kdist6.0_Kmono15.0,psweep113_r3_20260327_042607,6.0,15.0,ok,1.0823311301981886,1000,1000,1000,28,0.028,1.0,0.028,0.214852,0.18024,Advantage2_system1.13,2569,29,./penalty_sweep_qpu_v113/samples/4jsz_Kdist6.0_Kmono15.0/psweep113_r3_20260327_042607/4jsz_ligand_report.csv,./penalty_sweep_qpu_v113/samples/4jsz_Kdist6.0_Kmono15.0/psweep113_r3_20260327_042607/4jsz_ligand_samples.json,./penalty_sweep_qpu_v113/samples/4jsz_Kdist6.0_Kmono15.0/psweep113_r3_20260327_042607/result.json
4jsz,4jsz_Kdist6.0_Kmono16.0,psweep113_r3_20260327_042607,6.0,16.0,ok,2.2194406365616794,1000,1000,1000,0,0.0,1.0,0.0,0.21267239999999998,0.17806,Advantage2_system1.13,2605,28,./penalty_sweep_qpu_v113/samples/4jsz_Kdist6.0_Kmono16.0/psweep113_r3_20260327_042607/4jsz_ligand_report.csv,./penalty_sweep_qpu_v113/samples/4jsz_Kdist6.0_Kmono16.0/psweep113_r3_20260327_042607/4jsz_ligand_samples.json,./penalty_sweep_qpu_v113/samples/4jsz_Kdist6.0_Kmono16.0/psweep113_r3_20260327_042607/result.json
4jsz,4jsz_Kdist6.0_Kmono17.0,psweep113_r3_20260327_042607,6.0,17.0,ok,1.500757349256838,1000,1000,1000,1,0.001,1.0,0.001,0.2131788,0.17856,Advantage2_system1.13,2420,26,./penalty_sweep_qpu_v113/samples/4jsz_Kdist6.0_Kmono17.0/psweep113_r3_20260327_042607/4jsz_ligand_report.csv,./penalty_sweep_qpu_v113/samples/4jsz_Kdist6.0_Kmono17.0/psweep113_r3_20260327_042607/4jsz_ligand_samples.json,./penalty_sweep_qpu_v113/samples/4jsz_Kdist6.0_Kmono17.0/psweep113_r3_20260327_042607/result.json
4jsz,4jsz_Kdist6.0_Kmono18.0,psweep113_r3_20260327_042607,6.0,18.0,ok,1.820919463001708,1000,1000,1000,2,0.002,1.0,0.002,0.2111728,0.17656,Advantage2_system1.13,2566,27,./penalty_sweep_qpu_v113/samples/4jsz_Kdist6.0_Kmono18.0/psweep113_r3_20260327_042607/4jsz_ligand_report.csv,./penalty_sweep_qpu_v113/samples/4jsz_Kdist6.0_Kmono18.0/psweep113_r3_20260327_042607/4jsz_ligand_samples.json,./penalty_sweep_qpu_v113/samples/4jsz_Kdist6.0_Kmono18.0/psweep113_r3_20260327_042607/result.json
4jsz,4jsz_Kdist6.0_Kmono19.0,psweep113_r3_20260327_042607,6.0,19.0,ok,1.8314282752831577,1000,1000,1000,12,0.012,1.0,0.012,0.21402960000000001,0.17942,Advantage2_system1.13,2617,29,./penalty_sweep_qpu_v113/samples/4jsz_Kdist6.0_Kmono19.0/psweep113_r3_20260327_042607/4jsz_ligand_report.csv,./penalty_sweep_qpu_v113/samples/4jsz_Kdist6.0_Kmono19.0/psweep113_r3_20260327_042607/4jsz_ligand_samples.json,./penalty_sweep_qpu_v113/samples/4jsz_Kdist6.0_Kmono19.0/psweep113_r3_20260327_042607/result.json
4jsz,4jsz_Kdist6.0_Kmono20.0,psweep113_r3_20260327_042607,6.0,20.0,ok,1.9577525700034804,1000,1000,1000,2,0.002,1.0,0.002,0.20634560000000002,0.17174,Advantage2_system1.13,2526,28,./penalty_sweep_qpu_v113/samples/4jsz_Kdist6.0_Kmono20.0/psweep113_r3_20260327_042607/4jsz_ligand_report.csv,./penalty_sweep_qpu_v113/samples/4jsz_Kdist6.0_Kmono20.0/psweep113_r3_20260327_042607/4jsz_ligand_samples.json,./penalty_sweep_qpu_v113/samples/4jsz_Kdist6.0_Kmono20.0/psweep113_r3_20260327_042607/result.json
4jsz,4jsz_Kdist6.5_Kmono1.0,psweep113_r3_20260327_042607,6.5,1.0,ok,1.3584416677108353,1000,1000,1000,38,0.038,1.0,0.038,0.2045472,0.16994,Advantage2_system1.13,2548,27,./penalty_sweep_qpu_v113/samples/4jsz_Kdist6.5_Kmono1.0/psweep113_r3_20260327_042607/4jsz_ligand_report.csv,./penalty_sweep_qpu_v113/samples/4jsz_Kdist6.5_Kmono1.0/psweep113_r3_20260327_042607/4jsz_ligand_samples.json,./penalty_sweep_qpu_v113/samples/4jsz_Kdist6.5_Kmono1.0/psweep113_r3_20260327_042607/result.json
4jsz,4jsz_Kdist6.5_Kmono2.0,psweep113_r3_20260327_042607,6.5,2.0,ok,2.359630495362497,1000,1000,1000,0,0.0,1.0,0.0,0.206844,0.17224,Advantage2_system1.13,2392,26,./penalty_sweep_qpu_v113/samples/4jsz_Kdist6.5_Kmono2.0/psweep113_r3_20260327_042607/4jsz_ligand_report.csv,./penalty_sweep_qpu_v113/samples/4jsz_Kdist6.5_Kmono2.0/psweep113_r3_20260327_042607/4jsz_ligand_samples.json,./penalty_sweep_qpu_v113/samples/4jsz_Kdist6.5_Kmono2.0/psweep113_r3_20260327_042607/result.json
4jsz,4jsz_Kdist6.5_Kmono3.0,psweep113_r3_20260327_042607,6.5,3.0,ok,3.211768450570825,1000,1000,1000,0,0.0,1.0,0.0,0.21317439999999999,0.17856,Advantage2_system1.13,2584,27,./penalty_sweep_qpu_v113/samples/4jsz_Kdist6.5_Kmono3.0/psweep113_r3_20260327_042607/4jsz_ligand_report.csv,./penalty_sweep_qpu_v113/samples/4jsz_Kdist6.5_Kmono3.0/psweep113_r3_20260327_042607/4jsz_ligand_samples.json,./penalty_sweep_qpu_v113/samples/4jsz_Kdist6.5_Kmono3.0/psweep113_r3_20260327_042607/result.json
4jsz,4jsz_Kdist6.5_Kmono4.0,psweep113_r3_20260327_042607,6.5,4.0,ok,2.456970910919284,1000,1000,1000,0,0.0,1.0,0.0,0.21734720000000002,0.18274,Advantage2_system1.13,2384,26,./penalty_sweep_qpu_v113/samples/4jsz_Kdist6.5_Kmono4.0/psweep113_r3_20260327_042607/4jsz_ligand_report.csv,./penalty_sweep_qpu_v113/samples/4jsz_Kdist6.5_Kmono4.0/psweep113_r3_20260327_042607/4jsz_ligand_samples.json,./penalty_sweep_qpu_v113/samples/4jsz_Kdist6.5_Kmono4.0/psweep113_r3_20260327_042607/result.json
4jsz,4jsz_Kdist6.5_Kmono5.0,psweep113_r3_20260327_042607,6.5,5.0,ok,1.6268661446433241,1000,1000,1000,6,0.006,1.0,0.006,0.21326879999999998,0.17866,Advantage2_system1.13,2463,25,./penalty_sweep_qpu_v113/samples/4jsz_Kdist6.5_Kmono5.0/psweep113_r3_20260327_042607/4jsz_ligand_report.csv,./penalty_sweep_qpu_v113/samples/4jsz_Kdist6.5_Kmono5.0/psweep113_r3_20260327_042607/4jsz_ligand_samples.json,./penalty_sweep_qpu_v113/samples/4jsz_Kdist6.5_Kmono5.0/psweep113_r3_20260327_042607/result.json
4jsz,4jsz_Kdist6.5_Kmono6.0,psweep113_r3_20260327_042607,6.5,6.0,ok,3.120110655993687,1000,1000,1000,0,0.0,1.0,0.0,0.21812520000000002,0.18352,Advantage2_system1.13,2584,29,./penalty_sweep_qpu_v113/samples/4jsz_Kdist6.5_Kmono6.0/psweep113_r3_20260327_042607/4jsz_ligand_report.csv,./penalty_sweep_qpu_v113/samples/4jsz_Kdist6.5_Kmono6.0/psweep113_r3_20260327_042607/4jsz_ligand_samples.json,./penalty_sweep_qpu_v113/samples/4jsz_Kdist6.5_Kmono6.0/psweep113_r3_20260327_042607/result.json
4jsz,4jsz_Kdist6.5_Kmono7.0,psweep113_r3_20260327_042607,6.5,7.0,ok,2.2449053798226637,1000,1000,1000,0,0.0,1.0,0.0,0.21298679999999998,0.17838,Advantage2_system1.13,2548,26,./penalty_sweep_qpu_v113/samples/4jsz_Kdist6.5_Kmono7.0/psweep113_r3_20260327_042607/4jsz_ligand_report.csv,./penalty_sweep_qpu_v113/samples/4jsz_Kdist6.5_Kmono7.0/psweep113_r3_20260327_042607/4jsz_ligand_samples.json,./penalty_sweep_qpu_v113/samples/4jsz_Kdist6.5_Kmono7.0/psweep113_r3_20260327_042607/result.json
4jsz,4jsz_Kdist6.5_Kmono8.0,psweep113_r3_20260327_042607,6.5,8.0,ok,2.103472936865247,1000,1000,1000,0,0.0,1.0,0.0,0.2116256,0.17702,Advantage2_system1.13,2419,26,./penalty_sweep_qpu_v113/samples/4jsz_Kdist6.5_Kmono8.0/psweep113_r3_20260327_042607/4jsz_ligand_report.csv,./penalty_sweep_qpu_v113/samples/4jsz_Kdist6.5_Kmono8.0/psweep113_r3_20260327_042607/4jsz_ligand_samples.json,./penalty_sweep_qpu_v113/samples/4jsz_Kdist6.5_Kmono8.0/psweep113_r3_20260327_042607/result.json
4jsz,4jsz_Kdist6.5_Kmono9.0,psweep113_r3_20260327_042607,6.5,9.0,ok,1.4924063171159512,1000,1000,1000,83,0.083,1.0,0.083,0.2118184,0.1772,Advantage2_system1.13,2599,29,./penalty_sweep_qpu_v113/samples/4jsz_Kdist6.5_Kmono9.0/psweep113_r3_20260327_042607/4jsz_ligand_report.csv,./penalty_sweep_qpu_v113/samples/4jsz_Kdist6.5_Kmono9.0/psweep113_r3_20260327_042607/4jsz_ligand_samples.json,./penalty_sweep_qpu_v113/samples/4jsz_Kdist6.5_Kmono9.0/psweep113_r3_20260327_042607/result.json
4jsz,4jsz_Kdist6.5_Kmono10.0,psweep113_r3_20260327_042607,6.5,10.0,ok,2.867113363943677,1000,1000,1000,0,0.0,1.0,0.0,0.2126728,0.17806,Advantage2_system1.13,2446,26,./penalty_sweep_qpu_v113/samples/4jsz_Kdist6.5_Kmono10.0/psweep113_r3_20260327_042607/4jsz_ligand_report.csv,./penalty_sweep_qpu_v113/samples/4jsz_Kdist6.5_Kmono10.0/psweep113_r3_20260327_042607/4jsz_ligand_samples.json,./penalty_sweep_qpu_v113/samples/4jsz_Kdist6.5_Kmono10.0/psweep113_r3_20260327_042607/result.json
4jsz,4jsz_Kdist6.5_Kmono11.0,psweep113_r3_20260327_042607,6.5,11.0,ok,3.6047941039249802,1000,1000,1000,0,0.0,1.0,0.0,0.21421120000000002,0.1796,Advantage2_system1.13,2458,26,./penalty_sweep_qpu_v113/samples/4jsz_Kdist6.5_Kmono11.0/psweep113_r3_20260327_042607/4jsz_ligand_report.csv,./penalty_sweep_qpu_v113/samples/4jsz_Kdist6.5_Kmono11.0/psweep113_r3_20260327_042607/4jsz_ligand_samples.json,./penalty_sweep_qpu_v113/samples/4jsz_Kdist6.5_Kmono11.0/psweep113_r3_20260327_042607/result.json
4jsz,4jsz_Kdist6.5_Kmono12.0,psweep113_r3_20260327_042607,6.5,12.0,ok,1.5420812549281617,1000,1000,1000,35,0.035,1.0,0.035,0.21862920000000002,0.18402,Advantage2_system1.13,2638,29,./penalty_sweep_qpu_v113/samples/4jsz_Kdist6.5_Kmono12.0/psweep113_r3_20260327_042607/4jsz_ligand_report.csv,./penalty_sweep_qpu_v113/samples/4jsz_Kdist6.5_Kmono12.0/psweep113_r3_20260327_042607/4jsz_ligand_samples.json,./penalty_sweep_qpu_v113/samples/4jsz_Kdist6.5_Kmono12.0/psweep113_r3_20260327_042607/result.json
4jsz,4jsz_Kdist6.5_Kmono13.0,psweep113_r3_20260327_042607,6.5,13.0,ok,1.8660990034973337,1000,1000,1000,1,0.001,1.0,0.001,0.21724120000000002,0.18262,Advantage2_system1.13,2974,31,./penalty_sweep_qpu_v113/samples/4jsz_Kdist6.5_Kmono13.0/psweep113_r3_20260327_042607/4jsz_ligand_report.csv,./penalty_sweep_qpu_v113/samples/4jsz_Kdist6.5_Kmono13.0/psweep113_r3_20260327_042607/4jsz_ligand_samples.json,./penalty_sweep_qpu_v113/samples/4jsz_Kdist6.5_Kmono13.0/psweep113_r3_20260327_042607/result.json
4jsz,4jsz_Kdist6.5_Kmono14.0,psweep113_r3_20260327_042607,6.5,14.0,ok,2.642963435321385,1000,1000,1000,0,0.0,1.0,0.0,0.210732,0.17612,Advantage2_system1.13,2478,27,./penalty_sweep_qpu_v113/samples/4jsz_Kdist6.5_Kmono14.0/psweep113_r3_20260327_042607/4jsz_ligand_report.csv,./penalty_sweep_qpu_v113/samples/4jsz_Kdist6.5_Kmono14.0/psweep113_r3_20260327_042607/4jsz_ligand_samples.json,./penalty_sweep_qpu_v113/samples/4jsz_Kdist6.5_Kmono14.0/psweep113_r3_20260327_042607/result.json
4jsz,4jsz_Kdist6.5_Kmono15.0,psweep113_r3_20260327_042607,6.5,15.0,ok,2.7403003358581786,1000,1000,1000,0,0.0,1.0,0.0,0.2127764,0.17816,Advantage2_system1.13,2961,34,./penalty_sweep_qpu_v113/samples/4jsz_Kdist6.5_Kmono15.0/psweep113_r3_20260327_042607/4jsz_ligand_report.csv,./penalty_sweep_qpu_v113/samples/4jsz_Kdist6.5_Kmono15.0/psweep113_r3_20260327_042607/4jsz_ligand_samples.json,./penalty_sweep_qpu_v113/samples/4jsz_Kdist6.5_Kmono15.0/psweep113_r3_20260327_042607/result.json
4jsz,4jsz_Kdist6.5_Kmono16.0,psweep113_r3_20260327_042607,6.5,16.0,ok,1.95391781843371,1000,1000,1000,1,0.001,1.0,0.001,0.2116296,0.17702,Advantage2_system1.13,2414,26,./penalty_sweep_qpu_v113/samples/4jsz_Kdist6.5_Kmono16.0/psweep113_r3_20260327_042607/4jsz_ligand_report.csv,./penalty_sweep_qpu_v113/samples/4jsz_Kdist6.5_Kmono16.0/psweep113_r3_20260327_042607/4jsz_ligand_samples.json,./penalty_sweep_qpu_v113/samples/4jsz_Kdist6.5_Kmono16.0/psweep113_r3_20260327_042607/result.json
4jsz,4jsz_Kdist6.5_Kmono17.0,psweep113_r3_20260327_042607,6.5,17.0,ok,1.595932193023899,1000,1000,1000,35,0.035,1.0,0.035,0.211028,0.17642,Advantage2_system1.13,2352,24,./penalty_sweep_qpu_v113/samples/4jsz_Kdist6.5_Kmono17.0/psweep113_r3_20260327_042607/4jsz_ligand_report.csv,./penalty_sweep_qpu_v113/samples/4jsz_Kdist6.5_Kmono17.0/psweep113_r3_20260327_042607/4jsz_ligand_samples.json,./penalty_sweep_qpu_v113/samples/4jsz_Kdist6.5_Kmono17.0/psweep113_r3_20260327_042607/result.json
4jsz,4jsz_Kdist6.5_Kmono18.0,psweep113_r3_20260327_042607,6.5,18.0,ok,3.2988510726567233,1000,1000,1000,0,0.0,1.0,0.0,0.21181039999999998,0.1772,Advantage2_system1.13,2512,25,./penalty_sweep_qpu_v113/samples/4jsz_Kdist6.5_Kmono18.0/psweep113_r3_20260327_042607/4jsz_ligand_report.csv,./penalty_sweep_qpu_v113/samples/4jsz_Kdist6.5_Kmono18.0/psweep113_r3_20260327_042607/4jsz_ligand_samples.json,./penalty_sweep_qpu_v113/samples/4jsz_Kdist6.5_Kmono18.0/psweep113_r3_20260327_042607/result.json
4jsz,4jsz_Kdist6.5_Kmono19.0,psweep113_r3_20260327_042607,6.5,19.0,ok,2.1326927644213676,1000,1000,1000,0,0.0,1.0,0.0,0.21185120000000002,0.17724,Advantage2_system1.13,2646,28,./penalty_sweep_qpu_v113/samples/4jsz_Kdist6.5_Kmono19.0/psweep113_r3_20260327_042607/4jsz_ligand_report.csv,./penalty_sweep_qpu_v113/samples/4jsz_Kdist6.5_Kmono19.0/psweep113_r3_20260327_042607/4jsz_ligand_samples.json,./penalty_sweep_qpu_v113/samples/4jsz_Kdist6.5_Kmono19.0/psweep113_r3_20260327_042607/result.json
4jsz,4jsz_Kdist6.5_Kmono20.0,psweep113_r3_20260327_042607,6.5,20.0,ok,2.767694755732502,1000,1000,1000,0,0.0,1.0,0.0,0.2114116,0.1768,Advantage2_system1.13,2372,26,./penalty_sweep_qpu_v113/samples/4jsz_Kdist6.5_Kmono20.0/psweep113_r3_20260327_042607/4jsz_ligand_report.csv,./penalty_sweep_qpu_v113/samples/4jsz_Kdist6.5_Kmono20.0/psweep113_r3_20260327_042607/4jsz_ligand_samples.json,./penalty_sweep_qpu_v113/samples/4jsz_Kdist6.5_Kmono20.0/psweep113_r3_20260327_042607/result.json
4jsz,4jsz_Kdist7.0_Kmono1.0,psweep113_r3_20260327_042607,7.0,1.0,ok,2.0618401949957605,1000,1000,1000,0,0.0,1.0,0.0,0.2118484,0.17724,Advantage2_system1.13,2507,26,./penalty_sweep_qpu_v113/samples/4jsz_Kdist7.0_Kmono1.0/psweep113_r3_20260327_042607/4jsz_ligand_report.csv,./penalty_sweep_qpu_v113/samples/4jsz_Kdist7.0_Kmono1.0/psweep113_r3_20260327_042607/4jsz_ligand_samples.json,./penalty_sweep_qpu_v113/samples/4jsz_Kdist7.0_Kmono1.0/psweep113_r3_20260327_042607/result.json
4jsz,4jsz_Kdist7.0_Kmono2.0,psweep113_r3_20260327_042607,7.0,2.0,ok,1.097842168593743,1000,1000,1000,18,0.018,1.0,0.018,0.2113952,0.17678,Advantage2_system1.13,2622,29,./penalty_sweep_qpu_v113/samples/4jsz_Kdist7.0_Kmono2.0/psweep113_r3_20260327_042607/4jsz_ligand_report.csv,./penalty_sweep_qpu_v113/samples/4jsz_Kdist7.0_Kmono2.0/psweep113_r3_20260327_042607/4jsz_ligand_samples.json,./penalty_sweep_qpu_v113/samples/4jsz_Kdist7.0_Kmono2.0/psweep113_r3_20260327_042607/result.json
4jsz,4jsz_Kdist7.0_Kmono3.0,psweep113_r3_20260327_042607,7.0,3.0,ok,1.7871901298681083,1000,1000,1000,30,0.03,1.0,0.03,0.2116276,0.17702,Advantage2_system1.13,2422,26,./penalty_sweep_qpu_v113/samples/4jsz_Kdist7.0_Kmono3.0/psweep113_r3_20260327_042607/4jsz_ligand_report.csv,./penalty_sweep_qpu_v113/samples/4jsz_Kdist7.0_Kmono3.0/psweep113_r3_20260327_042607/4jsz_ligand_samples.json,./penalty_sweep_qpu_v113/samples/4jsz_Kdist7.0_Kmono3.0/psweep113_r3_20260327_042607/result.json
4jsz,4jsz_Kdist7.0_Kmono4.0,psweep113_r3_20260327_042607,7.0,4.0,ok,1.4255505256687988,1000,1000,1000,81,0.081,1.0,0.081,0.2133172,0.1787,Advantage2_system1.13,2647,29,./penalty_sweep_qpu_v113/samples/4jsz_Kdist7.0_Kmono4.0/psweep113_r3_20260327_042607/4jsz_ligand_report.csv,./penalty_sweep_qpu_v113/samples/4jsz_Kdist7.0_Kmono4.0/psweep113_r3_20260327_042607/4jsz_ligand_samples.json,./penalty_sweep_qpu_v113/samples/4jsz_Kdist7.0_Kmono4.0/psweep113_r3_20260327_042607/result.json
4jsz,4jsz_Kdist7.0_Kmono5.0,psweep113_r3_20260327_042607,7.0,5.0,ok,1.6143932118551532,1000,1000,1000,5,0.005,1.0,0.005,0.2107744,0.17616,Advantage2_system1.13,2461,27,./penalty_sweep_qpu_v113/samples/4jsz_Kdist7.0_Kmono5.0/psweep113_r3_20260327_042607/4jsz_ligand_report.csv,./penalty_sweep_qpu_v113/samples/4jsz_Kdist7.0_Kmono5.0/psweep113_r3_20260327_042607/4jsz_ligand_samples.json,./penalty_sweep_qpu_v113/samples/4jsz_Kdist7.0_Kmono5.0/psweep113_r3_20260327_042607/result.json
4jsz,4jsz_Kdist7.0_Kmono6.0,psweep113_r3_20260327_042607,7.0,6.0,ok,3.453061392695448,1000,1000,1000,0,0.0,1.0,0.0,0.2069776,0.17238,Advantage2_system1.13,2438,26,./penalty_sweep_qpu_v113/samples/4jsz_Kdist7.0_Kmono6.0/psweep113_r3_20260327_042607/4jsz_ligand_report.csv,./penalty_sweep_qpu_v113/samples/4jsz_Kdist7.0_Kmono6.0/psweep113_r3_20260327_042607/4jsz_ligand_samples.json,./penalty_sweep_qpu_v113/samples/4jsz_Kdist7.0_Kmono6.0/psweep113_r3_20260327_042607/result.json
4jsz,4jsz_Kdist7.0_Kmono7.0,psweep113_r3_20260327_042607,7.0,7.0,ok,2.2336492908314693,1000,1000,1000,0,0.0,1.0,0.0,0.21177,0.17716,Advantage2_system1.13,2544,27,./penalty_sweep_qpu_v113/samples/4jsz_Kdist7.0_Kmono7.0/psweep113_r3_20260327_042607/4jsz_ligand_report.csv,./penalty_sweep_qpu_v113/samples/4jsz_Kdist7.0_Kmono7.0/psweep113_r3_20260327_042607/4jsz_ligand_samples.json,./penalty_sweep_qpu_v113/samples/4jsz_Kdist7.0_Kmono7.0/psweep113_r3_20260327_042607/result.json
4jsz,4jsz_Kdist7.0_Kmono8.0,psweep113_r3_20260327_042607,7.0,8.0,ok,3.0680857737584475,1000,1000,1000,0,0.0,1.0,0.0,0.21734520000000002,0.18274,Advantage2_system1.13,2501,27,./penalty_sweep_qpu_v113/samples/4jsz_Kdist7.0_Kmono8.0/psweep113_r3_20260327_042607/4jsz_ligand_report.csv,./penalty_sweep_qpu_v113/samples/4jsz_Kdist7.0_Kmono8.0/psweep113_r3_20260327_042607/4jsz_ligand_samples.json,./penalty_sweep_qpu_v113/samples/4jsz_Kdist7.0_Kmono8.0/psweep113_r3_20260327_042607/result.json
4jsz,4jsz_Kdist7.0_Kmono9.0,psweep113_r3_20260327_042607,7.0,9.0,ok,2.04803829281641,1000,1000,1000,0,0.0,1.0,0.0,0.2149508,0.18034,Advantage2_system1.13,2756,31,./penalty_sweep_qpu_v113/samples/4jsz_Kdist7.0_Kmono9.0/psweep113_r3_20260327_042607/4jsz_ligand_report.csv,./penalty_sweep_qpu_v113/samples/4jsz_Kdist7.0_Kmono9.0/psweep113_r3_20260327_042607/4jsz_ligand_samples.json,./penalty_sweep_qpu_v113/samples/4jsz_Kdist7.0_Kmono9.0/psweep113_r3_20260327_042607/result.json
4jsz,4jsz_Kdist7.0_Kmono10.0,psweep113_r3_20260327_042607,7.0,10.0,ok,1.4546114931880745,1000,1000,1000,10,0.01,1.0,0.01,0.2160896,0.18148,Advantage2_system1.13,2381,25,./penalty_sweep_qpu_v113/samples/4jsz_Kdist7.0_Kmono10.0/psweep113_r3_20260327_042607/4jsz_ligand_report.csv,./penalty_sweep_qpu_v113/samples/4jsz_Kdist7.0_Kmono10.0/psweep113_r3_20260327_042607/4jsz_ligand_samples.json,./penalty_sweep_qpu_v113/samples/4jsz_Kdist7.0_Kmono10.0/psweep113_r3_20260327_042607/result.json
4jsz,4jsz_Kdist7.0_Kmono11.0,psweep113_r3_20260327_042607,7.0,11.0,ok,3.4963091869574816,1000,1000,1000,0,0.0,1.0,0.0,0.2125332,0.17792,Advantage2_system1.13,2382,26,./penalty_sweep_qpu_v113/samples/4jsz_Kdist7.0_Kmono11.0/psweep113_r3_20260327_042607/4jsz_ligand_report.csv,./penalty_sweep_qpu_v113/samples/4jsz_Kdist7.0_Kmono11.0/psweep113_r3_20260327_042607/4jsz_ligand_samples.json,./penalty_sweep_qpu_v113/samples/4jsz_Kdist7.0_Kmono11.0/psweep113_r3_20260327_042607/result.json
4jsz,4jsz_Kdist7.0_Kmono12.0,psweep113_r3_20260327_042607,7.0,12.0,ok,3.171498758763031,1000,1000,1000,0,0.0,1.0,0.0,0.2158092,0.1812,Advantage2_system1.13,2301,26,./penalty_sweep_qpu_v113/samples/4jsz_Kdist7.0_Kmono12.0/psweep113_r3_20260327_042607/4jsz_ligand_report.csv,./penalty_sweep_qpu_v113/samples/4jsz_Kdist7.0_Kmono12.0/psweep113_r3_20260327_042607/4jsz_ligand_samples.json,./penalty_sweep_qpu_v113/samples/4jsz_Kdist7.0_Kmono12.0/psweep113_r3_20260327_042607/result.json
4jsz,4jsz_Kdist7.0_Kmono13.0,psweep113_r3_20260327_042607,7.0,13.0,ok,2.629455054277595,1000,1000,1000,0,0.0,1.0,0.0,0.2040192,0.16942,Advantage2_system1.13,2354,24,./penalty_sweep_qpu_v113/samples/4jsz_Kdist7.0_Kmono13.0/psweep113_r3_20260327_042607/4jsz_ligand_report.csv,./penalty_sweep_qpu_v113/samples/4jsz_Kdist7.0_Kmono13.0/psweep113_r3_20260327_042607/4jsz_ligand_samples.json,./penalty_sweep_qpu_v113/samples/4jsz_Kdist7.0_Kmono13.0/psweep113_r3_20260327_042607/result.json
4jsz,4jsz_Kdist7.0_Kmono14.0,psweep113_r3_20260327_042607,7.0,14.0,ok,2.37785437910322,1000,1000,1000,0,0.0,1.0,0.0,0.214546,0.17994,Advantage2_system1.13,2528,26,./penalty_sweep_qpu_v113/samples/4jsz_Kdist7.0_Kmono14.0/psweep113_r3_20260327_042607/4jsz_ligand_report.csv,./penalty_sweep_qpu_v113/samples/4jsz_Kdist7.0_Kmono14.0/psweep113_r3_20260327_042607/4jsz_ligand_samples.json,./penalty_sweep_qpu_v113/samples/4jsz_Kdist7.0_Kmono14.0/psweep113_r3_20260327_042607/result.json
4jsz,4jsz_Kdist7.0_Kmono15.0,psweep113_r3_20260327_042607,7.0,15.0,ok,3.036107286554212,1000,1000,1000,0,0.0,1.0,0.0,0.216598,0.18198,Advantage2_system1.13,2553,28,./penalty_sweep_qpu_v113/samples/4jsz_Kdist7.0_Kmono15.0/psweep113_r3_20260327_042607/4jsz_ligand_report.csv,./penalty_sweep_qpu_v113/samples/4jsz_Kdist7.0_Kmono15.0/psweep113_r3_20260327_042607/4jsz_ligand_samples.json,./penalty_sweep_qpu_v113/samples/4jsz_Kdist7.0_Kmono15.0/psweep113_r3_20260327_042607/result.json
4jsz,4jsz_Kdist7.0_Kmono16.0,psweep113_r3_20260327_042607,7.0,16.0,ok,1.8561344431445272,1000,1000,1000,2,0.002,1.0,0.002,0.2063484,0.17174,Advantage2_system1.13,2428,25,./penalty_sweep_qpu_v113/samples/4jsz_Kdist7.0_Kmono16.0/psweep113_r3_20260327_042607/4jsz_ligand_report.csv,./penalty_sweep_qpu_v113/samples/4jsz_Kdist7.0_Kmono16.0/psweep113_r3_20260327_042607/4jsz_ligand_samples.json,./penalty_sweep_qpu_v113/samples/4jsz_Kdist7.0_Kmono16.0/psweep113_r3_20260327_042607/result.json
4jsz,4jsz_Kdist7.0_Kmono17.0,psweep113_r3_20260327_042607,7.0,17.0,ok,2.1501052404676586,1000,1000,1000,0,0.0,1.0,0.0,0.2120376,0.17742,Advantage2_system1.13,2544,27,./penalty_sweep_qpu_v113/samples/4jsz_Kdist7.0_Kmono17.0/psweep113_r3_20260327_042607/4jsz_ligand_report.csv,./penalty_sweep_qpu_v113/samples/4jsz_Kdist7.0_Kmono17.0/psweep113_r3_20260327_042607/4jsz_ligand_samples.json,./penalty_sweep_qpu_v113/samples/4jsz_Kdist7.0_Kmono17.0/psweep113_r3_20260327_042607/result.json
4jsz,4jsz_Kdist7.0_Kmono18.0,psweep113_r3_20260327_042607,7.0,18.0,ok,3.684884741190309,1000,1000,1000,0,0.0,1.0,0.0,0.21509479999999997,0.18048,Advantage2_system1.13,2638,29,./penalty_sweep_qpu_v113/samples/4jsz_Kdist7.0_Kmono18.0/psweep113_r3_20260327_042607/4jsz_ligand_report.csv,./penalty_sweep_qpu_v113/samples/4jsz_Kdist7.0_Kmono18.0/psweep113_r3_20260327_042607/4jsz_ligand_samples.json,./penalty_sweep_qpu_v113/samples/4jsz_Kdist7.0_Kmono18.0/psweep113_r3_20260327_042607/result.json
4jsz,4jsz_Kdist7.0_Kmono19.0,psweep113_r3_20260327_042607,7.0,19.0,ok,2.872998677247148,1000,1000,1000,0,0.0,1.0,0.0,0.2056272,0.17102,Advantage2_system1.13,2571,27,./penalty_sweep_qpu_v113/samples/4jsz_Kdist7.0_Kmono19.0/psweep113_r3_20260327_042607/4jsz_ligand_report.csv,./penalty_sweep_qpu_v113/samples/4jsz_Kdist7.0_Kmono19.0/psweep113_r3_20260327_042607/4jsz_ligand_samples.json,./penalty_sweep_qpu_v113/samples/4jsz_Kdist7.0_Kmono19.0/psweep113_r3_20260327_042607/result.json
4jsz,4jsz_Kdist7.0_Kmono20.0,psweep113_r3_20260327_042607,7.0,20.0,ok,3.888107611729314,1000,1000,1000,0,0.0,1.0,0.0,0.212456,0.17784,Advantage2_system1.13,2713,29,./penalty_sweep_qpu_v113/samples/4jsz_Kdist7.0_Kmono20.0/psweep113_r3_20260327_042607/4jsz_ligand_report.csv,./penalty_sweep_qpu_v113/samples/4jsz_Kdist7.0_Kmono20.0/psweep113_r3_20260327_042607/4jsz_ligand_samples.json,./penalty_sweep_qpu_v113/samples/4jsz_Kdist7.0_Kmono20.0/psweep113_r3_20260327_042607/result.json
4jsz,4jsz_Kdist7.5_Kmono1.0,psweep113_r3_20260327_042607,7.5,1.0,ok,1.9020309802861826,1000,1000,1000,1,0.001,1.0,0.001,0.2167104,0.1821,Advantage2_system1.13,2575,29,./penalty_sweep_qpu_v113/samples/4jsz_Kdist7.5_Kmono1.0/psweep113_r3_20260327_042607/4jsz_ligand_report.csv,./penalty_sweep_qpu_v113/samples/4jsz_Kdist7.5_Kmono1.0/psweep113_r3_20260327_042607/4jsz_ligand_samples.json,./penalty_sweep_qpu_v113/samples/4jsz_Kdist7.5_Kmono1.0/psweep113_r3_20260327_042607/result.json
4jsz,4jsz_Kdist7.5_Kmono2.0,psweep113_r3_20260327_042607,7.5,2.0,ok,1.1228209724725056,1000,1000,1000,23,0.023,1.0,0.023,0.21008960000000002,0.17548,Advantage2_system1.13,2527,26,./penalty_sweep_qpu_v113/samples/4jsz_Kdist7.5_Kmono2.0/psweep113_r3_20260327_042607/4jsz_ligand_report.csv,./penalty_sweep_qpu_v113/samples/4jsz_Kdist7.5_Kmono2.0/psweep113_r3_20260327_042607/4jsz_ligand_samples.json,./penalty_sweep_qpu_v113/samples/4jsz_Kdist7.5_Kmono2.0/psweep113_r3_20260327_042607/result.json
4jsz,4jsz_Kdist7.5_Kmono3.0,psweep113_r3_20260327_042607,7.5,3.0,ok,2.4447291454649167,1000,1000,1000,0,0.0,1.0,0.0,0.2124876,0.17788,Advantage2_system1.13,2766,31,./penalty_sweep_qpu_v113/samples/4jsz_Kdist7.5_Kmono3.0/psweep113_r3_20260327_042607/4jsz_ligand_report.csv,./penalty_sweep_qpu_v113/samples/4jsz_Kdist7.5_Kmono3.0/psweep113_r3_20260327_042607/4jsz_ligand_samples.json,./penalty_sweep_qpu_v113/samples/4jsz_Kdist7.5_Kmono3.0/psweep113_r3_20260327_042607/result.json
4jsz,4jsz_Kdist7.5_Kmono4.0,psweep113_r3_20260327_042607,7.5,4.0,ok,2.6713075870155087,1000,1000,1000,0,0.0,1.0,0.0,0.2115308,0.17692,Advantage2_system1.13,2489,27,./penalty_sweep_qpu_v113/samples/4jsz_Kdist7.5_Kmono4.0/psweep113_r3_20260327_042607/4jsz_ligand_report.csv,./penalty_sweep_qpu_v113/samples/4jsz_Kdist7.5_Kmono4.0/psweep113_r3_20260327_042607/4jsz_ligand_samples.json,./penalty_sweep_qpu_v113/samples/4jsz_Kdist7.5_Kmono4.0/psweep113_r3_20260327_042607/result.json
4jsz,4jsz_Kdist7.5_Kmono5.0,psweep113_r3_20260327_042607,7.5,5.0,ok,1.680918105503222,1000,1000,1000,10,0.01,1.0,0.01,0.2176296,0.18302,Advantage2_system1.13,2504,26,./penalty_sweep_qpu_v113/samples/4jsz_Kdist7.5_Kmono5.0/psweep113_r3_20260327_042607/4jsz_ligand_report.csv,./penalty_sweep_qpu_v113/samples/4jsz_Kdist7.5_Kmono5.0/psweep113_r3_20260327_042607/4jsz_ligand_samples.json,./penalty_sweep_qpu_v113/samples/4jsz_Kdist7.5_Kmono5.0/psweep113_r3_20260327_042607/result.json
4jsz,4jsz_Kdist7.5_Kmono6.0,psweep113_r3_20260327_042607,7.5,6.0,ok,0.7461799566379498,1000,1000,1000,19,0.019,1.0,0.019,0.2113972,0.1768,Advantage2_system1.13,2532,26,./penalty_sweep_qpu_v113/samples/4jsz_Kdist7.5_Kmono6.0/psweep113_r3_20260327_042607/4jsz_ligand_report.csv,./penalty_sweep_qpu_v113/samples/4jsz_Kdist7.5_Kmono6.0/psweep113_r3_20260327_042607/4jsz_ligand_samples.json,./penalty_sweep_qpu_v113/samples/4jsz_Kdist7.5_Kmono6.0/psweep113_r3_20260327_042607/result.json
4jsz,4jsz_Kdist7.5_Kmono7.0,psweep113_r3_20260327_042607,7.5,7.0,ok,1.9641002724968064,1000,1000,1000,1,0.001,1.0,0.001,0.21240720000000002,0.1778,Advantage2_system1.13,2470,28,./penalty_sweep_qpu_v113/samples/4jsz_Kdist7.5_Kmono7.0/psweep113_r3_20260327_042607/4jsz_ligand_report.csv,./penalty_sweep_qpu_v113/samples/4jsz_Kdist7.5_Kmono7.0/psweep113_r3_20260327_042607/4jsz_ligand_samples.json,./penalty_sweep_qpu_v113/samples/4jsz_Kdist7.5_Kmono7.0/psweep113_r3_20260327_042607/result.json
4jsz,4jsz_Kdist7.5_Kmono8.0,psweep113_r3_20260327_042607,7.5,8.0,ok,1.2394182202423007,1000,1000,1000,24,0.024,1.0,0.024,0.21556,0.18094,Advantage2_system1.13,2652,28,./penalty_sweep_qpu_v113/samples/4jsz_Kdist7.5_Kmono8.0/psweep113_r3_20260327_042607/4jsz_ligand_report.csv,./penalty_sweep_qpu_v113/samples/4jsz_Kdist7.5_Kmono8.0/psweep113_r3_20260327_042607/4jsz_ligand_samples.json,./penalty_sweep_qpu_v113/samples/4jsz_Kdist7.5_Kmono8.0/psweep113_r3_20260327_042607/result.json
4jsz,4jsz_Kdist7.5_Kmono9.0,psweep113_r3_20260327_042607,7.5,9.0,ok,1.9053646956688668,1000,1000,1000,14,0.014,1.0,0.014,0.211204,0.1766,Advantage2_system1.13,2369,25,./penalty_sweep_qpu_v113/samples/4jsz_Kdist7.5_Kmono9.0/psweep113_r3_20260327_042607/4jsz_ligand_report.csv,./penalty_sweep_qpu_v113/samples/4jsz_Kdist7.5_Kmono9.0/psweep113_r3_20260327_042607/4jsz_ligand_samples.json,./penalty_sweep_qpu_v113/samples/4jsz_Kdist7.5_Kmono9.0/psweep113_r3_20260327_042607/result.json
4jsz,4jsz_Kdist7.5_Kmono10.0,psweep113_r3_20260327_042607,7.5,10.0,ok,2.655568383946213,1000,1000,1000,0,0.0,1.0,0.0,0.2132696,0.17866,Advantage2_system1.13,2547,28,./penalty_sweep_qpu_v113/samples/4jsz_Kdist7.5_Kmono10.0/psweep113_r3_20260327_042607/4jsz_ligand_report.csv,./penalty_sweep_qpu_v113/samples/4jsz_Kdist7.5_Kmono10.0/psweep113_r3_20260327_042607/4jsz_ligand_samples.json,./penalty_sweep_qpu_v113/samples/4jsz_Kdist7.5_Kmono10.0/psweep113_r3_20260327_042607/result.json
4jsz,4jsz_Kdist7.5_Kmono11.0,psweep113_r3_20260327_042607,7.5,11.0,ok,2.0449717506574685,1000,1000,1000,0,0.0,1.0,0.0,0.210128,0.17552,Advantage2_system1.13,2421,26,./penalty_sweep_qpu_v113/samples/4jsz_Kdist7.5_Kmono11.0/psweep113_r3_20260327_042607/4jsz_ligand_report.csv,./penalty_sweep_qpu_v113/samples/4jsz_Kdist7.5_Kmono11.0/psweep113_r3_20260327_042607/4jsz_ligand_samples.json,./penalty_sweep_qpu_v113/samples/4jsz_Kdist7.5_Kmono11.0/psweep113_r3_20260327_042607/result.json
4jsz,4jsz_Kdist7.5_Kmono12.0,psweep113_r3_20260327_042607,7.5,12.0,ok,1.4081237828227808,1000,1000,1000,28,0.028,1.0,0.028,0.218994,0.18438,Advantage2_system1.13,2488,27,./penalty_sweep_qpu_v113/samples/4jsz_Kdist7.5_Kmono12.0/psweep113_r3_20260327_042607/4jsz_ligand_report.csv,./penalty_sweep_qpu_v113/samples/4jsz_Kdist7.5_Kmono12.0/psweep113_r3_20260327_042607/4jsz_ligand_samples.json,./penalty_sweep_qpu_v113/samples/4jsz_Kdist7.5_Kmono12.0/psweep113_r3_20260327_042607/result.json
4jsz,4jsz_Kdist7.5_Kmono13.0,psweep113_r3_20260327_042607,7.5,13.0,ok,0.35616183703832294,1000,1000,1000,777,0.777,1.0,0.777,0.21141320000000002,0.1768,Advantage2_system1.13,2441,26,./penalty_sweep_qpu_v113/samples/4jsz_Kdist7.5_Kmono13.0/psweep113_r3_20260327_042607/4jsz_ligand_report.csv,./penalty_sweep_qpu_v113/samples/4jsz_Kdist7.5_Kmono13.0/psweep113_r3_20260327_042607/4jsz_ligand_samples.json,./penalty_sweep_qpu_v113/samples/4jsz_Kdist7.5_Kmono13.0/psweep113_r3_20260327_042607/result.json
4jsz,4jsz_Kdist7.5_Kmono14.0,psweep113_r3_20260327_042607,7.5,14.0,ok,1.2463418322361632,1000,1000,1000,157,0.157,1.0,0.157,0.21253360000000002,0.17792,Advantage2_system1.13,2639,27,./penalty_sweep_qpu_v113/samples/4jsz_Kdist7.5_Kmono14.0/psweep113_r3_20260327_042607/4jsz_ligand_report.csv,./penalty_sweep_qpu_v113/samples/4jsz_Kdist7.5_Kmono14.0/psweep113_r3_20260327_042607/4jsz_ligand_samples.json,./penalty_sweep_qpu_v113/samples/4jsz_Kdist7.5_Kmono14.0/psweep113_r3_20260327_042607/result.json
4jsz,4jsz_Kdist7.5_Kmono15.0,psweep113_r3_20260327_042607,7.5,15.0,ok,1.2656464667916634,1000,1000,1000,198,0.198,1.0,0.198,0.2181284,0.18352,Advantage2_system1.13,2512,26,./penalty_sweep_qpu_v113/samples/4jsz_Kdist7.5_Kmono15.0/psweep113_r3_20260327_042607/4jsz_ligand_report.csv,./penalty_sweep_qpu_v113/samples/4jsz_Kdist7.5_Kmono15.0/psweep113_r3_20260327_042607/4jsz_ligand_samples.json,./penalty_sweep_qpu_v113/samples/4jsz_Kdist7.5_Kmono15.0/psweep113_r3_20260327_042607/result.json
4jsz,4jsz_Kdist7.5_Kmono16.0,psweep113_r3_20260327_042607,7.5,16.0,ok,1.991467666017686,1000,1000,1000,1,0.001,1.0,0.001,0.2130496,0.17844,Advantage2_system1.13,2514,28,./penalty_sweep_qpu_v113/samples/4jsz_Kdist7.5_Kmono16.0/psweep113_r3_20260327_042607/4jsz_ligand_report.csv,./penalty_sweep_qpu_v113/samples/4jsz_Kdist7.5_Kmono16.0/psweep113_r3_20260327_042607/4jsz_ligand_samples.json,./penalty_sweep_qpu_v113/samples/4jsz_Kdist7.5_Kmono16.0/psweep113_r3_20260327_042607/result.json
4jsz,4jsz_Kdist7.5_Kmono17.0,psweep113_r3_20260327_042607,7.5,17.0,ok,2.956695837611437,1000,1000,1000,0,0.0,1.0,0.0,0.217348,0.18274,Advantage2_system1.13,2636,27,./penalty_sweep_qpu_v113/samples/4jsz_Kdist7.5_Kmono17.0/psweep113_r3_20260327_042607/4jsz_ligand_report.csv,./penalty_sweep_qpu_v113/samples/4jsz_Kdist7.5_Kmono17.0/psweep113_r3_20260327_042607/4jsz_ligand_samples.json,./penalty_sweep_qpu_v113/samples/4jsz_Kdist7.5_Kmono17.0/psweep113_r3_20260327_042607/result.json
4jsz,4jsz_Kdist7.5_Kmono18.0,psweep113_r3_20260327_042607,7.5,18.0,ok,1.457509866561236,1000,1000,1000,73,0.073,1.0,0.073,0.2073948,0.17278,Advantage2_system1.13,2659,30,./penalty_sweep_qpu_v113/samples/4jsz_Kdist7.5_Kmono18.0/psweep113_r3_20260327_042607/4jsz_ligand_report.csv,./penalty_sweep_qpu_v113/samples/4jsz_Kdist7.5_Kmono18.0/psweep113_r3_20260327_042607/4jsz_ligand_samples.json,./penalty_sweep_qpu_v113/samples/4jsz_Kdist7.5_Kmono18.0/psweep113_r3_20260327_042607/result.json
4jsz,4jsz_Kdist7.5_Kmono19.0,psweep113_r3_20260327_042607,7.5,19.0,ok,0.9963202173114766,1000,1000,1000,17,0.017,1.0,0.017,0.2128072,0.1782,Advantage2_system1.13,2282,25,./penalty_sweep_qpu_v113/samples/4jsz_Kdist7.5_Kmono19.0/psweep113_r3_20260327_042607/4jsz_ligand_report.csv,./penalty_sweep_qpu_v113/samples/4jsz_Kdist7.5_Kmono19.0/psweep113_r3_20260327_042607/4jsz_ligand_samples.json,./penalty_sweep_qpu_v113/samples/4jsz_Kdist7.5_Kmono19.0/psweep113_r3_20260327_042607/result.json
4jsz,4jsz_Kdist7.5_Kmono20.0,psweep113_r3_20260327_042607,7.5,20.0,ok,1.6836260670358074,1000,1000,1000,1,0.001,1.0,0.001,0.2119924,0.17738,Advantage2_system1.13,3089,33,./penalty_sweep_qpu_v113/samples/4jsz_Kdist7.5_Kmono20.0/psweep113_r3_20260327_042607/4jsz_ligand_report.csv,./penalty_sweep_qpu_v113/samples/4jsz_Kdist7.5_Kmono20.0/psweep113_r3_20260327_042607/4jsz_ligand_samples.json,./penalty_sweep_qpu_v113/samples/4jsz_Kdist7.5_Kmono20.0/psweep113_r3_20260327_042607/result.json
4jsz,4jsz_Kdist8.0_Kmono1.0,psweep113_r3_20260327_042607,8.0,1.0,ok,1.849181138055647,1000,1000,1000,4,0.004,1.0,0.004,0.2073884,0.17278,Advantage2_system1.13,2635,30,./penalty_sweep_qpu_v113/samples/4jsz_Kdist8.0_Kmono1.0/psweep113_r3_20260327_042607/4jsz_ligand_report.csv,./penalty_sweep_qpu_v113/samples/4jsz_Kdist8.0_Kmono1.0/psweep113_r3_20260327_042607/4jsz_ligand_samples.json,./penalty_sweep_qpu_v113/samples/4jsz_Kdist8.0_Kmono1.0/psweep113_r3_20260327_042607/result.json
4jsz,4jsz_Kdist8.0_Kmono2.0,psweep113_r3_20260327_042607,8.0,2.0,ok,1.5598875579783624,1000,1000,1000,57,0.057,1.0,0.057,0.2063836,0.17178,Advantage2_system1.13,2580,28,./penalty_sweep_qpu_v113/samples/4jsz_Kdist8.0_Kmono2.0/psweep113_r3_20260327_042607/4jsz_ligand_report.csv,./penalty_sweep_qpu_v113/samples/4jsz_Kdist8.0_Kmono2.0/psweep113_r3_20260327_042607/4jsz_ligand_samples.json,./penalty_sweep_qpu_v113/samples/4jsz_Kdist8.0_Kmono2.0/psweep113_r3_20260327_042607/result.json
4jsz,4jsz_Kdist8.0_Kmono3.0,psweep113_r3_20260327_042607,8.0,3.0,ok,1.813828768023994,1000,1000,1000,1,0.001,1.0,0.001,0.2191204,0.18452,Advantage2_system1.13,2434,26,./penalty_sweep_qpu_v113/samples/4jsz_Kdist8.0_Kmono3.0/psweep113_r3_20260327_042607/4jsz_ligand_report.csv,./penalty_sweep_qpu_v113/samples/4jsz_Kdist8.0_Kmono3.0/psweep113_r3_20260327_042607/4jsz_ligand_samples.json,./penalty_sweep_qpu_v113/samples/4jsz_Kdist8.0_Kmono3.0/psweep113_r3_20260327_042607/result.json
4jsz,4jsz_Kdist8.0_Kmono4.0,psweep113_r3_20260327_042607,8.0,4.0,ok,1.7772374759951621,1000,1000,1000,12,0.012,1.0,0.012,0.2163032,0.1817,Advantage2_system1.13,2358,24,./penalty_sweep_qpu_v113/samples/4jsz_Kdist8.0_Kmono4.0/psweep113_r3_20260327_042607/4jsz_ligand_report.csv,./penalty_sweep_qpu_v113/samples/4jsz_Kdist8.0_Kmono4.0/psweep113_r3_20260327_042607/4jsz_ligand_samples.json,./penalty_sweep_qpu_v113/samples/4jsz_Kdist8.0_Kmono4.0/psweep113_r3_20260327_042607/result.json
4jsz,4jsz_Kdist8.0_Kmono5.0,psweep113_r3_20260327_042607,8.0,5.0,ok,1.53419837171829,1000,1000,1000,1,0.001,1.0,0.001,0.211084,0.17648,Advantage2_system1.13,2674,30,./penalty_sweep_qpu_v113/samples/4jsz_Kdist8.0_Kmono5.0/psweep113_r3_20260327_042607/4jsz_ligand_report.csv,./penalty_sweep_qpu_v113/samples/4jsz_Kdist8.0_Kmono5.0/psweep113_r3_20260327_042607/4jsz_ligand_samples.json,./penalty_sweep_qpu_v113/samples/4jsz_Kdist8.0_Kmono5.0/psweep113_r3_20260327_042607/result.json
4jsz,4jsz_Kdist8.0_Kmono6.0,psweep113_r3_20260327_042607,8.0,6.0,ok,3.908391520037611,1000,1000,1000,0,0.0,1.0,0.0,0.20715920000000002,0.17256,Advantage2_system1.13,2503,26,./penalty_sweep_qpu_v113/samples/4jsz_Kdist8.0_Kmono6.0/psweep113_r3_20260327_042607/4jsz_ligand_report.csv,./penalty_sweep_qpu_v113/samples/4jsz_Kdist8.0_Kmono6.0/psweep113_r3_20260327_042607/4jsz_ligand_samples.json,./penalty_sweep_qpu_v113/samples/4jsz_Kdist8.0_Kmono6.0/psweep113_r3_20260327_042607/result.json
4jsz,4jsz_Kdist8.0_Kmono7.0,psweep113_r3_20260327_042607,8.0,7.0,ok,2.3475484223069625,1000,1000,1000,0,0.0,1.0,0.0,0.21080279999999998,0.1762,Advantage2_system1.13,2341,25,./penalty_sweep_qpu_v113/samples/4jsz_Kdist8.0_Kmono7.0/psweep113_r3_20260327_042607/4jsz_ligand_report.csv,./penalty_sweep_qpu_v113/samples/4jsz_Kdist8.0_Kmono7.0/psweep113_r3_20260327_042607/4jsz_ligand_samples.json,./penalty_sweep_qpu_v113/samples/4jsz_Kdist8.0_Kmono7.0/psweep113_r3_20260327_042607/result.json
4jsz,4jsz_Kdist8.0_Kmono8.0,psweep113_r3_20260327_042607,8.0,8.0,ok,2.4400992167109887,1000,1000,1000,0,0.0,1.0,0.0,0.2067592,0.17216,Advantage2_system1.13,2412,26,./penalty_sweep_qpu_v113/samples/4jsz_Kdist8.0_Kmono8.0/psweep113_r3_20260327_042607/4jsz_ligand_report.csv,./penalty_sweep_qpu_v113/samples/4jsz_Kdist8.0_Kmono8.0/psweep113_r3_20260327_042607/4jsz_ligand_samples.json,./penalty_sweep_qpu_v113/samples/4jsz_Kdist8.0_Kmono8.0/psweep113_r3_20260327_042607/result.json
4jsz,4jsz_Kdist8.0_Kmono9.0,psweep113_r3_20260327_042607,8.0,9.0,ok,2.1199620575640643,1000,1000,1000,0,0.0,1.0,0.0,0.2148024,0.1802,Advantage2_system1.13,2467,27,./penalty_sweep_qpu_v113/samples/4jsz_Kdist8.0_Kmono9.0/psweep113_r3_20260327_042607/4jsz_ligand_report.csv,./penalty_sweep_qpu_v113/samples/4jsz_Kdist8.0_Kmono9.0/psweep113_r3_20260327_042607/4jsz_ligand_samples.json,./penalty_sweep_qpu_v113/samples/4jsz_Kdist8.0_Kmono9.0/psweep113_r3_20260327_042607/result.json
4jsz,4jsz_Kdist8.0_Kmono10.0,psweep113_r3_20260327_042607,8.0,10.0,ok,1.2725165320547367,1000,1000,1000,171,0.171,1.0,0.171,0.2197616,0.18516,Advantage2_system1.13,2415,27,./penalty_sweep_qpu_v113/samples/4jsz_Kdist8.0_Kmono10.0/psweep113_r3_20260327_042607/4jsz_ligand_report.csv,./penalty_sweep_qpu_v113/samples/4jsz_Kdist8.0_Kmono10.0/psweep113_r3_20260327_042607/4jsz_ligand_samples.json,./penalty_sweep_qpu_v113/samples/4jsz_Kdist8.0_Kmono10.0/psweep113_r3_20260327_042607/result.json
4jsz,4jsz_Kdist8.0_Kmono11.0,psweep113_r3_20260327_042607,8.0,11.0,ok,2.003256261720614,1000,1000,1000,0,0.0,1.0,0.0,0.2120504,0.17744,Advantage2_system1.13,2540,27,./penalty_sweep_qpu_v113/samples/4jsz_Kdist8.0_Kmono11.0/psweep113_r3_20260327_042607/4jsz_ligand_report.csv,./penalty_sweep_qpu_v113/samples/4jsz_Kdist8.0_Kmono11.0/psweep113_r3_20260327_042607/4jsz_ligand_samples.json,./penalty_sweep_qpu_v113/samples/4jsz_Kdist8.0_Kmono11.0/psweep113_r3_20260327_042607/result.json
4jsz,4jsz_Kdist8.0_Kmono12.0,psweep113_r3_20260327_042607,8.0,12.0,ok,2.2449575464457188,1000,1000,1000,0,0.0,1.0,0.0,0.2098892,0.17528,Advantage2_system1.13,2515,26,./penalty_sweep_qpu_v113/samples/4jsz_Kdist8.0_Kmono12.0/psweep113_r3_20260327_042607/4jsz_ligand_report.csv,./penalty_sweep_qpu_v113/samples/4jsz_Kdist8.0_Kmono12.0/psweep113_r3_20260327_042607/4jsz_ligand_samples.json,./penalty_sweep_qpu_v113/samples/4jsz_Kdist8.0_Kmono12.0/psweep113_r3_20260327_042607/result.json
4jsz,4jsz_Kdist8.0_Kmono13.0,psweep113_r3_20260327_042607,8.0,13.0,ok,3.8504818608003673,1000,1000,1000,0,0.0,1.0,0.0,0.2146668,0.18006,Advantage2_system1.13,2349,25,./penalty_sweep_qpu_v113/samples/4jsz_Kdist8.0_Kmono13.0/psweep113_r3_20260327_042607/4jsz_ligand_report.csv,./penalty_sweep_qpu_v113/samples/4jsz_Kdist8.0_Kmono13.0/psweep113_r3_20260327_042607/4jsz_ligand_samples.json,./penalty_sweep_qpu_v113/samples/4jsz_Kdist8.0_Kmono13.0/psweep113_r3_20260327_042607/result.json
4jsz,4jsz_Kdist8.0_Kmono14.0,psweep113_r3_20260327_042607,8.0,14.0,ok,1.7778349063648502,1000,1000,1000,7,0.007,1.0,0.007,0.2164436,0.18184,Advantage2_system1.13,2315,23,./penalty_sweep_qpu_v113/samples/4jsz_Kdist8.0_Kmono14.0/psweep113_r3_20260327_042607/4jsz_ligand_report.csv,./penalty_sweep_qpu_v113/samples/4jsz_Kdist8.0_Kmono14.0/psweep113_r3_20260327_042607/4jsz_ligand_samples.json,./penalty_sweep_qpu_v113/samples/4jsz_Kdist8.0_Kmono14.0/psweep113_r3_20260327_042607/result.json
4jsz,4jsz_Kdist8.0_Kmono15.0,psweep113_r3_20260327_042607,8.0,15.0,ok,3.9127862178355097,1000,1000,1000,0,0.0,1.0,0.0,0.2049348,0.17034,Advantage2_system1.13,2500,28,./penalty_sweep_qpu_v113/samples/4jsz_Kdist8.0_Kmono15.0/psweep113_r3_20260327_042607/4jsz_ligand_report.csv,./penalty_sweep_qpu_v113/samples/4jsz_Kdist8.0_Kmono15.0/psweep113_r3_20260327_042607/4jsz_ligand_samples.json,./penalty_sweep_qpu_v113/samples/4jsz_Kdist8.0_Kmono15.0/psweep113_r3_20260327_042607/result.json
4jsz,4jsz_Kdist8.0_Kmono16.0,psweep113_r3_20260327_042607,8.0,16.0,ok,1.9195149715295965,1000,1000,1000,1,0.001,1.0,0.001,0.214092,0.17948,Advantage2_system1.13,2706,29,./penalty_sweep_qpu_v113/samples/4jsz_Kdist8.0_Kmono16.0/psweep113_r3_20260327_042607/4jsz_ligand_report.csv,./penalty_sweep_qpu_v113/samples/4jsz_Kdist8.0_Kmono16.0/psweep113_r3_20260327_042607/4jsz_ligand_samples.json,./penalty_sweep_qpu_v113/samples/4jsz_Kdist8.0_Kmono16.0/psweep113_r3_20260327_042607/result.json
4jsz,4jsz_Kdist8.0_Kmono17.0,psweep113_r3_20260327_042607,8.0,17.0,ok,2.3592280647522443,1000,1000,1000,0,0.0,1.0,0.0,0.21784479999999998,0.18324,Advantage2_system1.13,2548,27,./penalty_sweep_qpu_v113/samples/4jsz_Kdist8.0_Kmono17.0/psweep113_r3_20260327_042607/4jsz_ligand_report.csv,./penalty_sweep_qpu_v113/samples/4jsz_Kdist8.0_Kmono17.0/psweep113_r3_20260327_042607/4jsz_ligand_samples.json,./penalty_sweep_qpu_v113/samples/4jsz_Kdist8.0_Kmono17.0/psweep113_r3_20260327_042607/result.json
4jsz,4jsz_Kdist8.0_Kmono18.0,psweep113_r3_20260327_042607,8.0,18.0,ok,3.029809248286065,1000,1000,1000,0,0.0,1.0,0.0,0.20761839999999998,0.17302,Advantage2_system1.13,2476,26,./penalty_sweep_qpu_v113/samples/4jsz_Kdist8.0_Kmono18.0/psweep113_r3_20260327_042607/4jsz_ligand_report.csv,./penalty_sweep_qpu_v113/samples/4jsz_Kdist8.0_Kmono18.0/psweep113_r3_20260327_042607/4jsz_ligand_samples.json,./penalty_sweep_qpu_v113/samples/4jsz_Kdist8.0_Kmono18.0/psweep113_r3_20260327_042607/result.json
4jsz,4jsz_Kdist8.0_Kmono19.0,psweep113_r3_20260327_042607,8.0,19.0,ok,0.7857348436459017,1000,1000,1000,579,0.579,1.0,0.579,0.210446,0.17584,Advantage2_system1.13,2616,28,./penalty_sweep_qpu_v113/samples/4jsz_Kdist8.0_Kmono19.0/psweep113_r3_20260327_042607/4jsz_ligand_report.csv,./penalty_sweep_qpu_v113/samples/4jsz_Kdist8.0_Kmono19.0/psweep113_r3_20260327_042607/4jsz_ligand_samples.json,./penalty_sweep_qpu_v113/samples/4jsz_Kdist8.0_Kmono19.0/psweep113_r3_20260327_042607/result.json
4jsz,4jsz_Kdist8.0_Kmono20.0,psweep113_r3_20260327_042607,8.0,20.0,ok,1.0009231132786622,1000,1000,1000,48,0.048,1.0,0.048,0.21440720000000002,0.1798,Advantage2_system1.13,2325,24,./penalty_sweep_qpu_v113/samples/4jsz_Kdist8.0_Kmono20.0/psweep113_r3_20260327_042607/4jsz_ligand_report.csv,./penalty_sweep_qpu_v113/samples/4jsz_Kdist8.0_Kmono20.0/psweep113_r3_20260327_042607/4jsz_ligand_samples.json,./penalty_sweep_qpu_v113/samples/4jsz_Kdist8.0_Kmono20.0/psweep113_r3_20260327_042607/result.json
4jsz,4jsz_Kdist8.5_Kmono1.0,psweep113_r3_20260327_042607,8.5,1.0,ok,3.056704336683111,1000,1000,1000,0,0.0,1.0,0.0,0.21504520000000002,0.18044,Advantage2_system1.13,2302,25,./penalty_sweep_qpu_v113/samples/4jsz_Kdist8.5_Kmono1.0/psweep113_r3_20260327_042607/4jsz_ligand_report.csv,./penalty_sweep_qpu_v113/samples/4jsz_Kdist8.5_Kmono1.0/psweep113_r3_20260327_042607/4jsz_ligand_samples.json,./penalty_sweep_qpu_v113/samples/4jsz_Kdist8.5_Kmono1.0/psweep113_r3_20260327_042607/result.json
4jsz,4jsz_Kdist8.5_Kmono2.0,psweep113_r3_20260327_042607,8.5,2.0,ok,2.432209675048089,1000,1000,1000,0,0.0,1.0,0.0,0.215556,0.18094,Advantage2_system1.13,2924,31,./penalty_sweep_qpu_v113/samples/4jsz_Kdist8.5_Kmono2.0/psweep113_r3_20260327_042607/4jsz_ligand_report.csv,./penalty_sweep_qpu_v113/samples/4jsz_Kdist8.5_Kmono2.0/psweep113_r3_20260327_042607/4jsz_ligand_samples.json,./penalty_sweep_qpu_v113/samples/4jsz_Kdist8.5_Kmono2.0/psweep113_r3_20260327_042607/result.json
4jsz,4jsz_Kdist8.5_Kmono3.0,psweep113_r3_20260327_042607,8.5,3.0,ok,1.3532294089456371,1000,1000,1000,485,0.485,1.0,0.485,0.21127320000000002,0.17666,Advantage2_system1.13,2529,27,./penalty_sweep_qpu_v113/samples/4jsz_Kdist8.5_Kmono3.0/psweep113_r3_20260327_042607/4jsz_ligand_report.csv,./penalty_sweep_qpu_v113/samples/4jsz_Kdist8.5_Kmono3.0/psweep113_r3_20260327_042607/4jsz_ligand_samples.json,./penalty_sweep_qpu_v113/samples/4jsz_Kdist8.5_Kmono3.0/psweep113_r3_20260327_042607/result.json
4jsz,4jsz_Kdist8.5_Kmono4.0,psweep113_r3_20260327_042607,8.5,4.0,ok,2.9501389449167417,1000,1000,1000,0,0.0,1.0,0.0,0.2129468,0.17834,Advantage2_system1.13,2681,30,./penalty_sweep_qpu_v113/samples/4jsz_Kdist8.5_Kmono4.0/psweep113_r3_20260327_042607/4jsz_ligand_report.csv,./penalty_sweep_qpu_v113/samples/4jsz_Kdist8.5_Kmono4.0/psweep113_r3_20260327_042607/4jsz_ligand_samples.json,./penalty_sweep_qpu_v113/samples/4jsz_Kdist8.5_Kmono4.0/psweep113_r3_20260327_042607/result.json
4jsz,4jsz_Kdist8.5_Kmono5.0,psweep113_r3_20260327_042607,8.5,5.0,ok,2.6338418120135354,1000,1000,1000,0,0.0,1.0,0.0,0.2109136,0.1763,Advantage2_system1.13,2547,28,./penalty_sweep_qpu_v113/samples/4jsz_Kdist8.5_Kmono5.0/psweep113_r3_20260327_042607/4jsz_ligand_report.csv,./penalty_sweep_qpu_v113/samples/4jsz_Kdist8.5_Kmono5.0/psweep113_r3_20260327_042607/4jsz_ligand_samples.json,./penalty_sweep_qpu_v113/samples/4jsz_Kdist8.5_Kmono5.0/psweep113_r3_20260327_042607/result.json
4jsz,4jsz_Kdist8.5_Kmono6.0,psweep113_r3_20260327_042607,8.5,6.0,ok,3.7740739994611023,1000,1000,1000,0,0.0,1.0,0.0,0.202904,0.1683,Advantage2_system1.13,2434,25,./penalty_sweep_qpu_v113/samples/4jsz_Kdist8.5_Kmono6.0/psweep113_r3_20260327_042607/4jsz_ligand_report.csv,./penalty_sweep_qpu_v113/samples/4jsz_Kdist8.5_Kmono6.0/psweep113_r3_20260327_042607/4jsz_ligand_samples.json,./penalty_sweep_qpu_v113/samples/4jsz_Kdist8.5_Kmono6.0/psweep113_r3_20260327_042607/result.json
4jsz,4jsz_Kdist8.5_Kmono7.0,psweep113_r3_20260327_042607,8.5,7.0,ok,2.37356033824208,1000,1000,1000,0,0.0,1.0,0.0,0.2106224,0.17602,Advantage2_system1.13,2370,25,./penalty_sweep_qpu_v113/samples/4jsz_Kdist8.5_Kmono7.0/psweep113_r3_20260327_042607/4jsz_ligand_report.csv,./penalty_sweep_qpu_v113/samples/4jsz_Kdist8.5_Kmono7.0/psweep113_r3_20260327_042607/4jsz_ligand_samples.json,./penalty_sweep_qpu_v113/samples/4jsz_Kdist8.5_Kmono7.0/psweep113_r3_20260327_042607/result.json
4jsz,4jsz_Kdist8.5_Kmono8.0,psweep113_r3_20260327_042607,8.5,8.0,ok,3.281202795509735,1000,1000,1000,0,0.0,1.0,0.0,0.20971120000000001,0.1751,Advantage2_system1.13,2592,29,./penalty_sweep_qpu_v113/samples/4jsz_Kdist8.5_Kmono8.0/psweep113_r3_20260327_042607/4jsz_ligand_report.csv,./penalty_sweep_qpu_v113/samples/4jsz_Kdist8.5_Kmono8.0/psweep113_r3_20260327_042607/4jsz_ligand_samples.json,./penalty_sweep_qpu_v113/samples/4jsz_Kdist8.5_Kmono8.0/psweep113_r3_20260327_042607/result.json
4jsz,4jsz_Kdist8.5_Kmono9.0,psweep113_r3_20260327_042607,8.5,9.0,ok,1.7631804864900065,1000,1000,1000,34,0.034,1.0,0.034,0.21381239999999999,0.1792,Advantage2_system1.13,2525,26,./penalty_sweep_qpu_v113/samples/4jsz_Kdist8.5_Kmono9.0/psweep113_r3_20260327_042607/4jsz_ligand_report.csv,./penalty_sweep_qpu_v113/samples/4jsz_Kdist8.5_Kmono9.0/psweep113_r3_20260327_042607/4jsz_ligand_samples.json,./penalty_sweep_qpu_v113/samples/4jsz_Kdist8.5_Kmono9.0/psweep113_r3_20260327_042607/result.json
4jsz,4jsz_Kdist8.5_Kmono10.0,psweep113_r3_20260327_042607,8.5,10.0,ok,2.2707559627911933,1000,1000,1000,0,0.0,1.0,0.0,0.21127279999999998,0.17666,Advantage2_system1.13,2491,27,./penalty_sweep_qpu_v113/samples/4jsz_Kdist8.5_Kmono10.0/psweep113_r3_20260327_042607/4jsz_ligand_report.csv,./penalty_sweep_qpu_v113/samples/4jsz_Kdist8.5_Kmono10.0/psweep113_r3_20260327_042607/4jsz_ligand_samples.json,./penalty_sweep_qpu_v113/samples/4jsz_Kdist8.5_Kmono10.0/psweep113_r3_20260327_042607/result.json
4jsz,4jsz_Kdist8.5_Kmono11.0,psweep113_r3_20260327_042607,8.5,11.0,ok,2.7637826321327283,1000,1000,1000,0,0.0,1.0,0.0,0.211532,0.17692,Advantage2_system1.13,2872,32,./penalty_sweep_qpu_v113/samples/4jsz_Kdist8.5_Kmono11.0/psweep113_r3_20260327_042607/4jsz_ligand_report.csv,./penalty_sweep_qpu_v113/samples/4jsz_Kdist8.5_Kmono11.0/psweep113_r3_20260327_042607/4jsz_ligand_samples.json,./penalty_sweep_qpu_v113/samples/4jsz_Kdist8.5_Kmono11.0/psweep113_r3_20260327_042607/result.json
4jsz,4jsz_Kdist8.5_Kmono12.0,psweep113_r3_20260327_042607,8.5,12.0,ok,1.8955712814771728,1000,1000,1000,1,0.001,1.0,0.001,0.211886,0.17728,Advantage2_system1.13,2432,26,./penalty_sweep_qpu_v113/samples/4jsz_Kdist8.5_Kmono12.0/psweep113_r3_20260327_042607/4jsz_ligand_report.csv,./penalty_sweep_qpu_v113/samples/4jsz_Kdist8.5_Kmono12.0/psweep113_r3_20260327_042607/4jsz_ligand_samples.json,./penalty_sweep_qpu_v113/samples/4jsz_Kdist8.5_Kmono12.0/psweep113_r3_20260327_042607/result.json
4jsz,4jsz_Kdist8.5_Kmono13.0,psweep113_r3_20260327_042607,8.5,13.0,ok,1.4748525674376718,1000,1000,1000,1,0.001,1.0,0.001,0.2138056,0.1792,Advantage2_system1.13,2430,26,./penalty_sweep_qpu_v113/samples/4jsz_Kdist8.5_Kmono13.0/psweep113_r3_20260327_042607/4jsz_ligand_report.csv,./penalty_sweep_qpu_v113/samples/4jsz_Kdist8.5_Kmono13.0/psweep113_r3_20260327_042607/4jsz_ligand_samples.json,./penalty_sweep_qpu_v113/samples/4jsz_Kdist8.5_Kmono13.0/psweep113_r3_20260327_042607/result.json
4jsz,4jsz_Kdist8.5_Kmono14.0,psweep113_r3_20260327_042607,8.5,14.0,ok,1.210017761480342,1000,1000,1000,38,0.038,1.0,0.038,0.21454320000000002,0.17994,Advantage2_system1.13,2450,26,./penalty_sweep_qpu_v113/samples/4jsz_Kdist8.5_Kmono14.0/psweep113_r3_20260327_042607/4jsz_ligand_report.csv,./penalty_sweep_qpu_v113/samples/4jsz_Kdist8.5_Kmono14.0/psweep113_r3_20260327_042607/4jsz_ligand_samples.json,./penalty_sweep_qpu_v113/samples/4jsz_Kdist8.5_Kmono14.0/psweep113_r3_20260327_042607/result.json
4jsz,4jsz_Kdist8.5_Kmono15.0,psweep113_r3_20260327_042607,8.5,15.0,ok,1.179453929030217,1000,1000,1000,191,0.191,1.0,0.191,0.21635320000000002,0.18174,Advantage2_system1.13,2739,29,./penalty_sweep_qpu_v113/samples/4jsz_Kdist8.5_Kmono15.0/psweep113_r3_20260327_042607/4jsz_ligand_report.csv,./penalty_sweep_qpu_v113/samples/4jsz_Kdist8.5_Kmono15.0/psweep113_r3_20260327_042607/4jsz_ligand_samples.json,./penalty_sweep_qpu_v113/samples/4jsz_Kdist8.5_Kmono15.0/psweep113_r3_20260327_042607/result.json
4jsz,4jsz_Kdist8.5_Kmono16.0,psweep113_r3_20260327_042607,8.5,16.0,ok,1.3760156846228668,1000,1000,1000,121,0.121,1.0,0.121,0.2096728,0.17506,Advantage2_system1.13,2707,30,./penalty_sweep_qpu_v113/samples/4jsz_Kdist8.5_Kmono16.0/psweep113_r3_20260327_042607/4jsz_ligand_report.csv,./penalty_sweep_qpu_v113/samples/4jsz_Kdist8.5_Kmono16.0/psweep113_r3_20260327_042607/4jsz_ligand_samples.json,./penalty_sweep_qpu_v113/samples/4jsz_Kdist8.5_Kmono16.0/psweep113_r3_20260327_042607/result.json
4jsz,4jsz_Kdist8.5_Kmono17.0,psweep113_r3_20260327_042607,8.5,17.0,ok,1.1565620153351257,1000,1000,1000,82,0.082,1.0,0.082,0.2148536,0.18024,Advantage2_system1.13,2759,30,./penalty_sweep_qpu_v113/samples/4jsz_Kdist8.5_Kmono17.0/psweep113_r3_20260327_042607/4jsz_ligand_report.csv,./penalty_sweep_qpu_v113/samples/4jsz_Kdist8.5_Kmono17.0/psweep113_r3_20260327_042607/4jsz_ligand_samples.json,./penalty_sweep_qpu_v113/samples/4jsz_Kdist8.5_Kmono17.0/psweep113_r3_20260327_042607/result.json
4jsz,4jsz_Kdist8.5_Kmono18.0,psweep113_r3_20260327_042607,8.5,18.0,ok,1.5621433667048563,1000,1000,1000,17,0.017,1.0,0.017,0.2083932,0.17378,Advantage2_system1.13,2349,25,./penalty_sweep_qpu_v113/samples/4jsz_Kdist8.5_Kmono18.0/psweep113_r3_20260327_042607/4jsz_ligand_report.csv,./penalty_sweep_qpu_v113/samples/4jsz_Kdist8.5_Kmono18.0/psweep113_r3_20260327_042607/4jsz_ligand_samples.json,./penalty_sweep_qpu_v113/samples/4jsz_Kdist8.5_Kmono18.0/psweep113_r3_20260327_042607/result.json
4jsz,4jsz_Kdist8.5_Kmono19.0,psweep113_r3_20260327_042607,8.5,19.0,ok,1.2203190067025893,1000,1000,1000,2,0.002,1.0,0.002,0.2119104,0.1773,Advantage2_system1.13,2607,27,./penalty_sweep_qpu_v113/samples/4jsz_Kdist8.5_Kmono19.0/psweep113_r3_20260327_042607/4jsz_ligand_report.csv,./penalty_sweep_qpu_v113/samples/4jsz_Kdist8.5_Kmono19.0/psweep113_r3_20260327_042607/4jsz_ligand_samples.json,./penalty_sweep_qpu_v113/samples/4jsz_Kdist8.5_Kmono19.0/psweep113_r3_20260327_042607/result.json
4jsz,4jsz_Kdist8.5_Kmono20.0,psweep113_r3_20260327_042607,8.5,20.0,ok,1.9978932424060931,1000,1000,1000,1,0.001,1.0,0.001,0.2166324,0.18202,Advantage2_system1.13,2701,29,./penalty_sweep_qpu_v113/samples/4jsz_Kdist8.5_Kmono20.0/psweep113_r3_20260327_042607/4jsz_ligand_report.csv,./penalty_sweep_qpu_v113/samples/4jsz_Kdist8.5_Kmono20.0/psweep113_r3_20260327_042607/4jsz_ligand_samples.json,./penalty_sweep_qpu_v113/samples/4jsz_Kdist8.5_Kmono20.0/psweep113_r3_20260327_042607/result.json
4jsz,4jsz_Kdist9.0_Kmono1.0,psweep113_r3_20260327_042607,9.0,1.0,ok,1.645152296361068,1000,1000,1000,2,0.002,1.0,0.002,0.2139016,0.1793,Advantage2_system1.13,2654,29,./penalty_sweep_qpu_v113/samples/4jsz_Kdist9.0_Kmono1.0/psweep113_r3_20260327_042607/4jsz_ligand_report.csv,./penalty_sweep_qpu_v113/samples/4jsz_Kdist9.0_Kmono1.0/psweep113_r3_20260327_042607/4jsz_ligand_samples.json,./penalty_sweep_qpu_v113/samples/4jsz_Kdist9.0_Kmono1.0/psweep113_r3_20260327_042607/result.json
4jsz,4jsz_Kdist9.0_Kmono2.0,psweep113_r3_20260327_042607,9.0,2.0,ok,3.466700946372265,1000,1000,1000,0,0.0,1.0,0.0,0.2112232,0.17662,Advantage2_system1.13,2611,30,./penalty_sweep_qpu_v113/samples/4jsz_Kdist9.0_Kmono2.0/psweep113_r3_20260327_042607/4jsz_ligand_report.csv,./penalty_sweep_qpu_v113/samples/4jsz_Kdist9.0_Kmono2.0/psweep113_r3_20260327_042607/4jsz_ligand_samples.json,./penalty_sweep_qpu_v113/samples/4jsz_Kdist9.0_Kmono2.0/psweep113_r3_20260327_042607/result.json
4jsz,4jsz_Kdist9.0_Kmono3.0,psweep113_r3_20260327_042607,9.0,3.0,ok,3.120493934786535,1000,1000,1000,0,0.0,1.0,0.0,0.2159516,0.18134,Advantage2_system1.13,2601,29,./penalty_sweep_qpu_v113/samples/4jsz_Kdist9.0_Kmono3.0/psweep113_r3_20260327_042607/4jsz_ligand_report.csv,./penalty_sweep_qpu_v113/samples/4jsz_Kdist9.0_Kmono3.0/psweep113_r3_20260327_042607/4jsz_ligand_samples.json,./penalty_sweep_qpu_v113/samples/4jsz_Kdist9.0_Kmono3.0/psweep113_r3_20260327_042607/result.json
4jsz,4jsz_Kdist9.0_Kmono4.0,psweep113_r3_20260327_042607,9.0,4.0,ok,2.572982986798587,1000,1000,1000,0,0.0,1.0,0.0,0.21685320000000002,0.18224,Advantage2_system1.13,2739,29,./penalty_sweep_qpu_v113/samples/4jsz_Kdist9.0_Kmono4.0/psweep113_r3_20260327_042607/4jsz_ligand_report.csv,./penalty_sweep_qpu_v113/samples/4jsz_Kdist9.0_Kmono4.0/psweep113_r3_20260327_042607/4jsz_ligand_samples.json,./penalty_sweep_qpu_v113/samples/4jsz_Kdist9.0_Kmono4.0/psweep113_r3_20260327_042607/result.json
4jsz,4jsz_Kdist9.0_Kmono5.0,psweep113_r3_20260327_042607,9.0,5.0,ok,1.3367537577445918,1000,1000,1000,55,0.055,1.0,0.055,0.21341,0.1788,Advantage2_system1.13,2704,29,./penalty_sweep_qpu_v113/samples/4jsz_Kdist9.0_Kmono5.0/psweep113_r3_20260327_042607/4jsz_ligand_report.csv,./penalty_sweep_qpu_v113/samples/4jsz_Kdist9.0_Kmono5.0/psweep113_r3_20260327_042607/4jsz_ligand_samples.json,./penalty_sweep_qpu_v113/samples/4jsz_Kdist9.0_Kmono5.0/psweep113_r3_20260327_042607/result.json
4jsz,4jsz_Kdist9.0_Kmono6.0,psweep113_r3_20260327_042607,9.0,6.0,ok,2.8119811057793265,1000,1000,1000,0,0.0,1.0,0.0,0.20612360000000002,0.17152,Advantage2_system1.13,2650,30,./penalty_sweep_qpu_v113/samples/4jsz_Kdist9.0_Kmono6.0/psweep113_r3_20260327_042607/4jsz_ligand_report.csv,./penalty_sweep_qpu_v113/samples/4jsz_Kdist9.0_Kmono6.0/psweep113_r3_20260327_042607/4jsz_ligand_samples.json,./penalty_sweep_qpu_v113/samples/4jsz_Kdist9.0_Kmono6.0/psweep113_r3_20260327_042607/result.json
4jsz,4jsz_Kdist9.0_Kmono7.0,psweep113_r3_20260327_042607,9.0,7.0,ok,2.2714699591939413,1000,1000,1000,0,0.0,1.0,0.0,0.2158136,0.1812,Advantage2_system1.13,2441,27,./penalty_sweep_qpu_v113/samples/4jsz_Kdist9.0_Kmono7.0/psweep113_r3_20260327_042607/4jsz_ligand_report.csv,./penalty_sweep_qpu_v113/samples/4jsz_Kdist9.0_Kmono7.0/psweep113_r3_20260327_042607/4jsz_ligand_samples.json,./penalty_sweep_qpu_v113/samples/4jsz_Kdist9.0_Kmono7.0/psweep113_r3_20260327_042607/result.json
4jsz,4jsz_Kdist9.0_Kmono8.0,psweep113_r3_20260327_042607,9.0,8.0,ok,1.593435452627985,1000,1000,1000,3,0.003,1.0,0.003,0.2118076,0.1772,Advantage2_system1.13,2568,26,./penalty_sweep_qpu_v113/samples/4jsz_Kdist9.0_Kmono8.0/psweep113_r3_20260327_042607/4jsz_ligand_report.csv,./penalty_sweep_qpu_v113/samples/4jsz_Kdist9.0_Kmono8.0/psweep113_r3_20260327_042607/4jsz_ligand_samples.json,./penalty_sweep_qpu_v113/samples/4jsz_Kdist9.0_Kmono8.0/psweep113_r3_20260327_042607/result.json
4jsz,4jsz_Kdist9.0_Kmono9.0,psweep113_r3_20260327_042607,9.0,9.0,ok,1.7644419839955872,1000,1000,1000,2,0.002,1.0,0.002,0.217488,0.18288,Advantage2_system1.13,2429,26,./penalty_sweep_qpu_v113/samples/4jsz_Kdist9.0_Kmono9.0/psweep113_r3_20260327_042607/4jsz_ligand_report.csv,./penalty_sweep_qpu_v113/samples/4jsz_Kdist9.0_Kmono9.0/psweep113_r3_20260327_042607/4jsz_ligand_samples.json,./penalty_sweep_qpu_v113/samples/4jsz_Kdist9.0_Kmono9.0/psweep113_r3_20260327_042607/result.json
4jsz,4jsz_Kdist9.0_Kmono10.0,psweep113_r3_20260327_042607,9.0,10.0,ok,2.0283802175795307,1000,1000,1000,0,0.0,1.0,0.0,0.2150904,0.18048,Advantage2_system1.13,2649,30,./penalty_sweep_qpu_v113/samples/4jsz_Kdist9.0_Kmono10.0/psweep113_r3_20260327_042607/4jsz_ligand_report.csv,./penalty_sweep_qpu_v113/samples/4jsz_Kdist9.0_Kmono10.0/psweep113_r3_20260327_042607/4jsz_ligand_samples.json,./penalty_sweep_qpu_v113/samples/4jsz_Kdist9.0_Kmono10.0/psweep113_r3_20260327_042607/result.json
4jsz,4jsz_Kdist9.0_Kmono11.0,psweep113_r3_20260327_042607,9.0,11.0,ok,2.2101526417334236,1000,1000,1000,0,0.0,1.0,0.0,0.20749320000000002,0.17288,Advantage2_system1.13,2619,28,./penalty_sweep_qpu_v113/samples/4jsz_Kdist9.0_Kmono11.0/psweep113_r3_20260327_042607/4jsz_ligand_report.csv,./penalty_sweep_qpu_v113/samples/4jsz_Kdist9.0_Kmono11.0/psweep113_r3_20260327_042607/4jsz_ligand_samples.json,./penalty_sweep_qpu_v113/samples/4jsz_Kdist9.0_Kmono11.0/psweep113_r3_20260327_042607/result.json
4jsz,4jsz_Kdist9.0_Kmono12.0,psweep113_r3_20260327_042607,9.0,12.0,ok,2.5155437895149753,1000,1000,1000,0,0.0,1.0,0.0,0.2128112,0.1782,Advantage2_system1.13,2658,30,./penalty_sweep_qpu_v113/samples/4jsz_Kdist9.0_Kmono12.0/psweep113_r3_20260327_042607/4jsz_ligand_report.csv,./penalty_sweep_qpu_v113/samples/4jsz_Kdist9.0_Kmono12.0/psweep113_r3_20260327_042607/4jsz_ligand_samples.json,./penalty_sweep_qpu_v113/samples/4jsz_Kdist9.0_Kmono12.0/psweep113_r3_20260327_042607/result.json
4jsz,4jsz_Kdist9.0_Kmono13.0,psweep113_r3_20260327_042607,9.0,13.0,ok,2.831779571392832,1000,1000,1000,0,0.0,1.0,0.0,0.2116228,0.17702,Advantage2_system1.13,2318,25,./penalty_sweep_qpu_v113/samples/4jsz_Kdist9.0_Kmono13.0/psweep113_r3_20260327_042607/4jsz_ligand_report.csv,./penalty_sweep_qpu_v113/samples/4jsz_Kdist9.0_Kmono13.0/psweep113_r3_20260327_042607/4jsz_ligand_samples.json,./penalty_sweep_qpu_v113/samples/4jsz_Kdist9.0_Kmono13.0/psweep113_r3_20260327_042607/result.json
4jsz,4jsz_Kdist9.0_Kmono14.0,psweep113_r3_20260327_042607,9.0,14.0,ok,1.486418768896931,1000,1000,1000,4,0.004,1.0,0.004,0.2123844,0.17778,Advantage2_system1.13,2244,23,./penalty_sweep_qpu_v113/samples/4jsz_Kdist9.0_Kmono14.0/psweep113_r3_20260327_042607/4jsz_ligand_report.csv,./penalty_sweep_qpu_v113/samples/4jsz_Kdist9.0_Kmono14.0/psweep113_r3_20260327_042607/4jsz_ligand_samples.json,./penalty_sweep_qpu_v113/samples/4jsz_Kdist9.0_Kmono14.0/psweep113_r3_20260327_042607/result.json
4jsz,4jsz_Kdist9.0_Kmono15.0,psweep113_r3_20260327_042607,9.0,15.0,ok,2.1054540438082348,1000,1000,1000,0,0.0,1.0,0.0,0.21040920000000002,0.1758,Advantage2_system1.13,2306,24,./penalty_sweep_qpu_v113/samples/4jsz_Kdist9.0_Kmono15.0/psweep113_r3_20260327_042607/4jsz_ligand_report.csv,./penalty_sweep_qpu_v113/samples/4jsz_Kdist9.0_Kmono15.0/psweep113_r3_20260327_042607/4jsz_ligand_samples.json,./penalty_sweep_qpu_v113/samples/4jsz_Kdist9.0_Kmono15.0/psweep113_r3_20260327_042607/result.json
4jsz,4jsz_Kdist9.0_Kmono16.0,psweep113_r3_20260327_042607,9.0,16.0,ok,1.3017016587750794,1000,1000,1000,690,0.69,1.0,0.69,0.21112,0.17652,Advantage2_system1.13,2477,27,./penalty_sweep_qpu_v113/samples/4jsz_Kdist9.0_Kmono16.0/psweep113_r3_20260327_042607/4jsz_ligand_report.csv,./penalty_sweep_qpu_v113/samples/4jsz_Kdist9.0_Kmono16.0/psweep113_r3_20260327_042607/4jsz_ligand_samples.json,./penalty_sweep_qpu_v113/samples/4jsz_Kdist9.0_Kmono16.0/psweep113_r3_20260327_042607/result.json
4jsz,4jsz_Kdist9.0_Kmono17.0,psweep113_r3_20260327_042607,9.0,17.0,ok,2.382157395338882,1000,1000,1000,0,0.0,1.0,0.0,0.21558439999999998,0.18098,Advantage2_system1.13,2521,27,./penalty_sweep_qpu_v113/samples/4jsz_Kdist9.0_Kmono17.0/psweep113_r3_20260327_042607/4jsz_ligand_report.csv,./penalty_sweep_qpu_v113/samples/4jsz_Kdist9.0_Kmono17.0/psweep113_r3_20260327_042607/4jsz_ligand_samples.json,./penalty_sweep_qpu_v113/samples/4jsz_Kdist9.0_Kmono17.0/psweep113_r3_20260327_042607/result.json
4jsz,4jsz_Kdist9.0_Kmono18.0,psweep113_r3_20260327_042607,9.0,18.0,ok,1.9655530225210522,1000,1000,1000,2,0.002,1.0,0.002,0.2122288,0.17762,Advantage2_system1.13,2376,25,./penalty_sweep_qpu_v113/samples/4jsz_Kdist9.0_Kmono18.0/psweep113_r3_20260327_042607/4jsz_ligand_report.csv,./penalty_sweep_qpu_v113/samples/4jsz_Kdist9.0_Kmono18.0/psweep113_r3_20260327_042607/4jsz_ligand_samples.json,./penalty_sweep_qpu_v113/samples/4jsz_Kdist9.0_Kmono18.0/psweep113_r3_20260327_042607/result.json
4jsz,4jsz_Kdist9.0_Kmono19.0,psweep113_r3_20260327_042607,9.0,19.0,ok,0.9994107427579229,1000,1000,1000,478,0.478,1.0,0.478,0.2133108,0.1787,Advantage2_system1.13,2617,27,./penalty_sweep_qpu_v113/samples/4jsz_Kdist9.0_Kmono19.0/psweep113_r3_20260327_042607/4jsz_ligand_report.csv,./penalty_sweep_qpu_v113/samples/4jsz_Kdist9.0_Kmono19.0/psweep113_r3_20260327_042607/4jsz_ligand_samples.json,./penalty_sweep_qpu_v113/samples/4jsz_Kdist9.0_Kmono19.0/psweep113_r3_20260327_042607/result.json
4jsz,4jsz_Kdist9.0_Kmono20.0,psweep113_r3_20260327_042607,9.0,20.0,ok,2.1482150600935963,1000,1000,1000,0,0.0,1.0,0.0,0.21773520000000002,0.18312,Advantage2_system1.13,2770,31,./penalty_sweep_qpu_v113/samples/4jsz_Kdist9.0_Kmono20.0/psweep113_r3_20260327_042607/4jsz_ligand_report.csv,./penalty_sweep_qpu_v113/samples/4jsz_Kdist9.0_Kmono20.0/psweep113_r3_20260327_042607/4jsz_ligand_samples.json,./penalty_sweep_qpu_v113/samples/4jsz_Kdist9.0_Kmono20.0/psweep113_r3_20260327_042607/result.json
4jsz,4jsz_Kdist9.5_Kmono1.0,psweep113_r3_20260327_042607,9.5,1.0,ok,1.2497075687552912,1000,1000,1000,61,0.061,1.0,0.061,0.2154564,0.18084,Advantage2_system1.13,2943,34,./penalty_sweep_qpu_v113/samples/4jsz_Kdist9.5_Kmono1.0/psweep113_r3_20260327_042607/4jsz_ligand_report.csv,./penalty_sweep_qpu_v113/samples/4jsz_Kdist9.5_Kmono1.0/psweep113_r3_20260327_042607/4jsz_ligand_samples.json,./penalty_sweep_qpu_v113/samples/4jsz_Kdist9.5_Kmono1.0/psweep113_r3_20260327_042607/result.json
4jsz,4jsz_Kdist9.5_Kmono2.0,psweep113_r3_20260327_042607,9.5,2.0,ok,2.879899773679327,1000,1000,1000,0,0.0,1.0,0.0,0.21381,0.1792,Advantage2_system1.13,2508,27,./penalty_sweep_qpu_v113/samples/4jsz_Kdist9.5_Kmono2.0/psweep113_r3_20260327_042607/4jsz_ligand_report.csv,./penalty_sweep_qpu_v113/samples/4jsz_Kdist9.5_Kmono2.0/psweep113_r3_20260327_042607/4jsz_ligand_samples.json,./penalty_sweep_qpu_v113/samples/4jsz_Kdist9.5_Kmono2.0/psweep113_r3_20260327_042607/result.json
4jsz,4jsz_Kdist9.5_Kmono3.0,psweep113_r3_20260327_042607,9.5,3.0,ok,2.3183012287889904,1000,1000,1000,0,0.0,1.0,0.0,0.21566960000000002,0.18106,Advantage2_system1.13,2576,28,./penalty_sweep_qpu_v113/samples/4jsz_Kdist9.5_Kmono3.0/psweep113_r3_20260327_042607/4jsz_ligand_report.csv,./penalty_sweep_qpu_v113/samples/4jsz_Kdist9.5_Kmono3.0/psweep113_r3_20260327_042607/4jsz_ligand_samples.json,./penalty_sweep_qpu_v113/samples/4jsz_Kdist9.5_Kmono3.0/psweep113_r3_20260327_042607/result.json
4jsz,4jsz_Kdist9.5_Kmono4.0,psweep113_r3_20260327_042607,9.5,4.0,ok,1.4715853574887738,1000,1000,1000,7,0.007,1.0,0.007,0.209586,0.17498,Advantage2_system1.13,2454,25,./penalty_sweep_qpu_v113/samples/4jsz_Kdist9.5_Kmono4.0/psweep113_r3_20260327_042607/4jsz_ligand_report.csv,./penalty_sweep_qpu_v113/samples/4jsz_Kdist9.5_Kmono4.0/psweep113_r3_20260327_042607/4jsz_ligand_samples.json,./penalty_sweep_qpu_v113/samples/4jsz_Kdist9.5_Kmono4.0/psweep113_r3_20260327_042607/result.json
4jsz,4jsz_Kdist9.5_Kmono5.0,psweep113_r3_20260327_042607,9.5,5.0,ok,2.211365932533369,1000,1000,1000,0,0.0,1.0,0.0,0.213628,0.17902,Advantage2_system1.13,2376,26,./penalty_sweep_qpu_v113/samples/4jsz_Kdist9.5_Kmono5.0/psweep113_r3_20260327_042607/4jsz_ligand_report.csv,./penalty_sweep_qpu_v113/samples/4jsz_Kdist9.5_Kmono5.0/psweep113_r3_20260327_042607/4jsz_ligand_samples.json,./penalty_sweep_qpu_v113/samples/4jsz_Kdist9.5_Kmono5.0/psweep113_r3_20260327_042607/result.json
4jsz,4jsz_Kdist9.5_Kmono6.0,psweep113_r3_20260327_042607,9.5,6.0,ok,3.2075214857750427,1000,1000,1000,0,0.0,1.0,0.0,0.2074892,0.17288,Advantage2_system1.13,2683,29,./penalty_sweep_qpu_v113/samples/4jsz_Kdist9.5_Kmono6.0/psweep113_r3_20260327_042607/4jsz_ligand_report.csv,./penalty_sweep_qpu_v113/samples/4jsz_Kdist9.5_Kmono6.0/psweep113_r3_20260327_042607/4jsz_ligand_samples.json,./penalty_sweep_qpu_v113/samples/4jsz_Kdist9.5_Kmono6.0/psweep113_r3_20260327_042607/result.json
4jsz,4jsz_Kdist9.5_Kmono7.0,psweep113_r3_20260327_042607,9.5,7.0,ok,2.749237628723176,1000,1000,1000,0,0.0,1.0,0.0,0.210958,0.17634,Advantage2_system1.13,2478,26,./penalty_sweep_qpu_v113/samples/4jsz_Kdist9.5_Kmono7.0/psweep113_r3_20260327_042607/4jsz_ligand_report.csv,./penalty_sweep_qpu_v113/samples/4jsz_Kdist9.5_Kmono7.0/psweep113_r3_20260327_042607/4jsz_ligand_samples.json,./penalty_sweep_qpu_v113/samples/4jsz_Kdist9.5_Kmono7.0/psweep113_r3_20260327_042607/result.json
4jsz,4jsz_Kdist9.5_Kmono8.0,psweep113_r3_20260327_042607,9.5,8.0,ok,1.154919691155329,1000,1000,1000,490,0.49,1.0,0.49,0.2108456,0.17624,Advantage2_system1.13,2583,28,./penalty_sweep_qpu_v113/samples/4jsz_Kdist9.5_Kmono8.0/psweep113_r3_20260327_042607/4jsz_ligand_report.csv,./penalty_sweep_qpu_v113/samples/4jsz_Kdist9.5_Kmono8.0/psweep113_r3_20260327_042607/4jsz_ligand_samples.json,./penalty_sweep_qpu_v113/samples/4jsz_Kdist9.5_Kmono8.0/psweep113_r3_20260327_042607/result.json
4jsz,4jsz_Kdist9.5_Kmono9.0,psweep113_r3_20260327_042607,9.5,9.0,ok,2.082085216500108,1000,1000,1000,0,0.0,1.0,0.0,0.21609520000000002,0.18148,Advantage2_system1.13,2894,30,./penalty_sweep_qpu_v113/samples/4jsz_Kdist9.5_Kmono9.0/psweep113_r3_20260327_042607/4jsz_ligand_report.csv,./penalty_sweep_qpu_v113/samples/4jsz_Kdist9.5_Kmono9.0/psweep113_r3_20260327_042607/4jsz_ligand_samples.json,./penalty_sweep_qpu_v113/samples/4jsz_Kdist9.5_Kmono9.0/psweep113_r3_20260327_042607/result.json
4jsz,4jsz_Kdist9.5_Kmono10.0,psweep113_r3_20260327_042607,9.5,10.0,ok,1.7753852185834245,1000,1000,1000,1,0.001,1.0,0.001,0.21176479999999998,0.17716,Advantage2_system1.13,2273,23,./penalty_sweep_qpu_v113/samples/4jsz_Kdist9.5_Kmono10.0/psweep113_r3_20260327_042607/4jsz_ligand_report.csv,./penalty_sweep_qpu_v113/samples/4jsz_Kdist9.5_Kmono10.0/psweep113_r3_20260327_042607/4jsz_ligand_samples.json,./penalty_sweep_qpu_v113/samples/4jsz_Kdist9.5_Kmono10.0/psweep113_r3_20260327_042607/result.json
4jsz,4jsz_Kdist9.5_Kmono11.0,psweep113_r3_20260327_042607,9.5,11.0,ok,2.6271079768734484,1000,1000,1000,0,0.0,1.0,0.0,0.21580839999999998,0.1812,Advantage2_system1.13,2775,33,./penalty_sweep_qpu_v113/samples/4jsz_Kdist9.5_Kmono11.0/psweep113_r3_20260327_042607/4jsz_ligand_report.csv,./penalty_sweep_qpu_v113/samples/4jsz_Kdist9.5_Kmono11.0/psweep113_r3_20260327_042607/4jsz_ligand_samples.json,./penalty_sweep_qpu_v113/samples/4jsz_Kdist9.5_Kmono11.0/psweep113_r3_20260327_042607/result.json
4jsz,4jsz_Kdist9.5_Kmono12.0,psweep113_r3_20260327_042607,9.5,12.0,ok,1.304454379256031,1000,1000,1000,17,0.017,1.0,0.017,0.2168408,0.18224,Advantage2_system1.13,2382,25,./penalty_sweep_qpu_v113/samples/4jsz_Kdist9.5_Kmono12.0/psweep113_r3_20260327_042607/4jsz_ligand_report.csv,./penalty_sweep_qpu_v113/samples/4jsz_Kdist9.5_Kmono12.0/psweep113_r3_20260327_042607/4jsz_ligand_samples.json,./penalty_sweep_qpu_v113/samples/4jsz_Kdist9.5_Kmono12.0/psweep113_r3_20260327_042607/result.json
4jsz,4jsz_Kdist9.5_Kmono13.0,psweep113_r3_20260327_042607,9.5,13.0,ok,1.871824829612461,1000,1000,1000,5,0.005,1.0,0.005,0.21480639999999998,0.1802,Advantage2_system1.13,2667,29,./penalty_sweep_qpu_v113/samples/4jsz_Kdist9.5_Kmono13.0/psweep113_r3_20260327_042607/4jsz_ligand_report.csv,./penalty_sweep_qpu_v113/samples/4jsz_Kdist9.5_Kmono13.0/psweep113_r3_20260327_042607/4jsz_ligand_samples.json,./penalty_sweep_qpu_v113/samples/4jsz_Kdist9.5_Kmono13.0/psweep113_r3_20260327_042607/result.json
4jsz,4jsz_Kdist9.5_Kmono14.0,psweep113_r3_20260327_042607,9.5,14.0,ok,0.8861250229832112,1000,1000,1000,300,0.3,1.0,0.3,0.2173556,0.18274,Advantage2_system1.13,2688,29,./penalty_sweep_qpu_v113/samples/4jsz_Kdist9.5_Kmono14.0/psweep113_r3_20260327_042607/4jsz_ligand_report.csv,./penalty_sweep_qpu_v113/samples/4jsz_Kdist9.5_Kmono14.0/psweep113_r3_20260327_042607/4jsz_ligand_samples.json,./penalty_sweep_qpu_v113/samples/4jsz_Kdist9.5_Kmono14.0/psweep113_r3_20260327_042607/result.json
4jsz,4jsz_Kdist9.5_Kmono15.0,psweep113_r3_20260327_042607,9.5,15.0,ok,2.7420855631594634,1000,1000,1000,0,0.0,1.0,0.0,0.2158088,0.1812,Advantage2_system1.13,2475,27,./penalty_sweep_qpu_v113/samples/4jsz_Kdist9.5_Kmono15.0/psweep113_r3_20260327_042607/4jsz_ligand_report.csv,./penalty_sweep_qpu_v113/samples/4jsz_Kdist9.5_Kmono15.0/psweep113_r3_20260327_042607/4jsz_ligand_samples.json,./penalty_sweep_qpu_v113/samples/4jsz_Kdist9.5_Kmono15.0/psweep113_r3_20260327_042607/result.json
4jsz,4jsz_Kdist9.5_Kmono16.0,psweep113_r3_20260327_042607,9.5,16.0,ok,2.452511535965998,1000,1000,1000,0,0.0,1.0,0.0,0.21420679999999998,0.1796,Advantage2_system1.13,2568,28,./penalty_sweep_qpu_v113/samples/4jsz_Kdist9.5_Kmono16.0/psweep113_r3_20260327_042607/4jsz_ligand_report.csv,./penalty_sweep_qpu_v113/samples/4jsz_Kdist9.5_Kmono16.0/psweep113_r3_20260327_042607/4jsz_ligand_samples.json,./penalty_sweep_qpu_v113/samples/4jsz_Kdist9.5_Kmono16.0/psweep113_r3_20260327_042607/result.json
4jsz,4jsz_Kdist9.5_Kmono17.0,psweep113_r3_20260327_042607,9.5,17.0,ok,1.805336990942052,1000,1000,1000,5,0.005,1.0,0.005,0.21658439999999998,0.18198,Advantage2_system1.13,2452,27,./penalty_sweep_qpu_v113/samples/4jsz_Kdist9.5_Kmono17.0/psweep113_r3_20260327_042607/4jsz_ligand_report.csv,./penalty_sweep_qpu_v113/samples/4jsz_Kdist9.5_Kmono17.0/psweep113_r3_20260327_042607/4jsz_ligand_samples.json,./penalty_sweep_qpu_v113/samples/4jsz_Kdist9.5_Kmono17.0/psweep113_r3_20260327_042607/result.json
4jsz,4jsz_Kdist9.5_Kmono18.0,psweep113_r3_20260327_042607,9.5,18.0,ok,2.8727132683741035,1000,1000,1000,0,0.0,1.0,0.0,0.2115236,0.17692,Advantage2_system1.13,2457,26,./penalty_sweep_qpu_v113/samples/4jsz_Kdist9.5_Kmono18.0/psweep113_r3_20260327_042607/4jsz_ligand_report.csv,./penalty_sweep_qpu_v113/samples/4jsz_Kdist9.5_Kmono18.0/psweep113_r3_20260327_042607/4jsz_ligand_samples.json,./penalty_sweep_qpu_v113/samples/4jsz_Kdist9.5_Kmono18.0/psweep113_r3_20260327_042607/result.json
4jsz,4jsz_Kdist9.5_Kmono19.0,psweep113_r3_20260327_042607,9.5,19.0,ok,1.7679782207678896,1000,1000,1000,1,0.001,1.0,0.001,0.206406,0.1718,Advantage2_system1.13,2464,26,./penalty_sweep_qpu_v113/samples/4jsz_Kdist9.5_Kmono19.0/psweep113_r3_20260327_042607/4jsz_ligand_report.csv,./penalty_sweep_qpu_v113/samples/4jsz_Kdist9.5_Kmono19.0/psweep113_r3_20260327_042607/4jsz_ligand_samples.json,./penalty_sweep_qpu_v113/samples/4jsz_Kdist9.5_Kmono19.0/psweep113_r3_20260327_042607/result.json
4jsz,4jsz_Kdist9.5_Kmono20.0,psweep113_r3_20260327_042607,9.5,20.0,ok,2.1363578034589272,1000,1000,1000,0,0.0,1.0,0.0,0.21490879999999998,0.1803,Advantage2_system1.13,2387,24,./penalty_sweep_qpu_v113/samples/4jsz_Kdist9.5_Kmono20.0/psweep113_r3_20260327_042607/4jsz_ligand_report.csv,./penalty_sweep_qpu_v113/samples/4jsz_Kdist9.5_Kmono20.0/psweep113_r3_20260327_042607/4jsz_ligand_samples.json,./penalty_sweep_qpu_v113/samples/4jsz_Kdist9.5_Kmono20.0/psweep113_r3_20260327_042607/result.json
4jsz,4jsz_Kdist10.0_Kmono1.0,psweep113_r3_20260327_042607,10.0,1.0,ok,4.078023041691124,1000,1000,1000,0,0.0,1.0,0.0,0.203712,0.1691,Advantage2_system1.13,2472,26,./penalty_sweep_qpu_v113/samples/4jsz_Kdist10.0_Kmono1.0/psweep113_r3_20260327_042607/4jsz_ligand_report.csv,./penalty_sweep_qpu_v113/samples/4jsz_Kdist10.0_Kmono1.0/psweep113_r3_20260327_042607/4jsz_ligand_samples.json,./penalty_sweep_qpu_v113/samples/4jsz_Kdist10.0_Kmono1.0/psweep113_r3_20260327_042607/result.json
4jsz,4jsz_Kdist10.0_Kmono2.0,psweep113_r3_20260327_042607,10.0,2.0,ok,1.9972775631574853,1000,1000,1000,1,0.001,1.0,0.001,0.2153072,0.1807,Advantage2_system1.13,2675,28,./penalty_sweep_qpu_v113/samples/4jsz_Kdist10.0_Kmono2.0/psweep113_r3_20260327_042607/4jsz_ligand_report.csv,./penalty_sweep_qpu_v113/samples/4jsz_Kdist10.0_Kmono2.0/psweep113_r3_20260327_042607/4jsz_ligand_samples.json,./penalty_sweep_qpu_v113/samples/4jsz_Kdist10.0_Kmono2.0/psweep113_r3_20260327_042607/result.json
4jsz,4jsz_Kdist10.0_Kmono3.0,psweep113_r3_20260327_042607,10.0,3.0,ok,1.6416638195636035,1000,1000,1000,6,0.006,1.0,0.006,0.2131304,0.17852,Advantage2_system1.13,2780,30,./penalty_sweep_qpu_v113/samples/4jsz_Kdist10.0_Kmono3.0/psweep113_r3_20260327_042607/4jsz_ligand_report.csv,./penalty_sweep_qpu_v113/samples/4jsz_Kdist10.0_Kmono3.0/psweep113_r3_20260327_042607/4jsz_ligand_samples.json,./penalty_sweep_qpu_v113/samples/4jsz_Kdist10.0_Kmono3.0/psweep113_r3_20260327_042607/result.json
4jsz,4jsz_Kdist10.0_Kmono4.0,psweep113_r3_20260327_042607,10.0,4.0,ok,1.0091371753132268,1000,1000,1000,25,0.025,1.0,0.025,0.2097076,0.1751,Advantage2_system1.13,2334,24,./penalty_sweep_qpu_v113/samples/4jsz_Kdist10.0_Kmono4.0/psweep113_r3_20260327_042607/4jsz_ligand_report.csv,./penalty_sweep_qpu_v113/samples/4jsz_Kdist10.0_Kmono4.0/psweep113_r3_20260327_042607/4jsz_ligand_samples.json,./penalty_sweep_qpu_v113/samples/4jsz_Kdist10.0_Kmono4.0/psweep113_r3_20260327_042607/result.json
4jsz,4jsz_Kdist10.0_Kmono5.0,psweep113_r3_20260327_042607,10.0,5.0,ok,1.614840338228626,1000,1000,1000,20,0.02,1.0,0.02,0.2103932,0.17578,Advantage2_system1.13,2485,27,./penalty_sweep_qpu_v113/samples/4jsz_Kdist10.0_Kmono5.0/psweep113_r3_20260327_042607/4jsz_ligand_report.csv,./penalty_sweep_qpu_v113/samples/4jsz_Kdist10.0_Kmono5.0/psweep113_r3_20260327_042607/4jsz_ligand_samples.json,./penalty_sweep_qpu_v113/samples/4jsz_Kdist10.0_Kmono5.0/psweep113_r3_20260327_042607/result.json
4jsz,4jsz_Kdist10.0_Kmono6.0,psweep113_r3_20260327_042607,10.0,6.0,ok,2.2760380645027705,1000,1000,1000,0,0.0,1.0,0.0,0.215078,0.18048,Advantage2_system1.13,2480,26,./penalty_sweep_qpu_v113/samples/4jsz_Kdist10.0_Kmono6.0/psweep113_r3_20260327_042607/4jsz_ligand_report.csv,./penalty_sweep_qpu_v113/samples/4jsz_Kdist10.0_Kmono6.0/psweep113_r3_20260327_042607/4jsz_ligand_samples.json,./penalty_sweep_qpu_v113/samples/4jsz_Kdist10.0_Kmono6.0/psweep113_r3_20260327_042607/result.json
4jsz,4jsz_Kdist10.0_Kmono7.0,psweep113_r3_20260327_042607,10.0,7.0,ok,3.0662147428514865,1000,1000,1000,0,0.0,1.0,0.0,0.2115264,0.17692,Advantage2_system1.13,2438,26,./penalty_sweep_qpu_v113/samples/4jsz_Kdist10.0_Kmono7.0/psweep113_r3_20260327_042607/4jsz_ligand_report.csv,./penalty_sweep_qpu_v113/samples/4jsz_Kdist10.0_Kmono7.0/psweep113_r3_20260327_042607/4jsz_ligand_samples.json,./penalty_sweep_qpu_v113/samples/4jsz_Kdist10.0_Kmono7.0/psweep113_r3_20260327_042607/result.json
4jsz,4jsz_Kdist10.0_Kmono8.0,psweep113_r3_20260327_042607,10.0,8.0,ok,2.1245103926271547,1000,1000,1000,0,0.0,1.0,0.0,0.2170888,0.18248,Advantage2_system1.13,2570,28,./penalty_sweep_qpu_v113/samples/4jsz_Kdist10.0_Kmono8.0/psweep113_r3_20260327_042607/4jsz_ligand_report.csv,./penalty_sweep_qpu_v113/samples/4jsz_Kdist10.0_Kmono8.0/psweep113_r3_20260327_042607/4jsz_ligand_samples.json,./penalty_sweep_qpu_v113/samples/4jsz_Kdist10.0_Kmono8.0/psweep113_r3_20260327_042607/result.json
4jsz,4jsz_Kdist10.0_Kmono9.0,psweep113_r3_20260327_042607,10.0,9.0,ok,1.3289772374984905,1000,1000,1000,65,0.065,1.0,0.065,0.2162096,0.1816,Advantage2_system1.13,2832,30,./penalty_sweep_qpu_v113/samples/4jsz_Kdist10.0_Kmono9.0/psweep113_r3_20260327_042607/4jsz_ligand_report.csv,./penalty_sweep_qpu_v113/samples/4jsz_Kdist10.0_Kmono9.0/psweep113_r3_20260327_042607/4jsz_ligand_samples.json,./penalty_sweep_qpu_v113/samples/4jsz_Kdist10.0_Kmono9.0/psweep113_r3_20260327_042607/result.json
4jsz,4jsz_Kdist10.0_Kmono10.0,psweep113_r3_20260327_042607,10.0,10.0,ok,1.8231061643501814,1000,1000,1000,2,0.002,1.0,0.002,0.2131692,0.17856,Advantage2_system1.13,2432,26,./penalty_sweep_qpu_v113/samples/4jsz_Kdist10.0_Kmono10.0/psweep113_r3_20260327_042607/4jsz_ligand_report.csv,./penalty_sweep_qpu_v113/samples/4jsz_Kdist10.0_Kmono10.0/psweep113_r3_20260327_042607/4jsz_ligand_samples.json,./penalty_sweep_qpu_v113/samples/4jsz_Kdist10.0_Kmono10.0/psweep113_r3_20260327_042607/result.json
4jsz,4jsz_Kdist10.0_Kmono11.0,psweep113_r3_20260327_042607,10.0,11.0,ok,2.1653310265745676,1000,1000,1000,0,0.0,1.0,0.0,0.21835279999999999,0.18374,Advantage2_system1.13,2511,26,./penalty_sweep_qpu_v113/samples/4jsz_Kdist10.0_Kmono11.0/psweep113_r3_20260327_042607/4jsz_ligand_report.csv,./penalty_sweep_qpu_v113/samples/4jsz_Kdist10.0_Kmono11.0/psweep113_r3_20260327_042607/4jsz_ligand_samples.json,./penalty_sweep_qpu_v113/samples/4jsz_Kdist10.0_Kmono11.0/psweep113_r3_20260327_042607/result.json
4jsz,4jsz_Kdist10.0_Kmono12.0,psweep113_r3_20260327_042607,10.0,12.0,ok,1.6298492075524225,1000,1000,1000,4,0.004,1.0,0.004,0.21698879999999998,0.18238,Advantage2_system1.13,2719,30,./penalty_sweep_qpu_v113/samples/4jsz_Kdist10.0_Kmono12.0/psweep113_r3_20260327_042607/4jsz_ligand_report.csv,./penalty_sweep_qpu_v113/samples/4jsz_Kdist10.0_Kmono12.0/psweep113_r3_20260327_042607/4jsz_ligand_samples.json,./penalty_sweep_qpu_v113/samples/4jsz_Kdist10.0_Kmono12.0/psweep113_r3_20260327_042607/result.json
4jsz,4jsz_Kdist10.0_Kmono13.0,psweep113_r3_20260327_042607,10.0,13.0,ok,2.9905170722412704,1000,1000,1000,0,0.0,1.0,0.0,0.2145936,0.17998,Advantage2_system1.13,2755,30,./penalty_sweep_qpu_v113/samples/4jsz_Kdist10.0_Kmono13.0/psweep113_r3_20260327_042607/4jsz_ligand_report.csv,./penalty_sweep_qpu_v113/samples/4jsz_Kdist10.0_Kmono13.0/psweep113_r3_20260327_042607/4jsz_ligand_samples.json,./penalty_sweep_qpu_v113/samples/4jsz_Kdist10.0_Kmono13.0/psweep113_r3_20260327_042607/result.json
4jsz,4jsz_Kdist10.0_Kmono14.0,psweep113_r3_20260327_042607,10.0,14.0,ok,1.4170026704315948,1000,1000,1000,86,0.086,1.0,0.086,0.211768,0.17716,Advantage2_system1.13,2528,28,./penalty_sweep_qpu_v113/samples/4jsz_Kdist10.0_Kmono14.0/psweep113_r3_20260327_042607/4jsz_ligand_report.csv,./penalty_sweep_qpu_v113/samples/4jsz_Kdist10.0_Kmono14.0/psweep113_r3_20260327_042607/4jsz_ligand_samples.json,./penalty_sweep_qpu_v113/samples/4jsz_Kdist10.0_Kmono14.0/psweep113_r3_20260327_042607/result.json
4jsz,4jsz_Kdist10.0_Kmono15.0,psweep113_r3_20260327_042607,10.0,15.0,ok,2.0467232213232607,1000,1000,1000,0,0.0,1.0,0.0,0.2146004,0.17998,Advantage2_system1.13,2662,28,./penalty_sweep_qpu_v113/samples/4jsz_Kdist10.0_Kmono15.0/psweep113_r3_20260327_042607/4jsz_ligand_report.csv,./penalty_sweep_qpu_v113/samples/4jsz_Kdist10.0_Kmono15.0/psweep113_r3_20260327_042607/4jsz_ligand_samples.json,./penalty_sweep_qpu_v113/samples/4jsz_Kdist10.0_Kmono15.0/psweep113_r3_20260327_042607/result.json
4jsz,4jsz_Kdist10.0_Kmono16.0,psweep113_r3_20260327_042607,10.0,16.0,ok,1.9592017691497614,1000,1000,1000,1,0.001,1.0,0.001,0.21912520000000002,0.18452,Advantage2_system1.13,2748,29,./penalty_sweep_qpu_v113/samples/4jsz_Kdist10.0_Kmono16.0/psweep113_r3_20260327_042607/4jsz_ligand_report.csv,./penalty_sweep_qpu_v113/samples/4jsz_Kdist10.0_Kmono16.0/psweep113_r3_20260327_042607/4jsz_ligand_samples.json,./penalty_sweep_qpu_v113/samples/4jsz_Kdist10.0_Kmono16.0/psweep113_r3_20260327_042607/result.json
4jsz,4jsz_Kdist10.0_Kmono17.0,psweep113_r3_20260327_042607,10.0,17.0,ok,1.7344797606910372,1000,1000,1000,10,0.01,1.0,0.01,0.2134144,0.1788,Advantage2_system1.13,2487,27,./penalty_sweep_qpu_v113/samples/4jsz_Kdist10.0_Kmono17.0/psweep113_r3_20260327_042607/4jsz_ligand_report.csv,./penalty_sweep_qpu_v113/samples/4jsz_Kdist10.0_Kmono17.0/psweep113_r3_20260327_042607/4jsz_ligand_samples.json,./penalty_sweep_qpu_v113/samples/4jsz_Kdist10.0_Kmono17.0/psweep113_r3_20260327_042607/result.json
4jsz,4jsz_Kdist10.0_Kmono18.0,psweep113_r3_20260327_042607,10.0,18.0,ok,1.2101594014466324,1000,1000,1000,7,0.007,1.0,0.007,0.2165788,0.18198,Advantage2_system1.13,2502,27,./penalty_sweep_qpu_v113/samples/4jsz_Kdist10.0_Kmono18.0/psweep113_r3_20260327_042607/4jsz_ligand_report.csv,./penalty_sweep_qpu_v113/samples/4jsz_Kdist10.0_Kmono18.0/psweep113_r3_20260327_042607/4jsz_ligand_samples.json,./penalty_sweep_qpu_v113/samples/4jsz_Kdist10.0_Kmono18.0/psweep113_r3_20260327_042607/result.json
4jsz,4jsz_Kdist10.0_Kmono19.0,psweep113_r3_20260327_042607,10.0,19.0,ok,1.5096052973863723,1000,1000,1000,34,0.034,1.0,0.034,0.2194016,0.1848,Advantage2_system1.13,2577,27,./penalty_sweep_qpu_v113/samples/4jsz_Kdist10.0_Kmono19.0/psweep113_r3_20260327_042607/4jsz_ligand_report.csv,./penalty_sweep_qpu_v113/samples/4jsz_Kdist10.0_Kmono19.0/psweep113_r3_20260327_042607/4jsz_ligand_samples.json,./penalty_sweep_qpu_v113/samples/4jsz_Kdist10.0_Kmono19.0/psweep113_r3_20260327_042607/result.json
4jsz,4jsz_Kdist10.0_Kmono20.0,psweep113_r3_20260327_042607,10.0,20.0,ok,1.826673701268959,1000,1000,1000,3,0.003,1.0,0.003,0.21490679999999998,0.1803,Advantage2_system1.13,2543,27,./penalty_sweep_qpu_v113/samples/4jsz_Kdist10.0_Kmono20.0/psweep113_r3_20260327_042607/4jsz_ligand_report.csv,./penalty_sweep_qpu_v113/samples/4jsz_Kdist10.0_Kmono20.0/psweep113_r3_20260327_042607/4jsz_ligand_samples.json,./penalty_sweep_qpu_v113/samples/4jsz_Kdist10.0_Kmono20.0/psweep113_r3_20260327_042607/result.json
