ligand,case_name,run_tag,Kdist,Kmono,status,mRMSD,n_poses,n_reads,n_valid,n_success_valid,quality,validity_rate,success_rate,qpu_access_sec,qpu_sampling_sec,solver,physical_qubits,max_chain_length,report_csv,samples_json,result_json
3nq9,3nq9_Kdist0.5_Kmono1.0,psweep112_20260319_134243,0.5,1.0,ok,2.837417250656679,1000,1000,1000,0,0.0,1.0,0.0,0.21080279999999998,0.1762,Advantage2_system1.13,2287,28,./penalty_sweep_qpu_v113/samples/3nq9_Kdist0.5_Kmono1.0/psweep112_20260319_134243/3nq9_ligand_report.csv,./penalty_sweep_qpu_v113/samples/3nq9_Kdist0.5_Kmono1.0/psweep112_20260319_134243/3nq9_ligand_samples.json,./penalty_sweep_qpu_v113/samples/3nq9_Kdist0.5_Kmono1.0/psweep112_20260319_134243/result.json
3nq9,3nq9_Kdist0.5_Kmono2.0,psweep112_20260319_134243,0.5,2.0,ok,2.400036689719844,1000,1000,1000,0,0.0,1.0,0.0,0.2096672,0.17506,Advantage2_system1.13,2354,29,./penalty_sweep_qpu_v113/samples/3nq9_Kdist0.5_Kmono2.0/psweep112_20260319_134243/3nq9_ligand_report.csv,./penalty_sweep_qpu_v113/samples/3nq9_Kdist0.5_Kmono2.0/psweep112_20260319_134243/3nq9_ligand_samples.json,./penalty_sweep_qpu_v113/samples/3nq9_Kdist0.5_Kmono2.0/psweep112_20260319_134243/result.json
3nq9,3nq9_Kdist0.5_Kmono3.0,psweep112_20260319_134243,0.5,3.0,ok,1.803875622117768,1000,1000,1000,7,0.007,1.0,0.007,0.21326479999999998,0.17866,Advantage2_system1.13,1976,23,./penalty_sweep_qpu_v113/samples/3nq9_Kdist0.5_Kmono3.0/psweep112_20260319_134243/3nq9_ligand_report.csv,./penalty_sweep_qpu_v113/samples/3nq9_Kdist0.5_Kmono3.0/psweep112_20260319_134243/3nq9_ligand_samples.json,./penalty_sweep_qpu_v113/samples/3nq9_Kdist0.5_Kmono3.0/psweep112_20260319_134243/result.json
3nq9,3nq9_Kdist0.5_Kmono4.0,psweep112_20260319_134243,0.5,4.0,ok,2.430887291676688,1000,1000,1000,0,0.0,1.0,0.0,0.219028,0.18442,Advantage2_system1.13,2248,26,./penalty_sweep_qpu_v113/samples/3nq9_Kdist0.5_Kmono4.0/psweep112_20260319_134243/3nq9_ligand_report.csv,./penalty_sweep_qpu_v113/samples/3nq9_Kdist0.5_Kmono4.0/psweep112_20260319_134243/3nq9_ligand_samples.json,./penalty_sweep_qpu_v113/samples/3nq9_Kdist0.5_Kmono4.0/psweep112_20260319_134243/result.json
3nq9,3nq9_Kdist0.5_Kmono5.0,psweep112_20260319_134243,0.5,5.0,ok,1.4725900756570478,1000,1000,1000,2,0.002,1.0,0.002,0.21798920000000002,0.18338,Advantage2_system1.13,2404,28,./penalty_sweep_qpu_v113/samples/3nq9_Kdist0.5_Kmono5.0/psweep112_20260319_134243/3nq9_ligand_report.csv,./penalty_sweep_qpu_v113/samples/3nq9_Kdist0.5_Kmono5.0/psweep112_20260319_134243/3nq9_ligand_samples.json,./penalty_sweep_qpu_v113/samples/3nq9_Kdist0.5_Kmono5.0/psweep112_20260319_134243/result.json
3nq9,3nq9_Kdist0.5_Kmono6.0,psweep112_20260319_134243,0.5,6.0,ok,1.3988431479890857,1000,1000,1000,3,0.003,1.0,0.003,0.2073556,0.17274,Advantage2_system1.13,2202,26,./penalty_sweep_qpu_v113/samples/3nq9_Kdist0.5_Kmono6.0/psweep112_20260319_134243/3nq9_ligand_report.csv,./penalty_sweep_qpu_v113/samples/3nq9_Kdist0.5_Kmono6.0/psweep112_20260319_134243/3nq9_ligand_samples.json,./penalty_sweep_qpu_v113/samples/3nq9_Kdist0.5_Kmono6.0/psweep112_20260319_134243/result.json
3nq9,3nq9_Kdist0.5_Kmono7.0,psweep112_20260319_134243,0.5,7.0,ok,1.2351036678674954,1000,1000,1000,4,0.004,1.0,0.004,0.2055868,0.17098,Advantage2_system1.13,2191,26,./penalty_sweep_qpu_v113/samples/3nq9_Kdist0.5_Kmono7.0/psweep112_20260319_134243/3nq9_ligand_report.csv,./penalty_sweep_qpu_v113/samples/3nq9_Kdist0.5_Kmono7.0/psweep112_20260319_134243/3nq9_ligand_samples.json,./penalty_sweep_qpu_v113/samples/3nq9_Kdist0.5_Kmono7.0/psweep112_20260319_134243/result.json
3nq9,3nq9_Kdist0.5_Kmono8.0,psweep112_20260319_134243,0.5,8.0,ok,2.3191359857392833,1000,1000,1000,0,0.0,1.0,0.0,0.211266,0.17666,Advantage2_system1.13,2500,30,./penalty_sweep_qpu_v113/samples/3nq9_Kdist0.5_Kmono8.0/psweep112_20260319_134243/3nq9_ligand_report.csv,./penalty_sweep_qpu_v113/samples/3nq9_Kdist0.5_Kmono8.0/psweep112_20260319_134243/3nq9_ligand_samples.json,./penalty_sweep_qpu_v113/samples/3nq9_Kdist0.5_Kmono8.0/psweep112_20260319_134243/result.json
3nq9,3nq9_Kdist0.5_Kmono9.0,psweep112_20260319_134243,0.5,9.0,ok,1.2024967731742913,1000,1000,1000,5,0.005,1.0,0.005,0.2034832,0.16888,Advantage2_system1.13,2214,27,./penalty_sweep_qpu_v113/samples/3nq9_Kdist0.5_Kmono9.0/psweep112_20260319_134243/3nq9_ligand_report.csv,./penalty_sweep_qpu_v113/samples/3nq9_Kdist0.5_Kmono9.0/psweep112_20260319_134243/3nq9_ligand_samples.json,./penalty_sweep_qpu_v113/samples/3nq9_Kdist0.5_Kmono9.0/psweep112_20260319_134243/result.json
3nq9,3nq9_Kdist0.5_Kmono10.0,psweep112_20260319_134243,0.5,10.0,ok,1.0925531214020894,1000,1000,1000,32,0.032,1.0,0.032,0.2173436,0.18274,Advantage2_system1.13,1974,25,./penalty_sweep_qpu_v113/samples/3nq9_Kdist0.5_Kmono10.0/psweep112_20260319_134243/3nq9_ligand_report.csv,./penalty_sweep_qpu_v113/samples/3nq9_Kdist0.5_Kmono10.0/psweep112_20260319_134243/3nq9_ligand_samples.json,./penalty_sweep_qpu_v113/samples/3nq9_Kdist0.5_Kmono10.0/psweep112_20260319_134243/result.json
3nq9,3nq9_Kdist0.5_Kmono11.0,psweep112_20260319_134243,0.5,11.0,ok,1.8834176386152413,1000,1000,1000,1,0.001,1.0,0.001,0.2050924,0.17048,Advantage2_system1.13,2498,30,./penalty_sweep_qpu_v113/samples/3nq9_Kdist0.5_Kmono11.0/psweep112_20260319_134243/3nq9_ligand_report.csv,./penalty_sweep_qpu_v113/samples/3nq9_Kdist0.5_Kmono11.0/psweep112_20260319_134243/3nq9_ligand_samples.json,./penalty_sweep_qpu_v113/samples/3nq9_Kdist0.5_Kmono11.0/psweep112_20260319_134243/result.json
3nq9,3nq9_Kdist0.5_Kmono12.0,psweep112_20260319_134243,0.5,12.0,ok,3.0739237995787105,1000,1000,1000,0,0.0,1.0,0.0,0.2094464,0.17484,Advantage2_system1.13,2173,27,./penalty_sweep_qpu_v113/samples/3nq9_Kdist0.5_Kmono12.0/psweep112_20260319_134243/3nq9_ligand_report.csv,./penalty_sweep_qpu_v113/samples/3nq9_Kdist0.5_Kmono12.0/psweep112_20260319_134243/3nq9_ligand_samples.json,./penalty_sweep_qpu_v113/samples/3nq9_Kdist0.5_Kmono12.0/psweep112_20260319_134243/result.json
3nq9,3nq9_Kdist0.5_Kmono13.0,psweep112_20260319_134243,0.5,13.0,ok,1.7603384900690677,1000,1000,1000,1,0.001,1.0,0.001,0.205594,0.17098,Advantage2_system1.13,2104,25,./penalty_sweep_qpu_v113/samples/3nq9_Kdist0.5_Kmono13.0/psweep112_20260319_134243/3nq9_ligand_report.csv,./penalty_sweep_qpu_v113/samples/3nq9_Kdist0.5_Kmono13.0/psweep112_20260319_134243/3nq9_ligand_samples.json,./penalty_sweep_qpu_v113/samples/3nq9_Kdist0.5_Kmono13.0/psweep112_20260319_134243/result.json
3nq9,3nq9_Kdist0.5_Kmono14.0,psweep112_20260319_134243,0.5,14.0,ok,0.7750180963696852,1000,1000,1000,154,0.154,1.0,0.154,0.2119876,0.17738,Advantage2_system1.13,2709,32,./penalty_sweep_qpu_v113/samples/3nq9_Kdist0.5_Kmono14.0/psweep112_20260319_134243/3nq9_ligand_report.csv,./penalty_sweep_qpu_v113/samples/3nq9_Kdist0.5_Kmono14.0/psweep112_20260319_134243/3nq9_ligand_samples.json,./penalty_sweep_qpu_v113/samples/3nq9_Kdist0.5_Kmono14.0/psweep112_20260319_134243/result.json
3nq9,3nq9_Kdist0.5_Kmono15.0,psweep112_20260319_134243,0.5,15.0,ok,2.0419222236118473,1000,1000,1000,0,0.0,1.0,0.0,0.2107704,0.17616,Advantage2_system1.13,2305,28,./penalty_sweep_qpu_v113/samples/3nq9_Kdist0.5_Kmono15.0/psweep112_20260319_134243/3nq9_ligand_report.csv,./penalty_sweep_qpu_v113/samples/3nq9_Kdist0.5_Kmono15.0/psweep112_20260319_134243/3nq9_ligand_samples.json,./penalty_sweep_qpu_v113/samples/3nq9_Kdist0.5_Kmono15.0/psweep112_20260319_134243/result.json
3nq9,3nq9_Kdist0.5_Kmono16.0,psweep112_20260319_134243,0.5,16.0,ok,0.7605963773571396,1000,1000,1000,100,0.1,1.0,0.1,0.2102056,0.1756,Advantage2_system1.13,2133,25,./penalty_sweep_qpu_v113/samples/3nq9_Kdist0.5_Kmono16.0/psweep112_20260319_134243/3nq9_ligand_report.csv,./penalty_sweep_qpu_v113/samples/3nq9_Kdist0.5_Kmono16.0/psweep112_20260319_134243/3nq9_ligand_samples.json,./penalty_sweep_qpu_v113/samples/3nq9_Kdist0.5_Kmono16.0/psweep112_20260319_134243/result.json
3nq9,3nq9_Kdist0.5_Kmono17.0,psweep112_20260319_134243,0.5,17.0,ok,1.4709593350663865,1000,1000,1000,3,0.003,1.0,0.003,0.21127079999999998,0.17666,Advantage2_system1.13,2297,29,./penalty_sweep_qpu_v113/samples/3nq9_Kdist0.5_Kmono17.0/psweep112_20260319_134243/3nq9_ligand_report.csv,./penalty_sweep_qpu_v113/samples/3nq9_Kdist0.5_Kmono17.0/psweep112_20260319_134243/3nq9_ligand_samples.json,./penalty_sweep_qpu_v113/samples/3nq9_Kdist0.5_Kmono17.0/psweep112_20260319_134243/result.json
3nq9,3nq9_Kdist0.5_Kmono18.0,psweep112_20260319_134243,0.5,18.0,ok,0.9692503923849031,1000,1000,1000,41,0.041,1.0,0.041,0.2188844,0.18428,Advantage2_system1.13,1968,23,./penalty_sweep_qpu_v113/samples/3nq9_Kdist0.5_Kmono18.0/psweep112_20260319_134243/3nq9_ligand_report.csv,./penalty_sweep_qpu_v113/samples/3nq9_Kdist0.5_Kmono18.0/psweep112_20260319_134243/3nq9_ligand_samples.json,./penalty_sweep_qpu_v113/samples/3nq9_Kdist0.5_Kmono18.0/psweep112_20260319_134243/result.json
3nq9,3nq9_Kdist0.5_Kmono19.0,psweep112_20260319_134243,0.5,19.0,ok,0.7833118887046706,1000,1000,1000,12,0.012,1.0,0.012,0.2005844,0.16598,Advantage2_system1.13,2129,23,./penalty_sweep_qpu_v113/samples/3nq9_Kdist0.5_Kmono19.0/psweep112_20260319_134243/3nq9_ligand_report.csv,./penalty_sweep_qpu_v113/samples/3nq9_Kdist0.5_Kmono19.0/psweep112_20260319_134243/3nq9_ligand_samples.json,./penalty_sweep_qpu_v113/samples/3nq9_Kdist0.5_Kmono19.0/psweep112_20260319_134243/result.json
3nq9,3nq9_Kdist0.5_Kmono20.0,psweep112_20260319_134243,0.5,20.0,ok,2.5227313905711117,1000,1000,1000,0,0.0,1.0,0.0,0.21134879999999998,0.17674,Advantage2_system1.13,2455,30,./penalty_sweep_qpu_v113/samples/3nq9_Kdist0.5_Kmono20.0/psweep112_20260319_134243/3nq9_ligand_report.csv,./penalty_sweep_qpu_v113/samples/3nq9_Kdist0.5_Kmono20.0/psweep112_20260319_134243/3nq9_ligand_samples.json,./penalty_sweep_qpu_v113/samples/3nq9_Kdist0.5_Kmono20.0/psweep112_20260319_134243/result.json
3nq9,3nq9_Kdist1.0_Kmono1.0,psweep112_20260319_134243,1.0,1.0,ok,3.105454095220666,1000,1000,1000,0,0.0,1.0,0.0,0.2040276,0.16942,Advantage2_system1.13,2101,25,./penalty_sweep_qpu_v113/samples/3nq9_Kdist1.0_Kmono1.0/psweep112_20260319_134243/3nq9_ligand_report.csv,./penalty_sweep_qpu_v113/samples/3nq9_Kdist1.0_Kmono1.0/psweep112_20260319_134243/3nq9_ligand_samples.json,./penalty_sweep_qpu_v113/samples/3nq9_Kdist1.0_Kmono1.0/psweep112_20260319_134243/result.json
3nq9,3nq9_Kdist1.0_Kmono2.0,psweep112_20260319_134243,1.0,2.0,ok,5.458120571730789,1000,1000,1000,0,0.0,1.0,0.0,0.2154468,0.18084,Advantage2_system1.13,2102,24,./penalty_sweep_qpu_v113/samples/3nq9_Kdist1.0_Kmono2.0/psweep112_20260319_134243/3nq9_ligand_report.csv,./penalty_sweep_qpu_v113/samples/3nq9_Kdist1.0_Kmono2.0/psweep112_20260319_134243/3nq9_ligand_samples.json,./penalty_sweep_qpu_v113/samples/3nq9_Kdist1.0_Kmono2.0/psweep112_20260319_134243/result.json
3nq9,3nq9_Kdist1.0_Kmono3.0,psweep112_20260319_134243,1.0,3.0,ok,1.787051479098587,1000,1000,1000,2,0.002,1.0,0.002,0.21430760000000001,0.1797,Advantage2_system1.13,2045,23,./penalty_sweep_qpu_v113/samples/3nq9_Kdist1.0_Kmono3.0/psweep112_20260319_134243/3nq9_ligand_report.csv,./penalty_sweep_qpu_v113/samples/3nq9_Kdist1.0_Kmono3.0/psweep112_20260319_134243/3nq9_ligand_samples.json,./penalty_sweep_qpu_v113/samples/3nq9_Kdist1.0_Kmono3.0/psweep112_20260319_134243/result.json
3nq9,3nq9_Kdist1.0_Kmono4.0,psweep112_20260319_134243,1.0,4.0,ok,1.4895432379226523,1000,1000,1000,12,0.012,1.0,0.012,0.2078776,0.17328,Advantage2_system1.13,2140,23,./penalty_sweep_qpu_v113/samples/3nq9_Kdist1.0_Kmono4.0/psweep112_20260319_134243/3nq9_ligand_report.csv,./penalty_sweep_qpu_v113/samples/3nq9_Kdist1.0_Kmono4.0/psweep112_20260319_134243/3nq9_ligand_samples.json,./penalty_sweep_qpu_v113/samples/3nq9_Kdist1.0_Kmono4.0/psweep112_20260319_134243/result.json
3nq9,3nq9_Kdist1.0_Kmono5.0,psweep112_20260319_134243,1.0,5.0,ok,1.285782321799859,1000,1000,1000,21,0.021,1.0,0.021,0.2126576,0.17806,Advantage2_system1.13,1946,22,./penalty_sweep_qpu_v113/samples/3nq9_Kdist1.0_Kmono5.0/psweep112_20260319_134243/3nq9_ligand_report.csv,./penalty_sweep_qpu_v113/samples/3nq9_Kdist1.0_Kmono5.0/psweep112_20260319_134243/3nq9_ligand_samples.json,./penalty_sweep_qpu_v113/samples/3nq9_Kdist1.0_Kmono5.0/psweep112_20260319_134243/result.json
3nq9,3nq9_Kdist1.0_Kmono6.0,psweep112_20260319_134243,1.0,6.0,ok,2.6537709213919065,1000,1000,1000,0,0.0,1.0,0.0,0.2082356,0.17362,Advantage2_system1.13,2238,26,./penalty_sweep_qpu_v113/samples/3nq9_Kdist1.0_Kmono6.0/psweep112_20260319_134243/3nq9_ligand_report.csv,./penalty_sweep_qpu_v113/samples/3nq9_Kdist1.0_Kmono6.0/psweep112_20260319_134243/3nq9_ligand_samples.json,./penalty_sweep_qpu_v113/samples/3nq9_Kdist1.0_Kmono6.0/psweep112_20260319_134243/result.json
3nq9,3nq9_Kdist1.0_Kmono7.0,psweep112_20260319_134243,1.0,7.0,ok,1.3390602348190175,1000,1000,1000,15,0.015,1.0,0.015,0.2115276,0.17692,Advantage2_system1.13,2216,25,./penalty_sweep_qpu_v113/samples/3nq9_Kdist1.0_Kmono7.0/psweep112_20260319_134243/3nq9_ligand_report.csv,./penalty_sweep_qpu_v113/samples/3nq9_Kdist1.0_Kmono7.0/psweep112_20260319_134243/3nq9_ligand_samples.json,./penalty_sweep_qpu_v113/samples/3nq9_Kdist1.0_Kmono7.0/psweep112_20260319_134243/result.json
3nq9,3nq9_Kdist1.0_Kmono8.0,psweep112_20260319_134243,1.0,8.0,ok,2.791023513269268,1000,1000,1000,0,0.0,1.0,0.0,0.21135320000000002,0.17674,Advantage2_system1.13,2289,27,./penalty_sweep_qpu_v113/samples/3nq9_Kdist1.0_Kmono8.0/psweep112_20260319_134243/3nq9_ligand_report.csv,./penalty_sweep_qpu_v113/samples/3nq9_Kdist1.0_Kmono8.0/psweep112_20260319_134243/3nq9_ligand_samples.json,./penalty_sweep_qpu_v113/samples/3nq9_Kdist1.0_Kmono8.0/psweep112_20260319_134243/result.json
3nq9,3nq9_Kdist1.0_Kmono9.0,psweep112_20260319_134243,1.0,9.0,ok,0.6387931548767668,1000,1000,1000,161,0.161,1.0,0.161,0.21608839999999999,0.18148,Advantage2_system1.13,2103,25,./penalty_sweep_qpu_v113/samples/3nq9_Kdist1.0_Kmono9.0/psweep112_20260319_134243/3nq9_ligand_report.csv,./penalty_sweep_qpu_v113/samples/3nq9_Kdist1.0_Kmono9.0/psweep112_20260319_134243/3nq9_ligand_samples.json,./penalty_sweep_qpu_v113/samples/3nq9_Kdist1.0_Kmono9.0/psweep112_20260319_134243/result.json
3nq9,3nq9_Kdist1.0_Kmono10.0,psweep112_20260319_134243,1.0,10.0,ok,1.098936456261033,1000,1000,1000,26,0.026,1.0,0.026,0.2099476,0.17534,Advantage2_system1.13,2080,25,./penalty_sweep_qpu_v113/samples/3nq9_Kdist1.0_Kmono10.0/psweep112_20260319_134243/3nq9_ligand_report.csv,./penalty_sweep_qpu_v113/samples/3nq9_Kdist1.0_Kmono10.0/psweep112_20260319_134243/3nq9_ligand_samples.json,./penalty_sweep_qpu_v113/samples/3nq9_Kdist1.0_Kmono10.0/psweep112_20260319_134243/result.json
3nq9,3nq9_Kdist1.0_Kmono11.0,psweep112_20260319_134243,1.0,11.0,ok,1.8411824892544175,1000,1000,1000,2,0.002,1.0,0.002,0.20723439999999999,0.17262,Advantage2_system1.13,2203,26,./penalty_sweep_qpu_v113/samples/3nq9_Kdist1.0_Kmono11.0/psweep112_20260319_134243/3nq9_ligand_report.csv,./penalty_sweep_qpu_v113/samples/3nq9_Kdist1.0_Kmono11.0/psweep112_20260319_134243/3nq9_ligand_samples.json,./penalty_sweep_qpu_v113/samples/3nq9_Kdist1.0_Kmono11.0/psweep112_20260319_134243/result.json
3nq9,3nq9_Kdist1.0_Kmono12.0,psweep112_20260319_134243,1.0,12.0,ok,1.3016649097169064,1000,1000,1000,15,0.015,1.0,0.015,0.2186284,0.18402,Advantage2_system1.13,2353,28,./penalty_sweep_qpu_v113/samples/3nq9_Kdist1.0_Kmono12.0/psweep112_20260319_134243/3nq9_ligand_report.csv,./penalty_sweep_qpu_v113/samples/3nq9_Kdist1.0_Kmono12.0/psweep112_20260319_134243/3nq9_ligand_samples.json,./penalty_sweep_qpu_v113/samples/3nq9_Kdist1.0_Kmono12.0/psweep112_20260319_134243/result.json
3nq9,3nq9_Kdist1.0_Kmono13.0,psweep112_20260319_134243,1.0,13.0,ok,0.9691432519445193,1000,1000,1000,2,0.002,1.0,0.002,0.20381639999999998,0.1692,Advantage2_system1.13,2097,25,./penalty_sweep_qpu_v113/samples/3nq9_Kdist1.0_Kmono13.0/psweep112_20260319_134243/3nq9_ligand_report.csv,./penalty_sweep_qpu_v113/samples/3nq9_Kdist1.0_Kmono13.0/psweep112_20260319_134243/3nq9_ligand_samples.json,./penalty_sweep_qpu_v113/samples/3nq9_Kdist1.0_Kmono13.0/psweep112_20260319_134243/result.json
3nq9,3nq9_Kdist1.0_Kmono14.0,psweep112_20260319_134243,1.0,14.0,ok,1.4403393136810003,1000,1000,1000,17,0.017,1.0,0.017,0.21504320000000002,0.18044,Advantage2_system1.13,2106,25,./penalty_sweep_qpu_v113/samples/3nq9_Kdist1.0_Kmono14.0/psweep112_20260319_134243/3nq9_ligand_report.csv,./penalty_sweep_qpu_v113/samples/3nq9_Kdist1.0_Kmono14.0/psweep112_20260319_134243/3nq9_ligand_samples.json,./penalty_sweep_qpu_v113/samples/3nq9_Kdist1.0_Kmono14.0/psweep112_20260319_134243/result.json
3nq9,3nq9_Kdist1.0_Kmono15.0,psweep112_20260319_134243,1.0,15.0,ok,1.843086072448242,1000,1000,1000,1,0.001,1.0,0.001,0.20634439999999998,0.17174,Advantage2_system1.13,2196,27,./penalty_sweep_qpu_v113/samples/3nq9_Kdist1.0_Kmono15.0/psweep112_20260319_134243/3nq9_ligand_report.csv,./penalty_sweep_qpu_v113/samples/3nq9_Kdist1.0_Kmono15.0/psweep112_20260319_134243/3nq9_ligand_samples.json,./penalty_sweep_qpu_v113/samples/3nq9_Kdist1.0_Kmono15.0/psweep112_20260319_134243/result.json
3nq9,3nq9_Kdist1.0_Kmono16.0,psweep112_20260319_134243,1.0,16.0,ok,1.7669829207955374,1000,1000,1000,3,0.003,1.0,0.003,0.216092,0.18148,Advantage2_system1.13,2314,27,./penalty_sweep_qpu_v113/samples/3nq9_Kdist1.0_Kmono16.0/psweep112_20260319_134243/3nq9_ligand_report.csv,./penalty_sweep_qpu_v113/samples/3nq9_Kdist1.0_Kmono16.0/psweep112_20260319_134243/3nq9_ligand_samples.json,./penalty_sweep_qpu_v113/samples/3nq9_Kdist1.0_Kmono16.0/psweep112_20260319_134243/result.json
3nq9,3nq9_Kdist1.0_Kmono17.0,psweep112_20260319_134243,1.0,17.0,ok,1.3826316961499259,1000,1000,1000,3,0.003,1.0,0.003,0.211886,0.17728,Advantage2_system1.13,1997,24,./penalty_sweep_qpu_v113/samples/3nq9_Kdist1.0_Kmono17.0/psweep112_20260319_134243/3nq9_ligand_report.csv,./penalty_sweep_qpu_v113/samples/3nq9_Kdist1.0_Kmono17.0/psweep112_20260319_134243/3nq9_ligand_samples.json,./penalty_sweep_qpu_v113/samples/3nq9_Kdist1.0_Kmono17.0/psweep112_20260319_134243/result.json
3nq9,3nq9_Kdist1.0_Kmono18.0,psweep112_20260319_134243,1.0,18.0,ok,1.8610909367747444,1000,1000,1000,2,0.002,1.0,0.002,0.207888,0.17328,Advantage2_system1.13,2236,26,./penalty_sweep_qpu_v113/samples/3nq9_Kdist1.0_Kmono18.0/psweep112_20260319_134243/3nq9_ligand_report.csv,./penalty_sweep_qpu_v113/samples/3nq9_Kdist1.0_Kmono18.0/psweep112_20260319_134243/3nq9_ligand_samples.json,./penalty_sweep_qpu_v113/samples/3nq9_Kdist1.0_Kmono18.0/psweep112_20260319_134243/result.json
3nq9,3nq9_Kdist1.0_Kmono19.0,psweep112_20260319_134243,1.0,19.0,ok,0.7074099786401145,1000,1000,1000,17,0.017,1.0,0.017,0.2082248,0.17362,Advantage2_system1.13,2107,25,./penalty_sweep_qpu_v113/samples/3nq9_Kdist1.0_Kmono19.0/psweep112_20260319_134243/3nq9_ligand_report.csv,./penalty_sweep_qpu_v113/samples/3nq9_Kdist1.0_Kmono19.0/psweep112_20260319_134243/3nq9_ligand_samples.json,./penalty_sweep_qpu_v113/samples/3nq9_Kdist1.0_Kmono19.0/psweep112_20260319_134243/result.json
3nq9,3nq9_Kdist1.0_Kmono20.0,psweep112_20260319_134243,1.0,20.0,ok,1.5700186454104392,1000,1000,1000,7,0.007,1.0,0.007,0.20966279999999998,0.17506,Advantage2_system1.13,2025,25,./penalty_sweep_qpu_v113/samples/3nq9_Kdist1.0_Kmono20.0/psweep112_20260319_134243/3nq9_ligand_report.csv,./penalty_sweep_qpu_v113/samples/3nq9_Kdist1.0_Kmono20.0/psweep112_20260319_134243/3nq9_ligand_samples.json,./penalty_sweep_qpu_v113/samples/3nq9_Kdist1.0_Kmono20.0/psweep112_20260319_134243/result.json
3nq9,3nq9_Kdist1.5_Kmono1.0,psweep112_20260319_134243,1.5,1.0,ok,2.8262312428805108,1000,1000,1000,0,0.0,1.0,0.0,0.20993879999999998,0.17534,Advantage2_system1.13,2277,26,./penalty_sweep_qpu_v113/samples/3nq9_Kdist1.5_Kmono1.0/psweep112_20260319_134243/3nq9_ligand_report.csv,./penalty_sweep_qpu_v113/samples/3nq9_Kdist1.5_Kmono1.0/psweep112_20260319_134243/3nq9_ligand_samples.json,./penalty_sweep_qpu_v113/samples/3nq9_Kdist1.5_Kmono1.0/psweep112_20260319_134243/result.json
3nq9,3nq9_Kdist1.5_Kmono2.0,psweep112_20260319_134243,1.5,2.0,ok,1.4046239672766292,1000,1000,1000,32,0.032,1.0,0.032,0.215158,0.18056,Advantage2_system1.13,2048,24,./penalty_sweep_qpu_v113/samples/3nq9_Kdist1.5_Kmono2.0/psweep112_20260319_134243/3nq9_ligand_report.csv,./penalty_sweep_qpu_v113/samples/3nq9_Kdist1.5_Kmono2.0/psweep112_20260319_134243/3nq9_ligand_samples.json,./penalty_sweep_qpu_v113/samples/3nq9_Kdist1.5_Kmono2.0/psweep112_20260319_134243/result.json
3nq9,3nq9_Kdist1.5_Kmono3.0,psweep112_20260319_134243,1.5,3.0,ok,1.5045097249477957,1000,1000,1000,1,0.001,1.0,0.001,0.2073508,0.17274,Advantage2_system1.13,2195,25,./penalty_sweep_qpu_v113/samples/3nq9_Kdist1.5_Kmono3.0/psweep112_20260319_134243/3nq9_ligand_report.csv,./penalty_sweep_qpu_v113/samples/3nq9_Kdist1.5_Kmono3.0/psweep112_20260319_134243/3nq9_ligand_samples.json,./penalty_sweep_qpu_v113/samples/3nq9_Kdist1.5_Kmono3.0/psweep112_20260319_134243/result.json
3nq9,3nq9_Kdist1.5_Kmono4.0,psweep112_20260319_134243,1.5,4.0,ok,4.663462578868077,1000,1000,1000,0,0.0,1.0,0.0,0.21070160000000002,0.1761,Advantage2_system1.13,2063,24,./penalty_sweep_qpu_v113/samples/3nq9_Kdist1.5_Kmono4.0/psweep112_20260319_134243/3nq9_ligand_report.csv,./penalty_sweep_qpu_v113/samples/3nq9_Kdist1.5_Kmono4.0/psweep112_20260319_134243/3nq9_ligand_samples.json,./penalty_sweep_qpu_v113/samples/3nq9_Kdist1.5_Kmono4.0/psweep112_20260319_134243/result.json
3nq9,3nq9_Kdist1.5_Kmono5.0,psweep112_20260319_134243,1.5,5.0,ok,2.13057514752601,1000,1000,1000,0,0.0,1.0,0.0,0.21670479999999998,0.1821,Advantage2_system1.13,2111,25,./penalty_sweep_qpu_v113/samples/3nq9_Kdist1.5_Kmono5.0/psweep112_20260319_134243/3nq9_ligand_report.csv,./penalty_sweep_qpu_v113/samples/3nq9_Kdist1.5_Kmono5.0/psweep112_20260319_134243/3nq9_ligand_samples.json,./penalty_sweep_qpu_v113/samples/3nq9_Kdist1.5_Kmono5.0/psweep112_20260319_134243/result.json
3nq9,3nq9_Kdist1.5_Kmono6.0,psweep112_20260319_134243,1.5,6.0,ok,2.371323866002374,1000,1000,1000,0,0.0,1.0,0.0,0.21155079999999998,0.17694,Advantage2_system1.13,2688,32,./penalty_sweep_qpu_v113/samples/3nq9_Kdist1.5_Kmono6.0/psweep112_20260319_134243/3nq9_ligand_report.csv,./penalty_sweep_qpu_v113/samples/3nq9_Kdist1.5_Kmono6.0/psweep112_20260319_134243/3nq9_ligand_samples.json,./penalty_sweep_qpu_v113/samples/3nq9_Kdist1.5_Kmono6.0/psweep112_20260319_134243/result.json
3nq9,3nq9_Kdist1.5_Kmono7.0,psweep112_20260319_134243,1.5,7.0,ok,2.5920350009171034,1000,1000,1000,0,0.0,1.0,0.0,0.2128368,0.17824,Advantage2_system1.13,2304,29,./penalty_sweep_qpu_v113/samples/3nq9_Kdist1.5_Kmono7.0/psweep112_20260319_134243/3nq9_ligand_report.csv,./penalty_sweep_qpu_v113/samples/3nq9_Kdist1.5_Kmono7.0/psweep112_20260319_134243/3nq9_ligand_samples.json,./penalty_sweep_qpu_v113/samples/3nq9_Kdist1.5_Kmono7.0/psweep112_20260319_134243/result.json
3nq9,3nq9_Kdist1.5_Kmono8.0,psweep112_20260319_134243,1.5,8.0,ok,1.989691216979978,1000,1000,1000,1,0.001,1.0,0.001,0.217586,0.18298,Advantage2_system1.13,2054,23,./penalty_sweep_qpu_v113/samples/3nq9_Kdist1.5_Kmono8.0/psweep112_20260319_134243/3nq9_ligand_report.csv,./penalty_sweep_qpu_v113/samples/3nq9_Kdist1.5_Kmono8.0/psweep112_20260319_134243/3nq9_ligand_samples.json,./penalty_sweep_qpu_v113/samples/3nq9_Kdist1.5_Kmono8.0/psweep112_20260319_134243/result.json
3nq9,3nq9_Kdist1.5_Kmono9.0,psweep112_20260319_134243,1.5,9.0,ok,0.9648046210536918,1000,1000,1000,52,0.052,1.0,0.052,0.204806,0.1702,Advantage2_system1.13,2184,27,./penalty_sweep_qpu_v113/samples/3nq9_Kdist1.5_Kmono9.0/psweep112_20260319_134243/3nq9_ligand_report.csv,./penalty_sweep_qpu_v113/samples/3nq9_Kdist1.5_Kmono9.0/psweep112_20260319_134243/3nq9_ligand_samples.json,./penalty_sweep_qpu_v113/samples/3nq9_Kdist1.5_Kmono9.0/psweep112_20260319_134243/result.json
3nq9,3nq9_Kdist1.5_Kmono10.0,psweep112_20260319_134243,1.5,10.0,ok,1.6880054797050248,1000,1000,1000,1,0.001,1.0,0.001,0.217704,0.1831,Advantage2_system1.13,1997,23,./penalty_sweep_qpu_v113/samples/3nq9_Kdist1.5_Kmono10.0/psweep112_20260319_134243/3nq9_ligand_report.csv,./penalty_sweep_qpu_v113/samples/3nq9_Kdist1.5_Kmono10.0/psweep112_20260319_134243/3nq9_ligand_samples.json,./penalty_sweep_qpu_v113/samples/3nq9_Kdist1.5_Kmono10.0/psweep112_20260319_134243/result.json
3nq9,3nq9_Kdist1.5_Kmono11.0,psweep112_20260319_134243,1.5,11.0,ok,1.0140473324599735,1000,1000,1000,38,0.038,1.0,0.038,0.2131652,0.17856,Advantage2_system1.13,2021,24,./penalty_sweep_qpu_v113/samples/3nq9_Kdist1.5_Kmono11.0/psweep112_20260319_134243/3nq9_ligand_report.csv,./penalty_sweep_qpu_v113/samples/3nq9_Kdist1.5_Kmono11.0/psweep112_20260319_134243/3nq9_ligand_samples.json,./penalty_sweep_qpu_v113/samples/3nq9_Kdist1.5_Kmono11.0/psweep112_20260319_134243/result.json
3nq9,3nq9_Kdist1.5_Kmono12.0,psweep112_20260319_134243,1.5,12.0,ok,2.077904296496204,1000,1000,1000,0,0.0,1.0,0.0,0.2144016,0.1798,Advantage2_system1.13,1921,22,./penalty_sweep_qpu_v113/samples/3nq9_Kdist1.5_Kmono12.0/psweep112_20260319_134243/3nq9_ligand_report.csv,./penalty_sweep_qpu_v113/samples/3nq9_Kdist1.5_Kmono12.0/psweep112_20260319_134243/3nq9_ligand_samples.json,./penalty_sweep_qpu_v113/samples/3nq9_Kdist1.5_Kmono12.0/psweep112_20260319_134243/result.json
3nq9,3nq9_Kdist1.5_Kmono13.0,psweep112_20260319_134243,1.5,13.0,ok,1.4693498219761436,1000,1000,1000,7,0.007,1.0,0.007,0.2145276,0.17992,Advantage2_system1.13,2412,29,./penalty_sweep_qpu_v113/samples/3nq9_Kdist1.5_Kmono13.0/psweep112_20260319_134243/3nq9_ligand_report.csv,./penalty_sweep_qpu_v113/samples/3nq9_Kdist1.5_Kmono13.0/psweep112_20260319_134243/3nq9_ligand_samples.json,./penalty_sweep_qpu_v113/samples/3nq9_Kdist1.5_Kmono13.0/psweep112_20260319_134243/result.json
3nq9,3nq9_Kdist1.5_Kmono14.0,psweep112_20260319_134243,1.5,14.0,ok,0.8172528314321312,1000,1000,1000,21,0.021,1.0,0.021,0.2052068,0.1706,Advantage2_system1.13,2067,26,./penalty_sweep_qpu_v113/samples/3nq9_Kdist1.5_Kmono14.0/psweep112_20260319_134243/3nq9_ligand_report.csv,./penalty_sweep_qpu_v113/samples/3nq9_Kdist1.5_Kmono14.0/psweep112_20260319_134243/3nq9_ligand_samples.json,./penalty_sweep_qpu_v113/samples/3nq9_Kdist1.5_Kmono14.0/psweep112_20260319_134243/result.json
3nq9,3nq9_Kdist1.5_Kmono15.0,psweep112_20260319_134243,1.5,15.0,ok,0.5579516473648363,1000,1000,1000,231,0.231,1.0,0.231,0.215942,0.18134,Advantage2_system1.13,2079,25,./penalty_sweep_qpu_v113/samples/3nq9_Kdist1.5_Kmono15.0/psweep112_20260319_134243/3nq9_ligand_report.csv,./penalty_sweep_qpu_v113/samples/3nq9_Kdist1.5_Kmono15.0/psweep112_20260319_134243/3nq9_ligand_samples.json,./penalty_sweep_qpu_v113/samples/3nq9_Kdist1.5_Kmono15.0/psweep112_20260319_134243/result.json
3nq9,3nq9_Kdist1.5_Kmono16.0,psweep112_20260319_134243,1.5,16.0,ok,2.3142889717771764,1000,1000,1000,0,0.0,1.0,0.0,0.2185384,0.18392,Advantage2_system1.13,2603,31,./penalty_sweep_qpu_v113/samples/3nq9_Kdist1.5_Kmono16.0/psweep112_20260319_134243/3nq9_ligand_report.csv,./penalty_sweep_qpu_v113/samples/3nq9_Kdist1.5_Kmono16.0/psweep112_20260319_134243/3nq9_ligand_samples.json,./penalty_sweep_qpu_v113/samples/3nq9_Kdist1.5_Kmono16.0/psweep112_20260319_134243/result.json
3nq9,3nq9_Kdist1.5_Kmono17.0,psweep112_20260319_134243,1.5,17.0,ok,1.9303092759392826,1000,1000,1000,2,0.002,1.0,0.002,0.2068504,0.17224,Advantage2_system1.13,2056,25,./penalty_sweep_qpu_v113/samples/3nq9_Kdist1.5_Kmono17.0/psweep112_20260319_134243/3nq9_ligand_report.csv,./penalty_sweep_qpu_v113/samples/3nq9_Kdist1.5_Kmono17.0/psweep112_20260319_134243/3nq9_ligand_samples.json,./penalty_sweep_qpu_v113/samples/3nq9_Kdist1.5_Kmono17.0/psweep112_20260319_134243/result.json
3nq9,3nq9_Kdist1.5_Kmono18.0,psweep112_20260319_134243,1.5,18.0,ok,3.3332483578226224,1000,1000,1000,0,0.0,1.0,0.0,0.213904,0.1793,Advantage2_system1.13,2122,24,./penalty_sweep_qpu_v113/samples/3nq9_Kdist1.5_Kmono18.0/psweep112_20260319_134243/3nq9_ligand_report.csv,./penalty_sweep_qpu_v113/samples/3nq9_Kdist1.5_Kmono18.0/psweep112_20260319_134243/3nq9_ligand_samples.json,./penalty_sweep_qpu_v113/samples/3nq9_Kdist1.5_Kmono18.0/psweep112_20260319_134243/result.json
3nq9,3nq9_Kdist1.5_Kmono19.0,psweep112_20260319_134243,1.5,19.0,ok,1.8976205610716994,1000,1000,1000,1,0.001,1.0,0.001,0.207626,0.17302,Advantage2_system1.13,2162,27,./penalty_sweep_qpu_v113/samples/3nq9_Kdist1.5_Kmono19.0/psweep112_20260319_134243/3nq9_ligand_report.csv,./penalty_sweep_qpu_v113/samples/3nq9_Kdist1.5_Kmono19.0/psweep112_20260319_134243/3nq9_ligand_samples.json,./penalty_sweep_qpu_v113/samples/3nq9_Kdist1.5_Kmono19.0/psweep112_20260319_134243/result.json
3nq9,3nq9_Kdist1.5_Kmono20.0,psweep112_20260319_134243,1.5,20.0,ok,0.9479182193579626,1000,1000,1000,83,0.083,1.0,0.083,0.2069468,0.17234,Advantage2_system1.13,2178,26,./penalty_sweep_qpu_v113/samples/3nq9_Kdist1.5_Kmono20.0/psweep112_20260319_134243/3nq9_ligand_report.csv,./penalty_sweep_qpu_v113/samples/3nq9_Kdist1.5_Kmono20.0/psweep112_20260319_134243/3nq9_ligand_samples.json,./penalty_sweep_qpu_v113/samples/3nq9_Kdist1.5_Kmono20.0/psweep112_20260319_134243/result.json
3nq9,3nq9_Kdist2.0_Kmono1.0,psweep112_20260319_134243,2.0,1.0,ok,1.4716765285794402,1000,1000,1000,1,0.001,1.0,0.001,0.2115244,0.17692,Advantage2_system1.13,2068,25,./penalty_sweep_qpu_v113/samples/3nq9_Kdist2.0_Kmono1.0/psweep112_20260319_134243/3nq9_ligand_report.csv,./penalty_sweep_qpu_v113/samples/3nq9_Kdist2.0_Kmono1.0/psweep112_20260319_134243/3nq9_ligand_samples.json,./penalty_sweep_qpu_v113/samples/3nq9_Kdist2.0_Kmono1.0/psweep112_20260319_134243/result.json
3nq9,3nq9_Kdist2.0_Kmono2.0,psweep112_20260319_134243,2.0,2.0,ok,1.620673237534118,1000,1000,1000,23,0.023,1.0,0.023,0.21634479999999998,0.18174,Advantage2_system1.13,2171,26,./penalty_sweep_qpu_v113/samples/3nq9_Kdist2.0_Kmono2.0/psweep112_20260319_134243/3nq9_ligand_report.csv,./penalty_sweep_qpu_v113/samples/3nq9_Kdist2.0_Kmono2.0/psweep112_20260319_134243/3nq9_ligand_samples.json,./penalty_sweep_qpu_v113/samples/3nq9_Kdist2.0_Kmono2.0/psweep112_20260319_134243/result.json
3nq9,3nq9_Kdist2.0_Kmono3.0,psweep112_20260319_134243,2.0,3.0,ok,2.8207231589060577,1000,1000,1000,0,0.0,1.0,0.0,0.2078556,0.17324,Advantage2_system1.13,2025,24,./penalty_sweep_qpu_v113/samples/3nq9_Kdist2.0_Kmono3.0/psweep112_20260319_134243/3nq9_ligand_report.csv,./penalty_sweep_qpu_v113/samples/3nq9_Kdist2.0_Kmono3.0/psweep112_20260319_134243/3nq9_ligand_samples.json,./penalty_sweep_qpu_v113/samples/3nq9_Kdist2.0_Kmono3.0/psweep112_20260319_134243/result.json
3nq9,3nq9_Kdist2.0_Kmono4.0,psweep112_20260319_134243,2.0,4.0,ok,1.723632832605666,1000,1000,1000,3,0.003,1.0,0.003,0.2103904,0.17578,Advantage2_system1.13,2327,28,./penalty_sweep_qpu_v113/samples/3nq9_Kdist2.0_Kmono4.0/psweep112_20260319_134243/3nq9_ligand_report.csv,./penalty_sweep_qpu_v113/samples/3nq9_Kdist2.0_Kmono4.0/psweep112_20260319_134243/3nq9_ligand_samples.json,./penalty_sweep_qpu_v113/samples/3nq9_Kdist2.0_Kmono4.0/psweep112_20260319_134243/result.json
3nq9,3nq9_Kdist2.0_Kmono5.0,psweep112_20260319_134243,2.0,5.0,ok,3.8098208669655502,1000,1000,1000,0,0.0,1.0,0.0,0.2037024,0.1691,Advantage2_system1.13,2009,22,./penalty_sweep_qpu_v113/samples/3nq9_Kdist2.0_Kmono5.0/psweep112_20260319_134243/3nq9_ligand_report.csv,./penalty_sweep_qpu_v113/samples/3nq9_Kdist2.0_Kmono5.0/psweep112_20260319_134243/3nq9_ligand_samples.json,./penalty_sweep_qpu_v113/samples/3nq9_Kdist2.0_Kmono5.0/psweep112_20260319_134243/result.json
3nq9,3nq9_Kdist2.0_Kmono6.0,psweep112_20260319_134243,2.0,6.0,ok,3.695156388845278,1000,1000,1000,0,0.0,1.0,0.0,0.2062104,0.1716,Advantage2_system1.13,2201,25,./penalty_sweep_qpu_v113/samples/3nq9_Kdist2.0_Kmono6.0/psweep112_20260319_134243/3nq9_ligand_report.csv,./penalty_sweep_qpu_v113/samples/3nq9_Kdist2.0_Kmono6.0/psweep112_20260319_134243/3nq9_ligand_samples.json,./penalty_sweep_qpu_v113/samples/3nq9_Kdist2.0_Kmono6.0/psweep112_20260319_134243/result.json
3nq9,3nq9_Kdist2.0_Kmono7.0,psweep112_20260319_134243,2.0,7.0,ok,0.6955798447520274,1000,1000,1000,203,0.203,1.0,0.203,0.21052720000000003,0.17592,Advantage2_system1.13,1937,23,./penalty_sweep_qpu_v113/samples/3nq9_Kdist2.0_Kmono7.0/psweep112_20260319_134243/3nq9_ligand_report.csv,./penalty_sweep_qpu_v113/samples/3nq9_Kdist2.0_Kmono7.0/psweep112_20260319_134243/3nq9_ligand_samples.json,./penalty_sweep_qpu_v113/samples/3nq9_Kdist2.0_Kmono7.0/psweep112_20260319_134243/result.json
3nq9,3nq9_Kdist2.0_Kmono8.0,psweep112_20260319_134243,2.0,8.0,ok,1.9023918500221657,1000,1000,1000,2,0.002,1.0,0.002,0.2086268,0.17402,Advantage2_system1.13,2319,27,./penalty_sweep_qpu_v113/samples/3nq9_Kdist2.0_Kmono8.0/psweep112_20260319_134243/3nq9_ligand_report.csv,./penalty_sweep_qpu_v113/samples/3nq9_Kdist2.0_Kmono8.0/psweep112_20260319_134243/3nq9_ligand_samples.json,./penalty_sweep_qpu_v113/samples/3nq9_Kdist2.0_Kmono8.0/psweep112_20260319_134243/result.json
3nq9,3nq9_Kdist2.0_Kmono9.0,psweep112_20260319_134243,2.0,9.0,ok,1.4063208248970975,1000,1000,1000,72,0.072,1.0,0.072,0.1989,0.1643,Advantage2_system1.13,1960,22,./penalty_sweep_qpu_v113/samples/3nq9_Kdist2.0_Kmono9.0/psweep112_20260319_134243/3nq9_ligand_report.csv,./penalty_sweep_qpu_v113/samples/3nq9_Kdist2.0_Kmono9.0/psweep112_20260319_134243/3nq9_ligand_samples.json,./penalty_sweep_qpu_v113/samples/3nq9_Kdist2.0_Kmono9.0/psweep112_20260319_134243/result.json
3nq9,3nq9_Kdist2.0_Kmono10.0,psweep112_20260319_134243,2.0,10.0,ok,1.2875491426992478,1000,1000,1000,94,0.094,1.0,0.094,0.2149576,0.18034,Advantage2_system1.13,2648,31,./penalty_sweep_qpu_v113/samples/3nq9_Kdist2.0_Kmono10.0/psweep112_20260319_134243/3nq9_ligand_report.csv,./penalty_sweep_qpu_v113/samples/3nq9_Kdist2.0_Kmono10.0/psweep112_20260319_134243/3nq9_ligand_samples.json,./penalty_sweep_qpu_v113/samples/3nq9_Kdist2.0_Kmono10.0/psweep112_20260319_134243/result.json
3nq9,3nq9_Kdist2.0_Kmono11.0,psweep112_20260319_134243,2.0,11.0,ok,1.5964203051736399,1000,1000,1000,7,0.007,1.0,0.007,0.2128872,0.17828,Advantage2_system1.13,2069,25,./penalty_sweep_qpu_v113/samples/3nq9_Kdist2.0_Kmono11.0/psweep112_20260319_134243/3nq9_ligand_report.csv,./penalty_sweep_qpu_v113/samples/3nq9_Kdist2.0_Kmono11.0/psweep112_20260319_134243/3nq9_ligand_samples.json,./penalty_sweep_qpu_v113/samples/3nq9_Kdist2.0_Kmono11.0/psweep112_20260319_134243/result.json
3nq9,3nq9_Kdist2.0_Kmono12.0,psweep112_20260319_134243,2.0,12.0,ok,1.541132391059099,1000,1000,1000,4,0.004,1.0,0.004,0.2115844,0.17698,Advantage2_system1.13,1934,22,./penalty_sweep_qpu_v113/samples/3nq9_Kdist2.0_Kmono12.0/psweep112_20260319_134243/3nq9_ligand_report.csv,./penalty_sweep_qpu_v113/samples/3nq9_Kdist2.0_Kmono12.0/psweep112_20260319_134243/3nq9_ligand_samples.json,./penalty_sweep_qpu_v113/samples/3nq9_Kdist2.0_Kmono12.0/psweep112_20260319_134243/result.json
3nq9,3nq9_Kdist2.0_Kmono13.0,psweep112_20260319_134243,2.0,13.0,ok,0.8645303000495188,1000,1000,1000,29,0.029,1.0,0.029,0.20720639999999999,0.1726,Advantage2_system1.13,2091,26,./penalty_sweep_qpu_v113/samples/3nq9_Kdist2.0_Kmono13.0/psweep112_20260319_134243/3nq9_ligand_report.csv,./penalty_sweep_qpu_v113/samples/3nq9_Kdist2.0_Kmono13.0/psweep112_20260319_134243/3nq9_ligand_samples.json,./penalty_sweep_qpu_v113/samples/3nq9_Kdist2.0_Kmono13.0/psweep112_20260319_134243/result.json
3nq9,3nq9_Kdist2.0_Kmono14.0,psweep112_20260319_134243,2.0,14.0,ok,2.2003306096239736,1000,1000,1000,0,0.0,1.0,0.0,0.21312720000000002,0.17852,Advantage2_system1.13,2085,25,./penalty_sweep_qpu_v113/samples/3nq9_Kdist2.0_Kmono14.0/psweep112_20260319_134243/3nq9_ligand_report.csv,./penalty_sweep_qpu_v113/samples/3nq9_Kdist2.0_Kmono14.0/psweep112_20260319_134243/3nq9_ligand_samples.json,./penalty_sweep_qpu_v113/samples/3nq9_Kdist2.0_Kmono14.0/psweep112_20260319_134243/result.json
3nq9,3nq9_Kdist2.0_Kmono15.0,psweep112_20260319_134243,2.0,15.0,ok,0.7544331876953752,1000,1000,1000,54,0.054,1.0,0.054,0.2087704,0.17416,Advantage2_system1.13,2461,31,./penalty_sweep_qpu_v113/samples/3nq9_Kdist2.0_Kmono15.0/psweep112_20260319_134243/3nq9_ligand_report.csv,./penalty_sweep_qpu_v113/samples/3nq9_Kdist2.0_Kmono15.0/psweep112_20260319_134243/3nq9_ligand_samples.json,./penalty_sweep_qpu_v113/samples/3nq9_Kdist2.0_Kmono15.0/psweep112_20260319_134243/result.json
3nq9,3nq9_Kdist2.0_Kmono16.0,psweep112_20260319_134243,2.0,16.0,ok,1.7872421483013603,1000,1000,1000,7,0.007,1.0,0.007,0.2138864,0.17928,Advantage2_system1.13,1965,22,./penalty_sweep_qpu_v113/samples/3nq9_Kdist2.0_Kmono16.0/psweep112_20260319_134243/3nq9_ligand_report.csv,./penalty_sweep_qpu_v113/samples/3nq9_Kdist2.0_Kmono16.0/psweep112_20260319_134243/3nq9_ligand_samples.json,./penalty_sweep_qpu_v113/samples/3nq9_Kdist2.0_Kmono16.0/psweep112_20260319_134243/result.json
3nq9,3nq9_Kdist2.0_Kmono17.0,psweep112_20260319_134243,2.0,17.0,ok,3.3811455789365663,1000,1000,1000,0,0.0,1.0,0.0,0.20198639999999998,0.16738,Advantage2_system1.13,2090,23,./penalty_sweep_qpu_v113/samples/3nq9_Kdist2.0_Kmono17.0/psweep112_20260319_134243/3nq9_ligand_report.csv,./penalty_sweep_qpu_v113/samples/3nq9_Kdist2.0_Kmono17.0/psweep112_20260319_134243/3nq9_ligand_samples.json,./penalty_sweep_qpu_v113/samples/3nq9_Kdist2.0_Kmono17.0/psweep112_20260319_134243/result.json
3nq9,3nq9_Kdist2.0_Kmono18.0,psweep112_20260319_134243,2.0,18.0,ok,1.2655097129470223,1000,1000,1000,166,0.166,1.0,0.166,0.207542,0.17294,Advantage2_system1.13,2302,28,./penalty_sweep_qpu_v113/samples/3nq9_Kdist2.0_Kmono18.0/psweep112_20260319_134243/3nq9_ligand_report.csv,./penalty_sweep_qpu_v113/samples/3nq9_Kdist2.0_Kmono18.0/psweep112_20260319_134243/3nq9_ligand_samples.json,./penalty_sweep_qpu_v113/samples/3nq9_Kdist2.0_Kmono18.0/psweep112_20260319_134243/result.json
3nq9,3nq9_Kdist2.0_Kmono19.0,psweep112_20260319_134243,2.0,19.0,ok,2.013887908717685,1000,1000,1000,0,0.0,1.0,0.0,0.20723,0.17262,Advantage2_system1.13,2135,24,./penalty_sweep_qpu_v113/samples/3nq9_Kdist2.0_Kmono19.0/psweep112_20260319_134243/3nq9_ligand_report.csv,./penalty_sweep_qpu_v113/samples/3nq9_Kdist2.0_Kmono19.0/psweep112_20260319_134243/3nq9_ligand_samples.json,./penalty_sweep_qpu_v113/samples/3nq9_Kdist2.0_Kmono19.0/psweep112_20260319_134243/result.json
3nq9,3nq9_Kdist2.0_Kmono20.0,psweep112_20260319_134243,2.0,20.0,ok,1.9598967173283544,1000,1000,1000,1,0.001,1.0,0.001,0.2140464,0.17944,Advantage2_system1.13,2257,28,./penalty_sweep_qpu_v113/samples/3nq9_Kdist2.0_Kmono20.0/psweep112_20260319_134243/3nq9_ligand_report.csv,./penalty_sweep_qpu_v113/samples/3nq9_Kdist2.0_Kmono20.0/psweep112_20260319_134243/3nq9_ligand_samples.json,./penalty_sweep_qpu_v113/samples/3nq9_Kdist2.0_Kmono20.0/psweep112_20260319_134243/result.json
3nq9,3nq9_Kdist2.5_Kmono1.0,psweep112_20260319_134243,2.5,1.0,ok,1.6387808719365484,1000,1000,1000,10,0.01,1.0,0.01,0.2151648,0.18056,Advantage2_system1.13,2313,27,./penalty_sweep_qpu_v113/samples/3nq9_Kdist2.5_Kmono1.0/psweep112_20260319_134243/3nq9_ligand_report.csv,./penalty_sweep_qpu_v113/samples/3nq9_Kdist2.5_Kmono1.0/psweep112_20260319_134243/3nq9_ligand_samples.json,./penalty_sweep_qpu_v113/samples/3nq9_Kdist2.5_Kmono1.0/psweep112_20260319_134243/result.json
3nq9,3nq9_Kdist2.5_Kmono2.0,psweep112_20260319_134243,2.5,2.0,ok,4.489946114623785,1000,1000,1000,0,0.0,1.0,0.0,0.20430520000000002,0.1697,Advantage2_system1.13,2063,23,./penalty_sweep_qpu_v113/samples/3nq9_Kdist2.5_Kmono2.0/psweep112_20260319_134243/3nq9_ligand_report.csv,./penalty_sweep_qpu_v113/samples/3nq9_Kdist2.5_Kmono2.0/psweep112_20260319_134243/3nq9_ligand_samples.json,./penalty_sweep_qpu_v113/samples/3nq9_Kdist2.5_Kmono2.0/psweep112_20260319_134243/result.json
3nq9,3nq9_Kdist2.5_Kmono3.0,psweep112_20260319_134243,2.5,3.0,ok,4.193810221637339,1000,1000,1000,0,0.0,1.0,0.0,0.2037996,0.1692,Advantage2_system1.13,2124,25,./penalty_sweep_qpu_v113/samples/3nq9_Kdist2.5_Kmono3.0/psweep112_20260319_134243/3nq9_ligand_report.csv,./penalty_sweep_qpu_v113/samples/3nq9_Kdist2.5_Kmono3.0/psweep112_20260319_134243/3nq9_ligand_samples.json,./penalty_sweep_qpu_v113/samples/3nq9_Kdist2.5_Kmono3.0/psweep112_20260319_134243/result.json
3nq9,3nq9_Kdist2.5_Kmono4.0,psweep112_20260319_134243,2.5,4.0,ok,2.794352148560255,1000,1000,1000,0,0.0,1.0,0.0,0.2092696,0.17466,Advantage2_system1.13,2104,24,./penalty_sweep_qpu_v113/samples/3nq9_Kdist2.5_Kmono4.0/psweep112_20260319_134243/3nq9_ligand_report.csv,./penalty_sweep_qpu_v113/samples/3nq9_Kdist2.5_Kmono4.0/psweep112_20260319_134243/3nq9_ligand_samples.json,./penalty_sweep_qpu_v113/samples/3nq9_Kdist2.5_Kmono4.0/psweep112_20260319_134243/result.json
3nq9,3nq9_Kdist2.5_Kmono5.0,psweep112_20260319_134243,2.5,5.0,ok,2.042784924522987,1000,1000,1000,0,0.0,1.0,0.0,0.215442,0.18084,Advantage2_system1.13,1985,24,./penalty_sweep_qpu_v113/samples/3nq9_Kdist2.5_Kmono5.0/psweep112_20260319_134243/3nq9_ligand_report.csv,./penalty_sweep_qpu_v113/samples/3nq9_Kdist2.5_Kmono5.0/psweep112_20260319_134243/3nq9_ligand_samples.json,./penalty_sweep_qpu_v113/samples/3nq9_Kdist2.5_Kmono5.0/psweep112_20260319_134243/result.json
3nq9,3nq9_Kdist2.5_Kmono6.0,psweep112_20260319_134243,2.5,6.0,ok,3.5298349230900055,1000,1000,1000,0,0.0,1.0,0.0,0.211028,0.17642,Advantage2_system1.13,2032,25,./penalty_sweep_qpu_v113/samples/3nq9_Kdist2.5_Kmono6.0/psweep112_20260319_134243/3nq9_ligand_report.csv,./penalty_sweep_qpu_v113/samples/3nq9_Kdist2.5_Kmono6.0/psweep112_20260319_134243/3nq9_ligand_samples.json,./penalty_sweep_qpu_v113/samples/3nq9_Kdist2.5_Kmono6.0/psweep112_20260319_134243/result.json
3nq9,3nq9_Kdist2.5_Kmono7.0,psweep112_20260319_134243,2.5,7.0,ok,0.8934073585280397,1000,1000,1000,310,0.31,1.0,0.31,0.2082104,0.1736,Advantage2_system1.13,2030,23,./penalty_sweep_qpu_v113/samples/3nq9_Kdist2.5_Kmono7.0/psweep112_20260319_134243/3nq9_ligand_report.csv,./penalty_sweep_qpu_v113/samples/3nq9_Kdist2.5_Kmono7.0/psweep112_20260319_134243/3nq9_ligand_samples.json,./penalty_sweep_qpu_v113/samples/3nq9_Kdist2.5_Kmono7.0/psweep112_20260319_134243/result.json
3nq9,3nq9_Kdist2.5_Kmono8.0,psweep112_20260319_134243,2.5,8.0,ok,2.871043340908827,1000,1000,1000,0,0.0,1.0,0.0,0.2104468,0.17584,Advantage2_system1.13,2286,27,./penalty_sweep_qpu_v113/samples/3nq9_Kdist2.5_Kmono8.0/psweep112_20260319_134243/3nq9_ligand_report.csv,./penalty_sweep_qpu_v113/samples/3nq9_Kdist2.5_Kmono8.0/psweep112_20260319_134243/3nq9_ligand_samples.json,./penalty_sweep_qpu_v113/samples/3nq9_Kdist2.5_Kmono8.0/psweep112_20260319_134243/result.json
3nq9,3nq9_Kdist2.5_Kmono9.0,psweep112_20260319_134243,2.5,9.0,ok,2.1647287376815934,1000,1000,1000,0,0.0,1.0,0.0,0.2096304,0.17502,Advantage2_system1.13,2227,28,./penalty_sweep_qpu_v113/samples/3nq9_Kdist2.5_Kmono9.0/psweep112_20260319_134243/3nq9_ligand_report.csv,./penalty_sweep_qpu_v113/samples/3nq9_Kdist2.5_Kmono9.0/psweep112_20260319_134243/3nq9_ligand_samples.json,./penalty_sweep_qpu_v113/samples/3nq9_Kdist2.5_Kmono9.0/psweep112_20260319_134243/result.json
3nq9,3nq9_Kdist2.5_Kmono10.0,psweep112_20260319_134243,2.5,10.0,ok,1.0233175512073658,1000,1000,1000,225,0.225,1.0,0.225,0.20585279999999997,0.17124,Advantage2_system1.13,2104,25,./penalty_sweep_qpu_v113/samples/3nq9_Kdist2.5_Kmono10.0/psweep112_20260319_134243/3nq9_ligand_report.csv,./penalty_sweep_qpu_v113/samples/3nq9_Kdist2.5_Kmono10.0/psweep112_20260319_134243/3nq9_ligand_samples.json,./penalty_sweep_qpu_v113/samples/3nq9_Kdist2.5_Kmono10.0/psweep112_20260319_134243/result.json
3nq9,3nq9_Kdist2.5_Kmono11.0,psweep112_20260319_134243,2.5,11.0,ok,0.975355207041844,1000,1000,1000,12,0.012,1.0,0.012,0.20809239999999998,0.17348,Advantage2_system1.13,2023,25,./penalty_sweep_qpu_v113/samples/3nq9_Kdist2.5_Kmono11.0/psweep112_20260319_134243/3nq9_ligand_report.csv,./penalty_sweep_qpu_v113/samples/3nq9_Kdist2.5_Kmono11.0/psweep112_20260319_134243/3nq9_ligand_samples.json,./penalty_sweep_qpu_v113/samples/3nq9_Kdist2.5_Kmono11.0/psweep112_20260319_134243/result.json
3nq9,3nq9_Kdist2.5_Kmono12.0,psweep112_20260319_134243,2.5,12.0,ok,1.6171279782982524,1000,1000,1000,12,0.012,1.0,0.012,0.206706,0.1721,Advantage2_system1.13,2085,25,./penalty_sweep_qpu_v113/samples/3nq9_Kdist2.5_Kmono12.0/psweep112_20260319_134243/3nq9_ligand_report.csv,./penalty_sweep_qpu_v113/samples/3nq9_Kdist2.5_Kmono12.0/psweep112_20260319_134243/3nq9_ligand_samples.json,./penalty_sweep_qpu_v113/samples/3nq9_Kdist2.5_Kmono12.0/psweep112_20260319_134243/result.json
3nq9,3nq9_Kdist2.5_Kmono13.0,psweep112_20260319_134243,2.5,13.0,ok,1.9138515498179653,1000,1000,1000,1,0.001,1.0,0.001,0.20484839999999999,0.17024,Advantage2_system1.13,2084,24,./penalty_sweep_qpu_v113/samples/3nq9_Kdist2.5_Kmono13.0/psweep112_20260319_134243/3nq9_ligand_report.csv,./penalty_sweep_qpu_v113/samples/3nq9_Kdist2.5_Kmono13.0/psweep112_20260319_134243/3nq9_ligand_samples.json,./penalty_sweep_qpu_v113/samples/3nq9_Kdist2.5_Kmono13.0/psweep112_20260319_134243/result.json
3nq9,3nq9_Kdist2.5_Kmono14.0,psweep112_20260319_134243,2.5,14.0,ok,1.530094335789953,1000,1000,1000,4,0.004,1.0,0.004,0.206492,0.17188,Advantage2_system1.13,2133,25,./penalty_sweep_qpu_v113/samples/3nq9_Kdist2.5_Kmono14.0/psweep112_20260319_134243/3nq9_ligand_report.csv,./penalty_sweep_qpu_v113/samples/3nq9_Kdist2.5_Kmono14.0/psweep112_20260319_134243/3nq9_ligand_samples.json,./penalty_sweep_qpu_v113/samples/3nq9_Kdist2.5_Kmono14.0/psweep112_20260319_134243/result.json
3nq9,3nq9_Kdist2.5_Kmono15.0,psweep112_20260319_134243,2.5,15.0,ok,1.433385633319837,1000,1000,1000,28,0.028,1.0,0.028,0.2155368,0.18094,Advantage2_system1.13,2112,25,./penalty_sweep_qpu_v113/samples/3nq9_Kdist2.5_Kmono15.0/psweep112_20260319_134243/3nq9_ligand_report.csv,./penalty_sweep_qpu_v113/samples/3nq9_Kdist2.5_Kmono15.0/psweep112_20260319_134243/3nq9_ligand_samples.json,./penalty_sweep_qpu_v113/samples/3nq9_Kdist2.5_Kmono15.0/psweep112_20260319_134243/result.json
3nq9,3nq9_Kdist2.5_Kmono16.0,psweep112_20260319_134243,2.5,16.0,ok,2.1638380567780042,1000,1000,1000,0,0.0,1.0,0.0,0.2127636,0.17816,Advantage2_system1.13,2138,25,./penalty_sweep_qpu_v113/samples/3nq9_Kdist2.5_Kmono16.0/psweep112_20260319_134243/3nq9_ligand_report.csv,./penalty_sweep_qpu_v113/samples/3nq9_Kdist2.5_Kmono16.0/psweep112_20260319_134243/3nq9_ligand_samples.json,./penalty_sweep_qpu_v113/samples/3nq9_Kdist2.5_Kmono16.0/psweep112_20260319_134243/result.json
3nq9,3nq9_Kdist2.5_Kmono17.0,psweep112_20260319_134243,2.5,17.0,ok,2.1001503403354884,1000,1000,1000,0,0.0,1.0,0.0,0.21344839999999998,0.17884,Advantage2_system1.13,1944,23,./penalty_sweep_qpu_v113/samples/3nq9_Kdist2.5_Kmono17.0/psweep112_20260319_134243/3nq9_ligand_report.csv,./penalty_sweep_qpu_v113/samples/3nq9_Kdist2.5_Kmono17.0/psweep112_20260319_134243/3nq9_ligand_samples.json,./penalty_sweep_qpu_v113/samples/3nq9_Kdist2.5_Kmono17.0/psweep112_20260319_134243/result.json
3nq9,3nq9_Kdist2.5_Kmono18.0,psweep112_20260319_134243,2.5,18.0,ok,3.5976795874379373,1000,1000,1000,0,0.0,1.0,0.0,0.212766,0.17816,Advantage2_system1.13,2279,28,./penalty_sweep_qpu_v113/samples/3nq9_Kdist2.5_Kmono18.0/psweep112_20260319_134243/3nq9_ligand_report.csv,./penalty_sweep_qpu_v113/samples/3nq9_Kdist2.5_Kmono18.0/psweep112_20260319_134243/3nq9_ligand_samples.json,./penalty_sweep_qpu_v113/samples/3nq9_Kdist2.5_Kmono18.0/psweep112_20260319_134243/result.json
3nq9,3nq9_Kdist2.5_Kmono19.0,psweep112_20260319_134243,2.5,19.0,ok,4.2491588754950635,1000,1000,1000,0,0.0,1.0,0.0,0.2019008,0.1673,Advantage2_system1.13,2055,23,./penalty_sweep_qpu_v113/samples/3nq9_Kdist2.5_Kmono19.0/psweep112_20260319_134243/3nq9_ligand_report.csv,./penalty_sweep_qpu_v113/samples/3nq9_Kdist2.5_Kmono19.0/psweep112_20260319_134243/3nq9_ligand_samples.json,./penalty_sweep_qpu_v113/samples/3nq9_Kdist2.5_Kmono19.0/psweep112_20260319_134243/result.json
3nq9,3nq9_Kdist2.5_Kmono20.0,psweep112_20260319_134243,2.5,20.0,ok,0.6335940637273405,1000,1000,1000,153,0.153,1.0,0.153,0.2127664,0.17816,Advantage2_system1.13,2045,24,./penalty_sweep_qpu_v113/samples/3nq9_Kdist2.5_Kmono20.0/psweep112_20260319_134243/3nq9_ligand_report.csv,./penalty_sweep_qpu_v113/samples/3nq9_Kdist2.5_Kmono20.0/psweep112_20260319_134243/3nq9_ligand_samples.json,./penalty_sweep_qpu_v113/samples/3nq9_Kdist2.5_Kmono20.0/psweep112_20260319_134243/result.json
3nq9,3nq9_Kdist3.0_Kmono1.0,psweep112_20260319_134243,3.0,1.0,ok,2.2603685654438346,1000,1000,1000,0,0.0,1.0,0.0,0.2087356,0.17412,Advantage2_system1.13,2263,26,./penalty_sweep_qpu_v113/samples/3nq9_Kdist3.0_Kmono1.0/psweep112_20260319_134243/3nq9_ligand_report.csv,./penalty_sweep_qpu_v113/samples/3nq9_Kdist3.0_Kmono1.0/psweep112_20260319_134243/3nq9_ligand_samples.json,./penalty_sweep_qpu_v113/samples/3nq9_Kdist3.0_Kmono1.0/psweep112_20260319_134243/result.json
3nq9,3nq9_Kdist3.0_Kmono2.0,psweep112_20260319_134243,3.0,2.0,ok,4.181157834433237,1000,1000,1000,0,0.0,1.0,0.0,0.209538,0.17492,Advantage2_system1.13,2416,30,./penalty_sweep_qpu_v113/samples/3nq9_Kdist3.0_Kmono2.0/psweep112_20260319_134243/3nq9_ligand_report.csv,./penalty_sweep_qpu_v113/samples/3nq9_Kdist3.0_Kmono2.0/psweep112_20260319_134243/3nq9_ligand_samples.json,./penalty_sweep_qpu_v113/samples/3nq9_Kdist3.0_Kmono2.0/psweep112_20260319_134243/result.json
3nq9,3nq9_Kdist3.0_Kmono3.0,psweep112_20260319_134243,3.0,3.0,ok,2.9371621854784244,1000,1000,1000,0,0.0,1.0,0.0,0.21303160000000002,0.17842,Advantage2_system1.13,2292,28,./penalty_sweep_qpu_v113/samples/3nq9_Kdist3.0_Kmono3.0/psweep112_20260319_134243/3nq9_ligand_report.csv,./penalty_sweep_qpu_v113/samples/3nq9_Kdist3.0_Kmono3.0/psweep112_20260319_134243/3nq9_ligand_samples.json,./penalty_sweep_qpu_v113/samples/3nq9_Kdist3.0_Kmono3.0/psweep112_20260319_134243/result.json
3nq9,3nq9_Kdist3.0_Kmono4.0,psweep112_20260319_134243,3.0,4.0,ok,3.2656654726651873,1000,1000,1000,0,0.0,1.0,0.0,0.20858320000000002,0.17398,Advantage2_system1.13,2020,23,./penalty_sweep_qpu_v113/samples/3nq9_Kdist3.0_Kmono4.0/psweep112_20260319_134243/3nq9_ligand_report.csv,./penalty_sweep_qpu_v113/samples/3nq9_Kdist3.0_Kmono4.0/psweep112_20260319_134243/3nq9_ligand_samples.json,./penalty_sweep_qpu_v113/samples/3nq9_Kdist3.0_Kmono4.0/psweep112_20260319_134243/result.json
3nq9,3nq9_Kdist3.0_Kmono5.0,psweep112_20260319_134243,3.0,5.0,ok,2.911648797612777,1000,1000,1000,0,0.0,1.0,0.0,0.2123444,0.17774,Advantage2_system1.13,2189,27,./penalty_sweep_qpu_v113/samples/3nq9_Kdist3.0_Kmono5.0/psweep112_20260319_134243/3nq9_ligand_report.csv,./penalty_sweep_qpu_v113/samples/3nq9_Kdist3.0_Kmono5.0/psweep112_20260319_134243/3nq9_ligand_samples.json,./penalty_sweep_qpu_v113/samples/3nq9_Kdist3.0_Kmono5.0/psweep112_20260319_134243/result.json
3nq9,3nq9_Kdist3.0_Kmono6.0,psweep112_20260319_134243,3.0,6.0,ok,3.7971632730840623,1000,1000,1000,0,0.0,1.0,0.0,0.20444679999999998,0.16984,Advantage2_system1.13,2447,30,./penalty_sweep_qpu_v113/samples/3nq9_Kdist3.0_Kmono6.0/psweep112_20260319_134243/3nq9_ligand_report.csv,./penalty_sweep_qpu_v113/samples/3nq9_Kdist3.0_Kmono6.0/psweep112_20260319_134243/3nq9_ligand_samples.json,./penalty_sweep_qpu_v113/samples/3nq9_Kdist3.0_Kmono6.0/psweep112_20260319_134243/result.json
3nq9,3nq9_Kdist3.0_Kmono7.0,psweep112_20260319_134243,3.0,7.0,ok,4.831136955396407,1000,1000,1000,0,0.0,1.0,0.0,0.2148008,0.1802,Advantage2_system1.13,2102,25,./penalty_sweep_qpu_v113/samples/3nq9_Kdist3.0_Kmono7.0/psweep112_20260319_134243/3nq9_ligand_report.csv,./penalty_sweep_qpu_v113/samples/3nq9_Kdist3.0_Kmono7.0/psweep112_20260319_134243/3nq9_ligand_samples.json,./penalty_sweep_qpu_v113/samples/3nq9_Kdist3.0_Kmono7.0/psweep112_20260319_134243/result.json
3nq9,3nq9_Kdist3.0_Kmono8.0,psweep112_20260319_134243,3.0,8.0,ok,2.79221935125178,1000,1000,1000,0,0.0,1.0,0.0,0.2151576,0.18056,Advantage2_system1.13,2134,25,./penalty_sweep_qpu_v113/samples/3nq9_Kdist3.0_Kmono8.0/psweep112_20260319_134243/3nq9_ligand_report.csv,./penalty_sweep_qpu_v113/samples/3nq9_Kdist3.0_Kmono8.0/psweep112_20260319_134243/3nq9_ligand_samples.json,./penalty_sweep_qpu_v113/samples/3nq9_Kdist3.0_Kmono8.0/psweep112_20260319_134243/result.json
3nq9,3nq9_Kdist3.0_Kmono9.0,psweep112_20260319_134243,3.0,9.0,ok,3.283080221146637,1000,1000,1000,0,0.0,1.0,0.0,0.2053396,0.17074,Advantage2_system1.13,2266,27,./penalty_sweep_qpu_v113/samples/3nq9_Kdist3.0_Kmono9.0/psweep112_20260319_134243/3nq9_ligand_report.csv,./penalty_sweep_qpu_v113/samples/3nq9_Kdist3.0_Kmono9.0/psweep112_20260319_134243/3nq9_ligand_samples.json,./penalty_sweep_qpu_v113/samples/3nq9_Kdist3.0_Kmono9.0/psweep112_20260319_134243/result.json
3nq9,3nq9_Kdist3.0_Kmono10.0,psweep112_20260319_134243,3.0,10.0,ok,1.5453500891757919,1000,1000,1000,8,0.008,1.0,0.008,0.212024,0.17742,Advantage2_system1.13,2107,25,./penalty_sweep_qpu_v113/samples/3nq9_Kdist3.0_Kmono10.0/psweep112_20260319_134243/3nq9_ligand_report.csv,./penalty_sweep_qpu_v113/samples/3nq9_Kdist3.0_Kmono10.0/psweep112_20260319_134243/3nq9_ligand_samples.json,./penalty_sweep_qpu_v113/samples/3nq9_Kdist3.0_Kmono10.0/psweep112_20260319_134243/result.json
3nq9,3nq9_Kdist3.0_Kmono11.0,psweep112_20260319_134243,3.0,11.0,ok,1.7034394053664415,1000,1000,1000,8,0.008,1.0,0.008,0.20993720000000002,0.17534,Advantage2_system1.13,2119,24,./penalty_sweep_qpu_v113/samples/3nq9_Kdist3.0_Kmono11.0/psweep112_20260319_134243/3nq9_ligand_report.csv,./penalty_sweep_qpu_v113/samples/3nq9_Kdist3.0_Kmono11.0/psweep112_20260319_134243/3nq9_ligand_samples.json,./penalty_sweep_qpu_v113/samples/3nq9_Kdist3.0_Kmono11.0/psweep112_20260319_134243/result.json
3nq9,3nq9_Kdist3.0_Kmono12.0,psweep112_20260319_134243,3.0,12.0,ok,1.6449338742759043,1000,1000,1000,3,0.003,1.0,0.003,0.20933960000000001,0.17474,Advantage2_system1.13,2124,25,./penalty_sweep_qpu_v113/samples/3nq9_Kdist3.0_Kmono12.0/psweep112_20260319_134243/3nq9_ligand_report.csv,./penalty_sweep_qpu_v113/samples/3nq9_Kdist3.0_Kmono12.0/psweep112_20260319_134243/3nq9_ligand_samples.json,./penalty_sweep_qpu_v113/samples/3nq9_Kdist3.0_Kmono12.0/psweep112_20260319_134243/result.json
3nq9,3nq9_Kdist3.0_Kmono13.0,psweep112_20260319_134243,3.0,13.0,ok,2.520649823128803,1000,1000,1000,0,0.0,1.0,0.0,0.211528,0.17692,Advantage2_system1.13,2491,28,./penalty_sweep_qpu_v113/samples/3nq9_Kdist3.0_Kmono13.0/psweep112_20260319_134243/3nq9_ligand_report.csv,./penalty_sweep_qpu_v113/samples/3nq9_Kdist3.0_Kmono13.0/psweep112_20260319_134243/3nq9_ligand_samples.json,./penalty_sweep_qpu_v113/samples/3nq9_Kdist3.0_Kmono13.0/psweep112_20260319_134243/result.json
3nq9,3nq9_Kdist3.0_Kmono14.0,psweep112_20260319_134243,3.0,14.0,ok,3.7727688070548493,1000,1000,1000,0,0.0,1.0,0.0,0.2143044,0.1797,Advantage2_system1.13,1949,24,./penalty_sweep_qpu_v113/samples/3nq9_Kdist3.0_Kmono14.0/psweep112_20260319_134243/3nq9_ligand_report.csv,./penalty_sweep_qpu_v113/samples/3nq9_Kdist3.0_Kmono14.0/psweep112_20260319_134243/3nq9_ligand_samples.json,./penalty_sweep_qpu_v113/samples/3nq9_Kdist3.0_Kmono14.0/psweep112_20260319_134243/result.json
3nq9,3nq9_Kdist3.0_Kmono15.0,psweep112_20260319_134243,3.0,15.0,ok,2.4049465350157253,1000,1000,1000,0,0.0,1.0,0.0,0.2082652,0.17366,Advantage2_system1.13,2424,29,./penalty_sweep_qpu_v113/samples/3nq9_Kdist3.0_Kmono15.0/psweep112_20260319_134243/3nq9_ligand_report.csv,./penalty_sweep_qpu_v113/samples/3nq9_Kdist3.0_Kmono15.0/psweep112_20260319_134243/3nq9_ligand_samples.json,./penalty_sweep_qpu_v113/samples/3nq9_Kdist3.0_Kmono15.0/psweep112_20260319_134243/result.json
3nq9,3nq9_Kdist3.0_Kmono16.0,psweep112_20260319_134243,3.0,16.0,ok,2.580700530727676,1000,1000,1000,0,0.0,1.0,0.0,0.206594,0.17198,Advantage2_system1.13,2080,24,./penalty_sweep_qpu_v113/samples/3nq9_Kdist3.0_Kmono16.0/psweep112_20260319_134243/3nq9_ligand_report.csv,./penalty_sweep_qpu_v113/samples/3nq9_Kdist3.0_Kmono16.0/psweep112_20260319_134243/3nq9_ligand_samples.json,./penalty_sweep_qpu_v113/samples/3nq9_Kdist3.0_Kmono16.0/psweep112_20260319_134243/result.json
3nq9,3nq9_Kdist3.0_Kmono17.0,psweep112_20260319_134243,3.0,17.0,ok,1.5495829356394542,1000,1000,1000,1,0.001,1.0,0.001,0.2148028,0.1802,Advantage2_system1.13,2027,24,./penalty_sweep_qpu_v113/samples/3nq9_Kdist3.0_Kmono17.0/psweep112_20260319_134243/3nq9_ligand_report.csv,./penalty_sweep_qpu_v113/samples/3nq9_Kdist3.0_Kmono17.0/psweep112_20260319_134243/3nq9_ligand_samples.json,./penalty_sweep_qpu_v113/samples/3nq9_Kdist3.0_Kmono17.0/psweep112_20260319_134243/result.json
3nq9,3nq9_Kdist3.0_Kmono18.0,psweep112_20260319_134243,3.0,18.0,ok,5.553884050364266,1000,1000,1000,0,0.0,1.0,0.0,0.21822239999999998,0.18362,Advantage2_system1.13,2114,26,./penalty_sweep_qpu_v113/samples/3nq9_Kdist3.0_Kmono18.0/psweep112_20260319_134243/3nq9_ligand_report.csv,./penalty_sweep_qpu_v113/samples/3nq9_Kdist3.0_Kmono18.0/psweep112_20260319_134243/3nq9_ligand_samples.json,./penalty_sweep_qpu_v113/samples/3nq9_Kdist3.0_Kmono18.0/psweep112_20260319_134243/result.json
3nq9,3nq9_Kdist3.0_Kmono19.0,psweep112_20260319_134243,3.0,19.0,ok,1.4844524131084753,1000,1000,1000,7,0.007,1.0,0.007,0.2117252,0.17712,Advantage2_system1.13,2025,24,./penalty_sweep_qpu_v113/samples/3nq9_Kdist3.0_Kmono19.0/psweep112_20260319_134243/3nq9_ligand_report.csv,./penalty_sweep_qpu_v113/samples/3nq9_Kdist3.0_Kmono19.0/psweep112_20260319_134243/3nq9_ligand_samples.json,./penalty_sweep_qpu_v113/samples/3nq9_Kdist3.0_Kmono19.0/psweep112_20260319_134243/result.json
3nq9,3nq9_Kdist3.0_Kmono20.0,psweep112_20260319_134243,3.0,20.0,ok,0.9922066753701311,1000,1000,1000,13,0.013,1.0,0.013,0.20823039999999998,0.17362,Advantage2_system1.13,2124,24,./penalty_sweep_qpu_v113/samples/3nq9_Kdist3.0_Kmono20.0/psweep112_20260319_134243/3nq9_ligand_report.csv,./penalty_sweep_qpu_v113/samples/3nq9_Kdist3.0_Kmono20.0/psweep112_20260319_134243/3nq9_ligand_samples.json,./penalty_sweep_qpu_v113/samples/3nq9_Kdist3.0_Kmono20.0/psweep112_20260319_134243/result.json
3nq9,3nq9_Kdist3.5_Kmono1.0,psweep112_20260319_134243,3.5,1.0,ok,3.035484369356689,1000,1000,1000,0,0.0,1.0,0.0,0.2168444,0.18224,Advantage2_system1.13,2057,24,./penalty_sweep_qpu_v113/samples/3nq9_Kdist3.5_Kmono1.0/psweep112_20260319_134243/3nq9_ligand_report.csv,./penalty_sweep_qpu_v113/samples/3nq9_Kdist3.5_Kmono1.0/psweep112_20260319_134243/3nq9_ligand_samples.json,./penalty_sweep_qpu_v113/samples/3nq9_Kdist3.5_Kmono1.0/psweep112_20260319_134243/result.json
3nq9,3nq9_Kdist3.5_Kmono2.0,psweep112_20260319_134243,3.5,2.0,ok,4.800165943290168,1000,1000,1000,0,0.0,1.0,0.0,0.207456,0.17284,Advantage2_system1.13,2092,24,./penalty_sweep_qpu_v113/samples/3nq9_Kdist3.5_Kmono2.0/psweep112_20260319_134243/3nq9_ligand_report.csv,./penalty_sweep_qpu_v113/samples/3nq9_Kdist3.5_Kmono2.0/psweep112_20260319_134243/3nq9_ligand_samples.json,./penalty_sweep_qpu_v113/samples/3nq9_Kdist3.5_Kmono2.0/psweep112_20260319_134243/result.json
3nq9,3nq9_Kdist3.5_Kmono3.0,psweep112_20260319_134243,3.5,3.0,ok,3.7079765186216047,1000,1000,1000,0,0.0,1.0,0.0,0.212672,0.17806,Advantage2_system1.13,2175,27,./penalty_sweep_qpu_v113/samples/3nq9_Kdist3.5_Kmono3.0/psweep112_20260319_134243/3nq9_ligand_report.csv,./penalty_sweep_qpu_v113/samples/3nq9_Kdist3.5_Kmono3.0/psweep112_20260319_134243/3nq9_ligand_samples.json,./penalty_sweep_qpu_v113/samples/3nq9_Kdist3.5_Kmono3.0/psweep112_20260319_134243/result.json
3nq9,3nq9_Kdist3.5_Kmono4.0,psweep112_20260319_134243,3.5,4.0,ok,3.362745681888065,1000,1000,1000,0,0.0,1.0,0.0,0.2113484,0.17674,Advantage2_system1.13,2064,25,./penalty_sweep_qpu_v113/samples/3nq9_Kdist3.5_Kmono4.0/psweep112_20260319_134243/3nq9_ligand_report.csv,./penalty_sweep_qpu_v113/samples/3nq9_Kdist3.5_Kmono4.0/psweep112_20260319_134243/3nq9_ligand_samples.json,./penalty_sweep_qpu_v113/samples/3nq9_Kdist3.5_Kmono4.0/psweep112_20260319_134243/result.json
3nq9,3nq9_Kdist3.5_Kmono5.0,psweep112_20260319_134243,3.5,5.0,ok,2.8584008050859233,1000,1000,1000,0,0.0,1.0,0.0,0.2091316,0.17452,Advantage2_system1.13,2157,25,./penalty_sweep_qpu_v113/samples/3nq9_Kdist3.5_Kmono5.0/psweep112_20260319_134243/3nq9_ligand_report.csv,./penalty_sweep_qpu_v113/samples/3nq9_Kdist3.5_Kmono5.0/psweep112_20260319_134243/3nq9_ligand_samples.json,./penalty_sweep_qpu_v113/samples/3nq9_Kdist3.5_Kmono5.0/psweep112_20260319_134243/result.json
3nq9,3nq9_Kdist3.5_Kmono6.0,psweep112_20260319_134243,3.5,6.0,ok,2.7126137162611124,1000,1000,1000,0,0.0,1.0,0.0,0.206096,0.17148,Advantage2_system1.13,2230,26,./penalty_sweep_qpu_v113/samples/3nq9_Kdist3.5_Kmono6.0/psweep112_20260319_134243/3nq9_ligand_report.csv,./penalty_sweep_qpu_v113/samples/3nq9_Kdist3.5_Kmono6.0/psweep112_20260319_134243/3nq9_ligand_samples.json,./penalty_sweep_qpu_v113/samples/3nq9_Kdist3.5_Kmono6.0/psweep112_20260319_134243/result.json
3nq9,3nq9_Kdist3.5_Kmono7.0,psweep112_20260319_134243,3.5,7.0,ok,3.973286694088434,1000,1000,1000,0,0.0,1.0,0.0,0.2122676,0.17766,Advantage2_system1.13,2106,24,./penalty_sweep_qpu_v113/samples/3nq9_Kdist3.5_Kmono7.0/psweep112_20260319_134243/3nq9_ligand_report.csv,./penalty_sweep_qpu_v113/samples/3nq9_Kdist3.5_Kmono7.0/psweep112_20260319_134243/3nq9_ligand_samples.json,./penalty_sweep_qpu_v113/samples/3nq9_Kdist3.5_Kmono7.0/psweep112_20260319_134243/result.json
3nq9,3nq9_Kdist3.5_Kmono8.0,psweep112_20260319_134243,3.5,8.0,ok,5.46092679902756,1000,1000,1000,0,0.0,1.0,0.0,0.210086,0.17548,Advantage2_system1.13,2006,23,./penalty_sweep_qpu_v113/samples/3nq9_Kdist3.5_Kmono8.0/psweep112_20260319_134243/3nq9_ligand_report.csv,./penalty_sweep_qpu_v113/samples/3nq9_Kdist3.5_Kmono8.0/psweep112_20260319_134243/3nq9_ligand_samples.json,./penalty_sweep_qpu_v113/samples/3nq9_Kdist3.5_Kmono8.0/psweep112_20260319_134243/result.json
3nq9,3nq9_Kdist3.5_Kmono9.0,psweep112_20260319_134243,3.5,9.0,ok,5.549256390447141,1000,1000,1000,0,0.0,1.0,0.0,0.2145248,0.17992,Advantage2_system1.13,2214,25,./penalty_sweep_qpu_v113/samples/3nq9_Kdist3.5_Kmono9.0/psweep112_20260319_134243/3nq9_ligand_report.csv,./penalty_sweep_qpu_v113/samples/3nq9_Kdist3.5_Kmono9.0/psweep112_20260319_134243/3nq9_ligand_samples.json,./penalty_sweep_qpu_v113/samples/3nq9_Kdist3.5_Kmono9.0/psweep112_20260319_134243/result.json
3nq9,3nq9_Kdist3.5_Kmono10.0,psweep112_20260319_134243,3.5,10.0,ok,3.3870742582872184,1000,1000,1000,0,0.0,1.0,0.0,0.2158068,0.1812,Advantage2_system1.13,2080,24,./penalty_sweep_qpu_v113/samples/3nq9_Kdist3.5_Kmono10.0/psweep112_20260319_134243/3nq9_ligand_report.csv,./penalty_sweep_qpu_v113/samples/3nq9_Kdist3.5_Kmono10.0/psweep112_20260319_134243/3nq9_ligand_samples.json,./penalty_sweep_qpu_v113/samples/3nq9_Kdist3.5_Kmono10.0/psweep112_20260319_134243/result.json
3nq9,3nq9_Kdist3.5_Kmono11.0,psweep112_20260319_134243,3.5,11.0,ok,1.2926954120837375,1000,1000,1000,103,0.103,1.0,0.103,0.2131644,0.17856,Advantage2_system1.13,1942,23,./penalty_sweep_qpu_v113/samples/3nq9_Kdist3.5_Kmono11.0/psweep112_20260319_134243/3nq9_ligand_report.csv,./penalty_sweep_qpu_v113/samples/3nq9_Kdist3.5_Kmono11.0/psweep112_20260319_134243/3nq9_ligand_samples.json,./penalty_sweep_qpu_v113/samples/3nq9_Kdist3.5_Kmono11.0/psweep112_20260319_134243/result.json
3nq9,3nq9_Kdist3.5_Kmono12.0,psweep112_20260319_134243,3.5,12.0,ok,2.9651638050202704,1000,1000,1000,0,0.0,1.0,0.0,0.202172,0.16756,Advantage2_system1.13,1978,22,./penalty_sweep_qpu_v113/samples/3nq9_Kdist3.5_Kmono12.0/psweep112_20260319_134243/3nq9_ligand_report.csv,./penalty_sweep_qpu_v113/samples/3nq9_Kdist3.5_Kmono12.0/psweep112_20260319_134243/3nq9_ligand_samples.json,./penalty_sweep_qpu_v113/samples/3nq9_Kdist3.5_Kmono12.0/psweep112_20260319_134243/result.json
3nq9,3nq9_Kdist3.5_Kmono13.0,psweep112_20260319_134243,3.5,13.0,ok,2.647846523172565,1000,1000,1000,0,0.0,1.0,0.0,0.2032688,0.16866,Advantage2_system1.13,2281,27,./penalty_sweep_qpu_v113/samples/3nq9_Kdist3.5_Kmono13.0/psweep112_20260319_134243/3nq9_ligand_report.csv,./penalty_sweep_qpu_v113/samples/3nq9_Kdist3.5_Kmono13.0/psweep112_20260319_134243/3nq9_ligand_samples.json,./penalty_sweep_qpu_v113/samples/3nq9_Kdist3.5_Kmono13.0/psweep112_20260319_134243/result.json
3nq9,3nq9_Kdist3.5_Kmono14.0,psweep112_20260319_134243,3.5,14.0,ok,2.6333709286979485,1000,1000,1000,0,0.0,1.0,0.0,0.20763079999999998,0.17302,Advantage2_system1.13,2143,26,./penalty_sweep_qpu_v113/samples/3nq9_Kdist3.5_Kmono14.0/psweep112_20260319_134243/3nq9_ligand_report.csv,./penalty_sweep_qpu_v113/samples/3nq9_Kdist3.5_Kmono14.0/psweep112_20260319_134243/3nq9_ligand_samples.json,./penalty_sweep_qpu_v113/samples/3nq9_Kdist3.5_Kmono14.0/psweep112_20260319_134243/result.json
3nq9,3nq9_Kdist3.5_Kmono15.0,psweep112_20260319_134243,3.5,15.0,ok,1.6199728759189107,1000,1000,1000,8,0.008,1.0,0.008,0.2125456,0.17794,Advantage2_system1.13,2084,24,./penalty_sweep_qpu_v113/samples/3nq9_Kdist3.5_Kmono15.0/psweep112_20260319_134243/3nq9_ligand_report.csv,./penalty_sweep_qpu_v113/samples/3nq9_Kdist3.5_Kmono15.0/psweep112_20260319_134243/3nq9_ligand_samples.json,./penalty_sweep_qpu_v113/samples/3nq9_Kdist3.5_Kmono15.0/psweep112_20260319_134243/result.json
3nq9,3nq9_Kdist3.5_Kmono16.0,psweep112_20260319_134243,3.5,16.0,ok,4.329553411538544,1000,1000,1000,0,0.0,1.0,0.0,0.206456,0.17184,Advantage2_system1.13,2172,26,./penalty_sweep_qpu_v113/samples/3nq9_Kdist3.5_Kmono16.0/psweep112_20260319_134243/3nq9_ligand_report.csv,./penalty_sweep_qpu_v113/samples/3nq9_Kdist3.5_Kmono16.0/psweep112_20260319_134243/3nq9_ligand_samples.json,./penalty_sweep_qpu_v113/samples/3nq9_Kdist3.5_Kmono16.0/psweep112_20260319_134243/result.json
3nq9,3nq9_Kdist3.5_Kmono17.0,psweep112_20260319_134243,3.5,17.0,ok,3.5415350336180245,1000,1000,1000,0,0.0,1.0,0.0,0.20995239999999998,0.17534,Advantage2_system1.13,2148,28,./penalty_sweep_qpu_v113/samples/3nq9_Kdist3.5_Kmono17.0/psweep112_20260319_134243/3nq9_ligand_report.csv,./penalty_sweep_qpu_v113/samples/3nq9_Kdist3.5_Kmono17.0/psweep112_20260319_134243/3nq9_ligand_samples.json,./penalty_sweep_qpu_v113/samples/3nq9_Kdist3.5_Kmono17.0/psweep112_20260319_134243/result.json
3nq9,3nq9_Kdist3.5_Kmono18.0,psweep112_20260319_134243,3.5,18.0,ok,1.7841232205877429,1000,1000,1000,4,0.004,1.0,0.004,0.2044096,0.1698,Advantage2_system1.13,1980,23,./penalty_sweep_qpu_v113/samples/3nq9_Kdist3.5_Kmono18.0/psweep112_20260319_134243/3nq9_ligand_report.csv,./penalty_sweep_qpu_v113/samples/3nq9_Kdist3.5_Kmono18.0/psweep112_20260319_134243/3nq9_ligand_samples.json,./penalty_sweep_qpu_v113/samples/3nq9_Kdist3.5_Kmono18.0/psweep112_20260319_134243/result.json
3nq9,3nq9_Kdist3.5_Kmono19.0,psweep112_20260319_134243,3.5,19.0,ok,3.105922451155479,1000,1000,1000,0,0.0,1.0,0.0,0.2142116,0.1796,Advantage2_system1.13,1944,22,./penalty_sweep_qpu_v113/samples/3nq9_Kdist3.5_Kmono19.0/psweep112_20260319_134243/3nq9_ligand_report.csv,./penalty_sweep_qpu_v113/samples/3nq9_Kdist3.5_Kmono19.0/psweep112_20260319_134243/3nq9_ligand_samples.json,./penalty_sweep_qpu_v113/samples/3nq9_Kdist3.5_Kmono19.0/psweep112_20260319_134243/result.json
3nq9,3nq9_Kdist3.5_Kmono20.0,psweep112_20260319_134243,3.5,20.0,ok,2.44855825272167,1000,1000,1000,0,0.0,1.0,0.0,0.2049508,0.17034,Advantage2_system1.13,2516,31,./penalty_sweep_qpu_v113/samples/3nq9_Kdist3.5_Kmono20.0/psweep112_20260319_134243/3nq9_ligand_report.csv,./penalty_sweep_qpu_v113/samples/3nq9_Kdist3.5_Kmono20.0/psweep112_20260319_134243/3nq9_ligand_samples.json,./penalty_sweep_qpu_v113/samples/3nq9_Kdist3.5_Kmono20.0/psweep112_20260319_134243/result.json
3nq9,3nq9_Kdist4.0_Kmono1.0,psweep112_20260319_134243,4.0,1.0,ok,5.510395114066418,1000,1000,1000,0,0.0,1.0,0.0,0.2167312,0.18212,Advantage2_system1.13,2017,23,./penalty_sweep_qpu_v113/samples/3nq9_Kdist4.0_Kmono1.0/psweep112_20260319_134243/3nq9_ligand_report.csv,./penalty_sweep_qpu_v113/samples/3nq9_Kdist4.0_Kmono1.0/psweep112_20260319_134243/3nq9_ligand_samples.json,./penalty_sweep_qpu_v113/samples/3nq9_Kdist4.0_Kmono1.0/psweep112_20260319_134243/result.json
3nq9,3nq9_Kdist4.0_Kmono2.0,psweep112_20260319_134243,4.0,2.0,ok,2.88676148088221,1000,1000,1000,0,0.0,1.0,0.0,0.20821479999999998,0.1736,Advantage2_system1.13,2164,24,./penalty_sweep_qpu_v113/samples/3nq9_Kdist4.0_Kmono2.0/psweep112_20260319_134243/3nq9_ligand_report.csv,./penalty_sweep_qpu_v113/samples/3nq9_Kdist4.0_Kmono2.0/psweep112_20260319_134243/3nq9_ligand_samples.json,./penalty_sweep_qpu_v113/samples/3nq9_Kdist4.0_Kmono2.0/psweep112_20260319_134243/result.json
3nq9,3nq9_Kdist4.0_Kmono3.0,psweep112_20260319_134243,4.0,3.0,ok,2.7236307440071768,1000,1000,1000,0,0.0,1.0,0.0,0.20420760000000002,0.1696,Advantage2_system1.13,2440,28,./penalty_sweep_qpu_v113/samples/3nq9_Kdist4.0_Kmono3.0/psweep112_20260319_134243/3nq9_ligand_report.csv,./penalty_sweep_qpu_v113/samples/3nq9_Kdist4.0_Kmono3.0/psweep112_20260319_134243/3nq9_ligand_samples.json,./penalty_sweep_qpu_v113/samples/3nq9_Kdist4.0_Kmono3.0/psweep112_20260319_134243/result.json
3nq9,3nq9_Kdist4.0_Kmono4.0,psweep112_20260319_134243,4.0,4.0,ok,4.332029908346283,1000,1000,1000,0,0.0,1.0,0.0,0.2049872,0.17038,Advantage2_system1.13,2122,25,./penalty_sweep_qpu_v113/samples/3nq9_Kdist4.0_Kmono4.0/psweep112_20260319_134243/3nq9_ligand_report.csv,./penalty_sweep_qpu_v113/samples/3nq9_Kdist4.0_Kmono4.0/psweep112_20260319_134243/3nq9_ligand_samples.json,./penalty_sweep_qpu_v113/samples/3nq9_Kdist4.0_Kmono4.0/psweep112_20260319_134243/result.json
3nq9,3nq9_Kdist4.0_Kmono5.0,psweep112_20260319_134243,4.0,5.0,ok,1.7179203372613918,1000,1000,1000,1,0.001,1.0,0.001,0.207238,0.17262,Advantage2_system1.13,2217,27,./penalty_sweep_qpu_v113/samples/3nq9_Kdist4.0_Kmono5.0/psweep112_20260319_134243/3nq9_ligand_report.csv,./penalty_sweep_qpu_v113/samples/3nq9_Kdist4.0_Kmono5.0/psweep112_20260319_134243/3nq9_ligand_samples.json,./penalty_sweep_qpu_v113/samples/3nq9_Kdist4.0_Kmono5.0/psweep112_20260319_134243/result.json
3nq9,3nq9_Kdist4.0_Kmono6.0,psweep112_20260319_134243,4.0,6.0,ok,1.745749611720354,1000,1000,1000,4,0.004,1.0,0.004,0.215214,0.1806,Advantage2_system1.13,2153,26,./penalty_sweep_qpu_v113/samples/3nq9_Kdist4.0_Kmono6.0/psweep112_20260319_134243/3nq9_ligand_report.csv,./penalty_sweep_qpu_v113/samples/3nq9_Kdist4.0_Kmono6.0/psweep112_20260319_134243/3nq9_ligand_samples.json,./penalty_sweep_qpu_v113/samples/3nq9_Kdist4.0_Kmono6.0/psweep112_20260319_134243/result.json
3nq9,3nq9_Kdist4.0_Kmono7.0,psweep112_20260319_134243,4.0,7.0,ok,2.295646241963505,1000,1000,1000,0,0.0,1.0,0.0,0.2186296,0.18402,Advantage2_system1.13,2139,26,./penalty_sweep_qpu_v113/samples/3nq9_Kdist4.0_Kmono7.0/psweep112_20260319_134243/3nq9_ligand_report.csv,./penalty_sweep_qpu_v113/samples/3nq9_Kdist4.0_Kmono7.0/psweep112_20260319_134243/3nq9_ligand_samples.json,./penalty_sweep_qpu_v113/samples/3nq9_Kdist4.0_Kmono7.0/psweep112_20260319_134243/result.json
3nq9,3nq9_Kdist4.0_Kmono8.0,psweep112_20260319_134243,4.0,8.0,ok,3.1327554228492915,1000,1000,1000,0,0.0,1.0,0.0,0.215454,0.18084,Advantage2_system1.13,2192,27,./penalty_sweep_qpu_v113/samples/3nq9_Kdist4.0_Kmono8.0/psweep112_20260319_134243/3nq9_ligand_report.csv,./penalty_sweep_qpu_v113/samples/3nq9_Kdist4.0_Kmono8.0/psweep112_20260319_134243/3nq9_ligand_samples.json,./penalty_sweep_qpu_v113/samples/3nq9_Kdist4.0_Kmono8.0/psweep112_20260319_134243/result.json
3nq9,3nq9_Kdist4.0_Kmono9.0,psweep112_20260319_134243,4.0,9.0,ok,0.8789072565109092,1000,1000,1000,53,0.053,1.0,0.053,0.2059528,0.17134,Advantage2_system1.13,2053,24,./penalty_sweep_qpu_v113/samples/3nq9_Kdist4.0_Kmono9.0/psweep112_20260319_134243/3nq9_ligand_report.csv,./penalty_sweep_qpu_v113/samples/3nq9_Kdist4.0_Kmono9.0/psweep112_20260319_134243/3nq9_ligand_samples.json,./penalty_sweep_qpu_v113/samples/3nq9_Kdist4.0_Kmono9.0/psweep112_20260319_134243/result.json
3nq9,3nq9_Kdist4.0_Kmono10.0,psweep112_20260319_134243,4.0,10.0,ok,3.9469847620711604,1000,1000,1000,0,0.0,1.0,0.0,0.21954,0.18492,Advantage2_system1.13,2398,28,./penalty_sweep_qpu_v113/samples/3nq9_Kdist4.0_Kmono10.0/psweep112_20260319_134243/3nq9_ligand_report.csv,./penalty_sweep_qpu_v113/samples/3nq9_Kdist4.0_Kmono10.0/psweep112_20260319_134243/3nq9_ligand_samples.json,./penalty_sweep_qpu_v113/samples/3nq9_Kdist4.0_Kmono10.0/psweep112_20260319_134243/result.json
3nq9,3nq9_Kdist4.0_Kmono11.0,psweep112_20260319_134243,4.0,11.0,ok,2.4574175981646715,1000,1000,1000,0,0.0,1.0,0.0,0.2063472,0.17174,Advantage2_system1.13,2182,25,./penalty_sweep_qpu_v113/samples/3nq9_Kdist4.0_Kmono11.0/psweep112_20260319_134243/3nq9_ligand_report.csv,./penalty_sweep_qpu_v113/samples/3nq9_Kdist4.0_Kmono11.0/psweep112_20260319_134243/3nq9_ligand_samples.json,./penalty_sweep_qpu_v113/samples/3nq9_Kdist4.0_Kmono11.0/psweep112_20260319_134243/result.json
3nq9,3nq9_Kdist4.0_Kmono12.0,psweep112_20260319_134243,4.0,12.0,ok,4.806349465220669,1000,1000,1000,0,0.0,1.0,0.0,0.20794079999999998,0.17334,Advantage2_system1.13,2283,26,./penalty_sweep_qpu_v113/samples/3nq9_Kdist4.0_Kmono12.0/psweep112_20260319_134243/3nq9_ligand_report.csv,./penalty_sweep_qpu_v113/samples/3nq9_Kdist4.0_Kmono12.0/psweep112_20260319_134243/3nq9_ligand_samples.json,./penalty_sweep_qpu_v113/samples/3nq9_Kdist4.0_Kmono12.0/psweep112_20260319_134243/result.json
3nq9,3nq9_Kdist4.0_Kmono13.0,psweep112_20260319_134243,4.0,13.0,ok,1.9272640947414452,1000,1000,1000,1,0.001,1.0,0.001,0.2119824,0.17738,Advantage2_system1.13,2143,26,./penalty_sweep_qpu_v113/samples/3nq9_Kdist4.0_Kmono13.0/psweep112_20260319_134243/3nq9_ligand_report.csv,./penalty_sweep_qpu_v113/samples/3nq9_Kdist4.0_Kmono13.0/psweep112_20260319_134243/3nq9_ligand_samples.json,./penalty_sweep_qpu_v113/samples/3nq9_Kdist4.0_Kmono13.0/psweep112_20260319_134243/result.json
3nq9,3nq9_Kdist4.0_Kmono14.0,psweep112_20260319_134243,4.0,14.0,ok,1.5340024176074623,1000,1000,1000,3,0.003,1.0,0.003,0.21354879999999998,0.17894,Advantage2_system1.13,2275,29,./penalty_sweep_qpu_v113/samples/3nq9_Kdist4.0_Kmono14.0/psweep112_20260319_134243/3nq9_ligand_report.csv,./penalty_sweep_qpu_v113/samples/3nq9_Kdist4.0_Kmono14.0/psweep112_20260319_134243/3nq9_ligand_samples.json,./penalty_sweep_qpu_v113/samples/3nq9_Kdist4.0_Kmono14.0/psweep112_20260319_134243/result.json
3nq9,3nq9_Kdist4.0_Kmono15.0,psweep112_20260319_134243,4.0,15.0,ok,3.147861221106041,1000,1000,1000,0,0.0,1.0,0.0,0.2088488,0.17424,Advantage2_system1.13,2046,24,./penalty_sweep_qpu_v113/samples/3nq9_Kdist4.0_Kmono15.0/psweep112_20260319_134243/3nq9_ligand_report.csv,./penalty_sweep_qpu_v113/samples/3nq9_Kdist4.0_Kmono15.0/psweep112_20260319_134243/3nq9_ligand_samples.json,./penalty_sweep_qpu_v113/samples/3nq9_Kdist4.0_Kmono15.0/psweep112_20260319_134243/result.json
3nq9,3nq9_Kdist4.0_Kmono16.0,psweep112_20260319_134243,4.0,16.0,ok,1.224388314403676,1000,1000,1000,7,0.007,1.0,0.007,0.20813679999999998,0.17352,Advantage2_system1.13,2272,26,./penalty_sweep_qpu_v113/samples/3nq9_Kdist4.0_Kmono16.0/psweep112_20260319_134243/3nq9_ligand_report.csv,./penalty_sweep_qpu_v113/samples/3nq9_Kdist4.0_Kmono16.0/psweep112_20260319_134243/3nq9_ligand_samples.json,./penalty_sweep_qpu_v113/samples/3nq9_Kdist4.0_Kmono16.0/psweep112_20260319_134243/result.json
3nq9,3nq9_Kdist4.0_Kmono17.0,psweep112_20260319_134243,4.0,17.0,ok,2.2870921955994716,1000,1000,1000,0,0.0,1.0,0.0,0.2065932,0.17198,Advantage2_system1.13,2236,26,./penalty_sweep_qpu_v113/samples/3nq9_Kdist4.0_Kmono17.0/psweep112_20260319_134243/3nq9_ligand_report.csv,./penalty_sweep_qpu_v113/samples/3nq9_Kdist4.0_Kmono17.0/psweep112_20260319_134243/3nq9_ligand_samples.json,./penalty_sweep_qpu_v113/samples/3nq9_Kdist4.0_Kmono17.0/psweep112_20260319_134243/result.json
3nq9,3nq9_Kdist4.0_Kmono18.0,psweep112_20260319_134243,4.0,18.0,ok,1.0665825106334066,1000,1000,1000,142,0.142,1.0,0.142,0.214408,0.1798,Advantage2_system1.13,2004,23,./penalty_sweep_qpu_v113/samples/3nq9_Kdist4.0_Kmono18.0/psweep112_20260319_134243/3nq9_ligand_report.csv,./penalty_sweep_qpu_v113/samples/3nq9_Kdist4.0_Kmono18.0/psweep112_20260319_134243/3nq9_ligand_samples.json,./penalty_sweep_qpu_v113/samples/3nq9_Kdist4.0_Kmono18.0/psweep112_20260319_134243/result.json
3nq9,3nq9_Kdist4.0_Kmono19.0,psweep112_20260319_134243,4.0,19.0,ok,2.0326513149419214,1000,1000,1000,0,0.0,1.0,0.0,0.214546,0.17994,Advantage2_system1.13,1972,22,./penalty_sweep_qpu_v113/samples/3nq9_Kdist4.0_Kmono19.0/psweep112_20260319_134243/3nq9_ligand_report.csv,./penalty_sweep_qpu_v113/samples/3nq9_Kdist4.0_Kmono19.0/psweep112_20260319_134243/3nq9_ligand_samples.json,./penalty_sweep_qpu_v113/samples/3nq9_Kdist4.0_Kmono19.0/psweep112_20260319_134243/result.json
3nq9,3nq9_Kdist4.0_Kmono20.0,psweep112_20260319_134243,4.0,20.0,ok,3.327669025217101,1000,1000,1000,0,0.0,1.0,0.0,0.21185,0.17724,Advantage2_system1.13,2098,24,./penalty_sweep_qpu_v113/samples/3nq9_Kdist4.0_Kmono20.0/psweep112_20260319_134243/3nq9_ligand_report.csv,./penalty_sweep_qpu_v113/samples/3nq9_Kdist4.0_Kmono20.0/psweep112_20260319_134243/3nq9_ligand_samples.json,./penalty_sweep_qpu_v113/samples/3nq9_Kdist4.0_Kmono20.0/psweep112_20260319_134243/result.json
3nq9,3nq9_Kdist4.5_Kmono1.0,psweep112_20260319_134243,4.5,1.0,ok,3.041659848030913,1000,1000,1000,0,0.0,1.0,0.0,0.2065908,0.17198,Advantage2_system1.13,2058,23,./penalty_sweep_qpu_v113/samples/3nq9_Kdist4.5_Kmono1.0/psweep112_20260319_134243/3nq9_ligand_report.csv,./penalty_sweep_qpu_v113/samples/3nq9_Kdist4.5_Kmono1.0/psweep112_20260319_134243/3nq9_ligand_samples.json,./penalty_sweep_qpu_v113/samples/3nq9_Kdist4.5_Kmono1.0/psweep112_20260319_134243/result.json
3nq9,3nq9_Kdist4.5_Kmono2.0,psweep112_20260319_134243,4.5,2.0,ok,2.666188353076564,1000,1000,1000,0,0.0,1.0,0.0,0.21191120000000002,0.1773,Advantage2_system1.13,2398,28,./penalty_sweep_qpu_v113/samples/3nq9_Kdist4.5_Kmono2.0/psweep112_20260319_134243/3nq9_ligand_report.csv,./penalty_sweep_qpu_v113/samples/3nq9_Kdist4.5_Kmono2.0/psweep112_20260319_134243/3nq9_ligand_samples.json,./penalty_sweep_qpu_v113/samples/3nq9_Kdist4.5_Kmono2.0/psweep112_20260319_134243/result.json
3nq9,3nq9_Kdist4.5_Kmono3.0,psweep112_20260319_134243,4.5,3.0,ok,2.2040664420891405,1000,1000,1000,0,0.0,1.0,0.0,0.21784279999999998,0.18324,Advantage2_system1.13,2049,24,./penalty_sweep_qpu_v113/samples/3nq9_Kdist4.5_Kmono3.0/psweep112_20260319_134243/3nq9_ligand_report.csv,./penalty_sweep_qpu_v113/samples/3nq9_Kdist4.5_Kmono3.0/psweep112_20260319_134243/3nq9_ligand_samples.json,./penalty_sweep_qpu_v113/samples/3nq9_Kdist4.5_Kmono3.0/psweep112_20260319_134243/result.json
3nq9,3nq9_Kdist4.5_Kmono4.0,psweep112_20260319_134243,4.5,4.0,ok,2.4070422758400936,1000,1000,1000,0,0.0,1.0,0.0,0.2052092,0.1706,Advantage2_system1.13,2083,25,./penalty_sweep_qpu_v113/samples/3nq9_Kdist4.5_Kmono4.0/psweep112_20260319_134243/3nq9_ligand_report.csv,./penalty_sweep_qpu_v113/samples/3nq9_Kdist4.5_Kmono4.0/psweep112_20260319_134243/3nq9_ligand_samples.json,./penalty_sweep_qpu_v113/samples/3nq9_Kdist4.5_Kmono4.0/psweep112_20260319_134243/result.json
3nq9,3nq9_Kdist4.5_Kmono5.0,psweep112_20260319_134243,4.5,5.0,ok,2.5526377982733464,1000,1000,1000,0,0.0,1.0,0.0,0.20788120000000002,0.17328,Advantage2_system1.13,1917,22,./penalty_sweep_qpu_v113/samples/3nq9_Kdist4.5_Kmono5.0/psweep112_20260319_134243/3nq9_ligand_report.csv,./penalty_sweep_qpu_v113/samples/3nq9_Kdist4.5_Kmono5.0/psweep112_20260319_134243/3nq9_ligand_samples.json,./penalty_sweep_qpu_v113/samples/3nq9_Kdist4.5_Kmono5.0/psweep112_20260319_134243/result.json
3nq9,3nq9_Kdist4.5_Kmono6.0,psweep112_20260319_134243,4.5,6.0,ok,3.899198341093915,1000,1000,1000,0,0.0,1.0,0.0,0.2134096,0.1788,Advantage2_system1.13,2141,25,./penalty_sweep_qpu_v113/samples/3nq9_Kdist4.5_Kmono6.0/psweep112_20260319_134243/3nq9_ligand_report.csv,./penalty_sweep_qpu_v113/samples/3nq9_Kdist4.5_Kmono6.0/psweep112_20260319_134243/3nq9_ligand_samples.json,./penalty_sweep_qpu_v113/samples/3nq9_Kdist4.5_Kmono6.0/psweep112_20260319_134243/result.json
3nq9,3nq9_Kdist4.5_Kmono7.0,psweep112_20260319_134243,4.5,7.0,ok,4.49517736477637,1000,1000,1000,0,0.0,1.0,0.0,0.2074936,0.17288,Advantage2_system1.13,2213,26,./penalty_sweep_qpu_v113/samples/3nq9_Kdist4.5_Kmono7.0/psweep112_20260319_134243/3nq9_ligand_report.csv,./penalty_sweep_qpu_v113/samples/3nq9_Kdist4.5_Kmono7.0/psweep112_20260319_134243/3nq9_ligand_samples.json,./penalty_sweep_qpu_v113/samples/3nq9_Kdist4.5_Kmono7.0/psweep112_20260319_134243/result.json
3nq9,3nq9_Kdist4.5_Kmono8.0,psweep112_20260319_134243,4.5,8.0,ok,3.646359088614178,1000,1000,1000,0,0.0,1.0,0.0,0.2091256,0.17452,Advantage2_system1.13,2027,23,./penalty_sweep_qpu_v113/samples/3nq9_Kdist4.5_Kmono8.0/psweep112_20260319_134243/3nq9_ligand_report.csv,./penalty_sweep_qpu_v113/samples/3nq9_Kdist4.5_Kmono8.0/psweep112_20260319_134243/3nq9_ligand_samples.json,./penalty_sweep_qpu_v113/samples/3nq9_Kdist4.5_Kmono8.0/psweep112_20260319_134243/result.json
3nq9,3nq9_Kdist4.5_Kmono9.0,psweep112_20260319_134243,4.5,9.0,ok,2.6080525831280377,1000,1000,1000,0,0.0,1.0,0.0,0.21354520000000002,0.17894,Advantage2_system1.13,2046,25,./penalty_sweep_qpu_v113/samples/3nq9_Kdist4.5_Kmono9.0/psweep112_20260319_134243/3nq9_ligand_report.csv,./penalty_sweep_qpu_v113/samples/3nq9_Kdist4.5_Kmono9.0/psweep112_20260319_134243/3nq9_ligand_samples.json,./penalty_sweep_qpu_v113/samples/3nq9_Kdist4.5_Kmono9.0/psweep112_20260319_134243/result.json
3nq9,3nq9_Kdist4.5_Kmono10.0,psweep112_20260319_134243,4.5,10.0,ok,1.5286851010304954,1000,1000,1000,1,0.001,1.0,0.001,0.2069516,0.17234,Advantage2_system1.13,2150,24,./penalty_sweep_qpu_v113/samples/3nq9_Kdist4.5_Kmono10.0/psweep112_20260319_134243/3nq9_ligand_report.csv,./penalty_sweep_qpu_v113/samples/3nq9_Kdist4.5_Kmono10.0/psweep112_20260319_134243/3nq9_ligand_samples.json,./penalty_sweep_qpu_v113/samples/3nq9_Kdist4.5_Kmono10.0/psweep112_20260319_134243/result.json
3nq9,3nq9_Kdist4.5_Kmono11.0,psweep112_20260319_134243,4.5,11.0,ok,1.96321796959013,1000,1000,1000,2,0.002,1.0,0.002,0.217392,0.18278,Advantage2_system1.13,2022,24,./penalty_sweep_qpu_v113/samples/3nq9_Kdist4.5_Kmono11.0/psweep112_20260319_134243/3nq9_ligand_report.csv,./penalty_sweep_qpu_v113/samples/3nq9_Kdist4.5_Kmono11.0/psweep112_20260319_134243/3nq9_ligand_samples.json,./penalty_sweep_qpu_v113/samples/3nq9_Kdist4.5_Kmono11.0/psweep112_20260319_134243/result.json
3nq9,3nq9_Kdist4.5_Kmono12.0,psweep112_20260319_134243,4.5,12.0,ok,1.7361252778219565,1000,1000,1000,1,0.001,1.0,0.001,0.203664,0.16906,Advantage2_system1.13,2199,26,./penalty_sweep_qpu_v113/samples/3nq9_Kdist4.5_Kmono12.0/psweep112_20260319_134243/3nq9_ligand_report.csv,./penalty_sweep_qpu_v113/samples/3nq9_Kdist4.5_Kmono12.0/psweep112_20260319_134243/3nq9_ligand_samples.json,./penalty_sweep_qpu_v113/samples/3nq9_Kdist4.5_Kmono12.0/psweep112_20260319_134243/result.json
3nq9,3nq9_Kdist4.5_Kmono13.0,psweep112_20260319_134243,4.5,13.0,ok,4.448119982881348,1000,1000,1000,0,0.0,1.0,0.0,0.2123132,0.1777,Advantage2_system1.13,2030,24,./penalty_sweep_qpu_v113/samples/3nq9_Kdist4.5_Kmono13.0/psweep112_20260319_134243/3nq9_ligand_report.csv,./penalty_sweep_qpu_v113/samples/3nq9_Kdist4.5_Kmono13.0/psweep112_20260319_134243/3nq9_ligand_samples.json,./penalty_sweep_qpu_v113/samples/3nq9_Kdist4.5_Kmono13.0/psweep112_20260319_134243/result.json
3nq9,3nq9_Kdist4.5_Kmono14.0,psweep112_20260319_134243,4.5,14.0,ok,2.58260948194522,1000,1000,1000,0,0.0,1.0,0.0,0.2109008,0.1763,Advantage2_system1.13,1931,22,./penalty_sweep_qpu_v113/samples/3nq9_Kdist4.5_Kmono14.0/psweep112_20260319_134243/3nq9_ligand_report.csv,./penalty_sweep_qpu_v113/samples/3nq9_Kdist4.5_Kmono14.0/psweep112_20260319_134243/3nq9_ligand_samples.json,./penalty_sweep_qpu_v113/samples/3nq9_Kdist4.5_Kmono14.0/psweep112_20260319_134243/result.json
3nq9,3nq9_Kdist4.5_Kmono15.0,psweep112_20260319_134243,4.5,15.0,ok,3.5868158364896914,1000,1000,1000,0,0.0,1.0,0.0,0.21253239999999998,0.17792,Advantage2_system1.13,2304,29,./penalty_sweep_qpu_v113/samples/3nq9_Kdist4.5_Kmono15.0/psweep112_20260319_134243/3nq9_ligand_report.csv,./penalty_sweep_qpu_v113/samples/3nq9_Kdist4.5_Kmono15.0/psweep112_20260319_134243/3nq9_ligand_samples.json,./penalty_sweep_qpu_v113/samples/3nq9_Kdist4.5_Kmono15.0/psweep112_20260319_134243/result.json
3nq9,3nq9_Kdist4.5_Kmono16.0,psweep112_20260319_134243,4.5,16.0,ok,2.20781802342078,1000,1000,1000,0,0.0,1.0,0.0,0.21762479999999998,0.18302,Advantage2_system1.13,2198,26,./penalty_sweep_qpu_v113/samples/3nq9_Kdist4.5_Kmono16.0/psweep112_20260319_134243/3nq9_ligand_report.csv,./penalty_sweep_qpu_v113/samples/3nq9_Kdist4.5_Kmono16.0/psweep112_20260319_134243/3nq9_ligand_samples.json,./penalty_sweep_qpu_v113/samples/3nq9_Kdist4.5_Kmono16.0/psweep112_20260319_134243/result.json
3nq9,3nq9_Kdist4.5_Kmono17.0,psweep112_20260319_134243,4.5,17.0,ok,0.9479502335485894,1000,1000,1000,151,0.151,1.0,0.151,0.2067072,0.1721,Advantage2_system1.13,2097,25,./penalty_sweep_qpu_v113/samples/3nq9_Kdist4.5_Kmono17.0/psweep112_20260319_134243/3nq9_ligand_report.csv,./penalty_sweep_qpu_v113/samples/3nq9_Kdist4.5_Kmono17.0/psweep112_20260319_134243/3nq9_ligand_samples.json,./penalty_sweep_qpu_v113/samples/3nq9_Kdist4.5_Kmono17.0/psweep112_20260319_134243/result.json
3nq9,3nq9_Kdist4.5_Kmono18.0,psweep112_20260319_134243,4.5,18.0,ok,3.625425874964276,1000,1000,1000,0,0.0,1.0,0.0,0.2053428,0.17074,Advantage2_system1.13,2127,25,./penalty_sweep_qpu_v113/samples/3nq9_Kdist4.5_Kmono18.0/psweep112_20260319_134243/3nq9_ligand_report.csv,./penalty_sweep_qpu_v113/samples/3nq9_Kdist4.5_Kmono18.0/psweep112_20260319_134243/3nq9_ligand_samples.json,./penalty_sweep_qpu_v113/samples/3nq9_Kdist4.5_Kmono18.0/psweep112_20260319_134243/result.json
3nq9,3nq9_Kdist4.5_Kmono19.0,psweep112_20260319_134243,4.5,19.0,ok,3.464047982085474,1000,1000,1000,0,0.0,1.0,0.0,0.2090276,0.17442,Advantage2_system1.13,2017,24,./penalty_sweep_qpu_v113/samples/3nq9_Kdist4.5_Kmono19.0/psweep112_20260319_134243/3nq9_ligand_report.csv,./penalty_sweep_qpu_v113/samples/3nq9_Kdist4.5_Kmono19.0/psweep112_20260319_134243/3nq9_ligand_samples.json,./penalty_sweep_qpu_v113/samples/3nq9_Kdist4.5_Kmono19.0/psweep112_20260319_134243/result.json
3nq9,3nq9_Kdist4.5_Kmono20.0,psweep112_20260319_134243,4.5,20.0,ok,4.896147239541323,1000,1000,1000,0,0.0,1.0,0.0,0.20172079999999998,0.16712,Advantage2_system1.13,2220,26,./penalty_sweep_qpu_v113/samples/3nq9_Kdist4.5_Kmono20.0/psweep112_20260319_134243/3nq9_ligand_report.csv,./penalty_sweep_qpu_v113/samples/3nq9_Kdist4.5_Kmono20.0/psweep112_20260319_134243/3nq9_ligand_samples.json,./penalty_sweep_qpu_v113/samples/3nq9_Kdist4.5_Kmono20.0/psweep112_20260319_134243/result.json
3nq9,3nq9_Kdist5.0_Kmono1.0,psweep112_20260319_134243,5.0,1.0,ok,5.840798716066168,1000,1000,1000,0,0.0,1.0,0.0,0.2121212,0.17752,Advantage2_system1.13,1873,21,./penalty_sweep_qpu_v113/samples/3nq9_Kdist5.0_Kmono1.0/psweep112_20260319_134243/3nq9_ligand_report.csv,./penalty_sweep_qpu_v113/samples/3nq9_Kdist5.0_Kmono1.0/psweep112_20260319_134243/3nq9_ligand_samples.json,./penalty_sweep_qpu_v113/samples/3nq9_Kdist5.0_Kmono1.0/psweep112_20260319_134243/result.json
3nq9,3nq9_Kdist5.0_Kmono2.0,psweep112_20260319_134243,5.0,2.0,ok,3.6737080095829233,1000,1000,1000,0,0.0,1.0,0.0,0.203548,0.16894,Advantage2_system1.13,1899,22,./penalty_sweep_qpu_v113/samples/3nq9_Kdist5.0_Kmono2.0/psweep112_20260319_134243/3nq9_ligand_report.csv,./penalty_sweep_qpu_v113/samples/3nq9_Kdist5.0_Kmono2.0/psweep112_20260319_134243/3nq9_ligand_samples.json,./penalty_sweep_qpu_v113/samples/3nq9_Kdist5.0_Kmono2.0/psweep112_20260319_134243/result.json
3nq9,3nq9_Kdist5.0_Kmono3.0,psweep112_20260319_134243,5.0,3.0,ok,3.0593997953932153,1000,1000,1000,0,0.0,1.0,0.0,0.2089892,0.17438,Advantage2_system1.13,2066,26,./penalty_sweep_qpu_v113/samples/3nq9_Kdist5.0_Kmono3.0/psweep112_20260319_134243/3nq9_ligand_report.csv,./penalty_sweep_qpu_v113/samples/3nq9_Kdist5.0_Kmono3.0/psweep112_20260319_134243/3nq9_ligand_samples.json,./penalty_sweep_qpu_v113/samples/3nq9_Kdist5.0_Kmono3.0/psweep112_20260319_134243/result.json
3nq9,3nq9_Kdist5.0_Kmono4.0,psweep112_20260319_134243,5.0,4.0,ok,3.3702509228526742,1000,1000,1000,0,0.0,1.0,0.0,0.2167004,0.1821,Advantage2_system1.13,2214,27,./penalty_sweep_qpu_v113/samples/3nq9_Kdist5.0_Kmono4.0/psweep112_20260319_134243/3nq9_ligand_report.csv,./penalty_sweep_qpu_v113/samples/3nq9_Kdist5.0_Kmono4.0/psweep112_20260319_134243/3nq9_ligand_samples.json,./penalty_sweep_qpu_v113/samples/3nq9_Kdist5.0_Kmono4.0/psweep112_20260319_134243/result.json
3nq9,3nq9_Kdist5.0_Kmono5.0,psweep112_20260319_134243,5.0,5.0,ok,2.267231755135335,1000,1000,1000,0,0.0,1.0,0.0,0.21289160000000001,0.17828,Advantage2_system1.13,2412,28,./penalty_sweep_qpu_v113/samples/3nq9_Kdist5.0_Kmono5.0/psweep112_20260319_134243/3nq9_ligand_report.csv,./penalty_sweep_qpu_v113/samples/3nq9_Kdist5.0_Kmono5.0/psweep112_20260319_134243/3nq9_ligand_samples.json,./penalty_sweep_qpu_v113/samples/3nq9_Kdist5.0_Kmono5.0/psweep112_20260319_134243/result.json
3nq9,3nq9_Kdist5.0_Kmono6.0,psweep112_20260319_134243,5.0,6.0,ok,4.403701630286382,1000,1000,1000,0,0.0,1.0,0.0,0.20448360000000002,0.16988,Advantage2_system1.13,2317,29,./penalty_sweep_qpu_v113/samples/3nq9_Kdist5.0_Kmono6.0/psweep112_20260319_134243/3nq9_ligand_report.csv,./penalty_sweep_qpu_v113/samples/3nq9_Kdist5.0_Kmono6.0/psweep112_20260319_134243/3nq9_ligand_samples.json,./penalty_sweep_qpu_v113/samples/3nq9_Kdist5.0_Kmono6.0/psweep112_20260319_134243/result.json
3nq9,3nq9_Kdist5.0_Kmono7.0,psweep112_20260319_134243,5.0,7.0,ok,1.2167129848824423,1000,1000,1000,15,0.015,1.0,0.015,0.20827679999999998,0.17366,Advantage2_system1.13,2352,28,./penalty_sweep_qpu_v113/samples/3nq9_Kdist5.0_Kmono7.0/psweep112_20260319_134243/3nq9_ligand_report.csv,./penalty_sweep_qpu_v113/samples/3nq9_Kdist5.0_Kmono7.0/psweep112_20260319_134243/3nq9_ligand_samples.json,./penalty_sweep_qpu_v113/samples/3nq9_Kdist5.0_Kmono7.0/psweep112_20260319_134243/result.json
3nq9,3nq9_Kdist5.0_Kmono8.0,psweep112_20260319_134243,5.0,8.0,ok,6.678415093955482,1000,1000,1000,0,0.0,1.0,0.0,0.2155828,0.18098,Advantage2_system1.13,1982,23,./penalty_sweep_qpu_v113/samples/3nq9_Kdist5.0_Kmono8.0/psweep112_20260319_134243/3nq9_ligand_report.csv,./penalty_sweep_qpu_v113/samples/3nq9_Kdist5.0_Kmono8.0/psweep112_20260319_134243/3nq9_ligand_samples.json,./penalty_sweep_qpu_v113/samples/3nq9_Kdist5.0_Kmono8.0/psweep112_20260319_134243/result.json
3nq9,3nq9_Kdist5.0_Kmono9.0,psweep112_20260319_134243,5.0,9.0,ok,2.1754383894455964,1000,1000,1000,0,0.0,1.0,0.0,0.2167024,0.1821,Advantage2_system1.13,2171,26,./penalty_sweep_qpu_v113/samples/3nq9_Kdist5.0_Kmono9.0/psweep112_20260319_134243/3nq9_ligand_report.csv,./penalty_sweep_qpu_v113/samples/3nq9_Kdist5.0_Kmono9.0/psweep112_20260319_134243/3nq9_ligand_samples.json,./penalty_sweep_qpu_v113/samples/3nq9_Kdist5.0_Kmono9.0/psweep112_20260319_134243/result.json
3nq9,3nq9_Kdist5.0_Kmono10.0,psweep112_20260319_134243,5.0,10.0,ok,4.573659325366459,1000,1000,1000,0,0.0,1.0,0.0,0.207126,0.17252,Advantage2_system1.13,2490,31,./penalty_sweep_qpu_v113/samples/3nq9_Kdist5.0_Kmono10.0/psweep112_20260319_134243/3nq9_ligand_report.csv,./penalty_sweep_qpu_v113/samples/3nq9_Kdist5.0_Kmono10.0/psweep112_20260319_134243/3nq9_ligand_samples.json,./penalty_sweep_qpu_v113/samples/3nq9_Kdist5.0_Kmono10.0/psweep112_20260319_134243/result.json
3nq9,3nq9_Kdist5.0_Kmono11.0,psweep112_20260319_134243,5.0,11.0,ok,4.467402094042709,1000,1000,1000,0,0.0,1.0,0.0,0.2011592,0.16656,Advantage2_system1.13,2030,24,./penalty_sweep_qpu_v113/samples/3nq9_Kdist5.0_Kmono11.0/psweep112_20260319_134243/3nq9_ligand_report.csv,./penalty_sweep_qpu_v113/samples/3nq9_Kdist5.0_Kmono11.0/psweep112_20260319_134243/3nq9_ligand_samples.json,./penalty_sweep_qpu_v113/samples/3nq9_Kdist5.0_Kmono11.0/psweep112_20260319_134243/result.json
3nq9,3nq9_Kdist5.0_Kmono12.0,psweep112_20260319_134243,5.0,12.0,ok,2.1127614912346573,1000,1000,1000,0,0.0,1.0,0.0,0.212728,0.17812,Advantage2_system1.13,2016,24,./penalty_sweep_qpu_v113/samples/3nq9_Kdist5.0_Kmono12.0/psweep112_20260319_134243/3nq9_ligand_report.csv,./penalty_sweep_qpu_v113/samples/3nq9_Kdist5.0_Kmono12.0/psweep112_20260319_134243/3nq9_ligand_samples.json,./penalty_sweep_qpu_v113/samples/3nq9_Kdist5.0_Kmono12.0/psweep112_20260319_134243/result.json
3nq9,3nq9_Kdist5.0_Kmono13.0,psweep112_20260319_134243,5.0,13.0,ok,2.1961232466952865,1000,1000,1000,0,0.0,1.0,0.0,0.20430120000000002,0.1697,Advantage2_system1.13,2112,24,./penalty_sweep_qpu_v113/samples/3nq9_Kdist5.0_Kmono13.0/psweep112_20260319_134243/3nq9_ligand_report.csv,./penalty_sweep_qpu_v113/samples/3nq9_Kdist5.0_Kmono13.0/psweep112_20260319_134243/3nq9_ligand_samples.json,./penalty_sweep_qpu_v113/samples/3nq9_Kdist5.0_Kmono13.0/psweep112_20260319_134243/result.json
3nq9,3nq9_Kdist5.0_Kmono14.0,psweep112_20260319_134243,5.0,14.0,ok,3.723562104112503,1000,1000,1000,0,0.0,1.0,0.0,0.208726,0.17412,Advantage2_system1.13,1934,22,./penalty_sweep_qpu_v113/samples/3nq9_Kdist5.0_Kmono14.0/psweep112_20260319_134243/3nq9_ligand_report.csv,./penalty_sweep_qpu_v113/samples/3nq9_Kdist5.0_Kmono14.0/psweep112_20260319_134243/3nq9_ligand_samples.json,./penalty_sweep_qpu_v113/samples/3nq9_Kdist5.0_Kmono14.0/psweep112_20260319_134243/result.json
3nq9,3nq9_Kdist5.0_Kmono15.0,psweep112_20260319_134243,5.0,15.0,ok,3.355261529798986,1000,1000,1000,0,0.0,1.0,0.0,0.2160456,0.18144,Advantage2_system1.13,2140,26,./penalty_sweep_qpu_v113/samples/3nq9_Kdist5.0_Kmono15.0/psweep112_20260319_134243/3nq9_ligand_report.csv,./penalty_sweep_qpu_v113/samples/3nq9_Kdist5.0_Kmono15.0/psweep112_20260319_134243/3nq9_ligand_samples.json,./penalty_sweep_qpu_v113/samples/3nq9_Kdist5.0_Kmono15.0/psweep112_20260319_134243/result.json
3nq9,3nq9_Kdist5.0_Kmono16.0,psweep112_20260319_134243,5.0,16.0,ok,1.2955455508071534,1000,1000,1000,32,0.032,1.0,0.032,0.20240239999999998,0.1678,Advantage2_system1.13,1985,24,./penalty_sweep_qpu_v113/samples/3nq9_Kdist5.0_Kmono16.0/psweep112_20260319_134243/3nq9_ligand_report.csv,./penalty_sweep_qpu_v113/samples/3nq9_Kdist5.0_Kmono16.0/psweep112_20260319_134243/3nq9_ligand_samples.json,./penalty_sweep_qpu_v113/samples/3nq9_Kdist5.0_Kmono16.0/psweep112_20260319_134243/result.json
3nq9,3nq9_Kdist5.0_Kmono17.0,psweep112_20260319_134243,5.0,17.0,ok,2.581945278965939,1000,1000,1000,0,0.0,1.0,0.0,0.21544839999999998,0.18084,Advantage2_system1.13,2263,27,./penalty_sweep_qpu_v113/samples/3nq9_Kdist5.0_Kmono17.0/psweep112_20260319_134243/3nq9_ligand_report.csv,./penalty_sweep_qpu_v113/samples/3nq9_Kdist5.0_Kmono17.0/psweep112_20260319_134243/3nq9_ligand_samples.json,./penalty_sweep_qpu_v113/samples/3nq9_Kdist5.0_Kmono17.0/psweep112_20260319_134243/result.json
3nq9,3nq9_Kdist5.0_Kmono18.0,psweep112_20260319_134243,5.0,18.0,ok,2.65084028597993,1000,1000,1000,0,0.0,1.0,0.0,0.2080784,0.17348,Advantage2_system1.13,1867,22,./penalty_sweep_qpu_v113/samples/3nq9_Kdist5.0_Kmono18.0/psweep112_20260319_134243/3nq9_ligand_report.csv,./penalty_sweep_qpu_v113/samples/3nq9_Kdist5.0_Kmono18.0/psweep112_20260319_134243/3nq9_ligand_samples.json,./penalty_sweep_qpu_v113/samples/3nq9_Kdist5.0_Kmono18.0/psweep112_20260319_134243/result.json
3nq9,3nq9_Kdist5.0_Kmono19.0,psweep112_20260319_134243,5.0,19.0,ok,1.9516741646455824,1000,1000,1000,1,0.001,1.0,0.001,0.2062612,0.17166,Advantage2_system1.13,2381,27,./penalty_sweep_qpu_v113/samples/3nq9_Kdist5.0_Kmono19.0/psweep112_20260319_134243/3nq9_ligand_report.csv,./penalty_sweep_qpu_v113/samples/3nq9_Kdist5.0_Kmono19.0/psweep112_20260319_134243/3nq9_ligand_samples.json,./penalty_sweep_qpu_v113/samples/3nq9_Kdist5.0_Kmono19.0/psweep112_20260319_134243/result.json
3nq9,3nq9_Kdist5.0_Kmono20.0,psweep112_20260319_134243,5.0,20.0,ok,4.9353970488043455,1000,1000,1000,0,0.0,1.0,0.0,0.2113444,0.17674,Advantage2_system1.13,2144,25,./penalty_sweep_qpu_v113/samples/3nq9_Kdist5.0_Kmono20.0/psweep112_20260319_134243/3nq9_ligand_report.csv,./penalty_sweep_qpu_v113/samples/3nq9_Kdist5.0_Kmono20.0/psweep112_20260319_134243/3nq9_ligand_samples.json,./penalty_sweep_qpu_v113/samples/3nq9_Kdist5.0_Kmono20.0/psweep112_20260319_134243/result.json
3nq9,3nq9_Kdist5.5_Kmono1.0,psweep112_20260319_134243,5.5,1.0,ok,3.404060053643913,1000,1000,1000,0,0.0,1.0,0.0,0.2148164,0.1802,Advantage2_system1.13,2563,34,./penalty_sweep_qpu_v113/samples/3nq9_Kdist5.5_Kmono1.0/psweep112_20260319_134243/3nq9_ligand_report.csv,./penalty_sweep_qpu_v113/samples/3nq9_Kdist5.5_Kmono1.0/psweep112_20260319_134243/3nq9_ligand_samples.json,./penalty_sweep_qpu_v113/samples/3nq9_Kdist5.5_Kmono1.0/psweep112_20260319_134243/result.json
3nq9,3nq9_Kdist5.5_Kmono2.0,psweep112_20260319_134243,5.5,2.0,ok,4.520680709337963,1000,1000,1000,0,0.0,1.0,0.0,0.20062439999999998,0.16602,Advantage2_system1.13,2201,26,./penalty_sweep_qpu_v113/samples/3nq9_Kdist5.5_Kmono2.0/psweep112_20260319_134243/3nq9_ligand_report.csv,./penalty_sweep_qpu_v113/samples/3nq9_Kdist5.5_Kmono2.0/psweep112_20260319_134243/3nq9_ligand_samples.json,./penalty_sweep_qpu_v113/samples/3nq9_Kdist5.5_Kmono2.0/psweep112_20260319_134243/result.json
3nq9,3nq9_Kdist5.5_Kmono3.0,psweep112_20260319_134243,5.5,3.0,ok,2.978771872607376,1000,1000,1000,0,0.0,1.0,0.0,0.208478,0.17388,Advantage2_system1.13,1966,24,./penalty_sweep_qpu_v113/samples/3nq9_Kdist5.5_Kmono3.0/psweep112_20260319_134243/3nq9_ligand_report.csv,./penalty_sweep_qpu_v113/samples/3nq9_Kdist5.5_Kmono3.0/psweep112_20260319_134243/3nq9_ligand_samples.json,./penalty_sweep_qpu_v113/samples/3nq9_Kdist5.5_Kmono3.0/psweep112_20260319_134243/result.json
3nq9,3nq9_Kdist5.5_Kmono4.0,psweep112_20260319_134243,5.5,4.0,ok,3.444519464111414,1000,1000,1000,0,0.0,1.0,0.0,0.2122228,0.17762,Advantage2_system1.13,2317,27,./penalty_sweep_qpu_v113/samples/3nq9_Kdist5.5_Kmono4.0/psweep112_20260319_134243/3nq9_ligand_report.csv,./penalty_sweep_qpu_v113/samples/3nq9_Kdist5.5_Kmono4.0/psweep112_20260319_134243/3nq9_ligand_samples.json,./penalty_sweep_qpu_v113/samples/3nq9_Kdist5.5_Kmono4.0/psweep112_20260319_134243/result.json
3nq9,3nq9_Kdist5.5_Kmono5.0,psweep112_20260319_134243,5.5,5.0,ok,4.395880450285314,1000,1000,1000,0,0.0,1.0,0.0,0.207726,0.17312,Advantage2_system1.13,2284,27,./penalty_sweep_qpu_v113/samples/3nq9_Kdist5.5_Kmono5.0/psweep112_20260319_134243/3nq9_ligand_report.csv,./penalty_sweep_qpu_v113/samples/3nq9_Kdist5.5_Kmono5.0/psweep112_20260319_134243/3nq9_ligand_samples.json,./penalty_sweep_qpu_v113/samples/3nq9_Kdist5.5_Kmono5.0/psweep112_20260319_134243/result.json
3nq9,3nq9_Kdist5.5_Kmono6.0,psweep112_20260319_134243,5.5,6.0,ok,1.228375135872015,1000,1000,1000,77,0.077,1.0,0.077,0.21233960000000002,0.17774,Advantage2_system1.13,1888,22,./penalty_sweep_qpu_v113/samples/3nq9_Kdist5.5_Kmono6.0/psweep112_20260319_134243/3nq9_ligand_report.csv,./penalty_sweep_qpu_v113/samples/3nq9_Kdist5.5_Kmono6.0/psweep112_20260319_134243/3nq9_ligand_samples.json,./penalty_sweep_qpu_v113/samples/3nq9_Kdist5.5_Kmono6.0/psweep112_20260319_134243/result.json
3nq9,3nq9_Kdist5.5_Kmono7.0,psweep112_20260319_134243,5.5,7.0,ok,5.265550059185308,1000,1000,1000,0,0.0,1.0,0.0,0.2064936,0.17188,Advantage2_system1.13,2190,26,./penalty_sweep_qpu_v113/samples/3nq9_Kdist5.5_Kmono7.0/psweep112_20260319_134243/3nq9_ligand_report.csv,./penalty_sweep_qpu_v113/samples/3nq9_Kdist5.5_Kmono7.0/psweep112_20260319_134243/3nq9_ligand_samples.json,./penalty_sweep_qpu_v113/samples/3nq9_Kdist5.5_Kmono7.0/psweep112_20260319_134243/result.json
3nq9,3nq9_Kdist5.5_Kmono8.0,psweep112_20260319_134243,5.5,8.0,ok,3.823365316088029,1000,1000,1000,0,0.0,1.0,0.0,0.2025224,0.16792,Advantage2_system1.13,2126,25,./penalty_sweep_qpu_v113/samples/3nq9_Kdist5.5_Kmono8.0/psweep112_20260319_134243/3nq9_ligand_report.csv,./penalty_sweep_qpu_v113/samples/3nq9_Kdist5.5_Kmono8.0/psweep112_20260319_134243/3nq9_ligand_samples.json,./penalty_sweep_qpu_v113/samples/3nq9_Kdist5.5_Kmono8.0/psweep112_20260319_134243/result.json
3nq9,3nq9_Kdist5.5_Kmono9.0,psweep112_20260319_134243,5.5,9.0,ok,3.4054263940319482,1000,1000,1000,0,0.0,1.0,0.0,0.2083468,0.17374,Advantage2_system1.13,2196,26,./penalty_sweep_qpu_v113/samples/3nq9_Kdist5.5_Kmono9.0/psweep112_20260319_134243/3nq9_ligand_report.csv,./penalty_sweep_qpu_v113/samples/3nq9_Kdist5.5_Kmono9.0/psweep112_20260319_134243/3nq9_ligand_samples.json,./penalty_sweep_qpu_v113/samples/3nq9_Kdist5.5_Kmono9.0/psweep112_20260319_134243/result.json
3nq9,3nq9_Kdist5.5_Kmono10.0,psweep112_20260319_134243,5.5,10.0,ok,3.376130003807835,1000,1000,1000,0,0.0,1.0,0.0,0.21412920000000002,0.17952,Advantage2_system1.13,2110,26,./penalty_sweep_qpu_v113/samples/3nq9_Kdist5.5_Kmono10.0/psweep112_20260319_134243/3nq9_ligand_report.csv,./penalty_sweep_qpu_v113/samples/3nq9_Kdist5.5_Kmono10.0/psweep112_20260319_134243/3nq9_ligand_samples.json,./penalty_sweep_qpu_v113/samples/3nq9_Kdist5.5_Kmono10.0/psweep112_20260319_134243/result.json
3nq9,3nq9_Kdist5.5_Kmono11.0,psweep112_20260319_134243,5.5,11.0,ok,2.9929686840042264,1000,1000,1000,0,0.0,1.0,0.0,0.21480839999999998,0.1802,Advantage2_system1.13,2181,27,./penalty_sweep_qpu_v113/samples/3nq9_Kdist5.5_Kmono11.0/psweep112_20260319_134243/3nq9_ligand_report.csv,./penalty_sweep_qpu_v113/samples/3nq9_Kdist5.5_Kmono11.0/psweep112_20260319_134243/3nq9_ligand_samples.json,./penalty_sweep_qpu_v113/samples/3nq9_Kdist5.5_Kmono11.0/psweep112_20260319_134243/result.json
3nq9,3nq9_Kdist5.5_Kmono12.0,psweep112_20260319_134243,5.5,12.0,ok,2.7012372276624124,1000,1000,1000,0,0.0,1.0,0.0,0.2114812,0.17688,Advantage2_system1.13,1975,22,./penalty_sweep_qpu_v113/samples/3nq9_Kdist5.5_Kmono12.0/psweep112_20260319_134243/3nq9_ligand_report.csv,./penalty_sweep_qpu_v113/samples/3nq9_Kdist5.5_Kmono12.0/psweep112_20260319_134243/3nq9_ligand_samples.json,./penalty_sweep_qpu_v113/samples/3nq9_Kdist5.5_Kmono12.0/psweep112_20260319_134243/result.json
3nq9,3nq9_Kdist5.5_Kmono13.0,psweep112_20260319_134243,5.5,13.0,ok,2.8384278379165804,1000,1000,1000,0,0.0,1.0,0.0,0.2032612,0.16866,Advantage2_system1.13,2043,24,./penalty_sweep_qpu_v113/samples/3nq9_Kdist5.5_Kmono13.0/psweep112_20260319_134243/3nq9_ligand_report.csv,./penalty_sweep_qpu_v113/samples/3nq9_Kdist5.5_Kmono13.0/psweep112_20260319_134243/3nq9_ligand_samples.json,./penalty_sweep_qpu_v113/samples/3nq9_Kdist5.5_Kmono13.0/psweep112_20260319_134243/result.json
3nq9,3nq9_Kdist5.5_Kmono14.0,psweep112_20260319_134243,5.5,14.0,ok,0.6892953098859728,1000,1000,1000,80,0.08,1.0,0.08,0.20888479999999998,0.17428,Advantage2_system1.13,2188,26,./penalty_sweep_qpu_v113/samples/3nq9_Kdist5.5_Kmono14.0/psweep112_20260319_134243/3nq9_ligand_report.csv,./penalty_sweep_qpu_v113/samples/3nq9_Kdist5.5_Kmono14.0/psweep112_20260319_134243/3nq9_ligand_samples.json,./penalty_sweep_qpu_v113/samples/3nq9_Kdist5.5_Kmono14.0/psweep112_20260319_134243/result.json
3nq9,3nq9_Kdist5.5_Kmono15.0,psweep112_20260319_134243,5.5,15.0,ok,3.1821545980517976,1000,1000,1000,0,0.0,1.0,0.0,0.2098904,0.17528,Advantage2_system1.13,2222,25,./penalty_sweep_qpu_v113/samples/3nq9_Kdist5.5_Kmono15.0/psweep112_20260319_134243/3nq9_ligand_report.csv,./penalty_sweep_qpu_v113/samples/3nq9_Kdist5.5_Kmono15.0/psweep112_20260319_134243/3nq9_ligand_samples.json,./penalty_sweep_qpu_v113/samples/3nq9_Kdist5.5_Kmono15.0/psweep112_20260319_134243/result.json
3nq9,3nq9_Kdist5.5_Kmono16.0,psweep112_20260319_134243,5.5,16.0,ok,4.231483365501468,1000,1000,1000,0,0.0,1.0,0.0,0.2107,0.1761,Advantage2_system1.13,2067,24,./penalty_sweep_qpu_v113/samples/3nq9_Kdist5.5_Kmono16.0/psweep112_20260319_134243/3nq9_ligand_report.csv,./penalty_sweep_qpu_v113/samples/3nq9_Kdist5.5_Kmono16.0/psweep112_20260319_134243/3nq9_ligand_samples.json,./penalty_sweep_qpu_v113/samples/3nq9_Kdist5.5_Kmono16.0/psweep112_20260319_134243/result.json
3nq9,3nq9_Kdist5.5_Kmono17.0,psweep112_20260319_134243,5.5,17.0,ok,2.6257024995159792,1000,1000,1000,0,0.0,1.0,0.0,0.2059904,0.17138,Advantage2_system1.13,2162,26,./penalty_sweep_qpu_v113/samples/3nq9_Kdist5.5_Kmono17.0/psweep112_20260319_134243/3nq9_ligand_report.csv,./penalty_sweep_qpu_v113/samples/3nq9_Kdist5.5_Kmono17.0/psweep112_20260319_134243/3nq9_ligand_samples.json,./penalty_sweep_qpu_v113/samples/3nq9_Kdist5.5_Kmono17.0/psweep112_20260319_134243/result.json
3nq9,3nq9_Kdist5.5_Kmono18.0,psweep112_20260319_134243,5.5,18.0,ok,2.0753986102416344,1000,1000,1000,0,0.0,1.0,0.0,0.21067239999999998,0.17606,Advantage2_system1.13,2387,30,./penalty_sweep_qpu_v113/samples/3nq9_Kdist5.5_Kmono18.0/psweep112_20260319_134243/3nq9_ligand_report.csv,./penalty_sweep_qpu_v113/samples/3nq9_Kdist5.5_Kmono18.0/psweep112_20260319_134243/3nq9_ligand_samples.json,./penalty_sweep_qpu_v113/samples/3nq9_Kdist5.5_Kmono18.0/psweep112_20260319_134243/result.json
3nq9,3nq9_Kdist5.5_Kmono19.0,psweep112_20260319_134243,5.5,19.0,ok,3.780176228611608,1000,1000,1000,0,0.0,1.0,0.0,0.2102648,0.17566,Advantage2_system1.13,1984,23,./penalty_sweep_qpu_v113/samples/3nq9_Kdist5.5_Kmono19.0/psweep112_20260319_134243/3nq9_ligand_report.csv,./penalty_sweep_qpu_v113/samples/3nq9_Kdist5.5_Kmono19.0/psweep112_20260319_134243/3nq9_ligand_samples.json,./penalty_sweep_qpu_v113/samples/3nq9_Kdist5.5_Kmono19.0/psweep112_20260319_134243/result.json
3nq9,3nq9_Kdist5.5_Kmono20.0,psweep112_20260319_134243,5.5,20.0,ok,2.3335929995680744,1000,1000,1000,0,0.0,1.0,0.0,0.2094924,0.17488,Advantage2_system1.13,2133,25,./penalty_sweep_qpu_v113/samples/3nq9_Kdist5.5_Kmono20.0/psweep112_20260319_134243/3nq9_ligand_report.csv,./penalty_sweep_qpu_v113/samples/3nq9_Kdist5.5_Kmono20.0/psweep112_20260319_134243/3nq9_ligand_samples.json,./penalty_sweep_qpu_v113/samples/3nq9_Kdist5.5_Kmono20.0/psweep112_20260319_134243/result.json
3nq9,3nq9_Kdist6.0_Kmono1.0,psweep112_20260319_134243,6.0,1.0,ok,4.128377087603444,1000,1000,1000,0,0.0,1.0,0.0,0.202806,0.1682,Advantage2_system1.13,2293,28,./penalty_sweep_qpu_v113/samples/3nq9_Kdist6.0_Kmono1.0/psweep112_20260319_134243/3nq9_ligand_report.csv,./penalty_sweep_qpu_v113/samples/3nq9_Kdist6.0_Kmono1.0/psweep112_20260319_134243/3nq9_ligand_samples.json,./penalty_sweep_qpu_v113/samples/3nq9_Kdist6.0_Kmono1.0/psweep112_20260319_134243/result.json
3nq9,3nq9_Kdist6.0_Kmono2.0,psweep112_20260319_134243,6.0,2.0,ok,4.80495889439512,1000,1000,1000,0,0.0,1.0,0.0,0.2127704,0.17816,Advantage2_system1.13,2180,26,./penalty_sweep_qpu_v113/samples/3nq9_Kdist6.0_Kmono2.0/psweep112_20260319_134243/3nq9_ligand_report.csv,./penalty_sweep_qpu_v113/samples/3nq9_Kdist6.0_Kmono2.0/psweep112_20260319_134243/3nq9_ligand_samples.json,./penalty_sweep_qpu_v113/samples/3nq9_Kdist6.0_Kmono2.0/psweep112_20260319_134243/result.json
3nq9,3nq9_Kdist6.0_Kmono3.0,psweep112_20260319_134243,6.0,3.0,ok,2.815711460536348,1000,1000,1000,0,0.0,1.0,0.0,0.20849120000000002,0.17388,Advantage2_system1.13,2129,25,./penalty_sweep_qpu_v113/samples/3nq9_Kdist6.0_Kmono3.0/psweep112_20260319_134243/3nq9_ligand_report.csv,./penalty_sweep_qpu_v113/samples/3nq9_Kdist6.0_Kmono3.0/psweep112_20260319_134243/3nq9_ligand_samples.json,./penalty_sweep_qpu_v113/samples/3nq9_Kdist6.0_Kmono3.0/psweep112_20260319_134243/result.json
3nq9,3nq9_Kdist6.0_Kmono4.0,psweep112_20260319_134243,6.0,4.0,ok,1.4376625406477235,1000,1000,1000,6,0.006,1.0,0.006,0.20708520000000002,0.17248,Advantage2_system1.13,2141,24,./penalty_sweep_qpu_v113/samples/3nq9_Kdist6.0_Kmono4.0/psweep112_20260319_134243/3nq9_ligand_report.csv,./penalty_sweep_qpu_v113/samples/3nq9_Kdist6.0_Kmono4.0/psweep112_20260319_134243/3nq9_ligand_samples.json,./penalty_sweep_qpu_v113/samples/3nq9_Kdist6.0_Kmono4.0/psweep112_20260319_134243/result.json
3nq9,3nq9_Kdist6.0_Kmono5.0,psweep112_20260319_134243,6.0,5.0,ok,2.0856371557639135,1000,1000,1000,0,0.0,1.0,0.0,0.2096304,0.17502,Advantage2_system1.13,2251,27,./penalty_sweep_qpu_v113/samples/3nq9_Kdist6.0_Kmono5.0/psweep112_20260319_134243/3nq9_ligand_report.csv,./penalty_sweep_qpu_v113/samples/3nq9_Kdist6.0_Kmono5.0/psweep112_20260319_134243/3nq9_ligand_samples.json,./penalty_sweep_qpu_v113/samples/3nq9_Kdist6.0_Kmono5.0/psweep112_20260319_134243/result.json
3nq9,3nq9_Kdist6.0_Kmono6.0,psweep112_20260319_134243,6.0,6.0,ok,3.6621391079455856,1000,1000,1000,0,0.0,1.0,0.0,0.20370760000000002,0.1691,Advantage2_system1.13,1963,22,./penalty_sweep_qpu_v113/samples/3nq9_Kdist6.0_Kmono6.0/psweep112_20260319_134243/3nq9_ligand_report.csv,./penalty_sweep_qpu_v113/samples/3nq9_Kdist6.0_Kmono6.0/psweep112_20260319_134243/3nq9_ligand_samples.json,./penalty_sweep_qpu_v113/samples/3nq9_Kdist6.0_Kmono6.0/psweep112_20260319_134243/result.json
3nq9,3nq9_Kdist6.0_Kmono7.0,psweep112_20260319_134243,6.0,7.0,ok,4.3546167779349965,1000,1000,1000,0,0.0,1.0,0.0,0.2109448,0.17634,Advantage2_system1.13,2057,24,./penalty_sweep_qpu_v113/samples/3nq9_Kdist6.0_Kmono7.0/psweep112_20260319_134243/3nq9_ligand_report.csv,./penalty_sweep_qpu_v113/samples/3nq9_Kdist6.0_Kmono7.0/psweep112_20260319_134243/3nq9_ligand_samples.json,./penalty_sweep_qpu_v113/samples/3nq9_Kdist6.0_Kmono7.0/psweep112_20260319_134243/result.json
3nq9,3nq9_Kdist6.0_Kmono8.0,psweep112_20260319_134243,6.0,8.0,ok,3.4753061899830775,1000,1000,1000,0,0.0,1.0,0.0,0.207662,0.17306,Advantage2_system1.13,2073,24,./penalty_sweep_qpu_v113/samples/3nq9_Kdist6.0_Kmono8.0/psweep112_20260319_134243/3nq9_ligand_report.csv,./penalty_sweep_qpu_v113/samples/3nq9_Kdist6.0_Kmono8.0/psweep112_20260319_134243/3nq9_ligand_samples.json,./penalty_sweep_qpu_v113/samples/3nq9_Kdist6.0_Kmono8.0/psweep112_20260319_134243/result.json
3nq9,3nq9_Kdist6.0_Kmono9.0,psweep112_20260319_134243,6.0,9.0,ok,5.295538816352434,1000,1000,1000,0,0.0,1.0,0.0,0.211626,0.17702,Advantage2_system1.13,2191,25,./penalty_sweep_qpu_v113/samples/3nq9_Kdist6.0_Kmono9.0/psweep112_20260319_134243/3nq9_ligand_report.csv,./penalty_sweep_qpu_v113/samples/3nq9_Kdist6.0_Kmono9.0/psweep112_20260319_134243/3nq9_ligand_samples.json,./penalty_sweep_qpu_v113/samples/3nq9_Kdist6.0_Kmono9.0/psweep112_20260319_134243/result.json
3nq9,3nq9_Kdist6.0_Kmono10.0,psweep112_20260319_134243,6.0,10.0,ok,4.41495742552603,1000,1000,1000,0,0.0,1.0,0.0,0.2135504,0.17894,Advantage2_system1.13,2121,25,./penalty_sweep_qpu_v113/samples/3nq9_Kdist6.0_Kmono10.0/psweep112_20260319_134243/3nq9_ligand_report.csv,./penalty_sweep_qpu_v113/samples/3nq9_Kdist6.0_Kmono10.0/psweep112_20260319_134243/3nq9_ligand_samples.json,./penalty_sweep_qpu_v113/samples/3nq9_Kdist6.0_Kmono10.0/psweep112_20260319_134243/result.json
3nq9,3nq9_Kdist6.0_Kmono11.0,psweep112_20260319_134243,6.0,11.0,ok,3.0656479168564936,1000,1000,1000,0,0.0,1.0,0.0,0.2054488,0.17084,Advantage2_system1.13,2130,26,./penalty_sweep_qpu_v113/samples/3nq9_Kdist6.0_Kmono11.0/psweep112_20260319_134243/3nq9_ligand_report.csv,./penalty_sweep_qpu_v113/samples/3nq9_Kdist6.0_Kmono11.0/psweep112_20260319_134243/3nq9_ligand_samples.json,./penalty_sweep_qpu_v113/samples/3nq9_Kdist6.0_Kmono11.0/psweep112_20260319_134243/result.json
3nq9,3nq9_Kdist6.0_Kmono12.0,psweep112_20260319_134243,6.0,12.0,ok,4.27069435889897,1000,1000,1000,0,0.0,1.0,0.0,0.2059484,0.17134,Advantage2_system1.13,2123,24,./penalty_sweep_qpu_v113/samples/3nq9_Kdist6.0_Kmono12.0/psweep112_20260319_134243/3nq9_ligand_report.csv,./penalty_sweep_qpu_v113/samples/3nq9_Kdist6.0_Kmono12.0/psweep112_20260319_134243/3nq9_ligand_samples.json,./penalty_sweep_qpu_v113/samples/3nq9_Kdist6.0_Kmono12.0/psweep112_20260319_134243/result.json
3nq9,3nq9_Kdist6.0_Kmono13.0,psweep112_20260319_134243,6.0,13.0,ok,4.403863001475776,1000,1000,1000,0,0.0,1.0,0.0,0.207202,0.1726,Advantage2_system1.13,2107,27,./penalty_sweep_qpu_v113/samples/3nq9_Kdist6.0_Kmono13.0/psweep112_20260319_134243/3nq9_ligand_report.csv,./penalty_sweep_qpu_v113/samples/3nq9_Kdist6.0_Kmono13.0/psweep112_20260319_134243/3nq9_ligand_samples.json,./penalty_sweep_qpu_v113/samples/3nq9_Kdist6.0_Kmono13.0/psweep112_20260319_134243/result.json
3nq9,3nq9_Kdist6.0_Kmono14.0,psweep112_20260319_134243,6.0,14.0,ok,4.977676406217301,1000,1000,1000,0,0.0,1.0,0.0,0.21458639999999998,0.17998,Advantage2_system1.13,2152,25,./penalty_sweep_qpu_v113/samples/3nq9_Kdist6.0_Kmono14.0/psweep112_20260319_134243/3nq9_ligand_report.csv,./penalty_sweep_qpu_v113/samples/3nq9_Kdist6.0_Kmono14.0/psweep112_20260319_134243/3nq9_ligand_samples.json,./penalty_sweep_qpu_v113/samples/3nq9_Kdist6.0_Kmono14.0/psweep112_20260319_134243/result.json
3nq9,3nq9_Kdist6.0_Kmono15.0,psweep112_20260319_134243,6.0,15.0,ok,2.4458958240933124,1000,1000,1000,0,0.0,1.0,0.0,0.2084104,0.1738,Advantage2_system1.13,2273,26,./penalty_sweep_qpu_v113/samples/3nq9_Kdist6.0_Kmono15.0/psweep112_20260319_134243/3nq9_ligand_report.csv,./penalty_sweep_qpu_v113/samples/3nq9_Kdist6.0_Kmono15.0/psweep112_20260319_134243/3nq9_ligand_samples.json,./penalty_sweep_qpu_v113/samples/3nq9_Kdist6.0_Kmono15.0/psweep112_20260319_134243/result.json
3nq9,3nq9_Kdist6.0_Kmono16.0,psweep112_20260319_134243,6.0,16.0,ok,4.556230879910554,1000,1000,1000,0,0.0,1.0,0.0,0.2147664,0.18016,Advantage2_system1.13,2033,22,./penalty_sweep_qpu_v113/samples/3nq9_Kdist6.0_Kmono16.0/psweep112_20260319_134243/3nq9_ligand_report.csv,./penalty_sweep_qpu_v113/samples/3nq9_Kdist6.0_Kmono16.0/psweep112_20260319_134243/3nq9_ligand_samples.json,./penalty_sweep_qpu_v113/samples/3nq9_Kdist6.0_Kmono16.0/psweep112_20260319_134243/result.json
3nq9,3nq9_Kdist6.0_Kmono17.0,psweep112_20260319_134243,6.0,17.0,ok,1.3538715146763942,1000,1000,1000,2,0.002,1.0,0.002,0.2104344,0.17584,Advantage2_system1.13,2017,22,./penalty_sweep_qpu_v113/samples/3nq9_Kdist6.0_Kmono17.0/psweep112_20260319_134243/3nq9_ligand_report.csv,./penalty_sweep_qpu_v113/samples/3nq9_Kdist6.0_Kmono17.0/psweep112_20260319_134243/3nq9_ligand_samples.json,./penalty_sweep_qpu_v113/samples/3nq9_Kdist6.0_Kmono17.0/psweep112_20260319_134243/result.json
3nq9,3nq9_Kdist6.0_Kmono18.0,psweep112_20260319_134243,6.0,18.0,ok,3.771735483653794,1000,1000,1000,0,0.0,1.0,0.0,0.2064896,0.17188,Advantage2_system1.13,2056,24,./penalty_sweep_qpu_v113/samples/3nq9_Kdist6.0_Kmono18.0/psweep112_20260319_134243/3nq9_ligand_report.csv,./penalty_sweep_qpu_v113/samples/3nq9_Kdist6.0_Kmono18.0/psweep112_20260319_134243/3nq9_ligand_samples.json,./penalty_sweep_qpu_v113/samples/3nq9_Kdist6.0_Kmono18.0/psweep112_20260319_134243/result.json
3nq9,3nq9_Kdist6.0_Kmono19.0,psweep112_20260319_134243,6.0,19.0,ok,2.829208705403965,1000,1000,1000,0,0.0,1.0,0.0,0.206354,0.17174,Advantage2_system1.13,2150,25,./penalty_sweep_qpu_v113/samples/3nq9_Kdist6.0_Kmono19.0/psweep112_20260319_134243/3nq9_ligand_report.csv,./penalty_sweep_qpu_v113/samples/3nq9_Kdist6.0_Kmono19.0/psweep112_20260319_134243/3nq9_ligand_samples.json,./penalty_sweep_qpu_v113/samples/3nq9_Kdist6.0_Kmono19.0/psweep112_20260319_134243/result.json
3nq9,3nq9_Kdist6.0_Kmono20.0,psweep112_20260319_134243,6.0,20.0,ok,2.4994294379847606,1000,1000,1000,0,0.0,1.0,0.0,0.214526,0.17992,Advantage2_system1.13,2136,24,./penalty_sweep_qpu_v113/samples/3nq9_Kdist6.0_Kmono20.0/psweep112_20260319_134243/3nq9_ligand_report.csv,./penalty_sweep_qpu_v113/samples/3nq9_Kdist6.0_Kmono20.0/psweep112_20260319_134243/3nq9_ligand_samples.json,./penalty_sweep_qpu_v113/samples/3nq9_Kdist6.0_Kmono20.0/psweep112_20260319_134243/result.json
3nq9,3nq9_Kdist6.5_Kmono1.0,psweep112_20260319_134243,6.5,1.0,ok,4.658160020088245,1000,1000,1000,0,0.0,1.0,0.0,0.2133876,0.17878,Advantage2_system1.13,2070,23,./penalty_sweep_qpu_v113/samples/3nq9_Kdist6.5_Kmono1.0/psweep112_20260319_134243/3nq9_ligand_report.csv,./penalty_sweep_qpu_v113/samples/3nq9_Kdist6.5_Kmono1.0/psweep112_20260319_134243/3nq9_ligand_samples.json,./penalty_sweep_qpu_v113/samples/3nq9_Kdist6.5_Kmono1.0/psweep112_20260319_134243/result.json
3nq9,3nq9_Kdist6.5_Kmono2.0,psweep112_20260319_134243,6.5,2.0,ok,0.5919388651823337,1000,1000,1000,869,0.869,1.0,0.869,0.210884,0.17628,Advantage2_system1.13,1981,22,./penalty_sweep_qpu_v113/samples/3nq9_Kdist6.5_Kmono2.0/psweep112_20260319_134243/3nq9_ligand_report.csv,./penalty_sweep_qpu_v113/samples/3nq9_Kdist6.5_Kmono2.0/psweep112_20260319_134243/3nq9_ligand_samples.json,./penalty_sweep_qpu_v113/samples/3nq9_Kdist6.5_Kmono2.0/psweep112_20260319_134243/result.json
3nq9,3nq9_Kdist6.5_Kmono3.0,psweep112_20260319_134243,6.5,3.0,ok,2.323327167950387,1000,1000,1000,0,0.0,1.0,0.0,0.20234639999999998,0.16774,Advantage2_system1.13,2380,30,./penalty_sweep_qpu_v113/samples/3nq9_Kdist6.5_Kmono3.0/psweep112_20260319_134243/3nq9_ligand_report.csv,./penalty_sweep_qpu_v113/samples/3nq9_Kdist6.5_Kmono3.0/psweep112_20260319_134243/3nq9_ligand_samples.json,./penalty_sweep_qpu_v113/samples/3nq9_Kdist6.5_Kmono3.0/psweep112_20260319_134243/result.json
3nq9,3nq9_Kdist6.5_Kmono4.0,psweep112_20260319_134243,6.5,4.0,ok,3.348242199566075,1000,1000,1000,0,0.0,1.0,0.0,0.2093452,0.17474,Advantage2_system1.13,1972,23,./penalty_sweep_qpu_v113/samples/3nq9_Kdist6.5_Kmono4.0/psweep112_20260319_134243/3nq9_ligand_report.csv,./penalty_sweep_qpu_v113/samples/3nq9_Kdist6.5_Kmono4.0/psweep112_20260319_134243/3nq9_ligand_samples.json,./penalty_sweep_qpu_v113/samples/3nq9_Kdist6.5_Kmono4.0/psweep112_20260319_134243/result.json
3nq9,3nq9_Kdist6.5_Kmono5.0,psweep112_20260319_134243,6.5,5.0,ok,3.99625852967357,1000,1000,1000,0,0.0,1.0,0.0,0.20258279999999998,0.16798,Advantage2_system1.13,2362,27,./penalty_sweep_qpu_v113/samples/3nq9_Kdist6.5_Kmono5.0/psweep112_20260319_134243/3nq9_ligand_report.csv,./penalty_sweep_qpu_v113/samples/3nq9_Kdist6.5_Kmono5.0/psweep112_20260319_134243/3nq9_ligand_samples.json,./penalty_sweep_qpu_v113/samples/3nq9_Kdist6.5_Kmono5.0/psweep112_20260319_134243/result.json
3nq9,3nq9_Kdist6.5_Kmono6.0,psweep112_20260319_134243,6.5,6.0,ok,5.393206101774132,1000,1000,1000,0,0.0,1.0,0.0,0.2081264,0.17352,Advantage2_system1.13,2253,26,./penalty_sweep_qpu_v113/samples/3nq9_Kdist6.5_Kmono6.0/psweep112_20260319_134243/3nq9_ligand_report.csv,./penalty_sweep_qpu_v113/samples/3nq9_Kdist6.5_Kmono6.0/psweep112_20260319_134243/3nq9_ligand_samples.json,./penalty_sweep_qpu_v113/samples/3nq9_Kdist6.5_Kmono6.0/psweep112_20260319_134243/result.json
3nq9,3nq9_Kdist6.5_Kmono7.0,psweep112_20260319_134243,6.5,7.0,ok,3.2945946794836294,1000,1000,1000,0,0.0,1.0,0.0,0.19822279999999998,0.16362,Advantage2_system1.13,1877,23,./penalty_sweep_qpu_v113/samples/3nq9_Kdist6.5_Kmono7.0/psweep112_20260319_134243/3nq9_ligand_report.csv,./penalty_sweep_qpu_v113/samples/3nq9_Kdist6.5_Kmono7.0/psweep112_20260319_134243/3nq9_ligand_samples.json,./penalty_sweep_qpu_v113/samples/3nq9_Kdist6.5_Kmono7.0/psweep112_20260319_134243/result.json
3nq9,3nq9_Kdist6.5_Kmono8.0,psweep112_20260319_134243,6.5,8.0,ok,3.487865330287595,1000,1000,1000,0,0.0,1.0,0.0,0.2194168,0.1848,Advantage2_system1.13,2211,27,./penalty_sweep_qpu_v113/samples/3nq9_Kdist6.5_Kmono8.0/psweep112_20260319_134243/3nq9_ligand_report.csv,./penalty_sweep_qpu_v113/samples/3nq9_Kdist6.5_Kmono8.0/psweep112_20260319_134243/3nq9_ligand_samples.json,./penalty_sweep_qpu_v113/samples/3nq9_Kdist6.5_Kmono8.0/psweep112_20260319_134243/result.json
3nq9,3nq9_Kdist6.5_Kmono9.0,psweep112_20260319_134243,6.5,9.0,ok,4.539841892869262,1000,1000,1000,0,0.0,1.0,0.0,0.2143044,0.1797,Advantage2_system1.13,2062,24,./penalty_sweep_qpu_v113/samples/3nq9_Kdist6.5_Kmono9.0/psweep112_20260319_134243/3nq9_ligand_report.csv,./penalty_sweep_qpu_v113/samples/3nq9_Kdist6.5_Kmono9.0/psweep112_20260319_134243/3nq9_ligand_samples.json,./penalty_sweep_qpu_v113/samples/3nq9_Kdist6.5_Kmono9.0/psweep112_20260319_134243/result.json
3nq9,3nq9_Kdist6.5_Kmono10.0,psweep112_20260319_134243,6.5,10.0,ok,4.205981923569377,1000,1000,1000,0,0.0,1.0,0.0,0.2155776,0.18098,Advantage2_system1.13,2051,25,./penalty_sweep_qpu_v113/samples/3nq9_Kdist6.5_Kmono10.0/psweep112_20260319_134243/3nq9_ligand_report.csv,./penalty_sweep_qpu_v113/samples/3nq9_Kdist6.5_Kmono10.0/psweep112_20260319_134243/3nq9_ligand_samples.json,./penalty_sweep_qpu_v113/samples/3nq9_Kdist6.5_Kmono10.0/psweep112_20260319_134243/result.json
3nq9,3nq9_Kdist6.5_Kmono11.0,psweep112_20260319_134243,6.5,11.0,ok,3.0705391169479914,1000,1000,1000,0,0.0,1.0,0.0,0.203172,0.16856,Advantage2_system1.13,2197,25,./penalty_sweep_qpu_v113/samples/3nq9_Kdist6.5_Kmono11.0/psweep112_20260319_134243/3nq9_ligand_report.csv,./penalty_sweep_qpu_v113/samples/3nq9_Kdist6.5_Kmono11.0/psweep112_20260319_134243/3nq9_ligand_samples.json,./penalty_sweep_qpu_v113/samples/3nq9_Kdist6.5_Kmono11.0/psweep112_20260319_134243/result.json
3nq9,3nq9_Kdist6.5_Kmono12.0,psweep112_20260319_134243,6.5,12.0,ok,2.7405355805533427,1000,1000,1000,0,0.0,1.0,0.0,0.20926720000000001,0.17466,Advantage2_system1.13,2306,28,./penalty_sweep_qpu_v113/samples/3nq9_Kdist6.5_Kmono12.0/psweep112_20260319_134243/3nq9_ligand_report.csv,./penalty_sweep_qpu_v113/samples/3nq9_Kdist6.5_Kmono12.0/psweep112_20260319_134243/3nq9_ligand_samples.json,./penalty_sweep_qpu_v113/samples/3nq9_Kdist6.5_Kmono12.0/psweep112_20260319_134243/result.json
3nq9,3nq9_Kdist6.5_Kmono13.0,psweep112_20260319_134243,6.5,13.0,ok,1.8553656856792216,1000,1000,1000,2,0.002,1.0,0.002,0.21516839999999998,0.18056,Advantage2_system1.13,2318,27,./penalty_sweep_qpu_v113/samples/3nq9_Kdist6.5_Kmono13.0/psweep112_20260319_134243/3nq9_ligand_report.csv,./penalty_sweep_qpu_v113/samples/3nq9_Kdist6.5_Kmono13.0/psweep112_20260319_134243/3nq9_ligand_samples.json,./penalty_sweep_qpu_v113/samples/3nq9_Kdist6.5_Kmono13.0/psweep112_20260319_134243/result.json
3nq9,3nq9_Kdist6.5_Kmono14.0,psweep112_20260319_134243,6.5,14.0,ok,3.397059188840757,1000,1000,1000,0,0.0,1.0,0.0,0.2130296,0.17842,Advantage2_system1.13,1914,22,./penalty_sweep_qpu_v113/samples/3nq9_Kdist6.5_Kmono14.0/psweep112_20260319_134243/3nq9_ligand_report.csv,./penalty_sweep_qpu_v113/samples/3nq9_Kdist6.5_Kmono14.0/psweep112_20260319_134243/3nq9_ligand_samples.json,./penalty_sweep_qpu_v113/samples/3nq9_Kdist6.5_Kmono14.0/psweep112_20260319_134243/result.json
3nq9,3nq9_Kdist6.5_Kmono15.0,psweep112_20260319_134243,6.5,15.0,ok,3.9744606523999897,1000,1000,1000,0,0.0,1.0,0.0,0.21153560000000002,0.17692,Advantage2_system1.13,2350,28,./penalty_sweep_qpu_v113/samples/3nq9_Kdist6.5_Kmono15.0/psweep112_20260319_134243/3nq9_ligand_report.csv,./penalty_sweep_qpu_v113/samples/3nq9_Kdist6.5_Kmono15.0/psweep112_20260319_134243/3nq9_ligand_samples.json,./penalty_sweep_qpu_v113/samples/3nq9_Kdist6.5_Kmono15.0/psweep112_20260319_134243/result.json
3nq9,3nq9_Kdist6.5_Kmono16.0,psweep112_20260319_134243,6.5,16.0,ok,4.396726487362233,1000,1000,1000,0,0.0,1.0,0.0,0.2022628,0.16766,Advantage2_system1.13,2354,31,./penalty_sweep_qpu_v113/samples/3nq9_Kdist6.5_Kmono16.0/psweep112_20260319_134243/3nq9_ligand_report.csv,./penalty_sweep_qpu_v113/samples/3nq9_Kdist6.5_Kmono16.0/psweep112_20260319_134243/3nq9_ligand_samples.json,./penalty_sweep_qpu_v113/samples/3nq9_Kdist6.5_Kmono16.0/psweep112_20260319_134243/result.json
3nq9,3nq9_Kdist6.5_Kmono17.0,psweep112_20260319_134243,6.5,17.0,ok,1.4589201642562186,1000,1000,1000,2,0.002,1.0,0.002,0.2091656,0.17456,Advantage2_system1.13,2274,27,./penalty_sweep_qpu_v113/samples/3nq9_Kdist6.5_Kmono17.0/psweep112_20260319_134243/3nq9_ligand_report.csv,./penalty_sweep_qpu_v113/samples/3nq9_Kdist6.5_Kmono17.0/psweep112_20260319_134243/3nq9_ligand_samples.json,./penalty_sweep_qpu_v113/samples/3nq9_Kdist6.5_Kmono17.0/psweep112_20260319_134243/result.json
3nq9,3nq9_Kdist6.5_Kmono18.0,psweep112_20260319_134243,6.5,18.0,ok,3.098501313059791,1000,1000,1000,0,0.0,1.0,0.0,0.20494720000000002,0.17034,Advantage2_system1.13,2153,26,./penalty_sweep_qpu_v113/samples/3nq9_Kdist6.5_Kmono18.0/psweep112_20260319_134243/3nq9_ligand_report.csv,./penalty_sweep_qpu_v113/samples/3nq9_Kdist6.5_Kmono18.0/psweep112_20260319_134243/3nq9_ligand_samples.json,./penalty_sweep_qpu_v113/samples/3nq9_Kdist6.5_Kmono18.0/psweep112_20260319_134243/result.json
3nq9,3nq9_Kdist6.5_Kmono19.0,psweep112_20260319_134243,6.5,19.0,ok,4.34829893555568,1000,1000,1000,0,0.0,1.0,0.0,0.2154864,0.18088,Advantage2_system1.13,2011,23,./penalty_sweep_qpu_v113/samples/3nq9_Kdist6.5_Kmono19.0/psweep112_20260319_134243/3nq9_ligand_report.csv,./penalty_sweep_qpu_v113/samples/3nq9_Kdist6.5_Kmono19.0/psweep112_20260319_134243/3nq9_ligand_samples.json,./penalty_sweep_qpu_v113/samples/3nq9_Kdist6.5_Kmono19.0/psweep112_20260319_134243/result.json
3nq9,3nq9_Kdist6.5_Kmono20.0,psweep112_20260319_134243,6.5,20.0,ok,3.6245372768954254,1000,1000,1000,0,0.0,1.0,0.0,0.2191152,0.18452,Advantage2_system1.13,2139,25,./penalty_sweep_qpu_v113/samples/3nq9_Kdist6.5_Kmono20.0/psweep112_20260319_134243/3nq9_ligand_report.csv,./penalty_sweep_qpu_v113/samples/3nq9_Kdist6.5_Kmono20.0/psweep112_20260319_134243/3nq9_ligand_samples.json,./penalty_sweep_qpu_v113/samples/3nq9_Kdist6.5_Kmono20.0/psweep112_20260319_134243/result.json
3nq9,3nq9_Kdist7.0_Kmono1.0,psweep112_20260319_134243,7.0,1.0,ok,5.462741466083779,1000,1000,1000,0,0.0,1.0,0.0,0.210764,0.17616,Advantage2_system1.13,1967,23,./penalty_sweep_qpu_v113/samples/3nq9_Kdist7.0_Kmono1.0/psweep112_20260319_134243/3nq9_ligand_report.csv,./penalty_sweep_qpu_v113/samples/3nq9_Kdist7.0_Kmono1.0/psweep112_20260319_134243/3nq9_ligand_samples.json,./penalty_sweep_qpu_v113/samples/3nq9_Kdist7.0_Kmono1.0/psweep112_20260319_134243/result.json
3nq9,3nq9_Kdist7.0_Kmono2.0,psweep112_20260319_134243,7.0,2.0,ok,4.394636777003012,1000,1000,1000,0,0.0,1.0,0.0,0.2085864,0.17398,Advantage2_system1.13,1946,22,./penalty_sweep_qpu_v113/samples/3nq9_Kdist7.0_Kmono2.0/psweep112_20260319_134243/3nq9_ligand_report.csv,./penalty_sweep_qpu_v113/samples/3nq9_Kdist7.0_Kmono2.0/psweep112_20260319_134243/3nq9_ligand_samples.json,./penalty_sweep_qpu_v113/samples/3nq9_Kdist7.0_Kmono2.0/psweep112_20260319_134243/result.json
3nq9,3nq9_Kdist7.0_Kmono3.0,psweep112_20260319_134243,7.0,3.0,ok,3.3453752876854583,1000,1000,1000,0,0.0,1.0,0.0,0.211988,0.17738,Advantage2_system1.13,2172,27,./penalty_sweep_qpu_v113/samples/3nq9_Kdist7.0_Kmono3.0/psweep112_20260319_134243/3nq9_ligand_report.csv,./penalty_sweep_qpu_v113/samples/3nq9_Kdist7.0_Kmono3.0/psweep112_20260319_134243/3nq9_ligand_samples.json,./penalty_sweep_qpu_v113/samples/3nq9_Kdist7.0_Kmono3.0/psweep112_20260319_134243/result.json
3nq9,3nq9_Kdist7.0_Kmono4.0,psweep112_20260319_134243,7.0,4.0,ok,2.5797040855290847,1000,1000,1000,0,0.0,1.0,0.0,0.2094876,0.17488,Advantage2_system1.13,2059,24,./penalty_sweep_qpu_v113/samples/3nq9_Kdist7.0_Kmono4.0/psweep112_20260319_134243/3nq9_ligand_report.csv,./penalty_sweep_qpu_v113/samples/3nq9_Kdist7.0_Kmono4.0/psweep112_20260319_134243/3nq9_ligand_samples.json,./penalty_sweep_qpu_v113/samples/3nq9_Kdist7.0_Kmono4.0/psweep112_20260319_134243/result.json
3nq9,3nq9_Kdist7.0_Kmono5.0,psweep112_20260319_134243,7.0,5.0,ok,3.4944048328500097,1000,1000,1000,0,0.0,1.0,0.0,0.2125556,0.17794,Advantage2_system1.13,2431,29,./penalty_sweep_qpu_v113/samples/3nq9_Kdist7.0_Kmono5.0/psweep112_20260319_134243/3nq9_ligand_report.csv,./penalty_sweep_qpu_v113/samples/3nq9_Kdist7.0_Kmono5.0/psweep112_20260319_134243/3nq9_ligand_samples.json,./penalty_sweep_qpu_v113/samples/3nq9_Kdist7.0_Kmono5.0/psweep112_20260319_134243/result.json
3nq9,3nq9_Kdist7.0_Kmono6.0,psweep112_20260319_134243,7.0,6.0,ok,4.439280072581858,1000,1000,1000,0,0.0,1.0,0.0,0.20645239999999998,0.17184,Advantage2_system1.13,2150,24,./penalty_sweep_qpu_v113/samples/3nq9_Kdist7.0_Kmono6.0/psweep112_20260319_134243/3nq9_ligand_report.csv,./penalty_sweep_qpu_v113/samples/3nq9_Kdist7.0_Kmono6.0/psweep112_20260319_134243/3nq9_ligand_samples.json,./penalty_sweep_qpu_v113/samples/3nq9_Kdist7.0_Kmono6.0/psweep112_20260319_134243/result.json
3nq9,3nq9_Kdist7.0_Kmono7.0,psweep112_20260319_134243,7.0,7.0,ok,1.0368622694875587,1000,1000,1000,6,0.006,1.0,0.006,0.21190720000000002,0.1773,Advantage2_system1.13,2238,28,./penalty_sweep_qpu_v113/samples/3nq9_Kdist7.0_Kmono7.0/psweep112_20260319_134243/3nq9_ligand_report.csv,./penalty_sweep_qpu_v113/samples/3nq9_Kdist7.0_Kmono7.0/psweep112_20260319_134243/3nq9_ligand_samples.json,./penalty_sweep_qpu_v113/samples/3nq9_Kdist7.0_Kmono7.0/psweep112_20260319_134243/result.json
3nq9,3nq9_Kdist7.0_Kmono8.0,psweep112_20260319_134243,7.0,8.0,ok,2.899216743027884,1000,1000,1000,0,0.0,1.0,0.0,0.204552,0.16994,Advantage2_system1.13,2072,25,./penalty_sweep_qpu_v113/samples/3nq9_Kdist7.0_Kmono8.0/psweep112_20260319_134243/3nq9_ligand_report.csv,./penalty_sweep_qpu_v113/samples/3nq9_Kdist7.0_Kmono8.0/psweep112_20260319_134243/3nq9_ligand_samples.json,./penalty_sweep_qpu_v113/samples/3nq9_Kdist7.0_Kmono8.0/psweep112_20260319_134243/result.json
3nq9,3nq9_Kdist7.0_Kmono9.0,psweep112_20260319_134243,7.0,9.0,ok,3.953336218940323,1000,1000,1000,0,0.0,1.0,0.0,0.2091616,0.17456,Advantage2_system1.13,2289,27,./penalty_sweep_qpu_v113/samples/3nq9_Kdist7.0_Kmono9.0/psweep112_20260319_134243/3nq9_ligand_report.csv,./penalty_sweep_qpu_v113/samples/3nq9_Kdist7.0_Kmono9.0/psweep112_20260319_134243/3nq9_ligand_samples.json,./penalty_sweep_qpu_v113/samples/3nq9_Kdist7.0_Kmono9.0/psweep112_20260319_134243/result.json
3nq9,3nq9_Kdist7.0_Kmono10.0,psweep112_20260319_134243,7.0,10.0,ok,5.751341420241881,1000,1000,1000,0,0.0,1.0,0.0,0.2044804,0.16988,Advantage2_system1.13,1920,22,./penalty_sweep_qpu_v113/samples/3nq9_Kdist7.0_Kmono10.0/psweep112_20260319_134243/3nq9_ligand_report.csv,./penalty_sweep_qpu_v113/samples/3nq9_Kdist7.0_Kmono10.0/psweep112_20260319_134243/3nq9_ligand_samples.json,./penalty_sweep_qpu_v113/samples/3nq9_Kdist7.0_Kmono10.0/psweep112_20260319_134243/result.json
3nq9,3nq9_Kdist7.0_Kmono11.0,psweep112_20260319_134243,7.0,11.0,ok,2.7154447292978885,1000,1000,1000,0,0.0,1.0,0.0,0.2060816,0.17148,Advantage2_system1.13,2016,23,./penalty_sweep_qpu_v113/samples/3nq9_Kdist7.0_Kmono11.0/psweep112_20260319_134243/3nq9_ligand_report.csv,./penalty_sweep_qpu_v113/samples/3nq9_Kdist7.0_Kmono11.0/psweep112_20260319_134243/3nq9_ligand_samples.json,./penalty_sweep_qpu_v113/samples/3nq9_Kdist7.0_Kmono11.0/psweep112_20260319_134243/result.json
3nq9,3nq9_Kdist7.0_Kmono12.0,psweep112_20260319_134243,7.0,12.0,ok,3.858356439700681,1000,1000,1000,0,0.0,1.0,0.0,0.2115272,0.17692,Advantage2_system1.13,2189,26,./penalty_sweep_qpu_v113/samples/3nq9_Kdist7.0_Kmono12.0/psweep112_20260319_134243/3nq9_ligand_report.csv,./penalty_sweep_qpu_v113/samples/3nq9_Kdist7.0_Kmono12.0/psweep112_20260319_134243/3nq9_ligand_samples.json,./penalty_sweep_qpu_v113/samples/3nq9_Kdist7.0_Kmono12.0/psweep112_20260319_134243/result.json
3nq9,3nq9_Kdist7.0_Kmono13.0,psweep112_20260319_134243,7.0,13.0,ok,3.5814087850187653,1000,1000,1000,0,0.0,1.0,0.0,0.2048076,0.1702,Advantage2_system1.13,2613,34,./penalty_sweep_qpu_v113/samples/3nq9_Kdist7.0_Kmono13.0/psweep112_20260319_134243/3nq9_ligand_report.csv,./penalty_sweep_qpu_v113/samples/3nq9_Kdist7.0_Kmono13.0/psweep112_20260319_134243/3nq9_ligand_samples.json,./penalty_sweep_qpu_v113/samples/3nq9_Kdist7.0_Kmono13.0/psweep112_20260319_134243/result.json
3nq9,3nq9_Kdist7.0_Kmono14.0,psweep112_20260319_134243,7.0,14.0,ok,2.4349810838275987,1000,1000,1000,0,0.0,1.0,0.0,0.2107088,0.1761,Advantage2_system1.13,2199,25,./penalty_sweep_qpu_v113/samples/3nq9_Kdist7.0_Kmono14.0/psweep112_20260319_134243/3nq9_ligand_report.csv,./penalty_sweep_qpu_v113/samples/3nq9_Kdist7.0_Kmono14.0/psweep112_20260319_134243/3nq9_ligand_samples.json,./penalty_sweep_qpu_v113/samples/3nq9_Kdist7.0_Kmono14.0/psweep112_20260319_134243/result.json
3nq9,3nq9_Kdist7.0_Kmono15.0,psweep112_20260319_134243,7.0,15.0,ok,4.4606332674191265,1000,1000,1000,0,0.0,1.0,0.0,0.2145272,0.17992,Advantage2_system1.13,2257,28,./penalty_sweep_qpu_v113/samples/3nq9_Kdist7.0_Kmono15.0/psweep112_20260319_134243/3nq9_ligand_report.csv,./penalty_sweep_qpu_v113/samples/3nq9_Kdist7.0_Kmono15.0/psweep112_20260319_134243/3nq9_ligand_samples.json,./penalty_sweep_qpu_v113/samples/3nq9_Kdist7.0_Kmono15.0/psweep112_20260319_134243/result.json
3nq9,3nq9_Kdist7.0_Kmono16.0,psweep112_20260319_134243,7.0,16.0,ok,1.9299374774266222,1000,1000,1000,1,0.001,1.0,0.001,0.21785,0.18324,Advantage2_system1.13,2089,25,./penalty_sweep_qpu_v113/samples/3nq9_Kdist7.0_Kmono16.0/psweep112_20260319_134243/3nq9_ligand_report.csv,./penalty_sweep_qpu_v113/samples/3nq9_Kdist7.0_Kmono16.0/psweep112_20260319_134243/3nq9_ligand_samples.json,./penalty_sweep_qpu_v113/samples/3nq9_Kdist7.0_Kmono16.0/psweep112_20260319_134243/result.json
3nq9,3nq9_Kdist7.0_Kmono17.0,psweep112_20260319_134243,7.0,17.0,ok,2.7543780763945955,1000,1000,1000,0,0.0,1.0,0.0,0.214444,0.17984,Advantage2_system1.13,2634,33,./penalty_sweep_qpu_v113/samples/3nq9_Kdist7.0_Kmono17.0/psweep112_20260319_134243/3nq9_ligand_report.csv,./penalty_sweep_qpu_v113/samples/3nq9_Kdist7.0_Kmono17.0/psweep112_20260319_134243/3nq9_ligand_samples.json,./penalty_sweep_qpu_v113/samples/3nq9_Kdist7.0_Kmono17.0/psweep112_20260319_134243/result.json
3nq9,3nq9_Kdist7.0_Kmono18.0,psweep112_20260319_134243,7.0,18.0,ok,2.2859858409105853,1000,1000,1000,0,0.0,1.0,0.0,0.21027679999999999,0.17566,Advantage2_system1.13,2394,30,./penalty_sweep_qpu_v113/samples/3nq9_Kdist7.0_Kmono18.0/psweep112_20260319_134243/3nq9_ligand_report.csv,./penalty_sweep_qpu_v113/samples/3nq9_Kdist7.0_Kmono18.0/psweep112_20260319_134243/3nq9_ligand_samples.json,./penalty_sweep_qpu_v113/samples/3nq9_Kdist7.0_Kmono18.0/psweep112_20260319_134243/result.json
3nq9,3nq9_Kdist7.0_Kmono19.0,psweep112_20260319_134243,7.0,19.0,ok,1.65626285223363,1000,1000,1000,186,0.186,1.0,0.186,0.2082124,0.1736,Advantage2_system1.13,2043,25,./penalty_sweep_qpu_v113/samples/3nq9_Kdist7.0_Kmono19.0/psweep112_20260319_134243/3nq9_ligand_report.csv,./penalty_sweep_qpu_v113/samples/3nq9_Kdist7.0_Kmono19.0/psweep112_20260319_134243/3nq9_ligand_samples.json,./penalty_sweep_qpu_v113/samples/3nq9_Kdist7.0_Kmono19.0/psweep112_20260319_134243/result.json
3nq9,3nq9_Kdist7.0_Kmono20.0,psweep112_20260319_134243,7.0,20.0,ok,3.7837773868881186,1000,1000,1000,0,0.0,1.0,0.0,0.21658760000000002,0.18198,Advantage2_system1.13,1999,24,./penalty_sweep_qpu_v113/samples/3nq9_Kdist7.0_Kmono20.0/psweep112_20260319_134243/3nq9_ligand_report.csv,./penalty_sweep_qpu_v113/samples/3nq9_Kdist7.0_Kmono20.0/psweep112_20260319_134243/3nq9_ligand_samples.json,./penalty_sweep_qpu_v113/samples/3nq9_Kdist7.0_Kmono20.0/psweep112_20260319_134243/result.json
3nq9,3nq9_Kdist7.5_Kmono1.0,psweep112_20260319_134243,7.5,1.0,ok,3.0737068876810802,1000,1000,1000,0,0.0,1.0,0.0,0.2095864,0.17498,Advantage2_system1.13,2106,26,./penalty_sweep_qpu_v113/samples/3nq9_Kdist7.5_Kmono1.0/psweep112_20260319_134243/3nq9_ligand_report.csv,./penalty_sweep_qpu_v113/samples/3nq9_Kdist7.5_Kmono1.0/psweep112_20260319_134243/3nq9_ligand_samples.json,./penalty_sweep_qpu_v113/samples/3nq9_Kdist7.5_Kmono1.0/psweep112_20260319_134243/result.json
3nq9,3nq9_Kdist7.5_Kmono2.0,psweep112_20260319_134243,7.5,2.0,ok,3.6183872418611887,1000,1000,1000,0,0.0,1.0,0.0,0.2130296,0.17842,Advantage2_system1.13,2112,24,./penalty_sweep_qpu_v113/samples/3nq9_Kdist7.5_Kmono2.0/psweep112_20260319_134243/3nq9_ligand_report.csv,./penalty_sweep_qpu_v113/samples/3nq9_Kdist7.5_Kmono2.0/psweep112_20260319_134243/3nq9_ligand_samples.json,./penalty_sweep_qpu_v113/samples/3nq9_Kdist7.5_Kmono2.0/psweep112_20260319_134243/result.json
3nq9,3nq9_Kdist7.5_Kmono3.0,psweep112_20260319_134243,7.5,3.0,ok,1.9687633449459054,1000,1000,1000,4,0.004,1.0,0.004,0.211532,0.17692,Advantage2_system1.13,2153,26,./penalty_sweep_qpu_v113/samples/3nq9_Kdist7.5_Kmono3.0/psweep112_20260319_134243/3nq9_ligand_report.csv,./penalty_sweep_qpu_v113/samples/3nq9_Kdist7.5_Kmono3.0/psweep112_20260319_134243/3nq9_ligand_samples.json,./penalty_sweep_qpu_v113/samples/3nq9_Kdist7.5_Kmono3.0/psweep112_20260319_134243/result.json
3nq9,3nq9_Kdist7.5_Kmono4.0,psweep112_20260319_134243,7.5,4.0,ok,4.116421460851772,1000,1000,1000,0,0.0,1.0,0.0,0.21277120000000002,0.17816,Advantage2_system1.13,2158,24,./penalty_sweep_qpu_v113/samples/3nq9_Kdist7.5_Kmono4.0/psweep112_20260319_134243/3nq9_ligand_report.csv,./penalty_sweep_qpu_v113/samples/3nq9_Kdist7.5_Kmono4.0/psweep112_20260319_134243/3nq9_ligand_samples.json,./penalty_sweep_qpu_v113/samples/3nq9_Kdist7.5_Kmono4.0/psweep112_20260319_134243/result.json
3nq9,3nq9_Kdist7.5_Kmono5.0,psweep112_20260319_134243,7.5,5.0,ok,1.7030236608247287,1000,1000,1000,1,0.001,1.0,0.001,0.204128,0.16952,Advantage2_system1.13,2216,27,./penalty_sweep_qpu_v113/samples/3nq9_Kdist7.5_Kmono5.0/psweep112_20260319_134243/3nq9_ligand_report.csv,./penalty_sweep_qpu_v113/samples/3nq9_Kdist7.5_Kmono5.0/psweep112_20260319_134243/3nq9_ligand_samples.json,./penalty_sweep_qpu_v113/samples/3nq9_Kdist7.5_Kmono5.0/psweep112_20260319_134243/result.json
3nq9,3nq9_Kdist7.5_Kmono6.0,psweep112_20260319_134243,7.5,6.0,ok,3.976079453541884,1000,1000,1000,0,0.0,1.0,0.0,0.2154408,0.18084,Advantage2_system1.13,1947,23,./penalty_sweep_qpu_v113/samples/3nq9_Kdist7.5_Kmono6.0/psweep112_20260319_134243/3nq9_ligand_report.csv,./penalty_sweep_qpu_v113/samples/3nq9_Kdist7.5_Kmono6.0/psweep112_20260319_134243/3nq9_ligand_samples.json,./penalty_sweep_qpu_v113/samples/3nq9_Kdist7.5_Kmono6.0/psweep112_20260319_134243/result.json
3nq9,3nq9_Kdist7.5_Kmono7.0,psweep112_20260319_134243,7.5,7.0,ok,2.7773531307996184,1000,1000,1000,0,0.0,1.0,0.0,0.21912679999999998,0.18452,Advantage2_system1.13,2061,22,./penalty_sweep_qpu_v113/samples/3nq9_Kdist7.5_Kmono7.0/psweep112_20260319_134243/3nq9_ligand_report.csv,./penalty_sweep_qpu_v113/samples/3nq9_Kdist7.5_Kmono7.0/psweep112_20260319_134243/3nq9_ligand_samples.json,./penalty_sweep_qpu_v113/samples/3nq9_Kdist7.5_Kmono7.0/psweep112_20260319_134243/result.json
3nq9,3nq9_Kdist7.5_Kmono8.0,psweep112_20260319_134243,7.5,8.0,ok,2.21736058049579,1000,1000,1000,0,0.0,1.0,0.0,0.20785920000000002,0.17324,Advantage2_system1.13,2304,28,./penalty_sweep_qpu_v113/samples/3nq9_Kdist7.5_Kmono8.0/psweep112_20260319_134243/3nq9_ligand_report.csv,./penalty_sweep_qpu_v113/samples/3nq9_Kdist7.5_Kmono8.0/psweep112_20260319_134243/3nq9_ligand_samples.json,./penalty_sweep_qpu_v113/samples/3nq9_Kdist7.5_Kmono8.0/psweep112_20260319_134243/result.json
3nq9,3nq9_Kdist7.5_Kmono9.0,psweep112_20260319_134243,7.5,9.0,ok,3.632862556743779,1000,1000,1000,0,0.0,1.0,0.0,0.2089872,0.17438,Advantage2_system1.13,2023,22,./penalty_sweep_qpu_v113/samples/3nq9_Kdist7.5_Kmono9.0/psweep112_20260319_134243/3nq9_ligand_report.csv,./penalty_sweep_qpu_v113/samples/3nq9_Kdist7.5_Kmono9.0/psweep112_20260319_134243/3nq9_ligand_samples.json,./penalty_sweep_qpu_v113/samples/3nq9_Kdist7.5_Kmono9.0/psweep112_20260319_134243/result.json
3nq9,3nq9_Kdist7.5_Kmono10.0,psweep112_20260319_134243,7.5,10.0,ok,3.3545078732776004,1000,1000,1000,0,0.0,1.0,0.0,0.21694639999999998,0.18234,Advantage2_system1.13,2108,25,./penalty_sweep_qpu_v113/samples/3nq9_Kdist7.5_Kmono10.0/psweep112_20260319_134243/3nq9_ligand_report.csv,./penalty_sweep_qpu_v113/samples/3nq9_Kdist7.5_Kmono10.0/psweep112_20260319_134243/3nq9_ligand_samples.json,./penalty_sweep_qpu_v113/samples/3nq9_Kdist7.5_Kmono10.0/psweep112_20260319_134243/result.json
3nq9,3nq9_Kdist7.5_Kmono11.0,psweep112_20260319_134243,7.5,11.0,ok,3.1431736493121614,1000,1000,1000,0,0.0,1.0,0.0,0.2086264,0.17402,Advantage2_system1.13,2193,26,./penalty_sweep_qpu_v113/samples/3nq9_Kdist7.5_Kmono11.0/psweep112_20260319_134243/3nq9_ligand_report.csv,./penalty_sweep_qpu_v113/samples/3nq9_Kdist7.5_Kmono11.0/psweep112_20260319_134243/3nq9_ligand_samples.json,./penalty_sweep_qpu_v113/samples/3nq9_Kdist7.5_Kmono11.0/psweep112_20260319_134243/result.json
3nq9,3nq9_Kdist7.5_Kmono12.0,psweep112_20260319_134243,7.5,12.0,ok,0.9666487029808065,1000,1000,1000,5,0.005,1.0,0.005,0.2059096,0.1713,Advantage2_system1.13,1985,24,./penalty_sweep_qpu_v113/samples/3nq9_Kdist7.5_Kmono12.0/psweep112_20260319_134243/3nq9_ligand_report.csv,./penalty_sweep_qpu_v113/samples/3nq9_Kdist7.5_Kmono12.0/psweep112_20260319_134243/3nq9_ligand_samples.json,./penalty_sweep_qpu_v113/samples/3nq9_Kdist7.5_Kmono12.0/psweep112_20260319_134243/result.json
3nq9,3nq9_Kdist7.5_Kmono13.0,psweep112_20260319_134243,7.5,13.0,ok,2.897067297635625,1000,1000,1000,0,0.0,1.0,0.0,0.2129864,0.17838,Advantage2_system1.13,1950,24,./penalty_sweep_qpu_v113/samples/3nq9_Kdist7.5_Kmono13.0/psweep112_20260319_134243/3nq9_ligand_report.csv,./penalty_sweep_qpu_v113/samples/3nq9_Kdist7.5_Kmono13.0/psweep112_20260319_134243/3nq9_ligand_samples.json,./penalty_sweep_qpu_v113/samples/3nq9_Kdist7.5_Kmono13.0/psweep112_20260319_134243/result.json
3nq9,3nq9_Kdist7.5_Kmono14.0,psweep112_20260319_134243,7.5,14.0,ok,3.159039872875385,1000,1000,1000,0,0.0,1.0,0.0,0.2150268,0.18042,Advantage2_system1.13,2061,25,./penalty_sweep_qpu_v113/samples/3nq9_Kdist7.5_Kmono14.0/psweep112_20260319_134243/3nq9_ligand_report.csv,./penalty_sweep_qpu_v113/samples/3nq9_Kdist7.5_Kmono14.0/psweep112_20260319_134243/3nq9_ligand_samples.json,./penalty_sweep_qpu_v113/samples/3nq9_Kdist7.5_Kmono14.0/psweep112_20260319_134243/result.json
3nq9,3nq9_Kdist7.5_Kmono15.0,psweep112_20260319_134243,7.5,15.0,ok,4.527180625740949,1000,1000,1000,0,0.0,1.0,0.0,0.209166,0.17456,Advantage2_system1.13,1959,23,./penalty_sweep_qpu_v113/samples/3nq9_Kdist7.5_Kmono15.0/psweep112_20260319_134243/3nq9_ligand_report.csv,./penalty_sweep_qpu_v113/samples/3nq9_Kdist7.5_Kmono15.0/psweep112_20260319_134243/3nq9_ligand_samples.json,./penalty_sweep_qpu_v113/samples/3nq9_Kdist7.5_Kmono15.0/psweep112_20260319_134243/result.json
3nq9,3nq9_Kdist7.5_Kmono16.0,psweep112_20260319_134243,7.5,16.0,ok,2.27040631875265,1000,1000,1000,0,0.0,1.0,0.0,0.2159432,0.18134,Advantage2_system1.13,2195,26,./penalty_sweep_qpu_v113/samples/3nq9_Kdist7.5_Kmono16.0/psweep112_20260319_134243/3nq9_ligand_report.csv,./penalty_sweep_qpu_v113/samples/3nq9_Kdist7.5_Kmono16.0/psweep112_20260319_134243/3nq9_ligand_samples.json,./penalty_sweep_qpu_v113/samples/3nq9_Kdist7.5_Kmono16.0/psweep112_20260319_134243/result.json
3nq9,3nq9_Kdist7.5_Kmono17.0,psweep112_20260319_134243,7.5,17.0,ok,2.3818219527973064,1000,1000,1000,0,0.0,1.0,0.0,0.212268,0.17766,Advantage2_system1.13,2228,26,./penalty_sweep_qpu_v113/samples/3nq9_Kdist7.5_Kmono17.0/psweep112_20260319_134243/3nq9_ligand_report.csv,./penalty_sweep_qpu_v113/samples/3nq9_Kdist7.5_Kmono17.0/psweep112_20260319_134243/3nq9_ligand_samples.json,./penalty_sweep_qpu_v113/samples/3nq9_Kdist7.5_Kmono17.0/psweep112_20260319_134243/result.json
3nq9,3nq9_Kdist7.5_Kmono18.0,psweep112_20260319_134243,7.5,18.0,ok,4.027150631956845,1000,1000,1000,0,0.0,1.0,0.0,0.209208,0.1746,Advantage2_system1.13,2003,23,./penalty_sweep_qpu_v113/samples/3nq9_Kdist7.5_Kmono18.0/psweep112_20260319_134243/3nq9_ligand_report.csv,./penalty_sweep_qpu_v113/samples/3nq9_Kdist7.5_Kmono18.0/psweep112_20260319_134243/3nq9_ligand_samples.json,./penalty_sweep_qpu_v113/samples/3nq9_Kdist7.5_Kmono18.0/psweep112_20260319_134243/result.json
3nq9,3nq9_Kdist7.5_Kmono19.0,psweep112_20260319_134243,7.5,19.0,ok,1.7683719447706698,1000,1000,1000,3,0.003,1.0,0.003,0.2075256,0.17292,Advantage2_system1.13,2418,28,./penalty_sweep_qpu_v113/samples/3nq9_Kdist7.5_Kmono19.0/psweep112_20260319_134243/3nq9_ligand_report.csv,./penalty_sweep_qpu_v113/samples/3nq9_Kdist7.5_Kmono19.0/psweep112_20260319_134243/3nq9_ligand_samples.json,./penalty_sweep_qpu_v113/samples/3nq9_Kdist7.5_Kmono19.0/psweep112_20260319_134243/result.json
3nq9,3nq9_Kdist7.5_Kmono20.0,psweep112_20260319_134243,7.5,20.0,ok,3.4377094633156466,1000,1000,1000,0,0.0,1.0,0.0,0.21277079999999998,0.17816,Advantage2_system1.13,2194,27,./penalty_sweep_qpu_v113/samples/3nq9_Kdist7.5_Kmono20.0/psweep112_20260319_134243/3nq9_ligand_report.csv,./penalty_sweep_qpu_v113/samples/3nq9_Kdist7.5_Kmono20.0/psweep112_20260319_134243/3nq9_ligand_samples.json,./penalty_sweep_qpu_v113/samples/3nq9_Kdist7.5_Kmono20.0/psweep112_20260319_134243/result.json
3nq9,3nq9_Kdist8.0_Kmono1.0,psweep112_20260319_134243,8.0,1.0,ok,1.9556896487416657,1000,1000,1000,1,0.001,1.0,0.001,0.2110548,0.17644,Advantage2_system1.13,2102,26,./penalty_sweep_qpu_v113/samples/3nq9_Kdist8.0_Kmono1.0/psweep112_20260319_134243/3nq9_ligand_report.csv,./penalty_sweep_qpu_v113/samples/3nq9_Kdist8.0_Kmono1.0/psweep112_20260319_134243/3nq9_ligand_samples.json,./penalty_sweep_qpu_v113/samples/3nq9_Kdist8.0_Kmono1.0/psweep112_20260319_134243/result.json
3nq9,3nq9_Kdist8.0_Kmono2.0,psweep112_20260319_134243,8.0,2.0,ok,1.777262736644874,1000,1000,1000,2,0.002,1.0,0.002,0.2170816,0.18248,Advantage2_system1.13,2146,25,./penalty_sweep_qpu_v113/samples/3nq9_Kdist8.0_Kmono2.0/psweep112_20260319_134243/3nq9_ligand_report.csv,./penalty_sweep_qpu_v113/samples/3nq9_Kdist8.0_Kmono2.0/psweep112_20260319_134243/3nq9_ligand_samples.json,./penalty_sweep_qpu_v113/samples/3nq9_Kdist8.0_Kmono2.0/psweep112_20260319_134243/result.json
3nq9,3nq9_Kdist8.0_Kmono3.0,psweep112_20260319_134243,8.0,3.0,ok,3.1416706333208952,1000,1000,1000,0,0.0,1.0,0.0,0.2102764,0.17566,Advantage2_system1.13,1973,22,./penalty_sweep_qpu_v113/samples/3nq9_Kdist8.0_Kmono3.0/psweep112_20260319_134243/3nq9_ligand_report.csv,./penalty_sweep_qpu_v113/samples/3nq9_Kdist8.0_Kmono3.0/psweep112_20260319_134243/3nq9_ligand_samples.json,./penalty_sweep_qpu_v113/samples/3nq9_Kdist8.0_Kmono3.0/psweep112_20260319_134243/result.json
3nq9,3nq9_Kdist8.0_Kmono4.0,psweep112_20260319_134243,8.0,4.0,ok,5.227468046215526,1000,1000,1000,0,0.0,1.0,0.0,0.2064956,0.17188,Advantage2_system1.13,2082,26,./penalty_sweep_qpu_v113/samples/3nq9_Kdist8.0_Kmono4.0/psweep112_20260319_134243/3nq9_ligand_report.csv,./penalty_sweep_qpu_v113/samples/3nq9_Kdist8.0_Kmono4.0/psweep112_20260319_134243/3nq9_ligand_samples.json,./penalty_sweep_qpu_v113/samples/3nq9_Kdist8.0_Kmono4.0/psweep112_20260319_134243/result.json
3nq9,3nq9_Kdist8.0_Kmono5.0,psweep112_20260319_134243,8.0,5.0,ok,3.2794771701294394,1000,1000,1000,0,0.0,1.0,0.0,0.207304,0.1727,Advantage2_system1.13,2041,23,./penalty_sweep_qpu_v113/samples/3nq9_Kdist8.0_Kmono5.0/psweep112_20260319_134243/3nq9_ligand_report.csv,./penalty_sweep_qpu_v113/samples/3nq9_Kdist8.0_Kmono5.0/psweep112_20260319_134243/3nq9_ligand_samples.json,./penalty_sweep_qpu_v113/samples/3nq9_Kdist8.0_Kmono5.0/psweep112_20260319_134243/result.json
3nq9,3nq9_Kdist8.0_Kmono6.0,psweep112_20260319_134243,8.0,6.0,ok,3.310480855460974,1000,1000,1000,0,0.0,1.0,0.0,0.2019004,0.1673,Advantage2_system1.13,2187,27,./penalty_sweep_qpu_v113/samples/3nq9_Kdist8.0_Kmono6.0/psweep112_20260319_134243/3nq9_ligand_report.csv,./penalty_sweep_qpu_v113/samples/3nq9_Kdist8.0_Kmono6.0/psweep112_20260319_134243/3nq9_ligand_samples.json,./penalty_sweep_qpu_v113/samples/3nq9_Kdist8.0_Kmono6.0/psweep112_20260319_134243/result.json
3nq9,3nq9_Kdist8.0_Kmono7.0,psweep112_20260319_134243,8.0,7.0,ok,3.1905151134371086,1000,1000,1000,0,0.0,1.0,0.0,0.212524,0.17792,Advantage2_system1.13,2007,25,./penalty_sweep_qpu_v113/samples/3nq9_Kdist8.0_Kmono7.0/psweep112_20260319_134243/3nq9_ligand_report.csv,./penalty_sweep_qpu_v113/samples/3nq9_Kdist8.0_Kmono7.0/psweep112_20260319_134243/3nq9_ligand_samples.json,./penalty_sweep_qpu_v113/samples/3nq9_Kdist8.0_Kmono7.0/psweep112_20260319_134243/result.json
3nq9,3nq9_Kdist8.0_Kmono8.0,psweep112_20260319_134243,8.0,8.0,ok,3.160441215230281,1000,1000,1000,0,0.0,1.0,0.0,0.2101244,0.17552,Advantage2_system1.13,1890,21,./penalty_sweep_qpu_v113/samples/3nq9_Kdist8.0_Kmono8.0/psweep112_20260319_134243/3nq9_ligand_report.csv,./penalty_sweep_qpu_v113/samples/3nq9_Kdist8.0_Kmono8.0/psweep112_20260319_134243/3nq9_ligand_samples.json,./penalty_sweep_qpu_v113/samples/3nq9_Kdist8.0_Kmono8.0/psweep112_20260319_134243/result.json
3nq9,3nq9_Kdist8.0_Kmono9.0,psweep112_20260319_134243,8.0,9.0,ok,4.713369865602795,1000,1000,1000,0,0.0,1.0,0.0,0.2053468,0.17074,Advantage2_system1.13,1984,25,./penalty_sweep_qpu_v113/samples/3nq9_Kdist8.0_Kmono9.0/psweep112_20260319_134243/3nq9_ligand_report.csv,./penalty_sweep_qpu_v113/samples/3nq9_Kdist8.0_Kmono9.0/psweep112_20260319_134243/3nq9_ligand_samples.json,./penalty_sweep_qpu_v113/samples/3nq9_Kdist8.0_Kmono9.0/psweep112_20260319_134243/result.json
3nq9,3nq9_Kdist8.0_Kmono10.0,psweep112_20260319_134243,8.0,10.0,ok,2.821694368142808,1000,1000,1000,0,0.0,1.0,0.0,0.2055884,0.17098,Advantage2_system1.13,2324,28,./penalty_sweep_qpu_v113/samples/3nq9_Kdist8.0_Kmono10.0/psweep112_20260319_134243/3nq9_ligand_report.csv,./penalty_sweep_qpu_v113/samples/3nq9_Kdist8.0_Kmono10.0/psweep112_20260319_134243/3nq9_ligand_samples.json,./penalty_sweep_qpu_v113/samples/3nq9_Kdist8.0_Kmono10.0/psweep112_20260319_134243/result.json
3nq9,3nq9_Kdist8.0_Kmono11.0,psweep112_20260319_134243,8.0,11.0,ok,2.0462200689939833,1000,1000,1000,0,0.0,1.0,0.0,0.2159104,0.1813,Advantage2_system1.13,2216,27,./penalty_sweep_qpu_v113/samples/3nq9_Kdist8.0_Kmono11.0/psweep112_20260319_134243/3nq9_ligand_report.csv,./penalty_sweep_qpu_v113/samples/3nq9_Kdist8.0_Kmono11.0/psweep112_20260319_134243/3nq9_ligand_samples.json,./penalty_sweep_qpu_v113/samples/3nq9_Kdist8.0_Kmono11.0/psweep112_20260319_134243/result.json
3nq9,3nq9_Kdist8.0_Kmono12.0,psweep112_20260319_134243,8.0,12.0,ok,5.3669499584179645,1000,1000,1000,0,0.0,1.0,0.0,0.1997068,0.1651,Advantage2_system1.13,2132,24,./penalty_sweep_qpu_v113/samples/3nq9_Kdist8.0_Kmono12.0/psweep112_20260319_134243/3nq9_ligand_report.csv,./penalty_sweep_qpu_v113/samples/3nq9_Kdist8.0_Kmono12.0/psweep112_20260319_134243/3nq9_ligand_samples.json,./penalty_sweep_qpu_v113/samples/3nq9_Kdist8.0_Kmono12.0/psweep112_20260319_134243/result.json
3nq9,3nq9_Kdist8.0_Kmono13.0,psweep112_20260319_134243,8.0,13.0,ok,2.793937026850744,1000,1000,1000,0,0.0,1.0,0.0,0.2054384,0.17084,Advantage2_system1.13,2006,23,./penalty_sweep_qpu_v113/samples/3nq9_Kdist8.0_Kmono13.0/psweep112_20260319_134243/3nq9_ligand_report.csv,./penalty_sweep_qpu_v113/samples/3nq9_Kdist8.0_Kmono13.0/psweep112_20260319_134243/3nq9_ligand_samples.json,./penalty_sweep_qpu_v113/samples/3nq9_Kdist8.0_Kmono13.0/psweep112_20260319_134243/result.json
3nq9,3nq9_Kdist8.0_Kmono14.0,psweep112_20260319_134243,8.0,14.0,ok,4.381570582209152,1000,1000,1000,0,0.0,1.0,0.0,0.1994504,0.16484,Advantage2_system1.13,2000,22,./penalty_sweep_qpu_v113/samples/3nq9_Kdist8.0_Kmono14.0/psweep112_20260319_134243/3nq9_ligand_report.csv,./penalty_sweep_qpu_v113/samples/3nq9_Kdist8.0_Kmono14.0/psweep112_20260319_134243/3nq9_ligand_samples.json,./penalty_sweep_qpu_v113/samples/3nq9_Kdist8.0_Kmono14.0/psweep112_20260319_134243/result.json
3nq9,3nq9_Kdist8.0_Kmono15.0,psweep112_20260319_134243,8.0,15.0,ok,3.613608081396536,1000,1000,1000,0,0.0,1.0,0.0,0.21020239999999998,0.1756,Advantage2_system1.13,1959,22,./penalty_sweep_qpu_v113/samples/3nq9_Kdist8.0_Kmono15.0/psweep112_20260319_134243/3nq9_ligand_report.csv,./penalty_sweep_qpu_v113/samples/3nq9_Kdist8.0_Kmono15.0/psweep112_20260319_134243/3nq9_ligand_samples.json,./penalty_sweep_qpu_v113/samples/3nq9_Kdist8.0_Kmono15.0/psweep112_20260319_134243/result.json
3nq9,3nq9_Kdist8.0_Kmono16.0,psweep112_20260319_134243,8.0,16.0,ok,4.914702860879087,1000,1000,1000,0,0.0,1.0,0.0,0.2162032,0.1816,Advantage2_system1.13,2027,24,./penalty_sweep_qpu_v113/samples/3nq9_Kdist8.0_Kmono16.0/psweep112_20260319_134243/3nq9_ligand_report.csv,./penalty_sweep_qpu_v113/samples/3nq9_Kdist8.0_Kmono16.0/psweep112_20260319_134243/3nq9_ligand_samples.json,./penalty_sweep_qpu_v113/samples/3nq9_Kdist8.0_Kmono16.0/psweep112_20260319_134243/result.json
3nq9,3nq9_Kdist8.0_Kmono17.0,psweep112_20260319_134243,8.0,17.0,ok,3.1208013130847863,1000,1000,1000,0,0.0,1.0,0.0,0.210272,0.17566,Advantage2_system1.13,2149,25,./penalty_sweep_qpu_v113/samples/3nq9_Kdist8.0_Kmono17.0/psweep112_20260319_134243/3nq9_ligand_report.csv,./penalty_sweep_qpu_v113/samples/3nq9_Kdist8.0_Kmono17.0/psweep112_20260319_134243/3nq9_ligand_samples.json,./penalty_sweep_qpu_v113/samples/3nq9_Kdist8.0_Kmono17.0/psweep112_20260319_134243/result.json
3nq9,3nq9_Kdist8.0_Kmono18.0,psweep112_20260319_134243,8.0,18.0,ok,4.792816508064753,1000,1000,1000,0,0.0,1.0,0.0,0.21161760000000002,0.17702,Advantage2_system1.13,2027,24,./penalty_sweep_qpu_v113/samples/3nq9_Kdist8.0_Kmono18.0/psweep112_20260319_134243/3nq9_ligand_report.csv,./penalty_sweep_qpu_v113/samples/3nq9_Kdist8.0_Kmono18.0/psweep112_20260319_134243/3nq9_ligand_samples.json,./penalty_sweep_qpu_v113/samples/3nq9_Kdist8.0_Kmono18.0/psweep112_20260319_134243/result.json
3nq9,3nq9_Kdist8.0_Kmono19.0,psweep112_20260319_134243,8.0,19.0,ok,2.1888332975587215,1000,1000,1000,0,0.0,1.0,0.0,0.214584,0.17998,Advantage2_system1.13,1966,22,./penalty_sweep_qpu_v113/samples/3nq9_Kdist8.0_Kmono19.0/psweep112_20260319_134243/3nq9_ligand_report.csv,./penalty_sweep_qpu_v113/samples/3nq9_Kdist8.0_Kmono19.0/psweep112_20260319_134243/3nq9_ligand_samples.json,./penalty_sweep_qpu_v113/samples/3nq9_Kdist8.0_Kmono19.0/psweep112_20260319_134243/result.json
3nq9,3nq9_Kdist8.0_Kmono20.0,psweep112_20260319_134243,8.0,20.0,ok,5.435707642746612,1000,1000,1000,0,0.0,1.0,0.0,0.2107636,0.17616,Advantage2_system1.13,1984,23,./penalty_sweep_qpu_v113/samples/3nq9_Kdist8.0_Kmono20.0/psweep112_20260319_134243/3nq9_ligand_report.csv,./penalty_sweep_qpu_v113/samples/3nq9_Kdist8.0_Kmono20.0/psweep112_20260319_134243/3nq9_ligand_samples.json,./penalty_sweep_qpu_v113/samples/3nq9_Kdist8.0_Kmono20.0/psweep112_20260319_134243/result.json
3nq9,3nq9_Kdist8.5_Kmono1.0,psweep112_20260319_134243,8.5,1.0,ok,3.6450044543585483,1000,1000,1000,0,0.0,1.0,0.0,0.20685,0.17224,Advantage2_system1.13,2189,25,./penalty_sweep_qpu_v113/samples/3nq9_Kdist8.5_Kmono1.0/psweep112_20260319_134243/3nq9_ligand_report.csv,./penalty_sweep_qpu_v113/samples/3nq9_Kdist8.5_Kmono1.0/psweep112_20260319_134243/3nq9_ligand_samples.json,./penalty_sweep_qpu_v113/samples/3nq9_Kdist8.5_Kmono1.0/psweep112_20260319_134243/result.json
3nq9,3nq9_Kdist8.5_Kmono2.0,psweep112_20260319_134243,8.5,2.0,ok,5.26731109521083,1000,1000,1000,0,0.0,1.0,0.0,0.2102816,0.17566,Advantage2_system1.13,2458,31,./penalty_sweep_qpu_v113/samples/3nq9_Kdist8.5_Kmono2.0/psweep112_20260319_134243/3nq9_ligand_report.csv,./penalty_sweep_qpu_v113/samples/3nq9_Kdist8.5_Kmono2.0/psweep112_20260319_134243/3nq9_ligand_samples.json,./penalty_sweep_qpu_v113/samples/3nq9_Kdist8.5_Kmono2.0/psweep112_20260319_134243/result.json
3nq9,3nq9_Kdist8.5_Kmono3.0,psweep112_20260319_134243,8.5,3.0,ok,0.9362969729669233,1000,1000,1000,685,0.685,1.0,0.685,0.2159584,0.18134,Advantage2_system1.13,2338,28,./penalty_sweep_qpu_v113/samples/3nq9_Kdist8.5_Kmono3.0/psweep112_20260319_134243/3nq9_ligand_report.csv,./penalty_sweep_qpu_v113/samples/3nq9_Kdist8.5_Kmono3.0/psweep112_20260319_134243/3nq9_ligand_samples.json,./penalty_sweep_qpu_v113/samples/3nq9_Kdist8.5_Kmono3.0/psweep112_20260319_134243/result.json
3nq9,3nq9_Kdist8.5_Kmono4.0,psweep112_20260319_134243,8.5,4.0,ok,3.006995961969159,1000,1000,1000,0,0.0,1.0,0.0,0.2117204,0.17712,Advantage2_system1.13,2117,27,./penalty_sweep_qpu_v113/samples/3nq9_Kdist8.5_Kmono4.0/psweep112_20260319_134243/3nq9_ligand_report.csv,./penalty_sweep_qpu_v113/samples/3nq9_Kdist8.5_Kmono4.0/psweep112_20260319_134243/3nq9_ligand_samples.json,./penalty_sweep_qpu_v113/samples/3nq9_Kdist8.5_Kmono4.0/psweep112_20260319_134243/result.json
3nq9,3nq9_Kdist8.5_Kmono5.0,psweep112_20260319_134243,8.5,5.0,ok,4.97984675321964,1000,1000,1000,0,0.0,1.0,0.0,0.214668,0.18006,Advantage2_system1.13,2181,27,./penalty_sweep_qpu_v113/samples/3nq9_Kdist8.5_Kmono5.0/psweep112_20260319_134243/3nq9_ligand_report.csv,./penalty_sweep_qpu_v113/samples/3nq9_Kdist8.5_Kmono5.0/psweep112_20260319_134243/3nq9_ligand_samples.json,./penalty_sweep_qpu_v113/samples/3nq9_Kdist8.5_Kmono5.0/psweep112_20260319_134243/result.json
3nq9,3nq9_Kdist8.5_Kmono6.0,psweep112_20260319_134243,8.5,6.0,ok,3.077965566617052,1000,1000,1000,0,0.0,1.0,0.0,0.2087572,0.17416,Advantage2_system1.13,2024,23,./penalty_sweep_qpu_v113/samples/3nq9_Kdist8.5_Kmono6.0/psweep112_20260319_134243/3nq9_ligand_report.csv,./penalty_sweep_qpu_v113/samples/3nq9_Kdist8.5_Kmono6.0/psweep112_20260319_134243/3nq9_ligand_samples.json,./penalty_sweep_qpu_v113/samples/3nq9_Kdist8.5_Kmono6.0/psweep112_20260319_134243/result.json
3nq9,3nq9_Kdist8.5_Kmono7.0,psweep112_20260319_134243,8.5,7.0,ok,4.917446822107606,1000,1000,1000,0,0.0,1.0,0.0,0.2115856,0.17698,Advantage2_system1.13,2157,24,./penalty_sweep_qpu_v113/samples/3nq9_Kdist8.5_Kmono7.0/psweep112_20260319_134243/3nq9_ligand_report.csv,./penalty_sweep_qpu_v113/samples/3nq9_Kdist8.5_Kmono7.0/psweep112_20260319_134243/3nq9_ligand_samples.json,./penalty_sweep_qpu_v113/samples/3nq9_Kdist8.5_Kmono7.0/psweep112_20260319_134243/result.json
3nq9,3nq9_Kdist8.5_Kmono8.0,psweep112_20260319_134243,8.5,8.0,ok,1.2265794129210075,1000,1000,1000,34,0.034,1.0,0.034,0.2126212,0.17802,Advantage2_system1.13,2024,24,./penalty_sweep_qpu_v113/samples/3nq9_Kdist8.5_Kmono8.0/psweep112_20260319_134243/3nq9_ligand_report.csv,./penalty_sweep_qpu_v113/samples/3nq9_Kdist8.5_Kmono8.0/psweep112_20260319_134243/3nq9_ligand_samples.json,./penalty_sweep_qpu_v113/samples/3nq9_Kdist8.5_Kmono8.0/psweep112_20260319_134243/result.json
3nq9,3nq9_Kdist8.5_Kmono9.0,psweep112_20260319_134243,8.5,9.0,ok,5.012909016522756,1000,1000,1000,0,0.0,1.0,0.0,0.2104396,0.17584,Advantage2_system1.13,1914,22,./penalty_sweep_qpu_v113/samples/3nq9_Kdist8.5_Kmono9.0/psweep112_20260319_134243/3nq9_ligand_report.csv,./penalty_sweep_qpu_v113/samples/3nq9_Kdist8.5_Kmono9.0/psweep112_20260319_134243/3nq9_ligand_samples.json,./penalty_sweep_qpu_v113/samples/3nq9_Kdist8.5_Kmono9.0/psweep112_20260319_134243/result.json
3nq9,3nq9_Kdist8.5_Kmono10.0,psweep112_20260319_134243,8.5,10.0,ok,4.345289424189844,1000,1000,1000,0,0.0,1.0,0.0,0.2086564,0.17406,Advantage2_system1.13,1892,22,./penalty_sweep_qpu_v113/samples/3nq9_Kdist8.5_Kmono10.0/psweep112_20260319_134243/3nq9_ligand_report.csv,./penalty_sweep_qpu_v113/samples/3nq9_Kdist8.5_Kmono10.0/psweep112_20260319_134243/3nq9_ligand_samples.json,./penalty_sweep_qpu_v113/samples/3nq9_Kdist8.5_Kmono10.0/psweep112_20260319_134243/result.json
3nq9,3nq9_Kdist8.5_Kmono11.0,psweep112_20260319_134243,8.5,11.0,ok,2.584123813890015,1000,1000,1000,0,0.0,1.0,0.0,0.21276920000000002,0.17816,Advantage2_system1.13,2149,25,./penalty_sweep_qpu_v113/samples/3nq9_Kdist8.5_Kmono11.0/psweep112_20260319_134243/3nq9_ligand_report.csv,./penalty_sweep_qpu_v113/samples/3nq9_Kdist8.5_Kmono11.0/psweep112_20260319_134243/3nq9_ligand_samples.json,./penalty_sweep_qpu_v113/samples/3nq9_Kdist8.5_Kmono11.0/psweep112_20260319_134243/result.json
3nq9,3nq9_Kdist8.5_Kmono12.0,psweep112_20260319_134243,8.5,12.0,ok,0.50458636337759,1000,1000,1000,261,0.261,1.0,0.261,0.2194076,0.1848,Advantage2_system1.13,2159,26,./penalty_sweep_qpu_v113/samples/3nq9_Kdist8.5_Kmono12.0/psweep112_20260319_134243/3nq9_ligand_report.csv,./penalty_sweep_qpu_v113/samples/3nq9_Kdist8.5_Kmono12.0/psweep112_20260319_134243/3nq9_ligand_samples.json,./penalty_sweep_qpu_v113/samples/3nq9_Kdist8.5_Kmono12.0/psweep112_20260319_134243/result.json
3nq9,3nq9_Kdist8.5_Kmono13.0,psweep112_20260319_134243,8.5,13.0,ok,3.0861873751337496,1000,1000,1000,0,0.0,1.0,0.0,0.2022992,0.1677,Advantage2_system1.13,2242,27,./penalty_sweep_qpu_v113/samples/3nq9_Kdist8.5_Kmono13.0/psweep112_20260319_134243/3nq9_ligand_report.csv,./penalty_sweep_qpu_v113/samples/3nq9_Kdist8.5_Kmono13.0/psweep112_20260319_134243/3nq9_ligand_samples.json,./penalty_sweep_qpu_v113/samples/3nq9_Kdist8.5_Kmono13.0/psweep112_20260319_134243/result.json
3nq9,3nq9_Kdist8.5_Kmono14.0,psweep112_20260319_134243,8.5,14.0,ok,6.2039454649053365,1000,1000,1000,0,0.0,1.0,0.0,0.21480120000000003,0.1802,Advantage2_system1.13,2032,24,./penalty_sweep_qpu_v113/samples/3nq9_Kdist8.5_Kmono14.0/psweep112_20260319_134243/3nq9_ligand_report.csv,./penalty_sweep_qpu_v113/samples/3nq9_Kdist8.5_Kmono14.0/psweep112_20260319_134243/3nq9_ligand_samples.json,./penalty_sweep_qpu_v113/samples/3nq9_Kdist8.5_Kmono14.0/psweep112_20260319_134243/result.json
3nq9,3nq9_Kdist8.5_Kmono15.0,psweep112_20260319_134243,8.5,15.0,ok,4.368789425520916,1000,1000,1000,0,0.0,1.0,0.0,0.21241279999999998,0.1778,Advantage2_system1.13,2203,26,./penalty_sweep_qpu_v113/samples/3nq9_Kdist8.5_Kmono15.0/psweep112_20260319_134243/3nq9_ligand_report.csv,./penalty_sweep_qpu_v113/samples/3nq9_Kdist8.5_Kmono15.0/psweep112_20260319_134243/3nq9_ligand_samples.json,./penalty_sweep_qpu_v113/samples/3nq9_Kdist8.5_Kmono15.0/psweep112_20260319_134243/result.json
3nq9,3nq9_Kdist8.5_Kmono16.0,psweep112_20260319_134243,8.5,16.0,ok,2.7291818303751363,1000,1000,1000,0,0.0,1.0,0.0,0.2096596,0.17506,Advantage2_system1.13,2114,25,./penalty_sweep_qpu_v113/samples/3nq9_Kdist8.5_Kmono16.0/psweep112_20260319_134243/3nq9_ligand_report.csv,./penalty_sweep_qpu_v113/samples/3nq9_Kdist8.5_Kmono16.0/psweep112_20260319_134243/3nq9_ligand_samples.json,./penalty_sweep_qpu_v113/samples/3nq9_Kdist8.5_Kmono16.0/psweep112_20260319_134243/result.json
3nq9,3nq9_Kdist8.5_Kmono17.0,psweep112_20260319_134243,8.5,17.0,ok,1.1422620825829148,1000,1000,1000,4,0.004,1.0,0.004,0.2107268,0.17612,Advantage2_system1.13,2061,22,./penalty_sweep_qpu_v113/samples/3nq9_Kdist8.5_Kmono17.0/psweep112_20260319_134243/3nq9_ligand_report.csv,./penalty_sweep_qpu_v113/samples/3nq9_Kdist8.5_Kmono17.0/psweep112_20260319_134243/3nq9_ligand_samples.json,./penalty_sweep_qpu_v113/samples/3nq9_Kdist8.5_Kmono17.0/psweep112_20260319_134243/result.json
3nq9,3nq9_Kdist8.5_Kmono18.0,psweep112_20260319_134243,8.5,18.0,ok,3.30282913083521,1000,1000,1000,0,0.0,1.0,0.0,0.20545,0.17084,Advantage2_system1.13,2093,24,./penalty_sweep_qpu_v113/samples/3nq9_Kdist8.5_Kmono18.0/psweep112_20260319_134243/3nq9_ligand_report.csv,./penalty_sweep_qpu_v113/samples/3nq9_Kdist8.5_Kmono18.0/psweep112_20260319_134243/3nq9_ligand_samples.json,./penalty_sweep_qpu_v113/samples/3nq9_Kdist8.5_Kmono18.0/psweep112_20260319_134243/result.json
3nq9,3nq9_Kdist8.5_Kmono19.0,psweep112_20260319_134243,8.5,19.0,ok,2.425450633632661,1000,1000,1000,0,0.0,1.0,0.0,0.2069892,0.17238,Advantage2_system1.13,2167,26,./penalty_sweep_qpu_v113/samples/3nq9_Kdist8.5_Kmono19.0/psweep112_20260319_134243/3nq9_ligand_report.csv,./penalty_sweep_qpu_v113/samples/3nq9_Kdist8.5_Kmono19.0/psweep112_20260319_134243/3nq9_ligand_samples.json,./penalty_sweep_qpu_v113/samples/3nq9_Kdist8.5_Kmono19.0/psweep112_20260319_134243/result.json
3nq9,3nq9_Kdist8.5_Kmono20.0,psweep112_20260319_134243,8.5,20.0,ok,3.9835394557234856,1000,1000,1000,0,0.0,1.0,0.0,0.2048084,0.1702,Advantage2_system1.13,1944,23,./penalty_sweep_qpu_v113/samples/3nq9_Kdist8.5_Kmono20.0/psweep112_20260319_134243/3nq9_ligand_report.csv,./penalty_sweep_qpu_v113/samples/3nq9_Kdist8.5_Kmono20.0/psweep112_20260319_134243/3nq9_ligand_samples.json,./penalty_sweep_qpu_v113/samples/3nq9_Kdist8.5_Kmono20.0/psweep112_20260319_134243/result.json
3nq9,3nq9_Kdist9.0_Kmono1.0,psweep112_20260319_134243,9.0,1.0,ok,5.171573137453811,1000,1000,1000,0,0.0,1.0,0.0,0.2151636,0.18056,Advantage2_system1.13,1959,22,./penalty_sweep_qpu_v113/samples/3nq9_Kdist9.0_Kmono1.0/psweep112_20260319_134243/3nq9_ligand_report.csv,./penalty_sweep_qpu_v113/samples/3nq9_Kdist9.0_Kmono1.0/psweep112_20260319_134243/3nq9_ligand_samples.json,./penalty_sweep_qpu_v113/samples/3nq9_Kdist9.0_Kmono1.0/psweep112_20260319_134243/result.json
3nq9,3nq9_Kdist9.0_Kmono2.0,psweep112_20260319_134243,9.0,2.0,ok,4.253977904478649,1000,1000,1000,0,0.0,1.0,0.0,0.21708439999999998,0.18248,Advantage2_system1.13,1895,22,./penalty_sweep_qpu_v113/samples/3nq9_Kdist9.0_Kmono2.0/psweep112_20260319_134243/3nq9_ligand_report.csv,./penalty_sweep_qpu_v113/samples/3nq9_Kdist9.0_Kmono2.0/psweep112_20260319_134243/3nq9_ligand_samples.json,./penalty_sweep_qpu_v113/samples/3nq9_Kdist9.0_Kmono2.0/psweep112_20260319_134243/result.json
3nq9,3nq9_Kdist9.0_Kmono3.0,psweep112_20260319_134243,9.0,3.0,ok,4.891726159703672,1000,1000,1000,0,0.0,1.0,0.0,0.2027988,0.1682,Advantage2_system1.13,2102,26,./penalty_sweep_qpu_v113/samples/3nq9_Kdist9.0_Kmono3.0/psweep112_20260319_134243/3nq9_ligand_report.csv,./penalty_sweep_qpu_v113/samples/3nq9_Kdist9.0_Kmono3.0/psweep112_20260319_134243/3nq9_ligand_samples.json,./penalty_sweep_qpu_v113/samples/3nq9_Kdist9.0_Kmono3.0/psweep112_20260319_134243/result.json
3nq9,3nq9_Kdist9.0_Kmono4.0,psweep112_20260319_134243,9.0,4.0,ok,2.469351786836386,1000,1000,1000,0,0.0,1.0,0.0,0.2160436,0.18144,Advantage2_system1.13,2051,24,./penalty_sweep_qpu_v113/samples/3nq9_Kdist9.0_Kmono4.0/psweep112_20260319_134243/3nq9_ligand_report.csv,./penalty_sweep_qpu_v113/samples/3nq9_Kdist9.0_Kmono4.0/psweep112_20260319_134243/3nq9_ligand_samples.json,./penalty_sweep_qpu_v113/samples/3nq9_Kdist9.0_Kmono4.0/psweep112_20260319_134243/result.json
3nq9,3nq9_Kdist9.0_Kmono5.0,psweep112_20260319_134243,9.0,5.0,ok,4.058702109912935,1000,1000,1000,0,0.0,1.0,0.0,0.2001612,0.16556,Advantage2_system1.13,2135,26,./penalty_sweep_qpu_v113/samples/3nq9_Kdist9.0_Kmono5.0/psweep112_20260319_134243/3nq9_ligand_report.csv,./penalty_sweep_qpu_v113/samples/3nq9_Kdist9.0_Kmono5.0/psweep112_20260319_134243/3nq9_ligand_samples.json,./penalty_sweep_qpu_v113/samples/3nq9_Kdist9.0_Kmono5.0/psweep112_20260319_134243/result.json
3nq9,3nq9_Kdist9.0_Kmono6.0,psweep112_20260319_134243,9.0,6.0,ok,3.1159359759390632,1000,1000,1000,0,0.0,1.0,0.0,0.2120216,0.17742,Advantage2_system1.13,1974,23,./penalty_sweep_qpu_v113/samples/3nq9_Kdist9.0_Kmono6.0/psweep112_20260319_134243/3nq9_ligand_report.csv,./penalty_sweep_qpu_v113/samples/3nq9_Kdist9.0_Kmono6.0/psweep112_20260319_134243/3nq9_ligand_samples.json,./penalty_sweep_qpu_v113/samples/3nq9_Kdist9.0_Kmono6.0/psweep112_20260319_134243/result.json
3nq9,3nq9_Kdist9.0_Kmono7.0,psweep112_20260319_134243,9.0,7.0,ok,3.0582349234226633,1000,1000,1000,0,0.0,1.0,0.0,0.214442,0.17984,Advantage2_system1.13,1976,22,./penalty_sweep_qpu_v113/samples/3nq9_Kdist9.0_Kmono7.0/psweep112_20260319_134243/3nq9_ligand_report.csv,./penalty_sweep_qpu_v113/samples/3nq9_Kdist9.0_Kmono7.0/psweep112_20260319_134243/3nq9_ligand_samples.json,./penalty_sweep_qpu_v113/samples/3nq9_Kdist9.0_Kmono7.0/psweep112_20260319_134243/result.json
3nq9,3nq9_Kdist9.0_Kmono8.0,psweep112_20260319_134243,9.0,8.0,ok,4.011861291444789,1000,1000,1000,0,0.0,1.0,0.0,0.2036616,0.16906,Advantage2_system1.13,2030,24,./penalty_sweep_qpu_v113/samples/3nq9_Kdist9.0_Kmono8.0/psweep112_20260319_134243/3nq9_ligand_report.csv,./penalty_sweep_qpu_v113/samples/3nq9_Kdist9.0_Kmono8.0/psweep112_20260319_134243/3nq9_ligand_samples.json,./penalty_sweep_qpu_v113/samples/3nq9_Kdist9.0_Kmono8.0/psweep112_20260319_134243/result.json
3nq9,3nq9_Kdist9.0_Kmono9.0,psweep112_20260319_134243,9.0,9.0,ok,3.2782149884056273,1000,1000,1000,0,0.0,1.0,0.0,0.20813279999999998,0.17352,Advantage2_system1.13,2169,26,./penalty_sweep_qpu_v113/samples/3nq9_Kdist9.0_Kmono9.0/psweep112_20260319_134243/3nq9_ligand_report.csv,./penalty_sweep_qpu_v113/samples/3nq9_Kdist9.0_Kmono9.0/psweep112_20260319_134243/3nq9_ligand_samples.json,./penalty_sweep_qpu_v113/samples/3nq9_Kdist9.0_Kmono9.0/psweep112_20260319_134243/result.json
3nq9,3nq9_Kdist9.0_Kmono10.0,psweep112_20260319_134243,9.0,10.0,ok,2.1040303896577224,1000,1000,1000,0,0.0,1.0,0.0,0.2079848,0.17338,Advantage2_system1.13,2776,34,./penalty_sweep_qpu_v113/samples/3nq9_Kdist9.0_Kmono10.0/psweep112_20260319_134243/3nq9_ligand_report.csv,./penalty_sweep_qpu_v113/samples/3nq9_Kdist9.0_Kmono10.0/psweep112_20260319_134243/3nq9_ligand_samples.json,./penalty_sweep_qpu_v113/samples/3nq9_Kdist9.0_Kmono10.0/psweep112_20260319_134243/result.json
3nq9,3nq9_Kdist9.0_Kmono11.0,psweep112_20260319_134243,9.0,11.0,ok,3.833705679268,1000,1000,1000,0,0.0,1.0,0.0,0.211904,0.1773,Advantage2_system1.13,2291,28,./penalty_sweep_qpu_v113/samples/3nq9_Kdist9.0_Kmono11.0/psweep112_20260319_134243/3nq9_ligand_report.csv,./penalty_sweep_qpu_v113/samples/3nq9_Kdist9.0_Kmono11.0/psweep112_20260319_134243/3nq9_ligand_samples.json,./penalty_sweep_qpu_v113/samples/3nq9_Kdist9.0_Kmono11.0/psweep112_20260319_134243/result.json
3nq9,3nq9_Kdist9.0_Kmono12.0,psweep112_20260319_134243,9.0,12.0,ok,2.465932506850217,1000,1000,1000,0,0.0,1.0,0.0,0.2049032,0.1703,Advantage2_system1.13,2189,25,./penalty_sweep_qpu_v113/samples/3nq9_Kdist9.0_Kmono12.0/psweep112_20260319_134243/3nq9_ligand_report.csv,./penalty_sweep_qpu_v113/samples/3nq9_Kdist9.0_Kmono12.0/psweep112_20260319_134243/3nq9_ligand_samples.json,./penalty_sweep_qpu_v113/samples/3nq9_Kdist9.0_Kmono12.0/psweep112_20260319_134243/result.json
3nq9,3nq9_Kdist9.0_Kmono13.0,psweep112_20260319_134243,9.0,13.0,ok,1.4492579149090092,1000,1000,1000,170,0.17,1.0,0.17,0.2037592,0.16916,Advantage2_system1.13,2378,29,./penalty_sweep_qpu_v113/samples/3nq9_Kdist9.0_Kmono13.0/psweep112_20260319_134243/3nq9_ligand_report.csv,./penalty_sweep_qpu_v113/samples/3nq9_Kdist9.0_Kmono13.0/psweep112_20260319_134243/3nq9_ligand_samples.json,./penalty_sweep_qpu_v113/samples/3nq9_Kdist9.0_Kmono13.0/psweep112_20260319_134243/result.json
3nq9,3nq9_Kdist9.0_Kmono14.0,psweep112_20260319_134243,9.0,14.0,ok,2.10339976139649,1000,1000,1000,0,0.0,1.0,0.0,0.2179952,0.18338,Advantage2_system1.13,2197,26,./penalty_sweep_qpu_v113/samples/3nq9_Kdist9.0_Kmono14.0/psweep112_20260319_134243/3nq9_ligand_report.csv,./penalty_sweep_qpu_v113/samples/3nq9_Kdist9.0_Kmono14.0/psweep112_20260319_134243/3nq9_ligand_samples.json,./penalty_sweep_qpu_v113/samples/3nq9_Kdist9.0_Kmono14.0/psweep112_20260319_134243/result.json
3nq9,3nq9_Kdist9.0_Kmono15.0,psweep112_20260319_134243,9.0,15.0,ok,2.3882608470883615,1000,1000,1000,0,0.0,1.0,0.0,0.211526,0.17692,Advantage2_system1.13,2091,26,./penalty_sweep_qpu_v113/samples/3nq9_Kdist9.0_Kmono15.0/psweep112_20260319_134243/3nq9_ligand_report.csv,./penalty_sweep_qpu_v113/samples/3nq9_Kdist9.0_Kmono15.0/psweep112_20260319_134243/3nq9_ligand_samples.json,./penalty_sweep_qpu_v113/samples/3nq9_Kdist9.0_Kmono15.0/psweep112_20260319_134243/result.json
3nq9,3nq9_Kdist9.0_Kmono16.0,psweep112_20260319_134243,9.0,16.0,ok,2.763378637539367,1000,1000,1000,0,0.0,1.0,0.0,0.20723,0.17262,Advantage2_system1.13,1974,24,./penalty_sweep_qpu_v113/samples/3nq9_Kdist9.0_Kmono16.0/psweep112_20260319_134243/3nq9_ligand_report.csv,./penalty_sweep_qpu_v113/samples/3nq9_Kdist9.0_Kmono16.0/psweep112_20260319_134243/3nq9_ligand_samples.json,./penalty_sweep_qpu_v113/samples/3nq9_Kdist9.0_Kmono16.0/psweep112_20260319_134243/result.json
3nq9,3nq9_Kdist9.0_Kmono17.0,psweep112_20260319_134243,9.0,17.0,ok,2.6460208966670202,1000,1000,1000,0,0.0,1.0,0.0,0.2085236,0.17392,Advantage2_system1.13,1994,23,./penalty_sweep_qpu_v113/samples/3nq9_Kdist9.0_Kmono17.0/psweep112_20260319_134243/3nq9_ligand_report.csv,./penalty_sweep_qpu_v113/samples/3nq9_Kdist9.0_Kmono17.0/psweep112_20260319_134243/3nq9_ligand_samples.json,./penalty_sweep_qpu_v113/samples/3nq9_Kdist9.0_Kmono17.0/psweep112_20260319_134243/result.json
3nq9,3nq9_Kdist9.0_Kmono18.0,psweep112_20260319_134243,9.0,18.0,ok,3.111176859414078,1000,1000,1000,0,0.0,1.0,0.0,0.2068488,0.17224,Advantage2_system1.13,2063,23,./penalty_sweep_qpu_v113/samples/3nq9_Kdist9.0_Kmono18.0/psweep112_20260319_134243/3nq9_ligand_report.csv,./penalty_sweep_qpu_v113/samples/3nq9_Kdist9.0_Kmono18.0/psweep112_20260319_134243/3nq9_ligand_samples.json,./penalty_sweep_qpu_v113/samples/3nq9_Kdist9.0_Kmono18.0/psweep112_20260319_134243/result.json
3nq9,3nq9_Kdist9.0_Kmono19.0,psweep112_20260319_134243,9.0,19.0,ok,3.5684812051055386,1000,1000,1000,0,0.0,1.0,0.0,0.21230120000000002,0.1777,Advantage2_system1.13,2136,25,./penalty_sweep_qpu_v113/samples/3nq9_Kdist9.0_Kmono19.0/psweep112_20260319_134243/3nq9_ligand_report.csv,./penalty_sweep_qpu_v113/samples/3nq9_Kdist9.0_Kmono19.0/psweep112_20260319_134243/3nq9_ligand_samples.json,./penalty_sweep_qpu_v113/samples/3nq9_Kdist9.0_Kmono19.0/psweep112_20260319_134243/result.json
3nq9,3nq9_Kdist9.0_Kmono20.0,psweep112_20260319_134243,9.0,20.0,ok,3.59937414497134,1000,1000,1000,0,0.0,1.0,0.0,0.21453360000000002,0.17992,Advantage2_system1.13,2393,28,./penalty_sweep_qpu_v113/samples/3nq9_Kdist9.0_Kmono20.0/psweep112_20260319_134243/3nq9_ligand_report.csv,./penalty_sweep_qpu_v113/samples/3nq9_Kdist9.0_Kmono20.0/psweep112_20260319_134243/3nq9_ligand_samples.json,./penalty_sweep_qpu_v113/samples/3nq9_Kdist9.0_Kmono20.0/psweep112_20260319_134243/result.json
3nq9,3nq9_Kdist9.5_Kmono1.0,psweep112_20260319_134243,9.5,1.0,ok,3.8443961495984413,1000,1000,1000,0,0.0,1.0,0.0,0.21077320000000002,0.17616,Advantage2_system1.13,2059,24,./penalty_sweep_qpu_v113/samples/3nq9_Kdist9.5_Kmono1.0/psweep112_20260319_134243/3nq9_ligand_report.csv,./penalty_sweep_qpu_v113/samples/3nq9_Kdist9.5_Kmono1.0/psweep112_20260319_134243/3nq9_ligand_samples.json,./penalty_sweep_qpu_v113/samples/3nq9_Kdist9.5_Kmono1.0/psweep112_20260319_134243/result.json
3nq9,3nq9_Kdist9.5_Kmono2.0,psweep112_20260319_134243,9.5,2.0,ok,1.4965261087237358,1000,1000,1000,17,0.017,1.0,0.017,0.2156624,0.18106,Advantage2_system1.13,1978,22,./penalty_sweep_qpu_v113/samples/3nq9_Kdist9.5_Kmono2.0/psweep112_20260319_134243/3nq9_ligand_report.csv,./penalty_sweep_qpu_v113/samples/3nq9_Kdist9.5_Kmono2.0/psweep112_20260319_134243/3nq9_ligand_samples.json,./penalty_sweep_qpu_v113/samples/3nq9_Kdist9.5_Kmono2.0/psweep112_20260319_134243/result.json
3nq9,3nq9_Kdist9.5_Kmono3.0,psweep112_20260319_134243,9.5,3.0,ok,1.961553049649891,1000,1000,1000,2,0.002,1.0,0.002,0.2099792,0.17538,Advantage2_system1.13,2111,24,./penalty_sweep_qpu_v113/samples/3nq9_Kdist9.5_Kmono3.0/psweep112_20260319_134243/3nq9_ligand_report.csv,./penalty_sweep_qpu_v113/samples/3nq9_Kdist9.5_Kmono3.0/psweep112_20260319_134243/3nq9_ligand_samples.json,./penalty_sweep_qpu_v113/samples/3nq9_Kdist9.5_Kmono3.0/psweep112_20260319_134243/result.json
3nq9,3nq9_Kdist9.5_Kmono4.0,psweep112_20260319_134243,9.5,4.0,ok,1.4459649234943421,1000,1000,1000,3,0.003,1.0,0.003,0.212268,0.17766,Advantage2_system1.13,2361,28,./penalty_sweep_qpu_v113/samples/3nq9_Kdist9.5_Kmono4.0/psweep112_20260319_134243/3nq9_ligand_report.csv,./penalty_sweep_qpu_v113/samples/3nq9_Kdist9.5_Kmono4.0/psweep112_20260319_134243/3nq9_ligand_samples.json,./penalty_sweep_qpu_v113/samples/3nq9_Kdist9.5_Kmono4.0/psweep112_20260319_134243/result.json
3nq9,3nq9_Kdist9.5_Kmono5.0,psweep112_20260319_134243,9.5,5.0,ok,3.6451234938048263,1000,1000,1000,0,0.0,1.0,0.0,0.2025776,0.16798,Advantage2_system1.13,2202,26,./penalty_sweep_qpu_v113/samples/3nq9_Kdist9.5_Kmono5.0/psweep112_20260319_134243/3nq9_ligand_report.csv,./penalty_sweep_qpu_v113/samples/3nq9_Kdist9.5_Kmono5.0/psweep112_20260319_134243/3nq9_ligand_samples.json,./penalty_sweep_qpu_v113/samples/3nq9_Kdist9.5_Kmono5.0/psweep112_20260319_134243/result.json
3nq9,3nq9_Kdist9.5_Kmono6.0,psweep112_20260319_134243,9.5,6.0,ok,1.7560738308911135,1000,1000,1000,2,0.002,1.0,0.002,0.212082,0.17748,Advantage2_system1.13,1929,23,./penalty_sweep_qpu_v113/samples/3nq9_Kdist9.5_Kmono6.0/psweep112_20260319_134243/3nq9_ligand_report.csv,./penalty_sweep_qpu_v113/samples/3nq9_Kdist9.5_Kmono6.0/psweep112_20260319_134243/3nq9_ligand_samples.json,./penalty_sweep_qpu_v113/samples/3nq9_Kdist9.5_Kmono6.0/psweep112_20260319_134243/result.json
3nq9,3nq9_Kdist9.5_Kmono7.0,psweep112_20260319_134243,9.5,7.0,ok,2.611304435777555,1000,1000,1000,0,0.0,1.0,0.0,0.215406,0.1808,Advantage2_system1.13,1990,22,./penalty_sweep_qpu_v113/samples/3nq9_Kdist9.5_Kmono7.0/psweep112_20260319_134243/3nq9_ligand_report.csv,./penalty_sweep_qpu_v113/samples/3nq9_Kdist9.5_Kmono7.0/psweep112_20260319_134243/3nq9_ligand_samples.json,./penalty_sweep_qpu_v113/samples/3nq9_Kdist9.5_Kmono7.0/psweep112_20260319_134243/result.json
3nq9,3nq9_Kdist9.5_Kmono8.0,psweep112_20260319_134243,9.5,8.0,ok,1.616108694291741,1000,1000,1000,1,0.001,1.0,0.001,0.2050912,0.17048,Advantage2_system1.13,2111,26,./penalty_sweep_qpu_v113/samples/3nq9_Kdist9.5_Kmono8.0/psweep112_20260319_134243/3nq9_ligand_report.csv,./penalty_sweep_qpu_v113/samples/3nq9_Kdist9.5_Kmono8.0/psweep112_20260319_134243/3nq9_ligand_samples.json,./penalty_sweep_qpu_v113/samples/3nq9_Kdist9.5_Kmono8.0/psweep112_20260319_134243/result.json
3nq9,3nq9_Kdist9.5_Kmono9.0,psweep112_20260319_134243,9.5,9.0,ok,0.5923603020747461,1000,1000,1000,26,0.026,1.0,0.026,0.21191120000000002,0.1773,Advantage2_system1.13,2062,24,./penalty_sweep_qpu_v113/samples/3nq9_Kdist9.5_Kmono9.0/psweep112_20260319_134243/3nq9_ligand_report.csv,./penalty_sweep_qpu_v113/samples/3nq9_Kdist9.5_Kmono9.0/psweep112_20260319_134243/3nq9_ligand_samples.json,./penalty_sweep_qpu_v113/samples/3nq9_Kdist9.5_Kmono9.0/psweep112_20260319_134243/result.json
3nq9,3nq9_Kdist9.5_Kmono10.0,psweep112_20260319_134243,9.5,10.0,ok,4.930882161070648,1000,1000,1000,0,0.0,1.0,0.0,0.2067652,0.17216,Advantage2_system1.13,2467,30,./penalty_sweep_qpu_v113/samples/3nq9_Kdist9.5_Kmono10.0/psweep112_20260319_134243/3nq9_ligand_report.csv,./penalty_sweep_qpu_v113/samples/3nq9_Kdist9.5_Kmono10.0/psweep112_20260319_134243/3nq9_ligand_samples.json,./penalty_sweep_qpu_v113/samples/3nq9_Kdist9.5_Kmono10.0/psweep112_20260319_134243/result.json
3nq9,3nq9_Kdist9.5_Kmono11.0,psweep112_20260319_134243,9.5,11.0,ok,2.9374671362830074,1000,1000,1000,0,0.0,1.0,0.0,0.2173552,0.18274,Advantage2_system1.13,2175,24,./penalty_sweep_qpu_v113/samples/3nq9_Kdist9.5_Kmono11.0/psweep112_20260319_134243/3nq9_ligand_report.csv,./penalty_sweep_qpu_v113/samples/3nq9_Kdist9.5_Kmono11.0/psweep112_20260319_134243/3nq9_ligand_samples.json,./penalty_sweep_qpu_v113/samples/3nq9_Kdist9.5_Kmono11.0/psweep112_20260319_134243/result.json
3nq9,3nq9_Kdist9.5_Kmono12.0,psweep112_20260319_134243,9.5,12.0,ok,2.7610573281831847,1000,1000,1000,0,0.0,1.0,0.0,0.2077088,0.1731,Advantage2_system1.13,2134,25,./penalty_sweep_qpu_v113/samples/3nq9_Kdist9.5_Kmono12.0/psweep112_20260319_134243/3nq9_ligand_report.csv,./penalty_sweep_qpu_v113/samples/3nq9_Kdist9.5_Kmono12.0/psweep112_20260319_134243/3nq9_ligand_samples.json,./penalty_sweep_qpu_v113/samples/3nq9_Kdist9.5_Kmono12.0/psweep112_20260319_134243/result.json
3nq9,3nq9_Kdist9.5_Kmono13.0,psweep112_20260319_134243,9.5,13.0,ok,1.4372567348014886,1000,1000,1000,2,0.002,1.0,0.002,0.20602679999999998,0.17142,Advantage2_system1.13,2053,24,./penalty_sweep_qpu_v113/samples/3nq9_Kdist9.5_Kmono13.0/psweep112_20260319_134243/3nq9_ligand_report.csv,./penalty_sweep_qpu_v113/samples/3nq9_Kdist9.5_Kmono13.0/psweep112_20260319_134243/3nq9_ligand_samples.json,./penalty_sweep_qpu_v113/samples/3nq9_Kdist9.5_Kmono13.0/psweep112_20260319_134243/result.json
3nq9,3nq9_Kdist9.5_Kmono14.0,psweep112_20260319_134243,9.5,14.0,ok,5.3267169927957205,1000,1000,1000,0,0.0,1.0,0.0,0.2091188,0.17452,Advantage2_system1.13,1906,23,./penalty_sweep_qpu_v113/samples/3nq9_Kdist9.5_Kmono14.0/psweep112_20260319_134243/3nq9_ligand_report.csv,./penalty_sweep_qpu_v113/samples/3nq9_Kdist9.5_Kmono14.0/psweep112_20260319_134243/3nq9_ligand_samples.json,./penalty_sweep_qpu_v113/samples/3nq9_Kdist9.5_Kmono14.0/psweep112_20260319_134243/result.json
3nq9,3nq9_Kdist9.5_Kmono15.0,psweep112_20260319_134243,9.5,15.0,ok,3.935223746117169,1000,1000,1000,0,0.0,1.0,0.0,0.2167064,0.1821,Advantage2_system1.13,2121,25,./penalty_sweep_qpu_v113/samples/3nq9_Kdist9.5_Kmono15.0/psweep112_20260319_134243/3nq9_ligand_report.csv,./penalty_sweep_qpu_v113/samples/3nq9_Kdist9.5_Kmono15.0/psweep112_20260319_134243/3nq9_ligand_samples.json,./penalty_sweep_qpu_v113/samples/3nq9_Kdist9.5_Kmono15.0/psweep112_20260319_134243/result.json
3nq9,3nq9_Kdist9.5_Kmono16.0,psweep112_20260319_134243,9.5,16.0,ok,3.8221265819938326,1000,1000,1000,0,0.0,1.0,0.0,0.2056676,0.17106,Advantage2_system1.13,2228,27,./penalty_sweep_qpu_v113/samples/3nq9_Kdist9.5_Kmono16.0/psweep112_20260319_134243/3nq9_ligand_report.csv,./penalty_sweep_qpu_v113/samples/3nq9_Kdist9.5_Kmono16.0/psweep112_20260319_134243/3nq9_ligand_samples.json,./penalty_sweep_qpu_v113/samples/3nq9_Kdist9.5_Kmono16.0/psweep112_20260319_134243/result.json
3nq9,3nq9_Kdist9.5_Kmono17.0,psweep112_20260319_134243,9.5,17.0,ok,4.585573851618467,1000,1000,1000,0,0.0,1.0,0.0,0.215348,0.18074,Advantage2_system1.13,2183,26,./penalty_sweep_qpu_v113/samples/3nq9_Kdist9.5_Kmono17.0/psweep112_20260319_134243/3nq9_ligand_report.csv,./penalty_sweep_qpu_v113/samples/3nq9_Kdist9.5_Kmono17.0/psweep112_20260319_134243/3nq9_ligand_samples.json,./penalty_sweep_qpu_v113/samples/3nq9_Kdist9.5_Kmono17.0/psweep112_20260319_134243/result.json
3nq9,3nq9_Kdist9.5_Kmono18.0,psweep112_20260319_134243,9.5,18.0,ok,4.381526579114136,1000,1000,1000,0,0.0,1.0,0.0,0.2070904,0.17248,Advantage2_system1.13,2053,25,./penalty_sweep_qpu_v113/samples/3nq9_Kdist9.5_Kmono18.0/psweep112_20260319_134243/3nq9_ligand_report.csv,./penalty_sweep_qpu_v113/samples/3nq9_Kdist9.5_Kmono18.0/psweep112_20260319_134243/3nq9_ligand_samples.json,./penalty_sweep_qpu_v113/samples/3nq9_Kdist9.5_Kmono18.0/psweep112_20260319_134243/result.json
3nq9,3nq9_Kdist9.5_Kmono19.0,psweep112_20260319_134243,9.5,19.0,ok,1.8523150521524996,1000,1000,1000,15,0.015,1.0,0.015,0.20621,0.1716,Advantage2_system1.13,2100,24,./penalty_sweep_qpu_v113/samples/3nq9_Kdist9.5_Kmono19.0/psweep112_20260319_134243/3nq9_ligand_report.csv,./penalty_sweep_qpu_v113/samples/3nq9_Kdist9.5_Kmono19.0/psweep112_20260319_134243/3nq9_ligand_samples.json,./penalty_sweep_qpu_v113/samples/3nq9_Kdist9.5_Kmono19.0/psweep112_20260319_134243/result.json
3nq9,3nq9_Kdist9.5_Kmono20.0,psweep112_20260319_134243,9.5,20.0,ok,5.425636737925951,1000,1000,1000,0,0.0,1.0,0.0,0.2074944,0.17288,Advantage2_system1.13,2161,26,./penalty_sweep_qpu_v113/samples/3nq9_Kdist9.5_Kmono20.0/psweep112_20260319_134243/3nq9_ligand_report.csv,./penalty_sweep_qpu_v113/samples/3nq9_Kdist9.5_Kmono20.0/psweep112_20260319_134243/3nq9_ligand_samples.json,./penalty_sweep_qpu_v113/samples/3nq9_Kdist9.5_Kmono20.0/psweep112_20260319_134243/result.json
3nq9,3nq9_Kdist10.0_Kmono1.0,psweep112_20260319_134243,10.0,1.0,ok,2.4878237853205967,1000,1000,1000,0,0.0,1.0,0.0,0.2077164,0.1731,Advantage2_system1.13,2353,28,./penalty_sweep_qpu_v113/samples/3nq9_Kdist10.0_Kmono1.0/psweep112_20260319_134243/3nq9_ligand_report.csv,./penalty_sweep_qpu_v113/samples/3nq9_Kdist10.0_Kmono1.0/psweep112_20260319_134243/3nq9_ligand_samples.json,./penalty_sweep_qpu_v113/samples/3nq9_Kdist10.0_Kmono1.0/psweep112_20260319_134243/result.json
3nq9,3nq9_Kdist10.0_Kmono2.0,psweep112_20260319_134243,10.0,2.0,ok,4.314229491885255,1000,1000,1000,0,0.0,1.0,0.0,0.2159528,0.18134,Advantage2_system1.13,2188,27,./penalty_sweep_qpu_v113/samples/3nq9_Kdist10.0_Kmono2.0/psweep112_20260319_134243/3nq9_ligand_report.csv,./penalty_sweep_qpu_v113/samples/3nq9_Kdist10.0_Kmono2.0/psweep112_20260319_134243/3nq9_ligand_samples.json,./penalty_sweep_qpu_v113/samples/3nq9_Kdist10.0_Kmono2.0/psweep112_20260319_134243/result.json
3nq9,3nq9_Kdist10.0_Kmono3.0,psweep112_20260319_134243,10.0,3.0,ok,4.621196813398837,1000,1000,1000,0,0.0,1.0,0.0,0.2142684,0.17966,Advantage2_system1.13,2044,24,./penalty_sweep_qpu_v113/samples/3nq9_Kdist10.0_Kmono3.0/psweep112_20260319_134243/3nq9_ligand_report.csv,./penalty_sweep_qpu_v113/samples/3nq9_Kdist10.0_Kmono3.0/psweep112_20260319_134243/3nq9_ligand_samples.json,./penalty_sweep_qpu_v113/samples/3nq9_Kdist10.0_Kmono3.0/psweep112_20260319_134243/result.json
3nq9,3nq9_Kdist10.0_Kmono4.0,psweep112_20260319_134243,10.0,4.0,ok,2.6664618756697607,1000,1000,1000,0,0.0,1.0,0.0,0.212494,0.17788,Advantage2_system1.13,2517,28,./penalty_sweep_qpu_v113/samples/3nq9_Kdist10.0_Kmono4.0/psweep112_20260319_134243/3nq9_ligand_report.csv,./penalty_sweep_qpu_v113/samples/3nq9_Kdist10.0_Kmono4.0/psweep112_20260319_134243/3nq9_ligand_samples.json,./penalty_sweep_qpu_v113/samples/3nq9_Kdist10.0_Kmono4.0/psweep112_20260319_134243/result.json
3nq9,3nq9_Kdist10.0_Kmono5.0,psweep112_20260319_134243,10.0,5.0,ok,3.037072435546858,1000,1000,1000,0,0.0,1.0,0.0,0.20393920000000001,0.16934,Advantage2_system1.13,2049,24,./penalty_sweep_qpu_v113/samples/3nq9_Kdist10.0_Kmono5.0/psweep112_20260319_134243/3nq9_ligand_report.csv,./penalty_sweep_qpu_v113/samples/3nq9_Kdist10.0_Kmono5.0/psweep112_20260319_134243/3nq9_ligand_samples.json,./penalty_sweep_qpu_v113/samples/3nq9_Kdist10.0_Kmono5.0/psweep112_20260319_134243/result.json
3nq9,3nq9_Kdist10.0_Kmono6.0,psweep112_20260319_134243,10.0,6.0,ok,4.421363152716003,1000,1000,1000,0,0.0,1.0,0.0,0.2053876,0.17078,Advantage2_system1.13,2015,24,./penalty_sweep_qpu_v113/samples/3nq9_Kdist10.0_Kmono6.0/psweep112_20260319_134243/3nq9_ligand_report.csv,./penalty_sweep_qpu_v113/samples/3nq9_Kdist10.0_Kmono6.0/psweep112_20260319_134243/3nq9_ligand_samples.json,./penalty_sweep_qpu_v113/samples/3nq9_Kdist10.0_Kmono6.0/psweep112_20260319_134243/result.json
3nq9,3nq9_Kdist10.0_Kmono7.0,psweep112_20260319_134243,10.0,7.0,ok,2.1007612856046713,1000,1000,1000,0,0.0,1.0,0.0,0.21012679999999997,0.17552,Advantage2_system1.13,2060,25,./penalty_sweep_qpu_v113/samples/3nq9_Kdist10.0_Kmono7.0/psweep112_20260319_134243/3nq9_ligand_report.csv,./penalty_sweep_qpu_v113/samples/3nq9_Kdist10.0_Kmono7.0/psweep112_20260319_134243/3nq9_ligand_samples.json,./penalty_sweep_qpu_v113/samples/3nq9_Kdist10.0_Kmono7.0/psweep112_20260319_134243/result.json
3nq9,3nq9_Kdist10.0_Kmono8.0,psweep112_20260319_134243,10.0,8.0,ok,0.6822348226556285,1000,1000,1000,34,0.034,1.0,0.034,0.20671479999999998,0.1721,Advantage2_system1.13,2200,27,./penalty_sweep_qpu_v113/samples/3nq9_Kdist10.0_Kmono8.0/psweep112_20260319_134243/3nq9_ligand_report.csv,./penalty_sweep_qpu_v113/samples/3nq9_Kdist10.0_Kmono8.0/psweep112_20260319_134243/3nq9_ligand_samples.json,./penalty_sweep_qpu_v113/samples/3nq9_Kdist10.0_Kmono8.0/psweep112_20260319_134243/result.json
3nq9,3nq9_Kdist10.0_Kmono9.0,psweep112_20260319_134243,10.0,9.0,ok,3.5057173379838784,1000,1000,1000,0,0.0,1.0,0.0,0.20917,0.17456,Advantage2_system1.13,2304,27,./penalty_sweep_qpu_v113/samples/3nq9_Kdist10.0_Kmono9.0/psweep112_20260319_134243/3nq9_ligand_report.csv,./penalty_sweep_qpu_v113/samples/3nq9_Kdist10.0_Kmono9.0/psweep112_20260319_134243/3nq9_ligand_samples.json,./penalty_sweep_qpu_v113/samples/3nq9_Kdist10.0_Kmono9.0/psweep112_20260319_134243/result.json
3nq9,3nq9_Kdist10.0_Kmono10.0,psweep112_20260319_134243,10.0,10.0,ok,2.7860743166855966,1000,1000,1000,0,0.0,1.0,0.0,0.2167032,0.1821,Advantage2_system1.13,2095,24,./penalty_sweep_qpu_v113/samples/3nq9_Kdist10.0_Kmono10.0/psweep112_20260319_134243/3nq9_ligand_report.csv,./penalty_sweep_qpu_v113/samples/3nq9_Kdist10.0_Kmono10.0/psweep112_20260319_134243/3nq9_ligand_samples.json,./penalty_sweep_qpu_v113/samples/3nq9_Kdist10.0_Kmono10.0/psweep112_20260319_134243/result.json
3nq9,3nq9_Kdist10.0_Kmono11.0,psweep112_20260319_134243,10.0,11.0,ok,3.1252409648369848,1000,1000,1000,0,0.0,1.0,0.0,0.2069892,0.17238,Advantage2_system1.13,2147,25,./penalty_sweep_qpu_v113/samples/3nq9_Kdist10.0_Kmono11.0/psweep112_20260319_134243/3nq9_ligand_report.csv,./penalty_sweep_qpu_v113/samples/3nq9_Kdist10.0_Kmono11.0/psweep112_20260319_134243/3nq9_ligand_samples.json,./penalty_sweep_qpu_v113/samples/3nq9_Kdist10.0_Kmono11.0/psweep112_20260319_134243/result.json
3nq9,3nq9_Kdist10.0_Kmono12.0,psweep112_20260319_134243,10.0,12.0,ok,5.19274332801039,1000,1000,1000,0,0.0,1.0,0.0,0.2093492,0.17474,Advantage2_system1.13,2203,25,./penalty_sweep_qpu_v113/samples/3nq9_Kdist10.0_Kmono12.0/psweep112_20260319_134243/3nq9_ligand_report.csv,./penalty_sweep_qpu_v113/samples/3nq9_Kdist10.0_Kmono12.0/psweep112_20260319_134243/3nq9_ligand_samples.json,./penalty_sweep_qpu_v113/samples/3nq9_Kdist10.0_Kmono12.0/psweep112_20260319_134243/result.json
3nq9,3nq9_Kdist10.0_Kmono13.0,psweep112_20260319_134243,10.0,13.0,ok,1.5012550045494923,1000,1000,1000,9,0.009,1.0,0.009,0.2114856,0.17688,Advantage2_system1.13,2146,25,./penalty_sweep_qpu_v113/samples/3nq9_Kdist10.0_Kmono13.0/psweep112_20260319_134243/3nq9_ligand_report.csv,./penalty_sweep_qpu_v113/samples/3nq9_Kdist10.0_Kmono13.0/psweep112_20260319_134243/3nq9_ligand_samples.json,./penalty_sweep_qpu_v113/samples/3nq9_Kdist10.0_Kmono13.0/psweep112_20260319_134243/result.json
3nq9,3nq9_Kdist10.0_Kmono14.0,psweep112_20260319_134243,10.0,14.0,ok,4.684007186834307,1000,1000,1000,0,0.0,1.0,0.0,0.213806,0.1792,Advantage2_system1.13,2119,25,./penalty_sweep_qpu_v113/samples/3nq9_Kdist10.0_Kmono14.0/psweep112_20260319_134243/3nq9_ligand_report.csv,./penalty_sweep_qpu_v113/samples/3nq9_Kdist10.0_Kmono14.0/psweep112_20260319_134243/3nq9_ligand_samples.json,./penalty_sweep_qpu_v113/samples/3nq9_Kdist10.0_Kmono14.0/psweep112_20260319_134243/result.json
3nq9,3nq9_Kdist10.0_Kmono15.0,psweep112_20260319_134243,10.0,15.0,ok,3.6681289253613905,1000,1000,1000,0,0.0,1.0,0.0,0.2112764,0.17666,Advantage2_system1.13,2468,30,./penalty_sweep_qpu_v113/samples/3nq9_Kdist10.0_Kmono15.0/psweep112_20260319_134243/3nq9_ligand_report.csv,./penalty_sweep_qpu_v113/samples/3nq9_Kdist10.0_Kmono15.0/psweep112_20260319_134243/3nq9_ligand_samples.json,./penalty_sweep_qpu_v113/samples/3nq9_Kdist10.0_Kmono15.0/psweep112_20260319_134243/result.json
3nq9,3nq9_Kdist10.0_Kmono16.0,psweep112_20260319_134243,10.0,16.0,ok,4.442441659432125,1000,1000,1000,0,0.0,1.0,0.0,0.208984,0.17438,Advantage2_system1.13,2204,25,./penalty_sweep_qpu_v113/samples/3nq9_Kdist10.0_Kmono16.0/psweep112_20260319_134243/3nq9_ligand_report.csv,./penalty_sweep_qpu_v113/samples/3nq9_Kdist10.0_Kmono16.0/psweep112_20260319_134243/3nq9_ligand_samples.json,./penalty_sweep_qpu_v113/samples/3nq9_Kdist10.0_Kmono16.0/psweep112_20260319_134243/result.json
3nq9,3nq9_Kdist10.0_Kmono17.0,psweep112_20260319_134243,10.0,17.0,ok,2.590762563593005,1000,1000,1000,0,0.0,1.0,0.0,0.2123076,0.1777,Advantage2_system1.13,2181,27,./penalty_sweep_qpu_v113/samples/3nq9_Kdist10.0_Kmono17.0/psweep112_20260319_134243/3nq9_ligand_report.csv,./penalty_sweep_qpu_v113/samples/3nq9_Kdist10.0_Kmono17.0/psweep112_20260319_134243/3nq9_ligand_samples.json,./penalty_sweep_qpu_v113/samples/3nq9_Kdist10.0_Kmono17.0/psweep112_20260319_134243/result.json
3nq9,3nq9_Kdist10.0_Kmono18.0,psweep112_20260319_134243,10.0,18.0,ok,6.050286245759543,1000,1000,1000,0,0.0,1.0,0.0,0.210486,0.17588,Advantage2_system1.13,2074,24,./penalty_sweep_qpu_v113/samples/3nq9_Kdist10.0_Kmono18.0/psweep112_20260319_134243/3nq9_ligand_report.csv,./penalty_sweep_qpu_v113/samples/3nq9_Kdist10.0_Kmono18.0/psweep112_20260319_134243/3nq9_ligand_samples.json,./penalty_sweep_qpu_v113/samples/3nq9_Kdist10.0_Kmono18.0/psweep112_20260319_134243/result.json
3nq9,3nq9_Kdist10.0_Kmono19.0,psweep112_20260319_134243,10.0,19.0,ok,3.8618927747038163,1000,1000,1000,0,0.0,1.0,0.0,0.20370839999999998,0.1691,Advantage2_system1.13,2364,28,./penalty_sweep_qpu_v113/samples/3nq9_Kdist10.0_Kmono19.0/psweep112_20260319_134243/3nq9_ligand_report.csv,./penalty_sweep_qpu_v113/samples/3nq9_Kdist10.0_Kmono19.0/psweep112_20260319_134243/3nq9_ligand_samples.json,./penalty_sweep_qpu_v113/samples/3nq9_Kdist10.0_Kmono19.0/psweep112_20260319_134243/result.json
3nq9,3nq9_Kdist10.0_Kmono20.0,psweep112_20260319_134243,10.0,20.0,ok,1.7544106270416766,1000,1000,1000,3,0.003,1.0,0.003,0.20545439999999998,0.17084,Advantage2_system1.13,2033,24,./penalty_sweep_qpu_v113/samples/3nq9_Kdist10.0_Kmono20.0/psweep112_20260319_134243/3nq9_ligand_report.csv,./penalty_sweep_qpu_v113/samples/3nq9_Kdist10.0_Kmono20.0/psweep112_20260319_134243/3nq9_ligand_samples.json,./penalty_sweep_qpu_v113/samples/3nq9_Kdist10.0_Kmono20.0/psweep112_20260319_134243/result.json
4jsz,4jsz_Kdist0.5_Kmono1.0,psweep112_20260319_134243,0.5,1.0,ok,2.323960016200155,1000,1000,1000,0,0.0,1.0,0.0,0.214862,0.18024,Advantage2_system1.13,2810,30,./penalty_sweep_qpu_v113/samples/4jsz_Kdist0.5_Kmono1.0/psweep112_20260319_134243/4jsz_ligand_report.csv,./penalty_sweep_qpu_v113/samples/4jsz_Kdist0.5_Kmono1.0/psweep112_20260319_134243/4jsz_ligand_samples.json,./penalty_sweep_qpu_v113/samples/4jsz_Kdist0.5_Kmono1.0/psweep112_20260319_134243/result.json
4jsz,4jsz_Kdist0.5_Kmono2.0,psweep112_20260319_134243,0.5,2.0,ok,2.118670009893741,1000,1000,1000,0,0.0,1.0,0.0,0.2191344,0.18452,Advantage2_system1.13,2587,27,./penalty_sweep_qpu_v113/samples/4jsz_Kdist0.5_Kmono2.0/psweep112_20260319_134243/4jsz_ligand_report.csv,./penalty_sweep_qpu_v113/samples/4jsz_Kdist0.5_Kmono2.0/psweep112_20260319_134243/4jsz_ligand_samples.json,./penalty_sweep_qpu_v113/samples/4jsz_Kdist0.5_Kmono2.0/psweep112_20260319_134243/result.json
4jsz,4jsz_Kdist0.5_Kmono3.0,psweep112_20260319_134243,0.5,3.0,ok,1.5602608519921535,1000,1000,1000,11,0.011,1.0,0.011,0.215356,0.18074,Advantage2_system1.13,2782,28,./penalty_sweep_qpu_v113/samples/4jsz_Kdist0.5_Kmono3.0/psweep112_20260319_134243/4jsz_ligand_report.csv,./penalty_sweep_qpu_v113/samples/4jsz_Kdist0.5_Kmono3.0/psweep112_20260319_134243/4jsz_ligand_samples.json,./penalty_sweep_qpu_v113/samples/4jsz_Kdist0.5_Kmono3.0/psweep112_20260319_134243/result.json
4jsz,4jsz_Kdist0.5_Kmono4.0,psweep112_20260319_134243,0.5,4.0,ok,1.3927160440449218,1000,1000,1000,70,0.07,1.0,0.07,0.21535079999999998,0.18074,Advantage2_system1.13,2434,26,./penalty_sweep_qpu_v113/samples/4jsz_Kdist0.5_Kmono4.0/psweep112_20260319_134243/4jsz_ligand_report.csv,./penalty_sweep_qpu_v113/samples/4jsz_Kdist0.5_Kmono4.0/psweep112_20260319_134243/4jsz_ligand_samples.json,./penalty_sweep_qpu_v113/samples/4jsz_Kdist0.5_Kmono4.0/psweep112_20260319_134243/result.json
4jsz,4jsz_Kdist0.5_Kmono5.0,psweep112_20260319_134243,0.5,5.0,ok,1.5441037348203004,1000,1000,1000,9,0.009,1.0,0.009,0.21266,0.17806,Advantage2_system1.13,2645,27,./penalty_sweep_qpu_v113/samples/4jsz_Kdist0.5_Kmono5.0/psweep112_20260319_134243/4jsz_ligand_report.csv,./penalty_sweep_qpu_v113/samples/4jsz_Kdist0.5_Kmono5.0/psweep112_20260319_134243/4jsz_ligand_samples.json,./penalty_sweep_qpu_v113/samples/4jsz_Kdist0.5_Kmono5.0/psweep112_20260319_134243/result.json
4jsz,4jsz_Kdist0.5_Kmono6.0,psweep112_20260319_134243,0.5,6.0,ok,1.3377652934012247,1000,1000,1000,34,0.034,1.0,0.034,0.21426479999999998,0.17966,Advantage2_system1.13,2345,25,./penalty_sweep_qpu_v113/samples/4jsz_Kdist0.5_Kmono6.0/psweep112_20260319_134243/4jsz_ligand_report.csv,./penalty_sweep_qpu_v113/samples/4jsz_Kdist0.5_Kmono6.0/psweep112_20260319_134243/4jsz_ligand_samples.json,./penalty_sweep_qpu_v113/samples/4jsz_Kdist0.5_Kmono6.0/psweep112_20260319_134243/result.json
4jsz,4jsz_Kdist0.5_Kmono7.0,psweep112_20260319_134243,0.5,7.0,ok,1.7992127403011429,1000,1000,1000,2,0.002,1.0,0.002,0.21714039999999998,0.18252,Advantage2_system1.13,2906,31,./penalty_sweep_qpu_v113/samples/4jsz_Kdist0.5_Kmono7.0/psweep112_20260319_134243/4jsz_ligand_report.csv,./penalty_sweep_qpu_v113/samples/4jsz_Kdist0.5_Kmono7.0/psweep112_20260319_134243/4jsz_ligand_samples.json,./penalty_sweep_qpu_v113/samples/4jsz_Kdist0.5_Kmono7.0/psweep112_20260319_134243/result.json
4jsz,4jsz_Kdist0.5_Kmono8.0,psweep112_20260319_134243,0.5,8.0,ok,1.7944745608964916,1000,1000,1000,4,0.004,1.0,0.004,0.21554679999999998,0.18094,Advantage2_system1.13,2547,28,./penalty_sweep_qpu_v113/samples/4jsz_Kdist0.5_Kmono8.0/psweep112_20260319_134243/4jsz_ligand_report.csv,./penalty_sweep_qpu_v113/samples/4jsz_Kdist0.5_Kmono8.0/psweep112_20260319_134243/4jsz_ligand_samples.json,./penalty_sweep_qpu_v113/samples/4jsz_Kdist0.5_Kmono8.0/psweep112_20260319_134243/result.json
4jsz,4jsz_Kdist0.5_Kmono9.0,psweep112_20260319_134243,0.5,9.0,ok,0.8512826990613225,1000,1000,1000,201,0.201,1.0,0.201,0.2094492,0.17484,Advantage2_system1.13,2782,32,./penalty_sweep_qpu_v113/samples/4jsz_Kdist0.5_Kmono9.0/psweep112_20260319_134243/4jsz_ligand_report.csv,./penalty_sweep_qpu_v113/samples/4jsz_Kdist0.5_Kmono9.0/psweep112_20260319_134243/4jsz_ligand_samples.json,./penalty_sweep_qpu_v113/samples/4jsz_Kdist0.5_Kmono9.0/psweep112_20260319_134243/result.json
4jsz,4jsz_Kdist0.5_Kmono10.0,psweep112_20260319_134243,0.5,10.0,ok,1.0598897183259324,1000,1000,1000,116,0.116,1.0,0.116,0.217628,0.18302,Advantage2_system1.13,2716,32,./penalty_sweep_qpu_v113/samples/4jsz_Kdist0.5_Kmono10.0/psweep112_20260319_134243/4jsz_ligand_report.csv,./penalty_sweep_qpu_v113/samples/4jsz_Kdist0.5_Kmono10.0/psweep112_20260319_134243/4jsz_ligand_samples.json,./penalty_sweep_qpu_v113/samples/4jsz_Kdist0.5_Kmono10.0/psweep112_20260319_134243/result.json
4jsz,4jsz_Kdist0.5_Kmono11.0,psweep112_20260319_134243,0.5,11.0,ok,1.3713198571525098,1000,1000,1000,7,0.007,1.0,0.007,0.214706,0.1801,Advantage2_system1.13,2683,29,./penalty_sweep_qpu_v113/samples/4jsz_Kdist0.5_Kmono11.0/psweep112_20260319_134243/4jsz_ligand_report.csv,./penalty_sweep_qpu_v113/samples/4jsz_Kdist0.5_Kmono11.0/psweep112_20260319_134243/4jsz_ligand_samples.json,./penalty_sweep_qpu_v113/samples/4jsz_Kdist0.5_Kmono11.0/psweep112_20260319_134243/result.json
4jsz,4jsz_Kdist0.5_Kmono12.0,psweep112_20260319_134243,0.5,12.0,ok,1.2617343959948972,1000,1000,1000,4,0.004,1.0,0.004,0.212728,0.17812,Advantage2_system1.13,2260,23,./penalty_sweep_qpu_v113/samples/4jsz_Kdist0.5_Kmono12.0/psweep112_20260319_134243/4jsz_ligand_report.csv,./penalty_sweep_qpu_v113/samples/4jsz_Kdist0.5_Kmono12.0/psweep112_20260319_134243/4jsz_ligand_samples.json,./penalty_sweep_qpu_v113/samples/4jsz_Kdist0.5_Kmono12.0/psweep112_20260319_134243/result.json
4jsz,4jsz_Kdist0.5_Kmono13.0,psweep112_20260319_134243,0.5,13.0,ok,2.19044674773505,1000,1000,1000,0,0.0,1.0,0.0,0.2107736,0.17616,Advantage2_system1.13,2483,28,./penalty_sweep_qpu_v113/samples/4jsz_Kdist0.5_Kmono13.0/psweep112_20260319_134243/4jsz_ligand_report.csv,./penalty_sweep_qpu_v113/samples/4jsz_Kdist0.5_Kmono13.0/psweep112_20260319_134243/4jsz_ligand_samples.json,./penalty_sweep_qpu_v113/samples/4jsz_Kdist0.5_Kmono13.0/psweep112_20260319_134243/result.json
4jsz,4jsz_Kdist0.5_Kmono14.0,psweep112_20260319_134243,0.5,14.0,ok,1.165152493953222,1000,1000,1000,13,0.013,1.0,0.013,0.21235120000000002,0.17774,Advantage2_system1.13,2724,30,./penalty_sweep_qpu_v113/samples/4jsz_Kdist0.5_Kmono14.0/psweep112_20260319_134243/4jsz_ligand_report.csv,./penalty_sweep_qpu_v113/samples/4jsz_Kdist0.5_Kmono14.0/psweep112_20260319_134243/4jsz_ligand_samples.json,./penalty_sweep_qpu_v113/samples/4jsz_Kdist0.5_Kmono14.0/psweep112_20260319_134243/result.json
4jsz,4jsz_Kdist0.5_Kmono15.0,psweep112_20260319_134243,0.5,15.0,ok,1.4758889705037235,1000,1000,1000,24,0.024,1.0,0.024,0.21359,0.17898,Advantage2_system1.13,2877,31,./penalty_sweep_qpu_v113/samples/4jsz_Kdist0.5_Kmono15.0/psweep112_20260319_134243/4jsz_ligand_report.csv,./penalty_sweep_qpu_v113/samples/4jsz_Kdist0.5_Kmono15.0/psweep112_20260319_134243/4jsz_ligand_samples.json,./penalty_sweep_qpu_v113/samples/4jsz_Kdist0.5_Kmono15.0/psweep112_20260319_134243/result.json
4jsz,4jsz_Kdist0.5_Kmono16.0,psweep112_20260319_134243,0.5,16.0,ok,1.8680279573063618,1000,1000,1000,1,0.001,1.0,0.001,0.21594760000000002,0.18134,Advantage2_system1.13,2553,28,./penalty_sweep_qpu_v113/samples/4jsz_Kdist0.5_Kmono16.0/psweep112_20260319_134243/4jsz_ligand_report.csv,./penalty_sweep_qpu_v113/samples/4jsz_Kdist0.5_Kmono16.0/psweep112_20260319_134243/4jsz_ligand_samples.json,./penalty_sweep_qpu_v113/samples/4jsz_Kdist0.5_Kmono16.0/psweep112_20260319_134243/result.json
4jsz,4jsz_Kdist0.5_Kmono17.0,psweep112_20260319_134243,0.5,17.0,ok,1.302285931536078,1000,1000,1000,20,0.02,1.0,0.02,0.2113456,0.17674,Advantage2_system1.13,2495,28,./penalty_sweep_qpu_v113/samples/4jsz_Kdist0.5_Kmono17.0/psweep112_20260319_134243/4jsz_ligand_report.csv,./penalty_sweep_qpu_v113/samples/4jsz_Kdist0.5_Kmono17.0/psweep112_20260319_134243/4jsz_ligand_samples.json,./penalty_sweep_qpu_v113/samples/4jsz_Kdist0.5_Kmono17.0/psweep112_20260319_134243/result.json
4jsz,4jsz_Kdist0.5_Kmono18.0,psweep112_20260319_134243,0.5,18.0,ok,1.7362890422709942,1000,1000,1000,11,0.011,1.0,0.011,0.213172,0.17856,Advantage2_system1.13,2518,26,./penalty_sweep_qpu_v113/samples/4jsz_Kdist0.5_Kmono18.0/psweep112_20260319_134243/4jsz_ligand_report.csv,./penalty_sweep_qpu_v113/samples/4jsz_Kdist0.5_Kmono18.0/psweep112_20260319_134243/4jsz_ligand_samples.json,./penalty_sweep_qpu_v113/samples/4jsz_Kdist0.5_Kmono18.0/psweep112_20260319_134243/result.json
4jsz,4jsz_Kdist0.5_Kmono19.0,psweep112_20260319_134243,0.5,19.0,ok,1.5363154047489824,1000,1000,1000,14,0.014,1.0,0.014,0.2177248,0.18312,Advantage2_system1.13,2370,24,./penalty_sweep_qpu_v113/samples/4jsz_Kdist0.5_Kmono19.0/psweep112_20260319_134243/4jsz_ligand_report.csv,./penalty_sweep_qpu_v113/samples/4jsz_Kdist0.5_Kmono19.0/psweep112_20260319_134243/4jsz_ligand_samples.json,./penalty_sweep_qpu_v113/samples/4jsz_Kdist0.5_Kmono19.0/psweep112_20260319_134243/result.json
4jsz,4jsz_Kdist0.5_Kmono20.0,psweep112_20260319_134243,0.5,20.0,ok,1.9091486745775514,1000,1000,1000,4,0.004,1.0,0.004,0.2143148,0.1797,Advantage2_system1.13,2562,29,./penalty_sweep_qpu_v113/samples/4jsz_Kdist0.5_Kmono20.0/psweep112_20260319_134243/4jsz_ligand_report.csv,./penalty_sweep_qpu_v113/samples/4jsz_Kdist0.5_Kmono20.0/psweep112_20260319_134243/4jsz_ligand_samples.json,./penalty_sweep_qpu_v113/samples/4jsz_Kdist0.5_Kmono20.0/psweep112_20260319_134243/result.json
4jsz,4jsz_Kdist1.0_Kmono1.0,psweep112_20260319_134243,1.0,1.0,ok,2.83437474133298,1000,1000,1000,0,0.0,1.0,0.0,0.2154528,0.18084,Advantage2_system1.13,2654,30,./penalty_sweep_qpu_v113/samples/4jsz_Kdist1.0_Kmono1.0/psweep112_20260319_134243/4jsz_ligand_report.csv,./penalty_sweep_qpu_v113/samples/4jsz_Kdist1.0_Kmono1.0/psweep112_20260319_134243/4jsz_ligand_samples.json,./penalty_sweep_qpu_v113/samples/4jsz_Kdist1.0_Kmono1.0/psweep112_20260319_134243/result.json
4jsz,4jsz_Kdist1.0_Kmono2.0,psweep112_20260319_134243,1.0,2.0,ok,1.9788812440072876,1000,1000,1000,2,0.002,1.0,0.002,0.2121208,0.17752,Advantage2_system1.13,2545,29,./penalty_sweep_qpu_v113/samples/4jsz_Kdist1.0_Kmono2.0/psweep112_20260319_134243/4jsz_ligand_report.csv,./penalty_sweep_qpu_v113/samples/4jsz_Kdist1.0_Kmono2.0/psweep112_20260319_134243/4jsz_ligand_samples.json,./penalty_sweep_qpu_v113/samples/4jsz_Kdist1.0_Kmono2.0/psweep112_20260319_134243/result.json
4jsz,4jsz_Kdist1.0_Kmono3.0,psweep112_20260319_134243,1.0,3.0,ok,1.6833367530104413,1000,1000,1000,26,0.026,1.0,0.026,0.2115268,0.17692,Advantage2_system1.13,2508,26,./penalty_sweep_qpu_v113/samples/4jsz_Kdist1.0_Kmono3.0/psweep112_20260319_134243/4jsz_ligand_report.csv,./penalty_sweep_qpu_v113/samples/4jsz_Kdist1.0_Kmono3.0/psweep112_20260319_134243/4jsz_ligand_samples.json,./penalty_sweep_qpu_v113/samples/4jsz_Kdist1.0_Kmono3.0/psweep112_20260319_134243/result.json
4jsz,4jsz_Kdist1.0_Kmono4.0,psweep112_20260319_134243,1.0,4.0,ok,1.7903837670511202,1000,1000,1000,7,0.007,1.0,0.007,0.2112676,0.17666,Advantage2_system1.13,2570,28,./penalty_sweep_qpu_v113/samples/4jsz_Kdist1.0_Kmono4.0/psweep112_20260319_134243/4jsz_ligand_report.csv,./penalty_sweep_qpu_v113/samples/4jsz_Kdist1.0_Kmono4.0/psweep112_20260319_134243/4jsz_ligand_samples.json,./penalty_sweep_qpu_v113/samples/4jsz_Kdist1.0_Kmono4.0/psweep112_20260319_134243/result.json
4jsz,4jsz_Kdist1.0_Kmono5.0,psweep112_20260319_134243,1.0,5.0,ok,2.0666013243988726,1000,1000,1000,0,0.0,1.0,0.0,0.21862720000000002,0.18402,Advantage2_system1.13,2419,28,./penalty_sweep_qpu_v113/samples/4jsz_Kdist1.0_Kmono5.0/psweep112_20260319_134243/4jsz_ligand_report.csv,./penalty_sweep_qpu_v113/samples/4jsz_Kdist1.0_Kmono5.0/psweep112_20260319_134243/4jsz_ligand_samples.json,./penalty_sweep_qpu_v113/samples/4jsz_Kdist1.0_Kmono5.0/psweep112_20260319_134243/result.json
4jsz,4jsz_Kdist1.0_Kmono6.0,psweep112_20260319_134243,1.0,6.0,ok,1.8799926750548996,1000,1000,1000,2,0.002,1.0,0.002,0.214944,0.18034,Advantage2_system1.13,2441,26,./penalty_sweep_qpu_v113/samples/4jsz_Kdist1.0_Kmono6.0/psweep112_20260319_134243/4jsz_ligand_report.csv,./penalty_sweep_qpu_v113/samples/4jsz_Kdist1.0_Kmono6.0/psweep112_20260319_134243/4jsz_ligand_samples.json,./penalty_sweep_qpu_v113/samples/4jsz_Kdist1.0_Kmono6.0/psweep112_20260319_134243/result.json
4jsz,4jsz_Kdist1.0_Kmono7.0,psweep112_20260319_134243,1.0,7.0,ok,2.313376572399301,1000,1000,1000,0,0.0,1.0,0.0,0.21109,0.17648,Advantage2_system1.13,2649,28,./penalty_sweep_qpu_v113/samples/4jsz_Kdist1.0_Kmono7.0/psweep112_20260319_134243/4jsz_ligand_report.csv,./penalty_sweep_qpu_v113/samples/4jsz_Kdist1.0_Kmono7.0/psweep112_20260319_134243/4jsz_ligand_samples.json,./penalty_sweep_qpu_v113/samples/4jsz_Kdist1.0_Kmono7.0/psweep112_20260319_134243/result.json
4jsz,4jsz_Kdist1.0_Kmono8.0,psweep112_20260319_134243,1.0,8.0,ok,1.4005659535252257,1000,1000,1000,9,0.009,1.0,0.009,0.2105304,0.17592,Advantage2_system1.13,2565,29,./penalty_sweep_qpu_v113/samples/4jsz_Kdist1.0_Kmono8.0/psweep112_20260319_134243/4jsz_ligand_report.csv,./penalty_sweep_qpu_v113/samples/4jsz_Kdist1.0_Kmono8.0/psweep112_20260319_134243/4jsz_ligand_samples.json,./penalty_sweep_qpu_v113/samples/4jsz_Kdist1.0_Kmono8.0/psweep112_20260319_134243/result.json
4jsz,4jsz_Kdist1.0_Kmono9.0,psweep112_20260319_134243,1.0,9.0,ok,1.1146212609416077,1000,1000,1000,343,0.343,1.0,0.343,0.2130588,0.17844,Advantage2_system1.13,2640,29,./penalty_sweep_qpu_v113/samples/4jsz_Kdist1.0_Kmono9.0/psweep112_20260319_134243/4jsz_ligand_report.csv,./penalty_sweep_qpu_v113/samples/4jsz_Kdist1.0_Kmono9.0/psweep112_20260319_134243/4jsz_ligand_samples.json,./penalty_sweep_qpu_v113/samples/4jsz_Kdist1.0_Kmono9.0/psweep112_20260319_134243/result.json
4jsz,4jsz_Kdist1.0_Kmono10.0,psweep112_20260319_134243,1.0,10.0,ok,0.7609419997887972,1000,1000,1000,35,0.035,1.0,0.035,0.2148436,0.18024,Advantage2_system1.13,2655,29,./penalty_sweep_qpu_v113/samples/4jsz_Kdist1.0_Kmono10.0/psweep112_20260319_134243/4jsz_ligand_report.csv,./penalty_sweep_qpu_v113/samples/4jsz_Kdist1.0_Kmono10.0/psweep112_20260319_134243/4jsz_ligand_samples.json,./penalty_sweep_qpu_v113/samples/4jsz_Kdist1.0_Kmono10.0/psweep112_20260319_134243/result.json
4jsz,4jsz_Kdist1.0_Kmono11.0,psweep112_20260319_134243,1.0,11.0,ok,2.6917070909689,1000,1000,1000,0,0.0,1.0,0.0,0.2084028,0.1738,Advantage2_system1.13,2829,31,./penalty_sweep_qpu_v113/samples/4jsz_Kdist1.0_Kmono11.0/psweep112_20260319_134243/4jsz_ligand_report.csv,./penalty_sweep_qpu_v113/samples/4jsz_Kdist1.0_Kmono11.0/psweep112_20260319_134243/4jsz_ligand_samples.json,./penalty_sweep_qpu_v113/samples/4jsz_Kdist1.0_Kmono11.0/psweep112_20260319_134243/result.json
4jsz,4jsz_Kdist1.0_Kmono12.0,psweep112_20260319_134243,1.0,12.0,ok,1.4409546537792859,1000,1000,1000,23,0.023,1.0,0.023,0.2196744,0.18506,Advantage2_system1.13,3191,36,./penalty_sweep_qpu_v113/samples/4jsz_Kdist1.0_Kmono12.0/psweep112_20260319_134243/4jsz_ligand_report.csv,./penalty_sweep_qpu_v113/samples/4jsz_Kdist1.0_Kmono12.0/psweep112_20260319_134243/4jsz_ligand_samples.json,./penalty_sweep_qpu_v113/samples/4jsz_Kdist1.0_Kmono12.0/psweep112_20260319_134243/result.json
4jsz,4jsz_Kdist1.0_Kmono13.0,psweep112_20260319_134243,1.0,13.0,ok,1.9930630252452235,1000,1000,1000,1,0.001,1.0,0.001,0.2146652,0.18006,Advantage2_system1.13,2209,23,./penalty_sweep_qpu_v113/samples/4jsz_Kdist1.0_Kmono13.0/psweep112_20260319_134243/4jsz_ligand_report.csv,./penalty_sweep_qpu_v113/samples/4jsz_Kdist1.0_Kmono13.0/psweep112_20260319_134243/4jsz_ligand_samples.json,./penalty_sweep_qpu_v113/samples/4jsz_Kdist1.0_Kmono13.0/psweep112_20260319_134243/result.json
4jsz,4jsz_Kdist1.0_Kmono14.0,psweep112_20260319_134243,1.0,14.0,ok,1.3209490215703084,1000,1000,1000,4,0.004,1.0,0.004,0.21390920000000002,0.1793,Advantage2_system1.13,2535,27,./penalty_sweep_qpu_v113/samples/4jsz_Kdist1.0_Kmono14.0/psweep112_20260319_134243/4jsz_ligand_report.csv,./penalty_sweep_qpu_v113/samples/4jsz_Kdist1.0_Kmono14.0/psweep112_20260319_134243/4jsz_ligand_samples.json,./penalty_sweep_qpu_v113/samples/4jsz_Kdist1.0_Kmono14.0/psweep112_20260319_134243/result.json
4jsz,4jsz_Kdist1.0_Kmono15.0,psweep112_20260319_134243,1.0,15.0,ok,1.985231448939053,1000,1000,1000,1,0.001,1.0,0.001,0.211812,0.1772,Advantage2_system1.13,2476,27,./penalty_sweep_qpu_v113/samples/4jsz_Kdist1.0_Kmono15.0/psweep112_20260319_134243/4jsz_ligand_report.csv,./penalty_sweep_qpu_v113/samples/4jsz_Kdist1.0_Kmono15.0/psweep112_20260319_134243/4jsz_ligand_samples.json,./penalty_sweep_qpu_v113/samples/4jsz_Kdist1.0_Kmono15.0/psweep112_20260319_134243/result.json
4jsz,4jsz_Kdist1.0_Kmono16.0,psweep112_20260319_134243,1.0,16.0,ok,1.3337507568534055,1000,1000,1000,65,0.065,1.0,0.065,0.21749079999999998,0.18288,Advantage2_system1.13,2858,32,./penalty_sweep_qpu_v113/samples/4jsz_Kdist1.0_Kmono16.0/psweep112_20260319_134243/4jsz_ligand_report.csv,./penalty_sweep_qpu_v113/samples/4jsz_Kdist1.0_Kmono16.0/psweep112_20260319_134243/4jsz_ligand_samples.json,./penalty_sweep_qpu_v113/samples/4jsz_Kdist1.0_Kmono16.0/psweep112_20260319_134243/result.json
4jsz,4jsz_Kdist1.0_Kmono17.0,psweep112_20260319_134243,1.0,17.0,ok,1.3154658905675691,1000,1000,1000,5,0.005,1.0,0.005,0.211034,0.17642,Advantage2_system1.13,2577,28,./penalty_sweep_qpu_v113/samples/4jsz_Kdist1.0_Kmono17.0/psweep112_20260319_134243/4jsz_ligand_report.csv,./penalty_sweep_qpu_v113/samples/4jsz_Kdist1.0_Kmono17.0/psweep112_20260319_134243/4jsz_ligand_samples.json,./penalty_sweep_qpu_v113/samples/4jsz_Kdist1.0_Kmono17.0/psweep112_20260319_134243/result.json
4jsz,4jsz_Kdist1.0_Kmono18.0,psweep112_20260319_134243,1.0,18.0,ok,2.0384924182332944,1000,1000,1000,0,0.0,1.0,0.0,0.2152036,0.1806,Advantage2_system1.13,2450,26,./penalty_sweep_qpu_v113/samples/4jsz_Kdist1.0_Kmono18.0/psweep112_20260319_134243/4jsz_ligand_report.csv,./penalty_sweep_qpu_v113/samples/4jsz_Kdist1.0_Kmono18.0/psweep112_20260319_134243/4jsz_ligand_samples.json,./penalty_sweep_qpu_v113/samples/4jsz_Kdist1.0_Kmono18.0/psweep112_20260319_134243/result.json
4jsz,4jsz_Kdist1.0_Kmono19.0,psweep112_20260319_134243,1.0,19.0,ok,1.181312228296376,1000,1000,1000,112,0.112,1.0,0.112,0.2116264,0.17702,Advantage2_system1.13,2511,27,./penalty_sweep_qpu_v113/samples/4jsz_Kdist1.0_Kmono19.0/psweep112_20260319_134243/4jsz_ligand_report.csv,./penalty_sweep_qpu_v113/samples/4jsz_Kdist1.0_Kmono19.0/psweep112_20260319_134243/4jsz_ligand_samples.json,./penalty_sweep_qpu_v113/samples/4jsz_Kdist1.0_Kmono19.0/psweep112_20260319_134243/result.json
4jsz,4jsz_Kdist1.0_Kmono20.0,psweep112_20260319_134243,1.0,20.0,ok,1.448072680184274,1000,1000,1000,18,0.018,1.0,0.018,0.21012679999999997,0.17552,Advantage2_system1.13,2391,25,./penalty_sweep_qpu_v113/samples/4jsz_Kdist1.0_Kmono20.0/psweep112_20260319_134243/4jsz_ligand_report.csv,./penalty_sweep_qpu_v113/samples/4jsz_Kdist1.0_Kmono20.0/psweep112_20260319_134243/4jsz_ligand_samples.json,./penalty_sweep_qpu_v113/samples/4jsz_Kdist1.0_Kmono20.0/psweep112_20260319_134243/result.json
4jsz,4jsz_Kdist1.5_Kmono1.0,psweep112_20260319_134243,1.5,1.0,ok,1.4279243708728104,1000,1000,1000,192,0.192,1.0,0.192,0.21554720000000002,0.18094,Advantage2_system1.13,2812,31,./penalty_sweep_qpu_v113/samples/4jsz_Kdist1.5_Kmono1.0/psweep112_20260319_134243/4jsz_ligand_report.csv,./penalty_sweep_qpu_v113/samples/4jsz_Kdist1.5_Kmono1.0/psweep112_20260319_134243/4jsz_ligand_samples.json,./penalty_sweep_qpu_v113/samples/4jsz_Kdist1.5_Kmono1.0/psweep112_20260319_134243/result.json
4jsz,4jsz_Kdist1.5_Kmono2.0,psweep112_20260319_134243,1.5,2.0,ok,1.1678046749590374,1000,1000,1000,207,0.207,1.0,0.207,0.2158144,0.1812,Advantage2_system1.13,2601,30,./penalty_sweep_qpu_v113/samples/4jsz_Kdist1.5_Kmono2.0/psweep112_20260319_134243/4jsz_ligand_report.csv,./penalty_sweep_qpu_v113/samples/4jsz_Kdist1.5_Kmono2.0/psweep112_20260319_134243/4jsz_ligand_samples.json,./penalty_sweep_qpu_v113/samples/4jsz_Kdist1.5_Kmono2.0/psweep112_20260319_134243/result.json
4jsz,4jsz_Kdist1.5_Kmono3.0,psweep112_20260319_134243,1.5,3.0,ok,1.6378212138793942,1000,1000,1000,10,0.01,1.0,0.01,0.21268120000000001,0.17806,Advantage2_system1.13,2656,29,./penalty_sweep_qpu_v113/samples/4jsz_Kdist1.5_Kmono3.0/psweep112_20260319_134243/4jsz_ligand_report.csv,./penalty_sweep_qpu_v113/samples/4jsz_Kdist1.5_Kmono3.0/psweep112_20260319_134243/4jsz_ligand_samples.json,./penalty_sweep_qpu_v113/samples/4jsz_Kdist1.5_Kmono3.0/psweep112_20260319_134243/result.json
4jsz,4jsz_Kdist1.5_Kmono4.0,psweep112_20260319_134243,1.5,4.0,ok,1.7980939051526756,1000,1000,1000,1,0.001,1.0,0.001,0.2168484,0.18224,Advantage2_system1.13,2844,31,./penalty_sweep_qpu_v113/samples/4jsz_Kdist1.5_Kmono4.0/psweep112_20260319_134243/4jsz_ligand_report.csv,./penalty_sweep_qpu_v113/samples/4jsz_Kdist1.5_Kmono4.0/psweep112_20260319_134243/4jsz_ligand_samples.json,./penalty_sweep_qpu_v113/samples/4jsz_Kdist1.5_Kmono4.0/psweep112_20260319_134243/result.json
4jsz,4jsz_Kdist1.5_Kmono5.0,psweep112_20260319_134243,1.5,5.0,ok,1.9150417117346494,1000,1000,1000,1,0.001,1.0,0.001,0.21635,0.18174,Advantage2_system1.13,2532,28,./penalty_sweep_qpu_v113/samples/4jsz_Kdist1.5_Kmono5.0/psweep112_20260319_134243/4jsz_ligand_report.csv,./penalty_sweep_qpu_v113/samples/4jsz_Kdist1.5_Kmono5.0/psweep112_20260319_134243/4jsz_ligand_samples.json,./penalty_sweep_qpu_v113/samples/4jsz_Kdist1.5_Kmono5.0/psweep112_20260319_134243/result.json
4jsz,4jsz_Kdist1.5_Kmono6.0,psweep112_20260319_134243,1.5,6.0,ok,1.4091645823076149,1000,1000,1000,49,0.049,1.0,0.049,0.2112696,0.17666,Advantage2_system1.13,2651,28,./penalty_sweep_qpu_v113/samples/4jsz_Kdist1.5_Kmono6.0/psweep112_20260319_134243/4jsz_ligand_report.csv,./penalty_sweep_qpu_v113/samples/4jsz_Kdist1.5_Kmono6.0/psweep112_20260319_134243/4jsz_ligand_samples.json,./penalty_sweep_qpu_v113/samples/4jsz_Kdist1.5_Kmono6.0/psweep112_20260319_134243/result.json
4jsz,4jsz_Kdist1.5_Kmono7.0,psweep112_20260319_134243,1.5,7.0,ok,1.8859675415481314,1000,1000,1000,2,0.002,1.0,0.002,0.2106992,0.1761,Advantage2_system1.13,2371,26,./penalty_sweep_qpu_v113/samples/4jsz_Kdist1.5_Kmono7.0/psweep112_20260319_134243/4jsz_ligand_report.csv,./penalty_sweep_qpu_v113/samples/4jsz_Kdist1.5_Kmono7.0/psweep112_20260319_134243/4jsz_ligand_samples.json,./penalty_sweep_qpu_v113/samples/4jsz_Kdist1.5_Kmono7.0/psweep112_20260319_134243/result.json
4jsz,4jsz_Kdist1.5_Kmono8.0,psweep112_20260319_134243,1.5,8.0,ok,1.5694001032804092,1000,1000,1000,7,0.007,1.0,0.007,0.21623920000000002,0.18162,Advantage2_system1.13,2774,31,./penalty_sweep_qpu_v113/samples/4jsz_Kdist1.5_Kmono8.0/psweep112_20260319_134243/4jsz_ligand_report.csv,./penalty_sweep_qpu_v113/samples/4jsz_Kdist1.5_Kmono8.0/psweep112_20260319_134243/4jsz_ligand_samples.json,./penalty_sweep_qpu_v113/samples/4jsz_Kdist1.5_Kmono8.0/psweep112_20260319_134243/result.json
4jsz,4jsz_Kdist1.5_Kmono9.0,psweep112_20260319_134243,1.5,9.0,ok,1.6649291634827676,1000,1000,1000,9,0.009,1.0,0.009,0.2112772,0.17666,Advantage2_system1.13,2576,28,./penalty_sweep_qpu_v113/samples/4jsz_Kdist1.5_Kmono9.0/psweep112_20260319_134243/4jsz_ligand_report.csv,./penalty_sweep_qpu_v113/samples/4jsz_Kdist1.5_Kmono9.0/psweep112_20260319_134243/4jsz_ligand_samples.json,./penalty_sweep_qpu_v113/samples/4jsz_Kdist1.5_Kmono9.0/psweep112_20260319_134243/result.json
4jsz,4jsz_Kdist1.5_Kmono10.0,psweep112_20260319_134243,1.5,10.0,ok,1.2515114425807128,1000,1000,1000,14,0.014,1.0,0.014,0.2106668,0.17606,Advantage2_system1.13,2469,27,./penalty_sweep_qpu_v113/samples/4jsz_Kdist1.5_Kmono10.0/psweep112_20260319_134243/4jsz_ligand_report.csv,./penalty_sweep_qpu_v113/samples/4jsz_Kdist1.5_Kmono10.0/psweep112_20260319_134243/4jsz_ligand_samples.json,./penalty_sweep_qpu_v113/samples/4jsz_Kdist1.5_Kmono10.0/psweep112_20260319_134243/result.json
4jsz,4jsz_Kdist1.5_Kmono11.0,psweep112_20260319_134243,1.5,11.0,ok,1.7877079062728964,1000,1000,1000,4,0.004,1.0,0.004,0.21076679999999998,0.17616,Advantage2_system1.13,2644,28,./penalty_sweep_qpu_v113/samples/4jsz_Kdist1.5_Kmono11.0/psweep112_20260319_134243/4jsz_ligand_report.csv,./penalty_sweep_qpu_v113/samples/4jsz_Kdist1.5_Kmono11.0/psweep112_20260319_134243/4jsz_ligand_samples.json,./penalty_sweep_qpu_v113/samples/4jsz_Kdist1.5_Kmono11.0/psweep112_20260319_134243/result.json
4jsz,4jsz_Kdist1.5_Kmono12.0,psweep112_20260319_134243,1.5,12.0,ok,1.7689246371722567,1000,1000,1000,2,0.002,1.0,0.002,0.212624,0.17802,Advantage2_system1.13,2487,26,./penalty_sweep_qpu_v113/samples/4jsz_Kdist1.5_Kmono12.0/psweep112_20260319_134243/4jsz_ligand_report.csv,./penalty_sweep_qpu_v113/samples/4jsz_Kdist1.5_Kmono12.0/psweep112_20260319_134243/4jsz_ligand_samples.json,./penalty_sweep_qpu_v113/samples/4jsz_Kdist1.5_Kmono12.0/psweep112_20260319_134243/result.json
4jsz,4jsz_Kdist1.5_Kmono13.0,psweep112_20260319_134243,1.5,13.0,ok,0.9715068494811038,1000,1000,1000,80,0.08,1.0,0.08,0.2106316,0.17602,Advantage2_system1.13,2851,30,./penalty_sweep_qpu_v113/samples/4jsz_Kdist1.5_Kmono13.0/psweep112_20260319_134243/4jsz_ligand_report.csv,./penalty_sweep_qpu_v113/samples/4jsz_Kdist1.5_Kmono13.0/psweep112_20260319_134243/4jsz_ligand_samples.json,./penalty_sweep_qpu_v113/samples/4jsz_Kdist1.5_Kmono13.0/psweep112_20260319_134243/result.json
4jsz,4jsz_Kdist1.5_Kmono14.0,psweep112_20260319_134243,1.5,14.0,ok,1.2395382240070971,1000,1000,1000,12,0.012,1.0,0.012,0.21280839999999998,0.1782,Advantage2_system1.13,2478,27,./penalty_sweep_qpu_v113/samples/4jsz_Kdist1.5_Kmono14.0/psweep112_20260319_134243/4jsz_ligand_report.csv,./penalty_sweep_qpu_v113/samples/4jsz_Kdist1.5_Kmono14.0/psweep112_20260319_134243/4jsz_ligand_samples.json,./penalty_sweep_qpu_v113/samples/4jsz_Kdist1.5_Kmono14.0/psweep112_20260319_134243/result.json
4jsz,4jsz_Kdist1.5_Kmono15.0,psweep112_20260319_134243,1.5,15.0,ok,2.367586566345858,1000,1000,1000,0,0.0,1.0,0.0,0.2120868,0.17748,Advantage2_system1.13,2344,25,./penalty_sweep_qpu_v113/samples/4jsz_Kdist1.5_Kmono15.0/psweep112_20260319_134243/4jsz_ligand_report.csv,./penalty_sweep_qpu_v113/samples/4jsz_Kdist1.5_Kmono15.0/psweep112_20260319_134243/4jsz_ligand_samples.json,./penalty_sweep_qpu_v113/samples/4jsz_Kdist1.5_Kmono15.0/psweep112_20260319_134243/result.json
4jsz,4jsz_Kdist1.5_Kmono16.0,psweep112_20260319_134243,1.5,16.0,ok,2.148752195078973,1000,1000,1000,0,0.0,1.0,0.0,0.2130536,0.17844,Advantage2_system1.13,2741,30,./penalty_sweep_qpu_v113/samples/4jsz_Kdist1.5_Kmono16.0/psweep112_20260319_134243/4jsz_ligand_report.csv,./penalty_sweep_qpu_v113/samples/4jsz_Kdist1.5_Kmono16.0/psweep112_20260319_134243/4jsz_ligand_samples.json,./penalty_sweep_qpu_v113/samples/4jsz_Kdist1.5_Kmono16.0/psweep112_20260319_134243/result.json
4jsz,4jsz_Kdist1.5_Kmono17.0,psweep112_20260319_134243,1.5,17.0,ok,2.0062870035170106,1000,1000,1000,0,0.0,1.0,0.0,0.215204,0.1806,Advantage2_system1.13,2427,25,./penalty_sweep_qpu_v113/samples/4jsz_Kdist1.5_Kmono17.0/psweep112_20260319_134243/4jsz_ligand_report.csv,./penalty_sweep_qpu_v113/samples/4jsz_Kdist1.5_Kmono17.0/psweep112_20260319_134243/4jsz_ligand_samples.json,./penalty_sweep_qpu_v113/samples/4jsz_Kdist1.5_Kmono17.0/psweep112_20260319_134243/result.json
4jsz,4jsz_Kdist1.5_Kmono18.0,psweep112_20260319_134243,1.5,18.0,ok,1.9627120629800894,1000,1000,1000,3,0.003,1.0,0.003,0.21013120000000002,0.17552,Advantage2_system1.13,2456,25,./penalty_sweep_qpu_v113/samples/4jsz_Kdist1.5_Kmono18.0/psweep112_20260319_134243/4jsz_ligand_report.csv,./penalty_sweep_qpu_v113/samples/4jsz_Kdist1.5_Kmono18.0/psweep112_20260319_134243/4jsz_ligand_samples.json,./penalty_sweep_qpu_v113/samples/4jsz_Kdist1.5_Kmono18.0/psweep112_20260319_134243/result.json
4jsz,4jsz_Kdist1.5_Kmono19.0,psweep112_20260319_134243,1.5,19.0,ok,1.1877453863514646,1000,1000,1000,467,0.467,1.0,0.467,0.20923160000000002,0.17462,Advantage2_system1.13,2343,25,./penalty_sweep_qpu_v113/samples/4jsz_Kdist1.5_Kmono19.0/psweep112_20260319_134243/4jsz_ligand_report.csv,./penalty_sweep_qpu_v113/samples/4jsz_Kdist1.5_Kmono19.0/psweep112_20260319_134243/4jsz_ligand_samples.json,./penalty_sweep_qpu_v113/samples/4jsz_Kdist1.5_Kmono19.0/psweep112_20260319_134243/result.json
4jsz,4jsz_Kdist1.5_Kmono20.0,psweep112_20260319_134243,1.5,20.0,ok,1.1058551683144968,1000,1000,1000,97,0.097,1.0,0.097,0.211138,0.17652,Advantage2_system1.13,2552,28,./penalty_sweep_qpu_v113/samples/4jsz_Kdist1.5_Kmono20.0/psweep112_20260319_134243/4jsz_ligand_report.csv,./penalty_sweep_qpu_v113/samples/4jsz_Kdist1.5_Kmono20.0/psweep112_20260319_134243/4jsz_ligand_samples.json,./penalty_sweep_qpu_v113/samples/4jsz_Kdist1.5_Kmono20.0/psweep112_20260319_134243/result.json
4jsz,4jsz_Kdist2.0_Kmono1.0,psweep112_20260319_134243,2.0,1.0,ok,1.4945711899721288,1000,1000,1000,1,0.001,1.0,0.001,0.2133068,0.1787,Advantage2_system1.13,2437,27,./penalty_sweep_qpu_v113/samples/4jsz_Kdist2.0_Kmono1.0/psweep112_20260319_134243/4jsz_ligand_report.csv,./penalty_sweep_qpu_v113/samples/4jsz_Kdist2.0_Kmono1.0/psweep112_20260319_134243/4jsz_ligand_samples.json,./penalty_sweep_qpu_v113/samples/4jsz_Kdist2.0_Kmono1.0/psweep112_20260319_134243/result.json
4jsz,4jsz_Kdist2.0_Kmono2.0,psweep112_20260319_134243,2.0,2.0,ok,1.4829587224890624,1000,1000,1000,37,0.037,1.0,0.037,0.211202,0.1766,Advantage2_system1.13,2502,28,./penalty_sweep_qpu_v113/samples/4jsz_Kdist2.0_Kmono2.0/psweep112_20260319_134243/4jsz_ligand_report.csv,./penalty_sweep_qpu_v113/samples/4jsz_Kdist2.0_Kmono2.0/psweep112_20260319_134243/4jsz_ligand_samples.json,./penalty_sweep_qpu_v113/samples/4jsz_Kdist2.0_Kmono2.0/psweep112_20260319_134243/result.json
4jsz,4jsz_Kdist2.0_Kmono3.0,psweep112_20260319_134243,2.0,3.0,ok,1.57322178969343,1000,1000,1000,3,0.003,1.0,0.003,0.2157104,0.1811,Advantage2_system1.13,2669,28,./penalty_sweep_qpu_v113/samples/4jsz_Kdist2.0_Kmono3.0/psweep112_20260319_134243/4jsz_ligand_report.csv,./penalty_sweep_qpu_v113/samples/4jsz_Kdist2.0_Kmono3.0/psweep112_20260319_134243/4jsz_ligand_samples.json,./penalty_sweep_qpu_v113/samples/4jsz_Kdist2.0_Kmono3.0/psweep112_20260319_134243/result.json
4jsz,4jsz_Kdist2.0_Kmono4.0,psweep112_20260319_134243,2.0,4.0,ok,0.9519315341455498,1000,1000,1000,51,0.051,1.0,0.051,0.21559720000000002,0.18098,Advantage2_system1.13,2648,28,./penalty_sweep_qpu_v113/samples/4jsz_Kdist2.0_Kmono4.0/psweep112_20260319_134243/4jsz_ligand_report.csv,./penalty_sweep_qpu_v113/samples/4jsz_Kdist2.0_Kmono4.0/psweep112_20260319_134243/4jsz_ligand_samples.json,./penalty_sweep_qpu_v113/samples/4jsz_Kdist2.0_Kmono4.0/psweep112_20260319_134243/result.json
4jsz,4jsz_Kdist2.0_Kmono5.0,psweep112_20260319_134243,2.0,5.0,ok,2.8074778542166636,1000,1000,1000,0,0.0,1.0,0.0,0.2133144,0.1787,Advantage2_system1.13,2615,28,./penalty_sweep_qpu_v113/samples/4jsz_Kdist2.0_Kmono5.0/psweep112_20260319_134243/4jsz_ligand_report.csv,./penalty_sweep_qpu_v113/samples/4jsz_Kdist2.0_Kmono5.0/psweep112_20260319_134243/4jsz_ligand_samples.json,./penalty_sweep_qpu_v113/samples/4jsz_Kdist2.0_Kmono5.0/psweep112_20260319_134243/result.json
4jsz,4jsz_Kdist2.0_Kmono6.0,psweep112_20260319_134243,2.0,6.0,ok,0.9792127862103512,1000,1000,1000,21,0.021,1.0,0.021,0.2142684,0.17966,Advantage2_system1.13,2685,28,./penalty_sweep_qpu_v113/samples/4jsz_Kdist2.0_Kmono6.0/psweep112_20260319_134243/4jsz_ligand_report.csv,./penalty_sweep_qpu_v113/samples/4jsz_Kdist2.0_Kmono6.0/psweep112_20260319_134243/4jsz_ligand_samples.json,./penalty_sweep_qpu_v113/samples/4jsz_Kdist2.0_Kmono6.0/psweep112_20260319_134243/result.json
4jsz,4jsz_Kdist2.0_Kmono7.0,psweep112_20260319_134243,2.0,7.0,ok,0.6786131995286593,1000,1000,1000,33,0.033,1.0,0.033,0.2116728,0.17706,Advantage2_system1.13,2572,28,./penalty_sweep_qpu_v113/samples/4jsz_Kdist2.0_Kmono7.0/psweep112_20260319_134243/4jsz_ligand_report.csv,./penalty_sweep_qpu_v113/samples/4jsz_Kdist2.0_Kmono7.0/psweep112_20260319_134243/4jsz_ligand_samples.json,./penalty_sweep_qpu_v113/samples/4jsz_Kdist2.0_Kmono7.0/psweep112_20260319_134243/result.json
4jsz,4jsz_Kdist2.0_Kmono8.0,psweep112_20260319_134243,2.0,8.0,ok,2.9035741135616,1000,1000,1000,0,0.0,1.0,0.0,0.21720679999999998,0.1826,Advantage2_system1.13,2442,26,./penalty_sweep_qpu_v113/samples/4jsz_Kdist2.0_Kmono8.0/psweep112_20260319_134243/4jsz_ligand_report.csv,./penalty_sweep_qpu_v113/samples/4jsz_Kdist2.0_Kmono8.0/psweep112_20260319_134243/4jsz_ligand_samples.json,./penalty_sweep_qpu_v113/samples/4jsz_Kdist2.0_Kmono8.0/psweep112_20260319_134243/result.json
4jsz,4jsz_Kdist2.0_Kmono9.0,psweep112_20260319_134243,2.0,9.0,ok,2.0363096697624403,1000,1000,1000,0,0.0,1.0,0.0,0.2106392,0.17602,Advantage2_system1.13,2519,28,./penalty_sweep_qpu_v113/samples/4jsz_Kdist2.0_Kmono9.0/psweep112_20260319_134243/4jsz_ligand_report.csv,./penalty_sweep_qpu_v113/samples/4jsz_Kdist2.0_Kmono9.0/psweep112_20260319_134243/4jsz_ligand_samples.json,./penalty_sweep_qpu_v113/samples/4jsz_Kdist2.0_Kmono9.0/psweep112_20260319_134243/result.json
4jsz,4jsz_Kdist2.0_Kmono10.0,psweep112_20260319_134243,2.0,10.0,ok,1.071653433519976,1000,1000,1000,344,0.344,1.0,0.344,0.213906,0.1793,Advantage2_system1.13,2576,28,./penalty_sweep_qpu_v113/samples/4jsz_Kdist2.0_Kmono10.0/psweep112_20260319_134243/4jsz_ligand_report.csv,./penalty_sweep_qpu_v113/samples/4jsz_Kdist2.0_Kmono10.0/psweep112_20260319_134243/4jsz_ligand_samples.json,./penalty_sweep_qpu_v113/samples/4jsz_Kdist2.0_Kmono10.0/psweep112_20260319_134243/result.json
4jsz,4jsz_Kdist2.0_Kmono11.0,psweep112_20260319_134243,2.0,11.0,ok,1.9720871322869977,1000,1000,1000,1,0.001,1.0,0.001,0.21699320000000002,0.18238,Advantage2_system1.13,2649,29,./penalty_sweep_qpu_v113/samples/4jsz_Kdist2.0_Kmono11.0/psweep112_20260319_134243/4jsz_ligand_report.csv,./penalty_sweep_qpu_v113/samples/4jsz_Kdist2.0_Kmono11.0/psweep112_20260319_134243/4jsz_ligand_samples.json,./penalty_sweep_qpu_v113/samples/4jsz_Kdist2.0_Kmono11.0/psweep112_20260319_134243/result.json
4jsz,4jsz_Kdist2.0_Kmono12.0,psweep112_20260319_134243,2.0,12.0,ok,1.1470992632067751,1000,1000,1000,74,0.074,1.0,0.074,0.21594960000000002,0.18134,Advantage2_system1.13,2392,27,./penalty_sweep_qpu_v113/samples/4jsz_Kdist2.0_Kmono12.0/psweep112_20260319_134243/4jsz_ligand_report.csv,./penalty_sweep_qpu_v113/samples/4jsz_Kdist2.0_Kmono12.0/psweep112_20260319_134243/4jsz_ligand_samples.json,./penalty_sweep_qpu_v113/samples/4jsz_Kdist2.0_Kmono12.0/psweep112_20260319_134243/result.json
4jsz,4jsz_Kdist2.0_Kmono13.0,psweep112_20260319_134243,2.0,13.0,ok,0.8680204029380338,1000,1000,1000,570,0.57,1.0,0.57,0.2185204,0.18392,Advantage2_system1.13,2650,30,./penalty_sweep_qpu_v113/samples/4jsz_Kdist2.0_Kmono13.0/psweep112_20260319_134243/4jsz_ligand_report.csv,./penalty_sweep_qpu_v113/samples/4jsz_Kdist2.0_Kmono13.0/psweep112_20260319_134243/4jsz_ligand_samples.json,./penalty_sweep_qpu_v113/samples/4jsz_Kdist2.0_Kmono13.0/psweep112_20260319_134243/result.json
4jsz,4jsz_Kdist2.0_Kmono14.0,psweep112_20260319_134243,2.0,14.0,ok,1.6900772306094134,1000,1000,1000,14,0.014,1.0,0.014,0.2104476,0.17584,Advantage2_system1.13,2423,25,./penalty_sweep_qpu_v113/samples/4jsz_Kdist2.0_Kmono14.0/psweep112_20260319_134243/4jsz_ligand_report.csv,./penalty_sweep_qpu_v113/samples/4jsz_Kdist2.0_Kmono14.0/psweep112_20260319_134243/4jsz_ligand_samples.json,./penalty_sweep_qpu_v113/samples/4jsz_Kdist2.0_Kmono14.0/psweep112_20260319_134243/result.json
4jsz,4jsz_Kdist2.0_Kmono15.0,psweep112_20260319_134243,2.0,15.0,ok,1.8594641074461409,1000,1000,1000,15,0.015,1.0,0.015,0.2104876,0.17588,Advantage2_system1.13,2617,29,./penalty_sweep_qpu_v113/samples/4jsz_Kdist2.0_Kmono15.0/psweep112_20260319_134243/4jsz_ligand_report.csv,./penalty_sweep_qpu_v113/samples/4jsz_Kdist2.0_Kmono15.0/psweep112_20260319_134243/4jsz_ligand_samples.json,./penalty_sweep_qpu_v113/samples/4jsz_Kdist2.0_Kmono15.0/psweep112_20260319_134243/result.json
4jsz,4jsz_Kdist2.0_Kmono16.0,psweep112_20260319_134243,2.0,16.0,ok,1.4307810625507322,1000,1000,1000,10,0.01,1.0,0.01,0.214906,0.1803,Advantage2_system1.13,2555,27,./penalty_sweep_qpu_v113/samples/4jsz_Kdist2.0_Kmono16.0/psweep112_20260319_134243/4jsz_ligand_report.csv,./penalty_sweep_qpu_v113/samples/4jsz_Kdist2.0_Kmono16.0/psweep112_20260319_134243/4jsz_ligand_samples.json,./penalty_sweep_qpu_v113/samples/4jsz_Kdist2.0_Kmono16.0/psweep112_20260319_134243/result.json
4jsz,4jsz_Kdist2.0_Kmono17.0,psweep112_20260319_134243,2.0,17.0,ok,1.5787662334090382,1000,1000,1000,81,0.081,1.0,0.081,0.2121208,0.17752,Advantage2_system1.13,2567,28,./penalty_sweep_qpu_v113/samples/4jsz_Kdist2.0_Kmono17.0/psweep112_20260319_134243/4jsz_ligand_report.csv,./penalty_sweep_qpu_v113/samples/4jsz_Kdist2.0_Kmono17.0/psweep112_20260319_134243/4jsz_ligand_samples.json,./penalty_sweep_qpu_v113/samples/4jsz_Kdist2.0_Kmono17.0/psweep112_20260319_134243/result.json
4jsz,4jsz_Kdist2.0_Kmono18.0,psweep112_20260319_134243,2.0,18.0,ok,1.9286439052835505,1000,1000,1000,1,0.001,1.0,0.001,0.21240879999999998,0.1778,Advantage2_system1.13,2478,28,./penalty_sweep_qpu_v113/samples/4jsz_Kdist2.0_Kmono18.0/psweep112_20260319_134243/4jsz_ligand_report.csv,./penalty_sweep_qpu_v113/samples/4jsz_Kdist2.0_Kmono18.0/psweep112_20260319_134243/4jsz_ligand_samples.json,./penalty_sweep_qpu_v113/samples/4jsz_Kdist2.0_Kmono18.0/psweep112_20260319_134243/result.json
4jsz,4jsz_Kdist2.0_Kmono19.0,psweep112_20260319_134243,2.0,19.0,ok,1.1803873867206471,1000,1000,1000,77,0.077,1.0,0.077,0.2144544,0.17984,Advantage2_system1.13,2845,30,./penalty_sweep_qpu_v113/samples/4jsz_Kdist2.0_Kmono19.0/psweep112_20260319_134243/4jsz_ligand_report.csv,./penalty_sweep_qpu_v113/samples/4jsz_Kdist2.0_Kmono19.0/psweep112_20260319_134243/4jsz_ligand_samples.json,./penalty_sweep_qpu_v113/samples/4jsz_Kdist2.0_Kmono19.0/psweep112_20260319_134243/result.json
4jsz,4jsz_Kdist2.0_Kmono20.0,psweep112_20260319_134243,2.0,20.0,ok,1.464587052292475,1000,1000,1000,17,0.017,1.0,0.017,0.2121712,0.17756,Advantage2_system1.13,2666,28,./penalty_sweep_qpu_v113/samples/4jsz_Kdist2.0_Kmono20.0/psweep112_20260319_134243/4jsz_ligand_report.csv,./penalty_sweep_qpu_v113/samples/4jsz_Kdist2.0_Kmono20.0/psweep112_20260319_134243/4jsz_ligand_samples.json,./penalty_sweep_qpu_v113/samples/4jsz_Kdist2.0_Kmono20.0/psweep112_20260319_134243/result.json
4jsz,4jsz_Kdist2.5_Kmono1.0,psweep112_20260319_134243,2.5,1.0,ok,4.156368096004688,1000,1000,1000,0,0.0,1.0,0.0,0.2134124,0.1788,Advantage2_system1.13,2604,27,./penalty_sweep_qpu_v113/samples/4jsz_Kdist2.5_Kmono1.0/psweep112_20260319_134243/4jsz_ligand_report.csv,./penalty_sweep_qpu_v113/samples/4jsz_Kdist2.5_Kmono1.0/psweep112_20260319_134243/4jsz_ligand_samples.json,./penalty_sweep_qpu_v113/samples/4jsz_Kdist2.5_Kmono1.0/psweep112_20260319_134243/result.json
4jsz,4jsz_Kdist2.5_Kmono2.0,psweep112_20260319_134243,2.5,2.0,ok,1.5387335627482386,1000,1000,1000,1,0.001,1.0,0.001,0.21455,0.17994,Advantage2_system1.13,2622,27,./penalty_sweep_qpu_v113/samples/4jsz_Kdist2.5_Kmono2.0/psweep112_20260319_134243/4jsz_ligand_report.csv,./penalty_sweep_qpu_v113/samples/4jsz_Kdist2.5_Kmono2.0/psweep112_20260319_134243/4jsz_ligand_samples.json,./penalty_sweep_qpu_v113/samples/4jsz_Kdist2.5_Kmono2.0/psweep112_20260319_134243/result.json
4jsz,4jsz_Kdist2.5_Kmono3.0,psweep112_20260319_134243,2.5,3.0,ok,1.251139223500786,1000,1000,1000,16,0.016,1.0,0.016,0.21063479999999998,0.17602,Advantage2_system1.13,2499,26,./penalty_sweep_qpu_v113/samples/4jsz_Kdist2.5_Kmono3.0/psweep112_20260319_134243/4jsz_ligand_report.csv,./penalty_sweep_qpu_v113/samples/4jsz_Kdist2.5_Kmono3.0/psweep112_20260319_134243/4jsz_ligand_samples.json,./penalty_sweep_qpu_v113/samples/4jsz_Kdist2.5_Kmono3.0/psweep112_20260319_134243/result.json
4jsz,4jsz_Kdist2.5_Kmono4.0,psweep112_20260319_134243,2.5,4.0,ok,2.2923867336942956,1000,1000,1000,0,0.0,1.0,0.0,0.2115276,0.17692,Advantage2_system1.13,2534,28,./penalty_sweep_qpu_v113/samples/4jsz_Kdist2.5_Kmono4.0/psweep112_20260319_134243/4jsz_ligand_report.csv,./penalty_sweep_qpu_v113/samples/4jsz_Kdist2.5_Kmono4.0/psweep112_20260319_134243/4jsz_ligand_samples.json,./penalty_sweep_qpu_v113/samples/4jsz_Kdist2.5_Kmono4.0/psweep112_20260319_134243/result.json
4jsz,4jsz_Kdist2.5_Kmono5.0,psweep112_20260319_134243,2.5,5.0,ok,1.9294305350817447,1000,1000,1000,1,0.001,1.0,0.001,0.212034,0.17742,Advantage2_system1.13,2610,30,./penalty_sweep_qpu_v113/samples/4jsz_Kdist2.5_Kmono5.0/psweep112_20260319_134243/4jsz_ligand_report.csv,./penalty_sweep_qpu_v113/samples/4jsz_Kdist2.5_Kmono5.0/psweep112_20260319_134243/4jsz_ligand_samples.json,./penalty_sweep_qpu_v113/samples/4jsz_Kdist2.5_Kmono5.0/psweep112_20260319_134243/result.json
4jsz,4jsz_Kdist2.5_Kmono6.0,psweep112_20260319_134243,2.5,6.0,ok,1.9178308777060866,1000,1000,1000,10,0.01,1.0,0.01,0.2140612,0.17944,Advantage2_system1.13,2679,29,./penalty_sweep_qpu_v113/samples/4jsz_Kdist2.5_Kmono6.0/psweep112_20260319_134243/4jsz_ligand_report.csv,./penalty_sweep_qpu_v113/samples/4jsz_Kdist2.5_Kmono6.0/psweep112_20260319_134243/4jsz_ligand_samples.json,./penalty_sweep_qpu_v113/samples/4jsz_Kdist2.5_Kmono6.0/psweep112_20260319_134243/result.json
4jsz,4jsz_Kdist2.5_Kmono7.0,psweep112_20260319_134243,2.5,7.0,ok,1.5526455105711578,1000,1000,1000,23,0.023,1.0,0.023,0.20298839999999999,0.16838,Advantage2_system1.13,2395,25,./penalty_sweep_qpu_v113/samples/4jsz_Kdist2.5_Kmono7.0/psweep112_20260319_134243/4jsz_ligand_report.csv,./penalty_sweep_qpu_v113/samples/4jsz_Kdist2.5_Kmono7.0/psweep112_20260319_134243/4jsz_ligand_samples.json,./penalty_sweep_qpu_v113/samples/4jsz_Kdist2.5_Kmono7.0/psweep112_20260319_134243/result.json
4jsz,4jsz_Kdist2.5_Kmono8.0,psweep112_20260319_134243,2.5,8.0,ok,1.3817994076016982,1000,1000,1000,4,0.004,1.0,0.004,0.214592,0.17998,Advantage2_system1.13,2610,28,./penalty_sweep_qpu_v113/samples/4jsz_Kdist2.5_Kmono8.0/psweep112_20260319_134243/4jsz_ligand_report.csv,./penalty_sweep_qpu_v113/samples/4jsz_Kdist2.5_Kmono8.0/psweep112_20260319_134243/4jsz_ligand_samples.json,./penalty_sweep_qpu_v113/samples/4jsz_Kdist2.5_Kmono8.0/psweep112_20260319_134243/result.json
4jsz,4jsz_Kdist2.5_Kmono9.0,psweep112_20260319_134243,2.5,9.0,ok,1.8583923487759642,1000,1000,1000,2,0.002,1.0,0.002,0.21644639999999998,0.18184,Advantage2_system1.13,2356,25,./penalty_sweep_qpu_v113/samples/4jsz_Kdist2.5_Kmono9.0/psweep112_20260319_134243/4jsz_ligand_report.csv,./penalty_sweep_qpu_v113/samples/4jsz_Kdist2.5_Kmono9.0/psweep112_20260319_134243/4jsz_ligand_samples.json,./penalty_sweep_qpu_v113/samples/4jsz_Kdist2.5_Kmono9.0/psweep112_20260319_134243/result.json
4jsz,4jsz_Kdist2.5_Kmono10.0,psweep112_20260319_134243,2.5,10.0,ok,1.8637264553092283,1000,1000,1000,3,0.003,1.0,0.003,0.2165852,0.18198,Advantage2_system1.13,2737,30,./penalty_sweep_qpu_v113/samples/4jsz_Kdist2.5_Kmono10.0/psweep112_20260319_134243/4jsz_ligand_report.csv,./penalty_sweep_qpu_v113/samples/4jsz_Kdist2.5_Kmono10.0/psweep112_20260319_134243/4jsz_ligand_samples.json,./penalty_sweep_qpu_v113/samples/4jsz_Kdist2.5_Kmono10.0/psweep112_20260319_134243/result.json
4jsz,4jsz_Kdist2.5_Kmono11.0,psweep112_20260319_134243,2.5,11.0,ok,1.2404585331696436,1000,1000,1000,77,0.077,1.0,0.077,0.2133156,0.1787,Advantage2_system1.13,2567,28,./penalty_sweep_qpu_v113/samples/4jsz_Kdist2.5_Kmono11.0/psweep112_20260319_134243/4jsz_ligand_report.csv,./penalty_sweep_qpu_v113/samples/4jsz_Kdist2.5_Kmono11.0/psweep112_20260319_134243/4jsz_ligand_samples.json,./penalty_sweep_qpu_v113/samples/4jsz_Kdist2.5_Kmono11.0/psweep112_20260319_134243/result.json
4jsz,4jsz_Kdist2.5_Kmono12.0,psweep112_20260319_134243,2.5,12.0,ok,1.6558856856069573,1000,1000,1000,5,0.005,1.0,0.005,0.21202520000000002,0.17742,Advantage2_system1.13,2450,26,./penalty_sweep_qpu_v113/samples/4jsz_Kdist2.5_Kmono12.0/psweep112_20260319_134243/4jsz_ligand_report.csv,./penalty_sweep_qpu_v113/samples/4jsz_Kdist2.5_Kmono12.0/psweep112_20260319_134243/4jsz_ligand_samples.json,./penalty_sweep_qpu_v113/samples/4jsz_Kdist2.5_Kmono12.0/psweep112_20260319_134243/result.json
4jsz,4jsz_Kdist2.5_Kmono13.0,psweep112_20260319_134243,2.5,13.0,ok,1.5884971040756775,1000,1000,1000,8,0.008,1.0,0.008,0.2167324,0.18212,Advantage2_system1.13,2908,34,./penalty_sweep_qpu_v113/samples/4jsz_Kdist2.5_Kmono13.0/psweep112_20260319_134243/4jsz_ligand_report.csv,./penalty_sweep_qpu_v113/samples/4jsz_Kdist2.5_Kmono13.0/psweep112_20260319_134243/4jsz_ligand_samples.json,./penalty_sweep_qpu_v113/samples/4jsz_Kdist2.5_Kmono13.0/psweep112_20260319_134243/result.json
4jsz,4jsz_Kdist2.5_Kmono14.0,psweep112_20260319_134243,2.5,14.0,ok,1.348325429715914,1000,1000,1000,9,0.009,1.0,0.009,0.2186308,0.18402,Advantage2_system1.13,2375,25,./penalty_sweep_qpu_v113/samples/4jsz_Kdist2.5_Kmono14.0/psweep112_20260319_134243/4jsz_ligand_report.csv,./penalty_sweep_qpu_v113/samples/4jsz_Kdist2.5_Kmono14.0/psweep112_20260319_134243/4jsz_ligand_samples.json,./penalty_sweep_qpu_v113/samples/4jsz_Kdist2.5_Kmono14.0/psweep112_20260319_134243/result.json
4jsz,4jsz_Kdist2.5_Kmono15.0,psweep112_20260319_134243,2.5,15.0,ok,1.4323142296487381,1000,1000,1000,142,0.142,1.0,0.142,0.2114176,0.1768,Advantage2_system1.13,2474,26,./penalty_sweep_qpu_v113/samples/4jsz_Kdist2.5_Kmono15.0/psweep112_20260319_134243/4jsz_ligand_report.csv,./penalty_sweep_qpu_v113/samples/4jsz_Kdist2.5_Kmono15.0/psweep112_20260319_134243/4jsz_ligand_samples.json,./penalty_sweep_qpu_v113/samples/4jsz_Kdist2.5_Kmono15.0/psweep112_20260319_134243/result.json
4jsz,4jsz_Kdist2.5_Kmono16.0,psweep112_20260319_134243,2.5,16.0,ok,2.638173179746522,1000,1000,1000,0,0.0,1.0,0.0,0.2169876,0.18238,Advantage2_system1.13,2702,30,./penalty_sweep_qpu_v113/samples/4jsz_Kdist2.5_Kmono16.0/psweep112_20260319_134243/4jsz_ligand_report.csv,./penalty_sweep_qpu_v113/samples/4jsz_Kdist2.5_Kmono16.0/psweep112_20260319_134243/4jsz_ligand_samples.json,./penalty_sweep_qpu_v113/samples/4jsz_Kdist2.5_Kmono16.0/psweep112_20260319_134243/result.json
4jsz,4jsz_Kdist2.5_Kmono17.0,psweep112_20260319_134243,2.5,17.0,ok,1.5543753871399737,1000,1000,1000,2,0.002,1.0,0.002,0.210706,0.1761,Advantage2_system1.13,2420,25,./penalty_sweep_qpu_v113/samples/4jsz_Kdist2.5_Kmono17.0/psweep112_20260319_134243/4jsz_ligand_report.csv,./penalty_sweep_qpu_v113/samples/4jsz_Kdist2.5_Kmono17.0/psweep112_20260319_134243/4jsz_ligand_samples.json,./penalty_sweep_qpu_v113/samples/4jsz_Kdist2.5_Kmono17.0/psweep112_20260319_134243/result.json
4jsz,4jsz_Kdist2.5_Kmono18.0,psweep112_20260319_134243,2.5,18.0,ok,1.6695984557850923,1000,1000,1000,10,0.01,1.0,0.01,0.2146688,0.18006,Advantage2_system1.13,2325,23,./penalty_sweep_qpu_v113/samples/4jsz_Kdist2.5_Kmono18.0/psweep112_20260319_134243/4jsz_ligand_report.csv,./penalty_sweep_qpu_v113/samples/4jsz_Kdist2.5_Kmono18.0/psweep112_20260319_134243/4jsz_ligand_samples.json,./penalty_sweep_qpu_v113/samples/4jsz_Kdist2.5_Kmono18.0/psweep112_20260319_134243/result.json
4jsz,4jsz_Kdist2.5_Kmono19.0,psweep112_20260319_134243,2.5,19.0,ok,1.488984361477482,1000,1000,1000,29,0.029,1.0,0.029,0.21504879999999998,0.18044,Advantage2_system1.13,2680,29,./penalty_sweep_qpu_v113/samples/4jsz_Kdist2.5_Kmono19.0/psweep112_20260319_134243/4jsz_ligand_report.csv,./penalty_sweep_qpu_v113/samples/4jsz_Kdist2.5_Kmono19.0/psweep112_20260319_134243/4jsz_ligand_samples.json,./penalty_sweep_qpu_v113/samples/4jsz_Kdist2.5_Kmono19.0/psweep112_20260319_134243/result.json
4jsz,4jsz_Kdist2.5_Kmono20.0,psweep112_20260319_134243,2.5,20.0,ok,3.9379378901620745,1000,1000,1000,0,0.0,1.0,0.0,0.2185292,0.18392,Advantage2_system1.13,2579,28,./penalty_sweep_qpu_v113/samples/4jsz_Kdist2.5_Kmono20.0/psweep112_20260319_134243/4jsz_ligand_report.csv,./penalty_sweep_qpu_v113/samples/4jsz_Kdist2.5_Kmono20.0/psweep112_20260319_134243/4jsz_ligand_samples.json,./penalty_sweep_qpu_v113/samples/4jsz_Kdist2.5_Kmono20.0/psweep112_20260319_134243/result.json
4jsz,4jsz_Kdist3.0_Kmono1.0,psweep112_20260319_134243,3.0,1.0,ok,2.081403305630429,1000,1000,1000,0,0.0,1.0,0.0,0.2113464,0.17674,Advantage2_system1.13,2369,26,./penalty_sweep_qpu_v113/samples/4jsz_Kdist3.0_Kmono1.0/psweep112_20260319_134243/4jsz_ligand_report.csv,./penalty_sweep_qpu_v113/samples/4jsz_Kdist3.0_Kmono1.0/psweep112_20260319_134243/4jsz_ligand_samples.json,./penalty_sweep_qpu_v113/samples/4jsz_Kdist3.0_Kmono1.0/psweep112_20260319_134243/result.json
4jsz,4jsz_Kdist3.0_Kmono2.0,psweep112_20260319_134243,3.0,2.0,ok,1.621670828289399,1000,1000,1000,19,0.019,1.0,0.019,0.2098472,0.17524,Advantage2_system1.13,2977,32,./penalty_sweep_qpu_v113/samples/4jsz_Kdist3.0_Kmono2.0/psweep112_20260319_134243/4jsz_ligand_report.csv,./penalty_sweep_qpu_v113/samples/4jsz_Kdist3.0_Kmono2.0/psweep112_20260319_134243/4jsz_ligand_samples.json,./penalty_sweep_qpu_v113/samples/4jsz_Kdist3.0_Kmono2.0/psweep112_20260319_134243/result.json
4jsz,4jsz_Kdist3.0_Kmono3.0,psweep112_20260319_134243,3.0,3.0,ok,1.5780786840482608,1000,1000,1000,27,0.027,1.0,0.027,0.2115328,0.17692,Advantage2_system1.13,2443,27,./penalty_sweep_qpu_v113/samples/4jsz_Kdist3.0_Kmono3.0/psweep112_20260319_134243/4jsz_ligand_report.csv,./penalty_sweep_qpu_v113/samples/4jsz_Kdist3.0_Kmono3.0/psweep112_20260319_134243/4jsz_ligand_samples.json,./penalty_sweep_qpu_v113/samples/4jsz_Kdist3.0_Kmono3.0/psweep112_20260319_134243/result.json
4jsz,4jsz_Kdist3.0_Kmono4.0,psweep112_20260319_134243,3.0,4.0,ok,2.3889800602531235,1000,1000,1000,0,0.0,1.0,0.0,0.21862679999999998,0.18402,Advantage2_system1.13,2383,25,./penalty_sweep_qpu_v113/samples/4jsz_Kdist3.0_Kmono4.0/psweep112_20260319_134243/4jsz_ligand_report.csv,./penalty_sweep_qpu_v113/samples/4jsz_Kdist3.0_Kmono4.0/psweep112_20260319_134243/4jsz_ligand_samples.json,./penalty_sweep_qpu_v113/samples/4jsz_Kdist3.0_Kmono4.0/psweep112_20260319_134243/result.json
4jsz,4jsz_Kdist3.0_Kmono5.0,psweep112_20260319_134243,3.0,5.0,ok,1.4319283433423584,1000,1000,1000,210,0.21,1.0,0.21,0.21431160000000002,0.1797,Advantage2_system1.13,2465,26,./penalty_sweep_qpu_v113/samples/4jsz_Kdist3.0_Kmono5.0/psweep112_20260319_134243/4jsz_ligand_report.csv,./penalty_sweep_qpu_v113/samples/4jsz_Kdist3.0_Kmono5.0/psweep112_20260319_134243/4jsz_ligand_samples.json,./penalty_sweep_qpu_v113/samples/4jsz_Kdist3.0_Kmono5.0/psweep112_20260319_134243/result.json
4jsz,4jsz_Kdist3.0_Kmono6.0,psweep112_20260319_134243,3.0,6.0,ok,1.6619406812869244,1000,1000,1000,1,0.001,1.0,0.001,0.2090308,0.17442,Advantage2_system1.13,2591,28,./penalty_sweep_qpu_v113/samples/4jsz_Kdist3.0_Kmono6.0/psweep112_20260319_134243/4jsz_ligand_report.csv,./penalty_sweep_qpu_v113/samples/4jsz_Kdist3.0_Kmono6.0/psweep112_20260319_134243/4jsz_ligand_samples.json,./penalty_sweep_qpu_v113/samples/4jsz_Kdist3.0_Kmono6.0/psweep112_20260319_134243/result.json
4jsz,4jsz_Kdist3.0_Kmono7.0,psweep112_20260319_134243,3.0,7.0,ok,1.9026191383210314,1000,1000,1000,2,0.002,1.0,0.002,0.2151648,0.18056,Advantage2_system1.13,2504,27,./penalty_sweep_qpu_v113/samples/4jsz_Kdist3.0_Kmono7.0/psweep112_20260319_134243/4jsz_ligand_report.csv,./penalty_sweep_qpu_v113/samples/4jsz_Kdist3.0_Kmono7.0/psweep112_20260319_134243/4jsz_ligand_samples.json,./penalty_sweep_qpu_v113/samples/4jsz_Kdist3.0_Kmono7.0/psweep112_20260319_134243/result.json
4jsz,4jsz_Kdist3.0_Kmono8.0,psweep112_20260319_134243,3.0,8.0,ok,2.1090513858175615,1000,1000,1000,0,0.0,1.0,0.0,0.2162024,0.1816,Advantage2_system1.13,2292,24,./penalty_sweep_qpu_v113/samples/4jsz_Kdist3.0_Kmono8.0/psweep112_20260319_134243/4jsz_ligand_report.csv,./penalty_sweep_qpu_v113/samples/4jsz_Kdist3.0_Kmono8.0/psweep112_20260319_134243/4jsz_ligand_samples.json,./penalty_sweep_qpu_v113/samples/4jsz_Kdist3.0_Kmono8.0/psweep112_20260319_134243/result.json
4jsz,4jsz_Kdist3.0_Kmono9.0,psweep112_20260319_134243,3.0,9.0,ok,2.1084572582579897,1000,1000,1000,0,0.0,1.0,0.0,0.214412,0.1798,Advantage2_system1.13,2641,28,./penalty_sweep_qpu_v113/samples/4jsz_Kdist3.0_Kmono9.0/psweep112_20260319_134243/4jsz_ligand_report.csv,./penalty_sweep_qpu_v113/samples/4jsz_Kdist3.0_Kmono9.0/psweep112_20260319_134243/4jsz_ligand_samples.json,./penalty_sweep_qpu_v113/samples/4jsz_Kdist3.0_Kmono9.0/psweep112_20260319_134243/result.json
4jsz,4jsz_Kdist3.0_Kmono10.0,psweep112_20260319_134243,3.0,10.0,ok,1.6077938230764044,1000,1000,1000,3,0.003,1.0,0.003,0.2171256,0.18252,Advantage2_system1.13,2530,28,./penalty_sweep_qpu_v113/samples/4jsz_Kdist3.0_Kmono10.0/psweep112_20260319_134243/4jsz_ligand_report.csv,./penalty_sweep_qpu_v113/samples/4jsz_Kdist3.0_Kmono10.0/psweep112_20260319_134243/4jsz_ligand_samples.json,./penalty_sweep_qpu_v113/samples/4jsz_Kdist3.0_Kmono10.0/psweep112_20260319_134243/result.json
4jsz,4jsz_Kdist3.0_Kmono11.0,psweep112_20260319_134243,3.0,11.0,ok,1.7384430911918256,1000,1000,1000,11,0.011,1.0,0.011,0.21709279999999997,0.18248,Advantage2_system1.13,2497,25,./penalty_sweep_qpu_v113/samples/4jsz_Kdist3.0_Kmono11.0/psweep112_20260319_134243/4jsz_ligand_report.csv,./penalty_sweep_qpu_v113/samples/4jsz_Kdist3.0_Kmono11.0/psweep112_20260319_134243/4jsz_ligand_samples.json,./penalty_sweep_qpu_v113/samples/4jsz_Kdist3.0_Kmono11.0/psweep112_20260319_134243/result.json
4jsz,4jsz_Kdist3.0_Kmono12.0,psweep112_20260319_134243,3.0,12.0,ok,1.655085389110819,1000,1000,1000,51,0.051,1.0,0.051,0.2153576,0.18074,Advantage2_system1.13,2781,32,./penalty_sweep_qpu_v113/samples/4jsz_Kdist3.0_Kmono12.0/psweep112_20260319_134243/4jsz_ligand_report.csv,./penalty_sweep_qpu_v113/samples/4jsz_Kdist3.0_Kmono12.0/psweep112_20260319_134243/4jsz_ligand_samples.json,./penalty_sweep_qpu_v113/samples/4jsz_Kdist3.0_Kmono12.0/psweep112_20260319_134243/result.json
4jsz,4jsz_Kdist3.0_Kmono13.0,psweep112_20260319_134243,3.0,13.0,ok,1.5979759909076308,1000,1000,1000,55,0.055,1.0,0.055,0.21877,0.18416,Advantage2_system1.13,2924,31,./penalty_sweep_qpu_v113/samples/4jsz_Kdist3.0_Kmono13.0/psweep112_20260319_134243/4jsz_ligand_report.csv,./penalty_sweep_qpu_v113/samples/4jsz_Kdist3.0_Kmono13.0/psweep112_20260319_134243/4jsz_ligand_samples.json,./penalty_sweep_qpu_v113/samples/4jsz_Kdist3.0_Kmono13.0/psweep112_20260319_134243/result.json
4jsz,4jsz_Kdist3.0_Kmono14.0,psweep112_20260319_134243,3.0,14.0,ok,1.1779988434885933,1000,1000,1000,48,0.048,1.0,0.048,0.2167288,0.18212,Advantage2_system1.13,2602,27,./penalty_sweep_qpu_v113/samples/4jsz_Kdist3.0_Kmono14.0/psweep112_20260319_134243/4jsz_ligand_report.csv,./penalty_sweep_qpu_v113/samples/4jsz_Kdist3.0_Kmono14.0/psweep112_20260319_134243/4jsz_ligand_samples.json,./penalty_sweep_qpu_v113/samples/4jsz_Kdist3.0_Kmono14.0/psweep112_20260319_134243/result.json
4jsz,4jsz_Kdist3.0_Kmono15.0,psweep112_20260319_134243,3.0,15.0,ok,2.051506795423004,1000,1000,1000,0,0.0,1.0,0.0,0.210484,0.17588,Advantage2_system1.13,2608,29,./penalty_sweep_qpu_v113/samples/4jsz_Kdist3.0_Kmono15.0/psweep112_20260319_134243/4jsz_ligand_report.csv,./penalty_sweep_qpu_v113/samples/4jsz_Kdist3.0_Kmono15.0/psweep112_20260319_134243/4jsz_ligand_samples.json,./penalty_sweep_qpu_v113/samples/4jsz_Kdist3.0_Kmono15.0/psweep112_20260319_134243/result.json
4jsz,4jsz_Kdist3.0_Kmono16.0,psweep112_20260319_134243,3.0,16.0,ok,1.113601803712573,1000,1000,1000,271,0.271,1.0,0.271,0.2170832,0.18248,Advantage2_system1.13,2426,25,./penalty_sweep_qpu_v113/samples/4jsz_Kdist3.0_Kmono16.0/psweep112_20260319_134243/4jsz_ligand_report.csv,./penalty_sweep_qpu_v113/samples/4jsz_Kdist3.0_Kmono16.0/psweep112_20260319_134243/4jsz_ligand_samples.json,./penalty_sweep_qpu_v113/samples/4jsz_Kdist3.0_Kmono16.0/psweep112_20260319_134243/result.json
4jsz,4jsz_Kdist3.0_Kmono17.0,psweep112_20260319_134243,3.0,17.0,ok,1.5516364001539316,1000,1000,1000,53,0.053,1.0,0.053,0.2100848,0.17548,Advantage2_system1.13,2797,32,./penalty_sweep_qpu_v113/samples/4jsz_Kdist3.0_Kmono17.0/psweep112_20260319_134243/4jsz_ligand_report.csv,./penalty_sweep_qpu_v113/samples/4jsz_Kdist3.0_Kmono17.0/psweep112_20260319_134243/4jsz_ligand_samples.json,./penalty_sweep_qpu_v113/samples/4jsz_Kdist3.0_Kmono17.0/psweep112_20260319_134243/result.json
4jsz,4jsz_Kdist3.0_Kmono18.0,psweep112_20260319_134243,3.0,18.0,ok,1.5879748956782598,1000,1000,1000,5,0.005,1.0,0.005,0.21911879999999997,0.18452,Advantage2_system1.13,2469,27,./penalty_sweep_qpu_v113/samples/4jsz_Kdist3.0_Kmono18.0/psweep112_20260319_134243/4jsz_ligand_report.csv,./penalty_sweep_qpu_v113/samples/4jsz_Kdist3.0_Kmono18.0/psweep112_20260319_134243/4jsz_ligand_samples.json,./penalty_sweep_qpu_v113/samples/4jsz_Kdist3.0_Kmono18.0/psweep112_20260319_134243/result.json
4jsz,4jsz_Kdist3.0_Kmono19.0,psweep112_20260319_134243,3.0,19.0,ok,2.255259986767741,1000,1000,1000,0,0.0,1.0,0.0,0.2155872,0.18098,Advantage2_system1.13,2585,29,./penalty_sweep_qpu_v113/samples/4jsz_Kdist3.0_Kmono19.0/psweep112_20260319_134243/4jsz_ligand_report.csv,./penalty_sweep_qpu_v113/samples/4jsz_Kdist3.0_Kmono19.0/psweep112_20260319_134243/4jsz_ligand_samples.json,./penalty_sweep_qpu_v113/samples/4jsz_Kdist3.0_Kmono19.0/psweep112_20260319_134243/result.json
4jsz,4jsz_Kdist3.0_Kmono20.0,psweep112_20260319_134243,3.0,20.0,ok,1.3339673017121678,1000,1000,1000,21,0.021,1.0,0.021,0.2096224,0.17502,Advantage2_system1.13,2364,25,./penalty_sweep_qpu_v113/samples/4jsz_Kdist3.0_Kmono20.0/psweep112_20260319_134243/4jsz_ligand_report.csv,./penalty_sweep_qpu_v113/samples/4jsz_Kdist3.0_Kmono20.0/psweep112_20260319_134243/4jsz_ligand_samples.json,./penalty_sweep_qpu_v113/samples/4jsz_Kdist3.0_Kmono20.0/psweep112_20260319_134243/result.json
4jsz,4jsz_Kdist3.5_Kmono1.0,psweep112_20260319_134243,3.5,1.0,ok,2.7138962066535632,1000,1000,1000,0,0.0,1.0,0.0,0.2150568,0.18044,Advantage2_system1.13,2593,30,./penalty_sweep_qpu_v113/samples/4jsz_Kdist3.5_Kmono1.0/psweep112_20260319_134243/4jsz_ligand_report.csv,./penalty_sweep_qpu_v113/samples/4jsz_Kdist3.5_Kmono1.0/psweep112_20260319_134243/4jsz_ligand_samples.json,./penalty_sweep_qpu_v113/samples/4jsz_Kdist3.5_Kmono1.0/psweep112_20260319_134243/result.json
4jsz,4jsz_Kdist3.5_Kmono2.0,psweep112_20260319_134243,3.5,2.0,ok,1.9956375696977111,1000,1000,1000,1,0.001,1.0,0.001,0.2088432,0.17424,Advantage2_system1.13,2419,26,./penalty_sweep_qpu_v113/samples/4jsz_Kdist3.5_Kmono2.0/psweep112_20260319_134243/4jsz_ligand_report.csv,./penalty_sweep_qpu_v113/samples/4jsz_Kdist3.5_Kmono2.0/psweep112_20260319_134243/4jsz_ligand_samples.json,./penalty_sweep_qpu_v113/samples/4jsz_Kdist3.5_Kmono2.0/psweep112_20260319_134243/result.json
4jsz,4jsz_Kdist3.5_Kmono3.0,psweep112_20260319_134243,3.5,3.0,ok,2.1427280153311736,1000,1000,1000,0,0.0,1.0,0.0,0.215486,0.18088,Advantage2_system1.13,2515,27,./penalty_sweep_qpu_v113/samples/4jsz_Kdist3.5_Kmono3.0/psweep112_20260319_134243/4jsz_ligand_report.csv,./penalty_sweep_qpu_v113/samples/4jsz_Kdist3.5_Kmono3.0/psweep112_20260319_134243/4jsz_ligand_samples.json,./penalty_sweep_qpu_v113/samples/4jsz_Kdist3.5_Kmono3.0/psweep112_20260319_134243/result.json
4jsz,4jsz_Kdist3.5_Kmono4.0,psweep112_20260319_134243,3.5,4.0,ok,2.049292646637692,1000,1000,1000,0,0.0,1.0,0.0,0.2155416,0.18094,Advantage2_system1.13,2400,25,./penalty_sweep_qpu_v113/samples/4jsz_Kdist3.5_Kmono4.0/psweep112_20260319_134243/4jsz_ligand_report.csv,./penalty_sweep_qpu_v113/samples/4jsz_Kdist3.5_Kmono4.0/psweep112_20260319_134243/4jsz_ligand_samples.json,./penalty_sweep_qpu_v113/samples/4jsz_Kdist3.5_Kmono4.0/psweep112_20260319_134243/result.json
4jsz,4jsz_Kdist3.5_Kmono5.0,psweep112_20260319_134243,3.5,5.0,ok,2.258049325486017,1000,1000,1000,0,0.0,1.0,0.0,0.21813760000000001,0.18352,Advantage2_system1.13,2837,30,./penalty_sweep_qpu_v113/samples/4jsz_Kdist3.5_Kmono5.0/psweep112_20260319_134243/4jsz_ligand_report.csv,./penalty_sweep_qpu_v113/samples/4jsz_Kdist3.5_Kmono5.0/psweep112_20260319_134243/4jsz_ligand_samples.json,./penalty_sweep_qpu_v113/samples/4jsz_Kdist3.5_Kmono5.0/psweep112_20260319_134243/result.json
4jsz,4jsz_Kdist3.5_Kmono6.0,psweep112_20260319_134243,3.5,6.0,ok,1.666041920923355,1000,1000,1000,10,0.01,1.0,0.01,0.2128032,0.1782,Advantage2_system1.13,2375,25,./penalty_sweep_qpu_v113/samples/4jsz_Kdist3.5_Kmono6.0/psweep112_20260319_134243/4jsz_ligand_report.csv,./penalty_sweep_qpu_v113/samples/4jsz_Kdist3.5_Kmono6.0/psweep112_20260319_134243/4jsz_ligand_samples.json,./penalty_sweep_qpu_v113/samples/4jsz_Kdist3.5_Kmono6.0/psweep112_20260319_134243/result.json
4jsz,4jsz_Kdist3.5_Kmono7.0,psweep112_20260319_134243,3.5,7.0,ok,1.3978295550361823,1000,1000,1000,4,0.004,1.0,0.004,0.21076879999999998,0.17616,Advantage2_system1.13,2450,26,./penalty_sweep_qpu_v113/samples/4jsz_Kdist3.5_Kmono7.0/psweep112_20260319_134243/4jsz_ligand_report.csv,./penalty_sweep_qpu_v113/samples/4jsz_Kdist3.5_Kmono7.0/psweep112_20260319_134243/4jsz_ligand_samples.json,./penalty_sweep_qpu_v113/samples/4jsz_Kdist3.5_Kmono7.0/psweep112_20260319_134243/result.json
4jsz,4jsz_Kdist3.5_Kmono8.0,psweep112_20260319_134243,3.5,8.0,ok,1.834408661148975,1000,1000,1000,2,0.002,1.0,0.002,0.2173484,0.18274,Advantage2_system1.13,2652,29,./penalty_sweep_qpu_v113/samples/4jsz_Kdist3.5_Kmono8.0/psweep112_20260319_134243/4jsz_ligand_report.csv,./penalty_sweep_qpu_v113/samples/4jsz_Kdist3.5_Kmono8.0/psweep112_20260319_134243/4jsz_ligand_samples.json,./penalty_sweep_qpu_v113/samples/4jsz_Kdist3.5_Kmono8.0/psweep112_20260319_134243/result.json
4jsz,4jsz_Kdist3.5_Kmono9.0,psweep112_20260319_134243,3.5,9.0,ok,3.179553450259175,1000,1000,1000,0,0.0,1.0,0.0,0.2145868,0.17998,Advantage2_system1.13,2651,27,./penalty_sweep_qpu_v113/samples/4jsz_Kdist3.5_Kmono9.0/psweep112_20260319_134243/4jsz_ligand_report.csv,./penalty_sweep_qpu_v113/samples/4jsz_Kdist3.5_Kmono9.0/psweep112_20260319_134243/4jsz_ligand_samples.json,./penalty_sweep_qpu_v113/samples/4jsz_Kdist3.5_Kmono9.0/psweep112_20260319_134243/result.json
4jsz,4jsz_Kdist3.5_Kmono10.0,psweep112_20260319_134243,3.5,10.0,ok,1.8365880994083035,1000,1000,1000,6,0.006,1.0,0.006,0.210088,0.17548,Advantage2_system1.13,2528,27,./penalty_sweep_qpu_v113/samples/4jsz_Kdist3.5_Kmono10.0/psweep112_20260319_134243/4jsz_ligand_report.csv,./penalty_sweep_qpu_v113/samples/4jsz_Kdist3.5_Kmono10.0/psweep112_20260319_134243/4jsz_ligand_samples.json,./penalty_sweep_qpu_v113/samples/4jsz_Kdist3.5_Kmono10.0/psweep112_20260319_134243/result.json
4jsz,4jsz_Kdist3.5_Kmono11.0,psweep112_20260319_134243,3.5,11.0,ok,1.3316844056964932,1000,1000,1000,3,0.003,1.0,0.003,0.2122144,0.1776,Advantage2_system1.13,2699,29,./penalty_sweep_qpu_v113/samples/4jsz_Kdist3.5_Kmono11.0/psweep112_20260319_134243/4jsz_ligand_report.csv,./penalty_sweep_qpu_v113/samples/4jsz_Kdist3.5_Kmono11.0/psweep112_20260319_134243/4jsz_ligand_samples.json,./penalty_sweep_qpu_v113/samples/4jsz_Kdist3.5_Kmono11.0/psweep112_20260319_134243/result.json
4jsz,4jsz_Kdist3.5_Kmono12.0,psweep112_20260319_134243,3.5,12.0,ok,2.3613930020841813,1000,1000,1000,0,0.0,1.0,0.0,0.214862,0.18024,Advantage2_system1.13,2901,31,./penalty_sweep_qpu_v113/samples/4jsz_Kdist3.5_Kmono12.0/psweep112_20260319_134243/4jsz_ligand_report.csv,./penalty_sweep_qpu_v113/samples/4jsz_Kdist3.5_Kmono12.0/psweep112_20260319_134243/4jsz_ligand_samples.json,./penalty_sweep_qpu_v113/samples/4jsz_Kdist3.5_Kmono12.0/psweep112_20260319_134243/result.json
4jsz,4jsz_Kdist3.5_Kmono13.0,psweep112_20260319_134243,3.5,13.0,ok,1.81075341406604,1000,1000,1000,1,0.001,1.0,0.001,0.216088,0.18148,Advantage2_system1.13,2440,26,./penalty_sweep_qpu_v113/samples/4jsz_Kdist3.5_Kmono13.0/psweep112_20260319_134243/4jsz_ligand_report.csv,./penalty_sweep_qpu_v113/samples/4jsz_Kdist3.5_Kmono13.0/psweep112_20260319_134243/4jsz_ligand_samples.json,./penalty_sweep_qpu_v113/samples/4jsz_Kdist3.5_Kmono13.0/psweep112_20260319_134243/result.json
4jsz,4jsz_Kdist3.5_Kmono14.0,psweep112_20260319_134243,3.5,14.0,ok,1.9125504407871075,1000,1000,1000,1,0.001,1.0,0.001,0.2088992,0.1743,Advantage2_system1.13,2364,25,./penalty_sweep_qpu_v113/samples/4jsz_Kdist3.5_Kmono14.0/psweep112_20260319_134243/4jsz_ligand_report.csv,./penalty_sweep_qpu_v113/samples/4jsz_Kdist3.5_Kmono14.0/psweep112_20260319_134243/4jsz_ligand_samples.json,./penalty_sweep_qpu_v113/samples/4jsz_Kdist3.5_Kmono14.0/psweep112_20260319_134243/result.json
4jsz,4jsz_Kdist3.5_Kmono15.0,psweep112_20260319_134243,3.5,15.0,ok,1.8553487884512914,1000,1000,1000,2,0.002,1.0,0.002,0.210448,0.17584,Advantage2_system1.13,2806,30,./penalty_sweep_qpu_v113/samples/4jsz_Kdist3.5_Kmono15.0/psweep112_20260319_134243/4jsz_ligand_report.csv,./penalty_sweep_qpu_v113/samples/4jsz_Kdist3.5_Kmono15.0/psweep112_20260319_134243/4jsz_ligand_samples.json,./penalty_sweep_qpu_v113/samples/4jsz_Kdist3.5_Kmono15.0/psweep112_20260319_134243/result.json
4jsz,4jsz_Kdist3.5_Kmono16.0,psweep112_20260319_134243,3.5,16.0,ok,2.4957632910755114,1000,1000,1000,0,0.0,1.0,0.0,0.21698679999999998,0.18238,Advantage2_system1.13,2481,26,./penalty_sweep_qpu_v113/samples/4jsz_Kdist3.5_Kmono16.0/psweep112_20260319_134243/4jsz_ligand_report.csv,./penalty_sweep_qpu_v113/samples/4jsz_Kdist3.5_Kmono16.0/psweep112_20260319_134243/4jsz_ligand_samples.json,./penalty_sweep_qpu_v113/samples/4jsz_Kdist3.5_Kmono16.0/psweep112_20260319_134243/result.json
4jsz,4jsz_Kdist3.5_Kmono17.0,psweep112_20260319_134243,3.5,17.0,ok,2.336117499817645,1000,1000,1000,0,0.0,1.0,0.0,0.2071232,0.17252,Advantage2_system1.13,2534,27,./penalty_sweep_qpu_v113/samples/4jsz_Kdist3.5_Kmono17.0/psweep112_20260319_134243/4jsz_ligand_report.csv,./penalty_sweep_qpu_v113/samples/4jsz_Kdist3.5_Kmono17.0/psweep112_20260319_134243/4jsz_ligand_samples.json,./penalty_sweep_qpu_v113/samples/4jsz_Kdist3.5_Kmono17.0/psweep112_20260319_134243/result.json
4jsz,4jsz_Kdist3.5_Kmono18.0,psweep112_20260319_134243,3.5,18.0,ok,1.9555538413168094,1000,1000,1000,6,0.006,1.0,0.006,0.2149036,0.1803,Advantage2_system1.13,2648,29,./penalty_sweep_qpu_v113/samples/4jsz_Kdist3.5_Kmono18.0/psweep112_20260319_134243/4jsz_ligand_report.csv,./penalty_sweep_qpu_v113/samples/4jsz_Kdist3.5_Kmono18.0/psweep112_20260319_134243/4jsz_ligand_samples.json,./penalty_sweep_qpu_v113/samples/4jsz_Kdist3.5_Kmono18.0/psweep112_20260319_134243/result.json
4jsz,4jsz_Kdist3.5_Kmono19.0,psweep112_20260319_134243,3.5,19.0,ok,2.0644535810963123,1000,1000,1000,0,0.0,1.0,0.0,0.2060388,0.17144,Advantage2_system1.13,2649,29,./penalty_sweep_qpu_v113/samples/4jsz_Kdist3.5_Kmono19.0/psweep112_20260319_134243/4jsz_ligand_report.csv,./penalty_sweep_qpu_v113/samples/4jsz_Kdist3.5_Kmono19.0/psweep112_20260319_134243/4jsz_ligand_samples.json,./penalty_sweep_qpu_v113/samples/4jsz_Kdist3.5_Kmono19.0/psweep112_20260319_134243/result.json
4jsz,4jsz_Kdist3.5_Kmono20.0,psweep112_20260319_134243,3.5,20.0,ok,2.401405684204285,1000,1000,1000,0,0.0,1.0,0.0,0.2108436,0.17624,Advantage2_system1.13,2663,31,./penalty_sweep_qpu_v113/samples/4jsz_Kdist3.5_Kmono20.0/psweep112_20260319_134243/4jsz_ligand_report.csv,./penalty_sweep_qpu_v113/samples/4jsz_Kdist3.5_Kmono20.0/psweep112_20260319_134243/4jsz_ligand_samples.json,./penalty_sweep_qpu_v113/samples/4jsz_Kdist3.5_Kmono20.0/psweep112_20260319_134243/result.json
4jsz,4jsz_Kdist4.0_Kmono1.0,psweep112_20260319_134243,4.0,1.0,ok,2.380096871838726,1000,1000,1000,0,0.0,1.0,0.0,0.211134,0.17652,Advantage2_system1.13,2905,32,./penalty_sweep_qpu_v113/samples/4jsz_Kdist4.0_Kmono1.0/psweep112_20260319_134243/4jsz_ligand_report.csv,./penalty_sweep_qpu_v113/samples/4jsz_Kdist4.0_Kmono1.0/psweep112_20260319_134243/4jsz_ligand_samples.json,./penalty_sweep_qpu_v113/samples/4jsz_Kdist4.0_Kmono1.0/psweep112_20260319_134243/result.json
4jsz,4jsz_Kdist4.0_Kmono2.0,psweep112_20260319_134243,4.0,2.0,ok,1.3125005631242919,1000,1000,1000,38,0.038,1.0,0.038,0.21720479999999998,0.1826,Advantage2_system1.13,2387,26,./penalty_sweep_qpu_v113/samples/4jsz_Kdist4.0_Kmono2.0/psweep112_20260319_134243/4jsz_ligand_report.csv,./penalty_sweep_qpu_v113/samples/4jsz_Kdist4.0_Kmono2.0/psweep112_20260319_134243/4jsz_ligand_samples.json,./penalty_sweep_qpu_v113/samples/4jsz_Kdist4.0_Kmono2.0/psweep112_20260319_134243/result.json
4jsz,4jsz_Kdist4.0_Kmono3.0,psweep112_20260319_134243,4.0,3.0,ok,3.2914113678864174,1000,1000,1000,0,0.0,1.0,0.0,0.2110268,0.17642,Advantage2_system1.13,2542,29,./penalty_sweep_qpu_v113/samples/4jsz_Kdist4.0_Kmono3.0/psweep112_20260319_134243/4jsz_ligand_report.csv,./penalty_sweep_qpu_v113/samples/4jsz_Kdist4.0_Kmono3.0/psweep112_20260319_134243/4jsz_ligand_samples.json,./penalty_sweep_qpu_v113/samples/4jsz_Kdist4.0_Kmono3.0/psweep112_20260319_134243/result.json
4jsz,4jsz_Kdist4.0_Kmono4.0,psweep112_20260319_134243,4.0,4.0,ok,1.7695654090003723,1000,1000,1000,4,0.004,1.0,0.004,0.21454079999999998,0.17994,Advantage2_system1.13,2846,32,./penalty_sweep_qpu_v113/samples/4jsz_Kdist4.0_Kmono4.0/psweep112_20260319_134243/4jsz_ligand_report.csv,./penalty_sweep_qpu_v113/samples/4jsz_Kdist4.0_Kmono4.0/psweep112_20260319_134243/4jsz_ligand_samples.json,./penalty_sweep_qpu_v113/samples/4jsz_Kdist4.0_Kmono4.0/psweep112_20260319_134243/result.json
4jsz,4jsz_Kdist4.0_Kmono5.0,psweep112_20260319_134243,4.0,5.0,ok,1.6682560899964378,1000,1000,1000,1,0.001,1.0,0.001,0.21204320000000002,0.17744,Advantage2_system1.13,2465,26,./penalty_sweep_qpu_v113/samples/4jsz_Kdist4.0_Kmono5.0/psweep112_20260319_134243/4jsz_ligand_report.csv,./penalty_sweep_qpu_v113/samples/4jsz_Kdist4.0_Kmono5.0/psweep112_20260319_134243/4jsz_ligand_samples.json,./penalty_sweep_qpu_v113/samples/4jsz_Kdist4.0_Kmono5.0/psweep112_20260319_134243/result.json
4jsz,4jsz_Kdist4.0_Kmono6.0,psweep112_20260319_134243,4.0,6.0,ok,1.8512062362295323,1000,1000,1000,1,0.001,1.0,0.001,0.21291320000000002,0.1783,Advantage2_system1.13,2719,29,./penalty_sweep_qpu_v113/samples/4jsz_Kdist4.0_Kmono6.0/psweep112_20260319_134243/4jsz_ligand_report.csv,./penalty_sweep_qpu_v113/samples/4jsz_Kdist4.0_Kmono6.0/psweep112_20260319_134243/4jsz_ligand_samples.json,./penalty_sweep_qpu_v113/samples/4jsz_Kdist4.0_Kmono6.0/psweep112_20260319_134243/result.json
4jsz,4jsz_Kdist4.0_Kmono7.0,psweep112_20260319_134243,4.0,7.0,ok,1.4779654384449794,1000,1000,1000,5,0.005,1.0,0.005,0.2102092,0.1756,Advantage2_system1.13,2808,31,./penalty_sweep_qpu_v113/samples/4jsz_Kdist4.0_Kmono7.0/psweep112_20260319_134243/4jsz_ligand_report.csv,./penalty_sweep_qpu_v113/samples/4jsz_Kdist4.0_Kmono7.0/psweep112_20260319_134243/4jsz_ligand_samples.json,./penalty_sweep_qpu_v113/samples/4jsz_Kdist4.0_Kmono7.0/psweep112_20260319_134243/result.json
4jsz,4jsz_Kdist4.0_Kmono8.0,psweep112_20260319_134243,4.0,8.0,ok,3.0098374369520027,1000,1000,1000,0,0.0,1.0,0.0,0.21194,0.17734,Advantage2_system1.13,2522,29,./penalty_sweep_qpu_v113/samples/4jsz_Kdist4.0_Kmono8.0/psweep112_20260319_134243/4jsz_ligand_report.csv,./penalty_sweep_qpu_v113/samples/4jsz_Kdist4.0_Kmono8.0/psweep112_20260319_134243/4jsz_ligand_samples.json,./penalty_sweep_qpu_v113/samples/4jsz_Kdist4.0_Kmono8.0/psweep112_20260319_134243/result.json
4jsz,4jsz_Kdist4.0_Kmono9.0,psweep112_20260319_134243,4.0,9.0,ok,1.6261594466041802,1000,1000,1000,6,0.006,1.0,0.006,0.20997960000000002,0.17538,Advantage2_system1.13,2333,24,./penalty_sweep_qpu_v113/samples/4jsz_Kdist4.0_Kmono9.0/psweep112_20260319_134243/4jsz_ligand_report.csv,./penalty_sweep_qpu_v113/samples/4jsz_Kdist4.0_Kmono9.0/psweep112_20260319_134243/4jsz_ligand_samples.json,./penalty_sweep_qpu_v113/samples/4jsz_Kdist4.0_Kmono9.0/psweep112_20260319_134243/result.json
4jsz,4jsz_Kdist4.0_Kmono10.0,psweep112_20260319_134243,4.0,10.0,ok,1.5399845887116883,1000,1000,1000,45,0.045,1.0,0.045,0.2140476,0.17944,Advantage2_system1.13,2538,27,./penalty_sweep_qpu_v113/samples/4jsz_Kdist4.0_Kmono10.0/psweep112_20260319_134243/4jsz_ligand_report.csv,./penalty_sweep_qpu_v113/samples/4jsz_Kdist4.0_Kmono10.0/psweep112_20260319_134243/4jsz_ligand_samples.json,./penalty_sweep_qpu_v113/samples/4jsz_Kdist4.0_Kmono10.0/psweep112_20260319_134243/result.json
4jsz,4jsz_Kdist4.0_Kmono11.0,psweep112_20260319_134243,4.0,11.0,ok,2.0056244062025836,1000,1000,1000,0,0.0,1.0,0.0,0.218486,0.18388,Advantage2_system1.13,2836,30,./penalty_sweep_qpu_v113/samples/4jsz_Kdist4.0_Kmono11.0/psweep112_20260319_134243/4jsz_ligand_report.csv,./penalty_sweep_qpu_v113/samples/4jsz_Kdist4.0_Kmono11.0/psweep112_20260319_134243/4jsz_ligand_samples.json,./penalty_sweep_qpu_v113/samples/4jsz_Kdist4.0_Kmono11.0/psweep112_20260319_134243/result.json
4jsz,4jsz_Kdist4.0_Kmono12.0,psweep112_20260319_134243,4.0,12.0,ok,1.7452651810695876,1000,1000,1000,2,0.002,1.0,0.002,0.20990720000000002,0.1753,Advantage2_system1.13,2495,25,./penalty_sweep_qpu_v113/samples/4jsz_Kdist4.0_Kmono12.0/psweep112_20260319_134243/4jsz_ligand_report.csv,./penalty_sweep_qpu_v113/samples/4jsz_Kdist4.0_Kmono12.0/psweep112_20260319_134243/4jsz_ligand_samples.json,./penalty_sweep_qpu_v113/samples/4jsz_Kdist4.0_Kmono12.0/psweep112_20260319_134243/result.json
4jsz,4jsz_Kdist4.0_Kmono13.0,psweep112_20260319_134243,4.0,13.0,ok,1.0280613767706863,1000,1000,1000,75,0.075,1.0,0.075,0.21102479999999998,0.17642,Advantage2_system1.13,2449,26,./penalty_sweep_qpu_v113/samples/4jsz_Kdist4.0_Kmono13.0/psweep112_20260319_134243/4jsz_ligand_report.csv,./penalty_sweep_qpu_v113/samples/4jsz_Kdist4.0_Kmono13.0/psweep112_20260319_134243/4jsz_ligand_samples.json,./penalty_sweep_qpu_v113/samples/4jsz_Kdist4.0_Kmono13.0/psweep112_20260319_134243/result.json
4jsz,4jsz_Kdist4.0_Kmono14.0,psweep112_20260319_134243,4.0,14.0,ok,2.2080792019957034,1000,1000,1000,0,0.0,1.0,0.0,0.2096972,0.1751,Advantage2_system1.13,2824,31,./penalty_sweep_qpu_v113/samples/4jsz_Kdist4.0_Kmono14.0/psweep112_20260319_134243/4jsz_ligand_report.csv,./penalty_sweep_qpu_v113/samples/4jsz_Kdist4.0_Kmono14.0/psweep112_20260319_134243/4jsz_ligand_samples.json,./penalty_sweep_qpu_v113/samples/4jsz_Kdist4.0_Kmono14.0/psweep112_20260319_134243/result.json
4jsz,4jsz_Kdist4.0_Kmono15.0,psweep112_20260319_134243,4.0,15.0,ok,2.307793349482047,1000,1000,1000,0,0.0,1.0,0.0,0.2167012,0.1821,Advantage2_system1.13,2398,26,./penalty_sweep_qpu_v113/samples/4jsz_Kdist4.0_Kmono15.0/psweep112_20260319_134243/4jsz_ligand_report.csv,./penalty_sweep_qpu_v113/samples/4jsz_Kdist4.0_Kmono15.0/psweep112_20260319_134243/4jsz_ligand_samples.json,./penalty_sweep_qpu_v113/samples/4jsz_Kdist4.0_Kmono15.0/psweep112_20260319_134243/result.json
4jsz,4jsz_Kdist4.0_Kmono16.0,psweep112_20260319_134243,4.0,16.0,ok,1.8107794487150395,1000,1000,1000,1,0.001,1.0,0.001,0.2092632,0.17466,Advantage2_system1.13,2446,26,./penalty_sweep_qpu_v113/samples/4jsz_Kdist4.0_Kmono16.0/psweep112_20260319_134243/4jsz_ligand_report.csv,./penalty_sweep_qpu_v113/samples/4jsz_Kdist4.0_Kmono16.0/psweep112_20260319_134243/4jsz_ligand_samples.json,./penalty_sweep_qpu_v113/samples/4jsz_Kdist4.0_Kmono16.0/psweep112_20260319_134243/result.json
4jsz,4jsz_Kdist4.0_Kmono17.0,psweep112_20260319_134243,4.0,17.0,ok,3.426744153334676,1000,1000,1000,0,0.0,1.0,0.0,0.21126479999999997,0.17666,Advantage2_system1.13,2377,25,./penalty_sweep_qpu_v113/samples/4jsz_Kdist4.0_Kmono17.0/psweep112_20260319_134243/4jsz_ligand_report.csv,./penalty_sweep_qpu_v113/samples/4jsz_Kdist4.0_Kmono17.0/psweep112_20260319_134243/4jsz_ligand_samples.json,./penalty_sweep_qpu_v113/samples/4jsz_Kdist4.0_Kmono17.0/psweep112_20260319_134243/result.json
4jsz,4jsz_Kdist4.0_Kmono18.0,psweep112_20260319_134243,4.0,18.0,ok,3.772150548341706,1000,1000,1000,0,0.0,1.0,0.0,0.2110244,0.17642,Advantage2_system1.13,2498,27,./penalty_sweep_qpu_v113/samples/4jsz_Kdist4.0_Kmono18.0/psweep112_20260319_134243/4jsz_ligand_report.csv,./penalty_sweep_qpu_v113/samples/4jsz_Kdist4.0_Kmono18.0/psweep112_20260319_134243/4jsz_ligand_samples.json,./penalty_sweep_qpu_v113/samples/4jsz_Kdist4.0_Kmono18.0/psweep112_20260319_134243/result.json
4jsz,4jsz_Kdist4.0_Kmono19.0,psweep112_20260319_134243,4.0,19.0,ok,1.6735627876707817,1000,1000,1000,4,0.004,1.0,0.004,0.21912679999999998,0.18452,Advantage2_system1.13,2511,28,./penalty_sweep_qpu_v113/samples/4jsz_Kdist4.0_Kmono19.0/psweep112_20260319_134243/4jsz_ligand_report.csv,./penalty_sweep_qpu_v113/samples/4jsz_Kdist4.0_Kmono19.0/psweep112_20260319_134243/4jsz_ligand_samples.json,./penalty_sweep_qpu_v113/samples/4jsz_Kdist4.0_Kmono19.0/psweep112_20260319_134243/result.json
4jsz,4jsz_Kdist4.0_Kmono20.0,psweep112_20260319_134243,4.0,20.0,ok,3.124320882748445,1000,1000,1000,0,0.0,1.0,0.0,0.2131636,0.17856,Advantage2_system1.13,2463,26,./penalty_sweep_qpu_v113/samples/4jsz_Kdist4.0_Kmono20.0/psweep112_20260319_134243/4jsz_ligand_report.csv,./penalty_sweep_qpu_v113/samples/4jsz_Kdist4.0_Kmono20.0/psweep112_20260319_134243/4jsz_ligand_samples.json,./penalty_sweep_qpu_v113/samples/4jsz_Kdist4.0_Kmono20.0/psweep112_20260319_134243/result.json
4jsz,4jsz_Kdist4.5_Kmono1.0,psweep112_20260319_134243,4.5,1.0,ok,1.4624960538509684,1000,1000,1000,31,0.031,1.0,0.031,0.20939560000000002,0.17478,Advantage2_system1.13,2991,33,./penalty_sweep_qpu_v113/samples/4jsz_Kdist4.5_Kmono1.0/psweep112_20260319_134243/4jsz_ligand_report.csv,./penalty_sweep_qpu_v113/samples/4jsz_Kdist4.5_Kmono1.0/psweep112_20260319_134243/4jsz_ligand_samples.json,./penalty_sweep_qpu_v113/samples/4jsz_Kdist4.5_Kmono1.0/psweep112_20260319_134243/result.json
4jsz,4jsz_Kdist4.5_Kmono2.0,psweep112_20260319_134243,4.5,2.0,ok,1.4840791823030437,1000,1000,1000,16,0.016,1.0,0.016,0.2167288,0.18212,Advantage2_system1.13,2768,29,./penalty_sweep_qpu_v113/samples/4jsz_Kdist4.5_Kmono2.0/psweep112_20260319_134243/4jsz_ligand_report.csv,./penalty_sweep_qpu_v113/samples/4jsz_Kdist4.5_Kmono2.0/psweep112_20260319_134243/4jsz_ligand_samples.json,./penalty_sweep_qpu_v113/samples/4jsz_Kdist4.5_Kmono2.0/psweep112_20260319_134243/result.json
4jsz,4jsz_Kdist4.5_Kmono3.0,psweep112_20260319_134243,4.5,3.0,ok,1.7194326954195591,1000,1000,1000,3,0.003,1.0,0.003,0.21940320000000002,0.1848,Advantage2_system1.13,2607,28,./penalty_sweep_qpu_v113/samples/4jsz_Kdist4.5_Kmono3.0/psweep112_20260319_134243/4jsz_ligand_report.csv,./penalty_sweep_qpu_v113/samples/4jsz_Kdist4.5_Kmono3.0/psweep112_20260319_134243/4jsz_ligand_samples.json,./penalty_sweep_qpu_v113/samples/4jsz_Kdist4.5_Kmono3.0/psweep112_20260319_134243/result.json
4jsz,4jsz_Kdist4.5_Kmono4.0,psweep112_20260319_134243,4.5,4.0,ok,1.4125829289191683,1000,1000,1000,1,0.001,1.0,0.001,0.210448,0.17584,Advantage2_system1.13,2319,25,./penalty_sweep_qpu_v113/samples/4jsz_Kdist4.5_Kmono4.0/psweep112_20260319_134243/4jsz_ligand_report.csv,./penalty_sweep_qpu_v113/samples/4jsz_Kdist4.5_Kmono4.0/psweep112_20260319_134243/4jsz_ligand_samples.json,./penalty_sweep_qpu_v113/samples/4jsz_Kdist4.5_Kmono4.0/psweep112_20260319_134243/result.json
4jsz,4jsz_Kdist4.5_Kmono5.0,psweep112_20260319_134243,4.5,5.0,ok,1.6932911531367567,1000,1000,1000,49,0.049,1.0,0.049,0.21734479999999998,0.18274,Advantage2_system1.13,2302,25,./penalty_sweep_qpu_v113/samples/4jsz_Kdist4.5_Kmono5.0/psweep112_20260319_134243/4jsz_ligand_report.csv,./penalty_sweep_qpu_v113/samples/4jsz_Kdist4.5_Kmono5.0/psweep112_20260319_134243/4jsz_ligand_samples.json,./penalty_sweep_qpu_v113/samples/4jsz_Kdist4.5_Kmono5.0/psweep112_20260319_134243/result.json
4jsz,4jsz_Kdist4.5_Kmono6.0,psweep112_20260319_134243,4.5,6.0,ok,2.812384410885199,1000,1000,1000,0,0.0,1.0,0.0,0.2107248,0.17612,Advantage2_system1.13,2390,26,./penalty_sweep_qpu_v113/samples/4jsz_Kdist4.5_Kmono6.0/psweep112_20260319_134243/4jsz_ligand_report.csv,./penalty_sweep_qpu_v113/samples/4jsz_Kdist4.5_Kmono6.0/psweep112_20260319_134243/4jsz_ligand_samples.json,./penalty_sweep_qpu_v113/samples/4jsz_Kdist4.5_Kmono6.0/psweep112_20260319_134243/result.json
4jsz,4jsz_Kdist4.5_Kmono7.0,psweep112_20260319_134243,4.5,7.0,ok,2.63189422600751,1000,1000,1000,0,0.0,1.0,0.0,0.2142676,0.17966,Advantage2_system1.13,2467,27,./penalty_sweep_qpu_v113/samples/4jsz_Kdist4.5_Kmono7.0/psweep112_20260319_134243/4jsz_ligand_report.csv,./penalty_sweep_qpu_v113/samples/4jsz_Kdist4.5_Kmono7.0/psweep112_20260319_134243/4jsz_ligand_samples.json,./penalty_sweep_qpu_v113/samples/4jsz_Kdist4.5_Kmono7.0/psweep112_20260319_134243/result.json
4jsz,4jsz_Kdist4.5_Kmono8.0,psweep112_20260319_134243,4.5,8.0,ok,2.001066721855122,1000,1000,1000,0,0.0,1.0,0.0,0.2119076,0.1773,Advantage2_system1.13,2612,29,./penalty_sweep_qpu_v113/samples/4jsz_Kdist4.5_Kmono8.0/psweep112_20260319_134243/4jsz_ligand_report.csv,./penalty_sweep_qpu_v113/samples/4jsz_Kdist4.5_Kmono8.0/psweep112_20260319_134243/4jsz_ligand_samples.json,./penalty_sweep_qpu_v113/samples/4jsz_Kdist4.5_Kmono8.0/psweep112_20260319_134243/result.json
4jsz,4jsz_Kdist4.5_Kmono9.0,psweep112_20260319_134243,4.5,9.0,ok,1.9365705740423815,1000,1000,1000,2,0.002,1.0,0.002,0.2165964,0.18198,Advantage2_system1.13,2813,30,./penalty_sweep_qpu_v113/samples/4jsz_Kdist4.5_Kmono9.0/psweep112_20260319_134243/4jsz_ligand_report.csv,./penalty_sweep_qpu_v113/samples/4jsz_Kdist4.5_Kmono9.0/psweep112_20260319_134243/4jsz_ligand_samples.json,./penalty_sweep_qpu_v113/samples/4jsz_Kdist4.5_Kmono9.0/psweep112_20260319_134243/result.json
4jsz,4jsz_Kdist4.5_Kmono10.0,psweep112_20260319_134243,4.5,10.0,ok,2.406114894949152,1000,1000,1000,0,0.0,1.0,0.0,0.20752679999999998,0.17292,Advantage2_system1.13,2660,29,./penalty_sweep_qpu_v113/samples/4jsz_Kdist4.5_Kmono10.0/psweep112_20260319_134243/4jsz_ligand_report.csv,./penalty_sweep_qpu_v113/samples/4jsz_Kdist4.5_Kmono10.0/psweep112_20260319_134243/4jsz_ligand_samples.json,./penalty_sweep_qpu_v113/samples/4jsz_Kdist4.5_Kmono10.0/psweep112_20260319_134243/result.json
4jsz,4jsz_Kdist4.5_Kmono11.0,psweep112_20260319_134243,4.5,11.0,ok,1.6653055010626763,1000,1000,1000,26,0.026,1.0,0.026,0.2199036,0.1853,Advantage2_system1.13,2526,26,./penalty_sweep_qpu_v113/samples/4jsz_Kdist4.5_Kmono11.0/psweep112_20260319_134243/4jsz_ligand_report.csv,./penalty_sweep_qpu_v113/samples/4jsz_Kdist4.5_Kmono11.0/psweep112_20260319_134243/4jsz_ligand_samples.json,./penalty_sweep_qpu_v113/samples/4jsz_Kdist4.5_Kmono11.0/psweep112_20260319_134243/result.json
4jsz,4jsz_Kdist4.5_Kmono12.0,psweep112_20260319_134243,4.5,12.0,ok,1.9241553720449096,1000,1000,1000,5,0.005,1.0,0.005,0.2153092,0.1807,Advantage2_system1.13,2449,26,./penalty_sweep_qpu_v113/samples/4jsz_Kdist4.5_Kmono12.0/psweep112_20260319_134243/4jsz_ligand_report.csv,./penalty_sweep_qpu_v113/samples/4jsz_Kdist4.5_Kmono12.0/psweep112_20260319_134243/4jsz_ligand_samples.json,./penalty_sweep_qpu_v113/samples/4jsz_Kdist4.5_Kmono12.0/psweep112_20260319_134243/result.json
4jsz,4jsz_Kdist4.5_Kmono13.0,psweep112_20260319_134243,4.5,13.0,ok,2.1760711861602995,1000,1000,1000,0,0.0,1.0,0.0,0.2138068,0.1792,Advantage2_system1.13,2672,28,./penalty_sweep_qpu_v113/samples/4jsz_Kdist4.5_Kmono13.0/psweep112_20260319_134243/4jsz_ligand_report.csv,./penalty_sweep_qpu_v113/samples/4jsz_Kdist4.5_Kmono13.0/psweep112_20260319_134243/4jsz_ligand_samples.json,./penalty_sweep_qpu_v113/samples/4jsz_Kdist4.5_Kmono13.0/psweep112_20260319_134243/result.json
4jsz,4jsz_Kdist4.5_Kmono14.0,psweep112_20260319_134243,4.5,14.0,ok,2.1368545012578646,1000,1000,1000,0,0.0,1.0,0.0,0.2151736,0.18056,Advantage2_system1.13,2669,29,./penalty_sweep_qpu_v113/samples/4jsz_Kdist4.5_Kmono14.0/psweep112_20260319_134243/4jsz_ligand_report.csv,./penalty_sweep_qpu_v113/samples/4jsz_Kdist4.5_Kmono14.0/psweep112_20260319_134243/4jsz_ligand_samples.json,./penalty_sweep_qpu_v113/samples/4jsz_Kdist4.5_Kmono14.0/psweep112_20260319_134243/result.json
4jsz,4jsz_Kdist4.5_Kmono15.0,psweep112_20260319_134243,4.5,15.0,ok,1.519105241873316,1000,1000,1000,16,0.016,1.0,0.016,0.21848920000000002,0.18388,Advantage2_system1.13,2484,26,./penalty_sweep_qpu_v113/samples/4jsz_Kdist4.5_Kmono15.0/psweep112_20260319_134243/4jsz_ligand_report.csv,./penalty_sweep_qpu_v113/samples/4jsz_Kdist4.5_Kmono15.0/psweep112_20260319_134243/4jsz_ligand_samples.json,./penalty_sweep_qpu_v113/samples/4jsz_Kdist4.5_Kmono15.0/psweep112_20260319_134243/result.json
4jsz,4jsz_Kdist4.5_Kmono16.0,psweep112_20260319_134243,4.5,16.0,ok,2.648614616639823,1000,1000,1000,0,0.0,1.0,0.0,0.2140832,0.17948,Advantage2_system1.13,2389,26,./penalty_sweep_qpu_v113/samples/4jsz_Kdist4.5_Kmono16.0/psweep112_20260319_134243/4jsz_ligand_report.csv,./penalty_sweep_qpu_v113/samples/4jsz_Kdist4.5_Kmono16.0/psweep112_20260319_134243/4jsz_ligand_samples.json,./penalty_sweep_qpu_v113/samples/4jsz_Kdist4.5_Kmono16.0/psweep112_20260319_134243/result.json
4jsz,4jsz_Kdist4.5_Kmono17.0,psweep112_20260319_134243,4.5,17.0,ok,1.5636677078453773,1000,1000,1000,15,0.015,1.0,0.015,0.20920239999999998,0.1746,Advantage2_system1.13,2386,26,./penalty_sweep_qpu_v113/samples/4jsz_Kdist4.5_Kmono17.0/psweep112_20260319_134243/4jsz_ligand_report.csv,./penalty_sweep_qpu_v113/samples/4jsz_Kdist4.5_Kmono17.0/psweep112_20260319_134243/4jsz_ligand_samples.json,./penalty_sweep_qpu_v113/samples/4jsz_Kdist4.5_Kmono17.0/psweep112_20260319_134243/result.json
4jsz,4jsz_Kdist4.5_Kmono18.0,psweep112_20260319_134243,4.5,18.0,ok,4.211671925827603,1000,1000,1000,0,0.0,1.0,0.0,0.2172384,0.18262,Advantage2_system1.13,2811,30,./penalty_sweep_qpu_v113/samples/4jsz_Kdist4.5_Kmono18.0/psweep112_20260319_134243/4jsz_ligand_report.csv,./penalty_sweep_qpu_v113/samples/4jsz_Kdist4.5_Kmono18.0/psweep112_20260319_134243/4jsz_ligand_samples.json,./penalty_sweep_qpu_v113/samples/4jsz_Kdist4.5_Kmono18.0/psweep112_20260319_134243/result.json
4jsz,4jsz_Kdist4.5_Kmono19.0,psweep112_20260319_134243,4.5,19.0,ok,2.683144394657031,1000,1000,1000,0,0.0,1.0,0.0,0.2105836,0.17598,Advantage2_system1.13,2469,25,./penalty_sweep_qpu_v113/samples/4jsz_Kdist4.5_Kmono19.0/psweep112_20260319_134243/4jsz_ligand_report.csv,./penalty_sweep_qpu_v113/samples/4jsz_Kdist4.5_Kmono19.0/psweep112_20260319_134243/4jsz_ligand_samples.json,./penalty_sweep_qpu_v113/samples/4jsz_Kdist4.5_Kmono19.0/psweep112_20260319_134243/result.json
4jsz,4jsz_Kdist4.5_Kmono20.0,psweep112_20260319_134243,4.5,20.0,ok,2.1181750004616053,1000,1000,1000,0,0.0,1.0,0.0,0.2150908,0.18048,Advantage2_system1.13,2856,31,./penalty_sweep_qpu_v113/samples/4jsz_Kdist4.5_Kmono20.0/psweep112_20260319_134243/4jsz_ligand_report.csv,./penalty_sweep_qpu_v113/samples/4jsz_Kdist4.5_Kmono20.0/psweep112_20260319_134243/4jsz_ligand_samples.json,./penalty_sweep_qpu_v113/samples/4jsz_Kdist4.5_Kmono20.0/psweep112_20260319_134243/result.json
4jsz,4jsz_Kdist5.0_Kmono1.0,psweep112_20260319_134243,5.0,1.0,ok,3.691847523957624,1000,1000,1000,0,0.0,1.0,0.0,0.2133108,0.1787,Advantage2_system1.13,2530,26,./penalty_sweep_qpu_v113/samples/4jsz_Kdist5.0_Kmono1.0/psweep112_20260319_134243/4jsz_ligand_report.csv,./penalty_sweep_qpu_v113/samples/4jsz_Kdist5.0_Kmono1.0/psweep112_20260319_134243/4jsz_ligand_samples.json,./penalty_sweep_qpu_v113/samples/4jsz_Kdist5.0_Kmono1.0/psweep112_20260319_134243/result.json
4jsz,4jsz_Kdist5.0_Kmono2.0,psweep112_20260319_134243,5.0,2.0,ok,1.6688345646986382,1000,1000,1000,1,0.001,1.0,0.001,0.21550439999999998,0.18088,Advantage2_system1.13,2982,33,./penalty_sweep_qpu_v113/samples/4jsz_Kdist5.0_Kmono2.0/psweep112_20260319_134243/4jsz_ligand_report.csv,./penalty_sweep_qpu_v113/samples/4jsz_Kdist5.0_Kmono2.0/psweep112_20260319_134243/4jsz_ligand_samples.json,./penalty_sweep_qpu_v113/samples/4jsz_Kdist5.0_Kmono2.0/psweep112_20260319_134243/result.json
4jsz,4jsz_Kdist5.0_Kmono3.0,psweep112_20260319_134243,5.0,3.0,ok,1.6956685761972865,1000,1000,1000,13,0.013,1.0,0.013,0.2137676,0.17916,Advantage2_system1.13,2265,23,./penalty_sweep_qpu_v113/samples/4jsz_Kdist5.0_Kmono3.0/psweep112_20260319_134243/4jsz_ligand_report.csv,./penalty_sweep_qpu_v113/samples/4jsz_Kdist5.0_Kmono3.0/psweep112_20260319_134243/4jsz_ligand_samples.json,./penalty_sweep_qpu_v113/samples/4jsz_Kdist5.0_Kmono3.0/psweep112_20260319_134243/result.json
4jsz,4jsz_Kdist5.0_Kmono4.0,psweep112_20260319_134243,5.0,4.0,ok,1.5162580052920578,1000,1000,1000,30,0.03,1.0,0.03,0.211668,0.17706,Advantage2_system1.13,2799,32,./penalty_sweep_qpu_v113/samples/4jsz_Kdist5.0_Kmono4.0/psweep112_20260319_134243/4jsz_ligand_report.csv,./penalty_sweep_qpu_v113/samples/4jsz_Kdist5.0_Kmono4.0/psweep112_20260319_134243/4jsz_ligand_samples.json,./penalty_sweep_qpu_v113/samples/4jsz_Kdist5.0_Kmono4.0/psweep112_20260319_134243/result.json
4jsz,4jsz_Kdist5.0_Kmono5.0,psweep112_20260319_134243,5.0,5.0,ok,1.206473162210529,1000,1000,1000,938,0.938,1.0,0.938,0.21454720000000002,0.17994,Advantage2_system1.13,2379,25,./penalty_sweep_qpu_v113/samples/4jsz_Kdist5.0_Kmono5.0/psweep112_20260319_134243/4jsz_ligand_report.csv,./penalty_sweep_qpu_v113/samples/4jsz_Kdist5.0_Kmono5.0/psweep112_20260319_134243/4jsz_ligand_samples.json,./penalty_sweep_qpu_v113/samples/4jsz_Kdist5.0_Kmono5.0/psweep112_20260319_134243/result.json
4jsz,4jsz_Kdist5.0_Kmono6.0,psweep112_20260319_134243,5.0,6.0,ok,2.879458731260882,1000,1000,1000,0,0.0,1.0,0.0,0.209664,0.17506,Advantage2_system1.13,2582,28,./penalty_sweep_qpu_v113/samples/4jsz_Kdist5.0_Kmono6.0/psweep112_20260319_134243/4jsz_ligand_report.csv,./penalty_sweep_qpu_v113/samples/4jsz_Kdist5.0_Kmono6.0/psweep112_20260319_134243/4jsz_ligand_samples.json,./penalty_sweep_qpu_v113/samples/4jsz_Kdist5.0_Kmono6.0/psweep112_20260319_134243/result.json
4jsz,4jsz_Kdist5.0_Kmono7.0,psweep112_20260319_134243,5.0,7.0,ok,3.7607959178779957,1000,1000,1000,0,0.0,1.0,0.0,0.215806,0.1812,Advantage2_system1.13,2499,26,./penalty_sweep_qpu_v113/samples/4jsz_Kdist5.0_Kmono7.0/psweep112_20260319_134243/4jsz_ligand_report.csv,./penalty_sweep_qpu_v113/samples/4jsz_Kdist5.0_Kmono7.0/psweep112_20260319_134243/4jsz_ligand_samples.json,./penalty_sweep_qpu_v113/samples/4jsz_Kdist5.0_Kmono7.0/psweep112_20260319_134243/result.json
4jsz,4jsz_Kdist5.0_Kmono8.0,psweep112_20260319_134243,5.0,8.0,ok,2.5447405456332306,1000,1000,1000,0,0.0,1.0,0.0,0.2104396,0.17584,Advantage2_system1.13,2434,26,./penalty_sweep_qpu_v113/samples/4jsz_Kdist5.0_Kmono8.0/psweep112_20260319_134243/4jsz_ligand_report.csv,./penalty_sweep_qpu_v113/samples/4jsz_Kdist5.0_Kmono8.0/psweep112_20260319_134243/4jsz_ligand_samples.json,./penalty_sweep_qpu_v113/samples/4jsz_Kdist5.0_Kmono8.0/psweep112_20260319_134243/result.json
4jsz,4jsz_Kdist5.0_Kmono9.0,psweep112_20260319_134243,5.0,9.0,ok,1.7651608255349116,1000,1000,1000,37,0.037,1.0,0.037,0.2112788,0.17666,Advantage2_system1.13,2524,27,./penalty_sweep_qpu_v113/samples/4jsz_Kdist5.0_Kmono9.0/psweep112_20260319_134243/4jsz_ligand_report.csv,./penalty_sweep_qpu_v113/samples/4jsz_Kdist5.0_Kmono9.0/psweep112_20260319_134243/4jsz_ligand_samples.json,./penalty_sweep_qpu_v113/samples/4jsz_Kdist5.0_Kmono9.0/psweep112_20260319_134243/result.json
4jsz,4jsz_Kdist5.0_Kmono10.0,psweep112_20260319_134243,5.0,10.0,ok,1.5307771212096404,1000,1000,1000,17,0.017,1.0,0.017,0.2140912,0.17948,Advantage2_system1.13,2495,26,./penalty_sweep_qpu_v113/samples/4jsz_Kdist5.0_Kmono10.0/psweep112_20260319_134243/4jsz_ligand_report.csv,./penalty_sweep_qpu_v113/samples/4jsz_Kdist5.0_Kmono10.0/psweep112_20260319_134243/4jsz_ligand_samples.json,./penalty_sweep_qpu_v113/samples/4jsz_Kdist5.0_Kmono10.0/psweep112_20260319_134243/result.json
4jsz,4jsz_Kdist5.0_Kmono11.0,psweep112_20260319_134243,5.0,11.0,ok,2.9466263170733797,1000,1000,1000,0,0.0,1.0,0.0,0.2089896,0.17438,Advantage2_system1.13,2292,25,./penalty_sweep_qpu_v113/samples/4jsz_Kdist5.0_Kmono11.0/psweep112_20260319_134243/4jsz_ligand_report.csv,./penalty_sweep_qpu_v113/samples/4jsz_Kdist5.0_Kmono11.0/psweep112_20260319_134243/4jsz_ligand_samples.json,./penalty_sweep_qpu_v113/samples/4jsz_Kdist5.0_Kmono11.0/psweep112_20260319_134243/result.json
4jsz,4jsz_Kdist5.0_Kmono12.0,psweep112_20260319_134243,5.0,12.0,ok,1.9995772391962692,1000,1000,1000,1,0.001,1.0,0.001,0.21181439999999999,0.1772,Advantage2_system1.13,2620,27,./penalty_sweep_qpu_v113/samples/4jsz_Kdist5.0_Kmono12.0/psweep112_20260319_134243/4jsz_ligand_report.csv,./penalty_sweep_qpu_v113/samples/4jsz_Kdist5.0_Kmono12.0/psweep112_20260319_134243/4jsz_ligand_samples.json,./penalty_sweep_qpu_v113/samples/4jsz_Kdist5.0_Kmono12.0/psweep112_20260319_134243/result.json
4jsz,4jsz_Kdist5.0_Kmono13.0,psweep112_20260319_134243,5.0,13.0,ok,2.024033563288843,1000,1000,1000,0,0.0,1.0,0.0,0.2188828,0.18428,Advantage2_system1.13,2538,27,./penalty_sweep_qpu_v113/samples/4jsz_Kdist5.0_Kmono13.0/psweep112_20260319_134243/4jsz_ligand_report.csv,./penalty_sweep_qpu_v113/samples/4jsz_Kdist5.0_Kmono13.0/psweep112_20260319_134243/4jsz_ligand_samples.json,./penalty_sweep_qpu_v113/samples/4jsz_Kdist5.0_Kmono13.0/psweep112_20260319_134243/result.json
4jsz,4jsz_Kdist5.0_Kmono14.0,psweep112_20260319_134243,5.0,14.0,ok,2.8317376473506757,1000,1000,1000,0,0.0,1.0,0.0,0.2144116,0.1798,Advantage2_system1.13,2527,26,./penalty_sweep_qpu_v113/samples/4jsz_Kdist5.0_Kmono14.0/psweep112_20260319_134243/4jsz_ligand_report.csv,./penalty_sweep_qpu_v113/samples/4jsz_Kdist5.0_Kmono14.0/psweep112_20260319_134243/4jsz_ligand_samples.json,./penalty_sweep_qpu_v113/samples/4jsz_Kdist5.0_Kmono14.0/psweep112_20260319_134243/result.json
4jsz,4jsz_Kdist5.0_Kmono15.0,psweep112_20260319_134243,5.0,15.0,ok,1.1988003504875864,1000,1000,1000,9,0.009,1.0,0.009,0.2178516,0.18324,Advantage2_system1.13,2779,32,./penalty_sweep_qpu_v113/samples/4jsz_Kdist5.0_Kmono15.0/psweep112_20260319_134243/4jsz_ligand_report.csv,./penalty_sweep_qpu_v113/samples/4jsz_Kdist5.0_Kmono15.0/psweep112_20260319_134243/4jsz_ligand_samples.json,./penalty_sweep_qpu_v113/samples/4jsz_Kdist5.0_Kmono15.0/psweep112_20260319_134243/result.json
4jsz,4jsz_Kdist5.0_Kmono16.0,psweep112_20260319_134243,5.0,16.0,ok,1.8500249271818827,1000,1000,1000,3,0.003,1.0,0.003,0.210762,0.17616,Advantage2_system1.13,2475,25,./penalty_sweep_qpu_v113/samples/4jsz_Kdist5.0_Kmono16.0/psweep112_20260319_134243/4jsz_ligand_report.csv,./penalty_sweep_qpu_v113/samples/4jsz_Kdist5.0_Kmono16.0/psweep112_20260319_134243/4jsz_ligand_samples.json,./penalty_sweep_qpu_v113/samples/4jsz_Kdist5.0_Kmono16.0/psweep112_20260319_134243/result.json
4jsz,4jsz_Kdist5.0_Kmono17.0,psweep112_20260319_134243,5.0,17.0,ok,1.9449855075079907,1000,1000,1000,1,0.001,1.0,0.001,0.2178888,0.18328,Advantage2_system1.13,2757,33,./penalty_sweep_qpu_v113/samples/4jsz_Kdist5.0_Kmono17.0/psweep112_20260319_134243/4jsz_ligand_report.csv,./penalty_sweep_qpu_v113/samples/4jsz_Kdist5.0_Kmono17.0/psweep112_20260319_134243/4jsz_ligand_samples.json,./penalty_sweep_qpu_v113/samples/4jsz_Kdist5.0_Kmono17.0/psweep112_20260319_134243/result.json
4jsz,4jsz_Kdist5.0_Kmono18.0,psweep112_20260319_134243,5.0,18.0,ok,0.6757489753233161,1000,1000,1000,12,0.012,1.0,0.012,0.2158572,0.18124,Advantage2_system1.13,2885,31,./penalty_sweep_qpu_v113/samples/4jsz_Kdist5.0_Kmono18.0/psweep112_20260319_134243/4jsz_ligand_report.csv,./penalty_sweep_qpu_v113/samples/4jsz_Kdist5.0_Kmono18.0/psweep112_20260319_134243/4jsz_ligand_samples.json,./penalty_sweep_qpu_v113/samples/4jsz_Kdist5.0_Kmono18.0/psweep112_20260319_134243/result.json
4jsz,4jsz_Kdist5.0_Kmono19.0,psweep112_20260319_134243,5.0,19.0,ok,0.9935598067948375,1000,1000,1000,242,0.242,1.0,0.242,0.2104836,0.17588,Advantage2_system1.13,2766,29,./penalty_sweep_qpu_v113/samples/4jsz_Kdist5.0_Kmono19.0/psweep112_20260319_134243/4jsz_ligand_report.csv,./penalty_sweep_qpu_v113/samples/4jsz_Kdist5.0_Kmono19.0/psweep112_20260319_134243/4jsz_ligand_samples.json,./penalty_sweep_qpu_v113/samples/4jsz_Kdist5.0_Kmono19.0/psweep112_20260319_134243/result.json
4jsz,4jsz_Kdist5.0_Kmono20.0,psweep112_20260319_134243,5.0,20.0,ok,2.220581699738047,1000,1000,1000,0,0.0,1.0,0.0,0.2107628,0.17616,Advantage2_system1.13,2374,26,./penalty_sweep_qpu_v113/samples/4jsz_Kdist5.0_Kmono20.0/psweep112_20260319_134243/4jsz_ligand_report.csv,./penalty_sweep_qpu_v113/samples/4jsz_Kdist5.0_Kmono20.0/psweep112_20260319_134243/4jsz_ligand_samples.json,./penalty_sweep_qpu_v113/samples/4jsz_Kdist5.0_Kmono20.0/psweep112_20260319_134243/result.json
4jsz,4jsz_Kdist5.5_Kmono1.0,psweep112_20260319_134243,5.5,1.0,ok,2.296454893721418,1000,1000,1000,0,0.0,1.0,0.0,0.2090304,0.17442,Advantage2_system1.13,2422,25,./penalty_sweep_qpu_v113/samples/4jsz_Kdist5.5_Kmono1.0/psweep112_20260319_134243/4jsz_ligand_report.csv,./penalty_sweep_qpu_v113/samples/4jsz_Kdist5.5_Kmono1.0/psweep112_20260319_134243/4jsz_ligand_samples.json,./penalty_sweep_qpu_v113/samples/4jsz_Kdist5.5_Kmono1.0/psweep112_20260319_134243/result.json
4jsz,4jsz_Kdist5.5_Kmono2.0,psweep112_20260319_134243,5.5,2.0,ok,1.6225684085025733,1000,1000,1000,27,0.027,1.0,0.027,0.212312,0.1777,Advantage2_system1.13,2508,29,./penalty_sweep_qpu_v113/samples/4jsz_Kdist5.5_Kmono2.0/psweep112_20260319_134243/4jsz_ligand_report.csv,./penalty_sweep_qpu_v113/samples/4jsz_Kdist5.5_Kmono2.0/psweep112_20260319_134243/4jsz_ligand_samples.json,./penalty_sweep_qpu_v113/samples/4jsz_Kdist5.5_Kmono2.0/psweep112_20260319_134243/result.json
4jsz,4jsz_Kdist5.5_Kmono3.0,psweep112_20260319_134243,5.5,3.0,ok,1.8077554613956153,1000,1000,1000,3,0.003,1.0,0.003,0.2107012,0.1761,Advantage2_system1.13,2474,27,./penalty_sweep_qpu_v113/samples/4jsz_Kdist5.5_Kmono3.0/psweep112_20260319_134243/4jsz_ligand_report.csv,./penalty_sweep_qpu_v113/samples/4jsz_Kdist5.5_Kmono3.0/psweep112_20260319_134243/4jsz_ligand_samples.json,./penalty_sweep_qpu_v113/samples/4jsz_Kdist5.5_Kmono3.0/psweep112_20260319_134243/result.json
4jsz,4jsz_Kdist5.5_Kmono4.0,psweep112_20260319_134243,5.5,4.0,ok,1.7565597590293485,1000,1000,1000,64,0.064,1.0,0.064,0.21748720000000002,0.18288,Advantage2_system1.13,2425,27,./penalty_sweep_qpu_v113/samples/4jsz_Kdist5.5_Kmono4.0/psweep112_20260319_134243/4jsz_ligand_report.csv,./penalty_sweep_qpu_v113/samples/4jsz_Kdist5.5_Kmono4.0/psweep112_20260319_134243/4jsz_ligand_samples.json,./penalty_sweep_qpu_v113/samples/4jsz_Kdist5.5_Kmono4.0/psweep112_20260319_134243/result.json
4jsz,4jsz_Kdist5.5_Kmono5.0,psweep112_20260319_134243,5.5,5.0,ok,1.4357994531409657,1000,1000,1000,13,0.013,1.0,0.013,0.2153588,0.18074,Advantage2_system1.13,2755,28,./penalty_sweep_qpu_v113/samples/4jsz_Kdist5.5_Kmono5.0/psweep112_20260319_134243/4jsz_ligand_report.csv,./penalty_sweep_qpu_v113/samples/4jsz_Kdist5.5_Kmono5.0/psweep112_20260319_134243/4jsz_ligand_samples.json,./penalty_sweep_qpu_v113/samples/4jsz_Kdist5.5_Kmono5.0/psweep112_20260319_134243/result.json
4jsz,4jsz_Kdist5.5_Kmono6.0,psweep112_20260319_134243,5.5,6.0,ok,1.3680282529474863,1000,1000,1000,16,0.016,1.0,0.016,0.21167560000000002,0.17706,Advantage2_system1.13,2536,27,./penalty_sweep_qpu_v113/samples/4jsz_Kdist5.5_Kmono6.0/psweep112_20260319_134243/4jsz_ligand_report.csv,./penalty_sweep_qpu_v113/samples/4jsz_Kdist5.5_Kmono6.0/psweep112_20260319_134243/4jsz_ligand_samples.json,./penalty_sweep_qpu_v113/samples/4jsz_Kdist5.5_Kmono6.0/psweep112_20260319_134243/result.json
4jsz,4jsz_Kdist5.5_Kmono7.0,psweep112_20260319_134243,5.5,7.0,ok,1.4612327589734135,1000,1000,1000,540,0.54,1.0,0.54,0.2094104,0.1748,Advantage2_system1.13,2390,26,./penalty_sweep_qpu_v113/samples/4jsz_Kdist5.5_Kmono7.0/psweep112_20260319_134243/4jsz_ligand_report.csv,./penalty_sweep_qpu_v113/samples/4jsz_Kdist5.5_Kmono7.0/psweep112_20260319_134243/4jsz_ligand_samples.json,./penalty_sweep_qpu_v113/samples/4jsz_Kdist5.5_Kmono7.0/psweep112_20260319_134243/result.json
4jsz,4jsz_Kdist5.5_Kmono8.0,psweep112_20260319_134243,5.5,8.0,ok,4.135491417763411,1000,1000,1000,0,0.0,1.0,0.0,0.2122704,0.17766,Advantage2_system1.13,2450,27,./penalty_sweep_qpu_v113/samples/4jsz_Kdist5.5_Kmono8.0/psweep112_20260319_134243/4jsz_ligand_report.csv,./penalty_sweep_qpu_v113/samples/4jsz_Kdist5.5_Kmono8.0/psweep112_20260319_134243/4jsz_ligand_samples.json,./penalty_sweep_qpu_v113/samples/4jsz_Kdist5.5_Kmono8.0/psweep112_20260319_134243/result.json
4jsz,4jsz_Kdist5.5_Kmono9.0,psweep112_20260319_134243,5.5,9.0,ok,2.0836767466856103,1000,1000,1000,0,0.0,1.0,0.0,0.209704,0.1751,Advantage2_system1.13,2490,27,./penalty_sweep_qpu_v113/samples/4jsz_Kdist5.5_Kmono9.0/psweep112_20260319_134243/4jsz_ligand_report.csv,./penalty_sweep_qpu_v113/samples/4jsz_Kdist5.5_Kmono9.0/psweep112_20260319_134243/4jsz_ligand_samples.json,./penalty_sweep_qpu_v113/samples/4jsz_Kdist5.5_Kmono9.0/psweep112_20260319_134243/result.json
4jsz,4jsz_Kdist5.5_Kmono10.0,psweep112_20260319_134243,5.5,10.0,ok,2.5609988278344664,1000,1000,1000,0,0.0,1.0,0.0,0.2169408,0.18234,Advantage2_system1.13,2254,23,./penalty_sweep_qpu_v113/samples/4jsz_Kdist5.5_Kmono10.0/psweep112_20260319_134243/4jsz_ligand_report.csv,./penalty_sweep_qpu_v113/samples/4jsz_Kdist5.5_Kmono10.0/psweep112_20260319_134243/4jsz_ligand_samples.json,./penalty_sweep_qpu_v113/samples/4jsz_Kdist5.5_Kmono10.0/psweep112_20260319_134243/result.json
4jsz,4jsz_Kdist5.5_Kmono11.0,psweep112_20260319_134243,5.5,11.0,ok,2.0339299481827604,1000,1000,1000,0,0.0,1.0,0.0,0.2138108,0.1792,Advantage2_system1.13,2570,27,./penalty_sweep_qpu_v113/samples/4jsz_Kdist5.5_Kmono11.0/psweep112_20260319_134243/4jsz_ligand_report.csv,./penalty_sweep_qpu_v113/samples/4jsz_Kdist5.5_Kmono11.0/psweep112_20260319_134243/4jsz_ligand_samples.json,./penalty_sweep_qpu_v113/samples/4jsz_Kdist5.5_Kmono11.0/psweep112_20260319_134243/result.json
4jsz,4jsz_Kdist5.5_Kmono12.0,psweep112_20260319_134243,5.5,12.0,ok,2.913764976083237,1000,1000,1000,0,0.0,1.0,0.0,0.2136224,0.17902,Advantage2_system1.13,2451,24,./penalty_sweep_qpu_v113/samples/4jsz_Kdist5.5_Kmono12.0/psweep112_20260319_134243/4jsz_ligand_report.csv,./penalty_sweep_qpu_v113/samples/4jsz_Kdist5.5_Kmono12.0/psweep112_20260319_134243/4jsz_ligand_samples.json,./penalty_sweep_qpu_v113/samples/4jsz_Kdist5.5_Kmono12.0/psweep112_20260319_134243/result.json
4jsz,4jsz_Kdist5.5_Kmono13.0,psweep112_20260319_134243,5.5,13.0,ok,2.7821903802789527,1000,1000,1000,0,0.0,1.0,0.0,0.2099872,0.17538,Advantage2_system1.13,2525,27,./penalty_sweep_qpu_v113/samples/4jsz_Kdist5.5_Kmono13.0/psweep112_20260319_134243/4jsz_ligand_report.csv,./penalty_sweep_qpu_v113/samples/4jsz_Kdist5.5_Kmono13.0/psweep112_20260319_134243/4jsz_ligand_samples.json,./penalty_sweep_qpu_v113/samples/4jsz_Kdist5.5_Kmono13.0/psweep112_20260319_134243/result.json
4jsz,4jsz_Kdist5.5_Kmono14.0,psweep112_20260319_134243,5.5,14.0,ok,3.685420491929585,1000,1000,1000,0,0.0,1.0,0.0,0.2047652,0.17016,Advantage2_system1.13,2504,26,./penalty_sweep_qpu_v113/samples/4jsz_Kdist5.5_Kmono14.0/psweep112_20260319_134243/4jsz_ligand_report.csv,./penalty_sweep_qpu_v113/samples/4jsz_Kdist5.5_Kmono14.0/psweep112_20260319_134243/4jsz_ligand_samples.json,./penalty_sweep_qpu_v113/samples/4jsz_Kdist5.5_Kmono14.0/psweep112_20260319_134243/result.json
4jsz,4jsz_Kdist5.5_Kmono15.0,psweep112_20260319_134243,5.5,15.0,ok,1.5415888498598929,1000,1000,1000,6,0.006,1.0,0.006,0.212268,0.17766,Advantage2_system1.13,2381,24,./penalty_sweep_qpu_v113/samples/4jsz_Kdist5.5_Kmono15.0/psweep112_20260319_134243/4jsz_ligand_report.csv,./penalty_sweep_qpu_v113/samples/4jsz_Kdist5.5_Kmono15.0/psweep112_20260319_134243/4jsz_ligand_samples.json,./penalty_sweep_qpu_v113/samples/4jsz_Kdist5.5_Kmono15.0/psweep112_20260319_134243/result.json
4jsz,4jsz_Kdist5.5_Kmono16.0,psweep112_20260319_134243,5.5,16.0,ok,2.5821428140862595,1000,1000,1000,0,0.0,1.0,0.0,0.2094456,0.17484,Advantage2_system1.13,2339,25,./penalty_sweep_qpu_v113/samples/4jsz_Kdist5.5_Kmono16.0/psweep112_20260319_134243/4jsz_ligand_report.csv,./penalty_sweep_qpu_v113/samples/4jsz_Kdist5.5_Kmono16.0/psweep112_20260319_134243/4jsz_ligand_samples.json,./penalty_sweep_qpu_v113/samples/4jsz_Kdist5.5_Kmono16.0/psweep112_20260319_134243/result.json
4jsz,4jsz_Kdist5.5_Kmono17.0,psweep112_20260319_134243,5.5,17.0,ok,2.7165629635292627,1000,1000,1000,0,0.0,1.0,0.0,0.2173864,0.18278,Advantage2_system1.13,2473,25,./penalty_sweep_qpu_v113/samples/4jsz_Kdist5.5_Kmono17.0/psweep112_20260319_134243/4jsz_ligand_report.csv,./penalty_sweep_qpu_v113/samples/4jsz_Kdist5.5_Kmono17.0/psweep112_20260319_134243/4jsz_ligand_samples.json,./penalty_sweep_qpu_v113/samples/4jsz_Kdist5.5_Kmono17.0/psweep112_20260319_134243/result.json
4jsz,4jsz_Kdist5.5_Kmono18.0,psweep112_20260319_134243,5.5,18.0,ok,1.2872519637063113,1000,1000,1000,63,0.063,1.0,0.063,0.214444,0.17984,Advantage2_system1.13,2609,27,./penalty_sweep_qpu_v113/samples/4jsz_Kdist5.5_Kmono18.0/psweep112_20260319_134243/4jsz_ligand_report.csv,./penalty_sweep_qpu_v113/samples/4jsz_Kdist5.5_Kmono18.0/psweep112_20260319_134243/4jsz_ligand_samples.json,./penalty_sweep_qpu_v113/samples/4jsz_Kdist5.5_Kmono18.0/psweep112_20260319_134243/result.json
4jsz,4jsz_Kdist5.5_Kmono19.0,psweep112_20260319_134243,5.5,19.0,ok,2.181081329633327,1000,1000,1000,0,0.0,1.0,0.0,0.2115276,0.17692,Advantage2_system1.13,2390,26,./penalty_sweep_qpu_v113/samples/4jsz_Kdist5.5_Kmono19.0/psweep112_20260319_134243/4jsz_ligand_report.csv,./penalty_sweep_qpu_v113/samples/4jsz_Kdist5.5_Kmono19.0/psweep112_20260319_134243/4jsz_ligand_samples.json,./penalty_sweep_qpu_v113/samples/4jsz_Kdist5.5_Kmono19.0/psweep112_20260319_134243/result.json
4jsz,4jsz_Kdist5.5_Kmono20.0,psweep112_20260319_134243,5.5,20.0,ok,1.4702860337196153,1000,1000,1000,19,0.019,1.0,0.019,0.2144512,0.17984,Advantage2_system1.13,2741,30,./penalty_sweep_qpu_v113/samples/4jsz_Kdist5.5_Kmono20.0/psweep112_20260319_134243/4jsz_ligand_report.csv,./penalty_sweep_qpu_v113/samples/4jsz_Kdist5.5_Kmono20.0/psweep112_20260319_134243/4jsz_ligand_samples.json,./penalty_sweep_qpu_v113/samples/4jsz_Kdist5.5_Kmono20.0/psweep112_20260319_134243/result.json
4jsz,4jsz_Kdist6.0_Kmono1.0,psweep112_20260319_134243,6.0,1.0,ok,2.8052225697230972,1000,1000,1000,0,0.0,1.0,0.0,0.2138176,0.1792,Advantage2_system1.13,2619,27,./penalty_sweep_qpu_v113/samples/4jsz_Kdist6.0_Kmono1.0/psweep112_20260319_134243/4jsz_ligand_report.csv,./penalty_sweep_qpu_v113/samples/4jsz_Kdist6.0_Kmono1.0/psweep112_20260319_134243/4jsz_ligand_samples.json,./penalty_sweep_qpu_v113/samples/4jsz_Kdist6.0_Kmono1.0/psweep112_20260319_134243/result.json
4jsz,4jsz_Kdist6.0_Kmono2.0,psweep112_20260319_134243,6.0,2.0,ok,2.9521760106130692,1000,1000,1000,0,0.0,1.0,0.0,0.2068428,0.17224,Advantage2_system1.13,2435,26,./penalty_sweep_qpu_v113/samples/4jsz_Kdist6.0_Kmono2.0/psweep112_20260319_134243/4jsz_ligand_report.csv,./penalty_sweep_qpu_v113/samples/4jsz_Kdist6.0_Kmono2.0/psweep112_20260319_134243/4jsz_ligand_samples.json,./penalty_sweep_qpu_v113/samples/4jsz_Kdist6.0_Kmono2.0/psweep112_20260319_134243/result.json
4jsz,4jsz_Kdist6.0_Kmono3.0,psweep112_20260319_134243,6.0,3.0,ok,2.311503372881671,1000,1000,1000,0,0.0,1.0,0.0,0.2148048,0.1802,Advantage2_system1.13,2560,29,./penalty_sweep_qpu_v113/samples/4jsz_Kdist6.0_Kmono3.0/psweep112_20260319_134243/4jsz_ligand_report.csv,./penalty_sweep_qpu_v113/samples/4jsz_Kdist6.0_Kmono3.0/psweep112_20260319_134243/4jsz_ligand_samples.json,./penalty_sweep_qpu_v113/samples/4jsz_Kdist6.0_Kmono3.0/psweep112_20260319_134243/result.json
4jsz,4jsz_Kdist6.0_Kmono4.0,psweep112_20260319_134243,6.0,4.0,ok,2.1035119824829596,1000,1000,1000,0,0.0,1.0,0.0,0.2125256,0.17792,Advantage2_system1.13,2321,25,./penalty_sweep_qpu_v113/samples/4jsz_Kdist6.0_Kmono4.0/psweep112_20260319_134243/4jsz_ligand_report.csv,./penalty_sweep_qpu_v113/samples/4jsz_Kdist6.0_Kmono4.0/psweep112_20260319_134243/4jsz_ligand_samples.json,./penalty_sweep_qpu_v113/samples/4jsz_Kdist6.0_Kmono4.0/psweep112_20260319_134243/result.json
4jsz,4jsz_Kdist6.0_Kmono5.0,psweep112_20260319_134243,6.0,5.0,ok,2.283872721307945,1000,1000,1000,0,0.0,1.0,0.0,0.2123176,0.1777,Advantage2_system1.13,2599,29,./penalty_sweep_qpu_v113/samples/4jsz_Kdist6.0_Kmono5.0/psweep112_20260319_134243/4jsz_ligand_report.csv,./penalty_sweep_qpu_v113/samples/4jsz_Kdist6.0_Kmono5.0/psweep112_20260319_134243/4jsz_ligand_samples.json,./penalty_sweep_qpu_v113/samples/4jsz_Kdist6.0_Kmono5.0/psweep112_20260319_134243/result.json
4jsz,4jsz_Kdist6.0_Kmono6.0,psweep112_20260319_134243,6.0,6.0,ok,1.3082454531761876,1000,1000,1000,145,0.145,1.0,0.145,0.2159488,0.18134,Advantage2_system1.13,2622,27,./penalty_sweep_qpu_v113/samples/4jsz_Kdist6.0_Kmono6.0/psweep112_20260319_134243/4jsz_ligand_report.csv,./penalty_sweep_qpu_v113/samples/4jsz_Kdist6.0_Kmono6.0/psweep112_20260319_134243/4jsz_ligand_samples.json,./penalty_sweep_qpu_v113/samples/4jsz_Kdist6.0_Kmono6.0/psweep112_20260319_134243/result.json
4jsz,4jsz_Kdist6.0_Kmono7.0,psweep112_20260319_134243,6.0,7.0,ok,3.180142193756452,1000,1000,1000,0,0.0,1.0,0.0,0.2115928,0.17698,Advantage2_system1.13,2554,27,./penalty_sweep_qpu_v113/samples/4jsz_Kdist6.0_Kmono7.0/psweep112_20260319_134243/4jsz_ligand_report.csv,./penalty_sweep_qpu_v113/samples/4jsz_Kdist6.0_Kmono7.0/psweep112_20260319_134243/4jsz_ligand_samples.json,./penalty_sweep_qpu_v113/samples/4jsz_Kdist6.0_Kmono7.0/psweep112_20260319_134243/result.json
4jsz,4jsz_Kdist6.0_Kmono8.0,psweep112_20260319_134243,6.0,8.0,ok,2.77650472666161,1000,1000,1000,0,0.0,1.0,0.0,0.21470679999999998,0.1801,Advantage2_system1.13,2412,26,./penalty_sweep_qpu_v113/samples/4jsz_Kdist6.0_Kmono8.0/psweep112_20260319_134243/4jsz_ligand_report.csv,./penalty_sweep_qpu_v113/samples/4jsz_Kdist6.0_Kmono8.0/psweep112_20260319_134243/4jsz_ligand_samples.json,./penalty_sweep_qpu_v113/samples/4jsz_Kdist6.0_Kmono8.0/psweep112_20260319_134243/result.json
4jsz,4jsz_Kdist6.0_Kmono9.0,psweep112_20260319_134243,6.0,9.0,ok,0.8425028207973526,1000,1000,1000,78,0.078,1.0,0.078,0.21244960000000002,0.17784,Advantage2_system1.13,2489,27,./penalty_sweep_qpu_v113/samples/4jsz_Kdist6.0_Kmono9.0/psweep112_20260319_134243/4jsz_ligand_report.csv,./penalty_sweep_qpu_v113/samples/4jsz_Kdist6.0_Kmono9.0/psweep112_20260319_134243/4jsz_ligand_samples.json,./penalty_sweep_qpu_v113/samples/4jsz_Kdist6.0_Kmono9.0/psweep112_20260319_134243/result.json
4jsz,4jsz_Kdist6.0_Kmono10.0,psweep112_20260319_134243,6.0,10.0,ok,1.7844151620914783,1000,1000,1000,47,0.047,1.0,0.047,0.21823,0.18362,Advantage2_system1.13,2667,29,./penalty_sweep_qpu_v113/samples/4jsz_Kdist6.0_Kmono10.0/psweep112_20260319_134243/4jsz_ligand_report.csv,./penalty_sweep_qpu_v113/samples/4jsz_Kdist6.0_Kmono10.0/psweep112_20260319_134243/4jsz_ligand_samples.json,./penalty_sweep_qpu_v113/samples/4jsz_Kdist6.0_Kmono10.0/psweep112_20260319_134243/result.json
4jsz,4jsz_Kdist6.0_Kmono11.0,psweep112_20260319_134243,6.0,11.0,ok,2.2077854239039767,1000,1000,1000,0,0.0,1.0,0.0,0.2084876,0.17388,Advantage2_system1.13,2340,25,./penalty_sweep_qpu_v113/samples/4jsz_Kdist6.0_Kmono11.0/psweep112_20260319_134243/4jsz_ligand_report.csv,./penalty_sweep_qpu_v113/samples/4jsz_Kdist6.0_Kmono11.0/psweep112_20260319_134243/4jsz_ligand_samples.json,./penalty_sweep_qpu_v113/samples/4jsz_Kdist6.0_Kmono11.0/psweep112_20260319_134243/result.json
4jsz,4jsz_Kdist6.0_Kmono12.0,psweep112_20260319_134243,6.0,12.0,ok,2.6350731346074627,1000,1000,1000,0,0.0,1.0,0.0,0.21177320000000002,0.17716,Advantage2_system1.13,2396,25,./penalty_sweep_qpu_v113/samples/4jsz_Kdist6.0_Kmono12.0/psweep112_20260319_134243/4jsz_ligand_report.csv,./penalty_sweep_qpu_v113/samples/4jsz_Kdist6.0_Kmono12.0/psweep112_20260319_134243/4jsz_ligand_samples.json,./penalty_sweep_qpu_v113/samples/4jsz_Kdist6.0_Kmono12.0/psweep112_20260319_134243/result.json
4jsz,4jsz_Kdist6.0_Kmono13.0,psweep112_20260319_134243,6.0,13.0,ok,3.2125950861249275,1000,1000,1000,0,0.0,1.0,0.0,0.2082676,0.17366,Advantage2_system1.13,2715,30,./penalty_sweep_qpu_v113/samples/4jsz_Kdist6.0_Kmono13.0/psweep112_20260319_134243/4jsz_ligand_report.csv,./penalty_sweep_qpu_v113/samples/4jsz_Kdist6.0_Kmono13.0/psweep112_20260319_134243/4jsz_ligand_samples.json,./penalty_sweep_qpu_v113/samples/4jsz_Kdist6.0_Kmono13.0/psweep112_20260319_134243/result.json
4jsz,4jsz_Kdist6.0_Kmono14.0,psweep112_20260319_134243,6.0,14.0,ok,2.540438597616791,1000,1000,1000,0,0.0,1.0,0.0,0.2095312,0.17492,Advantage2_system1.13,2461,27,./penalty_sweep_qpu_v113/samples/4jsz_Kdist6.0_Kmono14.0/psweep112_20260319_134243/4jsz_ligand_report.csv,./penalty_sweep_qpu_v113/samples/4jsz_Kdist6.0_Kmono14.0/psweep112_20260319_134243/4jsz_ligand_samples.json,./penalty_sweep_qpu_v113/samples/4jsz_Kdist6.0_Kmono14.0/psweep112_20260319_134243/result.json
4jsz,4jsz_Kdist6.0_Kmono15.0,psweep112_20260319_134243,6.0,15.0,ok,1.1794157479549638,1000,1000,1000,642,0.642,1.0,0.642,0.2149076,0.1803,Advantage2_system1.13,2547,28,./penalty_sweep_qpu_v113/samples/4jsz_Kdist6.0_Kmono15.0/psweep112_20260319_134243/4jsz_ligand_report.csv,./penalty_sweep_qpu_v113/samples/4jsz_Kdist6.0_Kmono15.0/psweep112_20260319_134243/4jsz_ligand_samples.json,./penalty_sweep_qpu_v113/samples/4jsz_Kdist6.0_Kmono15.0/psweep112_20260319_134243/result.json
4jsz,4jsz_Kdist6.0_Kmono16.0,psweep112_20260319_134243,6.0,16.0,ok,2.216786252894645,1000,1000,1000,0,0.0,1.0,0.0,0.209494,0.17488,Advantage2_system1.13,2421,26,./penalty_sweep_qpu_v113/samples/4jsz_Kdist6.0_Kmono16.0/psweep112_20260319_134243/4jsz_ligand_report.csv,./penalty_sweep_qpu_v113/samples/4jsz_Kdist6.0_Kmono16.0/psweep112_20260319_134243/4jsz_ligand_samples.json,./penalty_sweep_qpu_v113/samples/4jsz_Kdist6.0_Kmono16.0/psweep112_20260319_134243/result.json
4jsz,4jsz_Kdist6.0_Kmono17.0,psweep112_20260319_134243,6.0,17.0,ok,1.9597059461543826,1000,1000,1000,1,0.001,1.0,0.001,0.211914,0.1773,Advantage2_system1.13,2344,24,./penalty_sweep_qpu_v113/samples/4jsz_Kdist6.0_Kmono17.0/psweep112_20260319_134243/4jsz_ligand_report.csv,./penalty_sweep_qpu_v113/samples/4jsz_Kdist6.0_Kmono17.0/psweep112_20260319_134243/4jsz_ligand_samples.json,./penalty_sweep_qpu_v113/samples/4jsz_Kdist6.0_Kmono17.0/psweep112_20260319_134243/result.json
4jsz,4jsz_Kdist6.0_Kmono18.0,psweep112_20260319_134243,6.0,18.0,ok,2.326034549959708,1000,1000,1000,0,0.0,1.0,0.0,0.2122312,0.17762,Advantage2_system1.13,2932,32,./penalty_sweep_qpu_v113/samples/4jsz_Kdist6.0_Kmono18.0/psweep112_20260319_134243/4jsz_ligand_report.csv,./penalty_sweep_qpu_v113/samples/4jsz_Kdist6.0_Kmono18.0/psweep112_20260319_134243/4jsz_ligand_samples.json,./penalty_sweep_qpu_v113/samples/4jsz_Kdist6.0_Kmono18.0/psweep112_20260319_134243/result.json
4jsz,4jsz_Kdist6.0_Kmono19.0,psweep112_20260319_134243,6.0,19.0,ok,1.1792353888092748,1000,1000,1000,20,0.02,1.0,0.02,0.20916720000000003,0.17456,Advantage2_system1.13,2627,29,./penalty_sweep_qpu_v113/samples/4jsz_Kdist6.0_Kmono19.0/psweep112_20260319_134243/4jsz_ligand_report.csv,./penalty_sweep_qpu_v113/samples/4jsz_Kdist6.0_Kmono19.0/psweep112_20260319_134243/4jsz_ligand_samples.json,./penalty_sweep_qpu_v113/samples/4jsz_Kdist6.0_Kmono19.0/psweep112_20260319_134243/result.json
4jsz,4jsz_Kdist6.0_Kmono20.0,psweep112_20260319_134243,6.0,20.0,ok,2.138047771785608,1000,1000,1000,0,0.0,1.0,0.0,0.2163068,0.1817,Advantage2_system1.13,2395,26,./penalty_sweep_qpu_v113/samples/4jsz_Kdist6.0_Kmono20.0/psweep112_20260319_134243/4jsz_ligand_report.csv,./penalty_sweep_qpu_v113/samples/4jsz_Kdist6.0_Kmono20.0/psweep112_20260319_134243/4jsz_ligand_samples.json,./penalty_sweep_qpu_v113/samples/4jsz_Kdist6.0_Kmono20.0/psweep112_20260319_134243/result.json
4jsz,4jsz_Kdist6.5_Kmono1.0,psweep112_20260319_134243,6.5,1.0,ok,3.0444602202255875,1000,1000,1000,0,0.0,1.0,0.0,0.21317160000000002,0.17856,Advantage2_system1.13,2512,25,./penalty_sweep_qpu_v113/samples/4jsz_Kdist6.5_Kmono1.0/psweep112_20260319_134243/4jsz_ligand_report.csv,./penalty_sweep_qpu_v113/samples/4jsz_Kdist6.5_Kmono1.0/psweep112_20260319_134243/4jsz_ligand_samples.json,./penalty_sweep_qpu_v113/samples/4jsz_Kdist6.5_Kmono1.0/psweep112_20260319_134243/result.json
4jsz,4jsz_Kdist6.5_Kmono2.0,psweep112_20260319_134243,6.5,2.0,ok,3.9088265829217725,1000,1000,1000,0,0.0,1.0,0.0,0.2123884,0.17778,Advantage2_system1.13,2543,27,./penalty_sweep_qpu_v113/samples/4jsz_Kdist6.5_Kmono2.0/psweep112_20260319_134243/4jsz_ligand_report.csv,./penalty_sweep_qpu_v113/samples/4jsz_Kdist6.5_Kmono2.0/psweep112_20260319_134243/4jsz_ligand_samples.json,./penalty_sweep_qpu_v113/samples/4jsz_Kdist6.5_Kmono2.0/psweep112_20260319_134243/result.json
4jsz,4jsz_Kdist6.5_Kmono3.0,psweep112_20260319_134243,6.5,3.0,ok,1.5243390061014495,1000,1000,1000,1,0.001,1.0,0.001,0.211818,0.1772,Advantage2_system1.13,2567,26,./penalty_sweep_qpu_v113/samples/4jsz_Kdist6.5_Kmono3.0/psweep112_20260319_134243/4jsz_ligand_report.csv,./penalty_sweep_qpu_v113/samples/4jsz_Kdist6.5_Kmono3.0/psweep112_20260319_134243/4jsz_ligand_samples.json,./penalty_sweep_qpu_v113/samples/4jsz_Kdist6.5_Kmono3.0/psweep112_20260319_134243/result.json
4jsz,4jsz_Kdist6.5_Kmono4.0,psweep112_20260319_134243,6.5,4.0,ok,3.1199047047537007,1000,1000,1000,0,0.0,1.0,0.0,0.2102248,0.17562,Advantage2_system1.13,2502,26,./penalty_sweep_qpu_v113/samples/4jsz_Kdist6.5_Kmono4.0/psweep112_20260319_134243/4jsz_ligand_report.csv,./penalty_sweep_qpu_v113/samples/4jsz_Kdist6.5_Kmono4.0/psweep112_20260319_134243/4jsz_ligand_samples.json,./penalty_sweep_qpu_v113/samples/4jsz_Kdist6.5_Kmono4.0/psweep112_20260319_134243/result.json
4jsz,4jsz_Kdist6.5_Kmono5.0,psweep112_20260319_134243,6.5,5.0,ok,2.212041552320867,1000,1000,1000,0,0.0,1.0,0.0,0.21581879999999998,0.1812,Advantage2_system1.13,3024,34,./penalty_sweep_qpu_v113/samples/4jsz_Kdist6.5_Kmono5.0/psweep112_20260319_134243/4jsz_ligand_report.csv,./penalty_sweep_qpu_v113/samples/4jsz_Kdist6.5_Kmono5.0/psweep112_20260319_134243/4jsz_ligand_samples.json,./penalty_sweep_qpu_v113/samples/4jsz_Kdist6.5_Kmono5.0/psweep112_20260319_134243/result.json
4jsz,4jsz_Kdist6.5_Kmono6.0,psweep112_20260319_134243,6.5,6.0,ok,1.8460955930056036,1000,1000,1000,2,0.002,1.0,0.002,0.2144488,0.17984,Advantage2_system1.13,2624,28,./penalty_sweep_qpu_v113/samples/4jsz_Kdist6.5_Kmono6.0/psweep112_20260319_134243/4jsz_ligand_report.csv,./penalty_sweep_qpu_v113/samples/4jsz_Kdist6.5_Kmono6.0/psweep112_20260319_134243/4jsz_ligand_samples.json,./penalty_sweep_qpu_v113/samples/4jsz_Kdist6.5_Kmono6.0/psweep112_20260319_134243/result.json
4jsz,4jsz_Kdist6.5_Kmono7.0,psweep112_20260319_134243,6.5,7.0,ok,1.089911154091741,1000,1000,1000,132,0.132,1.0,0.132,0.21077520000000002,0.17616,Advantage2_system1.13,2435,26,./penalty_sweep_qpu_v113/samples/4jsz_Kdist6.5_Kmono7.0/psweep112_20260319_134243/4jsz_ligand_report.csv,./penalty_sweep_qpu_v113/samples/4jsz_Kdist6.5_Kmono7.0/psweep112_20260319_134243/4jsz_ligand_samples.json,./penalty_sweep_qpu_v113/samples/4jsz_Kdist6.5_Kmono7.0/psweep112_20260319_134243/result.json
4jsz,4jsz_Kdist6.5_Kmono8.0,psweep112_20260319_134243,6.5,8.0,ok,1.32316337260626,1000,1000,1000,11,0.011,1.0,0.011,0.2148568,0.18024,Advantage2_system1.13,2860,30,./penalty_sweep_qpu_v113/samples/4jsz_Kdist6.5_Kmono8.0/psweep112_20260319_134243/4jsz_ligand_report.csv,./penalty_sweep_qpu_v113/samples/4jsz_Kdist6.5_Kmono8.0/psweep112_20260319_134243/4jsz_ligand_samples.json,./penalty_sweep_qpu_v113/samples/4jsz_Kdist6.5_Kmono8.0/psweep112_20260319_134243/result.json
4jsz,4jsz_Kdist6.5_Kmono9.0,psweep112_20260319_134243,6.5,9.0,ok,1.228806635187809,1000,1000,1000,42,0.042,1.0,0.042,0.2147096,0.1801,Advantage2_system1.13,2486,27,./penalty_sweep_qpu_v113/samples/4jsz_Kdist6.5_Kmono9.0/psweep112_20260319_134243/4jsz_ligand_report.csv,./penalty_sweep_qpu_v113/samples/4jsz_Kdist6.5_Kmono9.0/psweep112_20260319_134243/4jsz_ligand_samples.json,./penalty_sweep_qpu_v113/samples/4jsz_Kdist6.5_Kmono9.0/psweep112_20260319_134243/result.json
4jsz,4jsz_Kdist6.5_Kmono10.0,psweep112_20260319_134243,6.5,10.0,ok,2.2924104886443235,1000,1000,1000,0,0.0,1.0,0.0,0.2144448,0.17984,Advantage2_system1.13,2611,28,./penalty_sweep_qpu_v113/samples/4jsz_Kdist6.5_Kmono10.0/psweep112_20260319_134243/4jsz_ligand_report.csv,./penalty_sweep_qpu_v113/samples/4jsz_Kdist6.5_Kmono10.0/psweep112_20260319_134243/4jsz_ligand_samples.json,./penalty_sweep_qpu_v113/samples/4jsz_Kdist6.5_Kmono10.0/psweep112_20260319_134243/result.json
4jsz,4jsz_Kdist6.5_Kmono11.0,psweep112_20260319_134243,6.5,11.0,ok,2.479585445644861,1000,1000,1000,0,0.0,1.0,0.0,0.21262879999999998,0.17802,Advantage2_system1.13,2294,25,./penalty_sweep_qpu_v113/samples/4jsz_Kdist6.5_Kmono11.0/psweep112_20260319_134243/4jsz_ligand_report.csv,./penalty_sweep_qpu_v113/samples/4jsz_Kdist6.5_Kmono11.0/psweep112_20260319_134243/4jsz_ligand_samples.json,./penalty_sweep_qpu_v113/samples/4jsz_Kdist6.5_Kmono11.0/psweep112_20260319_134243/result.json
4jsz,4jsz_Kdist6.5_Kmono12.0,psweep112_20260319_134243,6.5,12.0,ok,2.5253438504670376,1000,1000,1000,0,0.0,1.0,0.0,0.20738720000000002,0.17278,Advantage2_system1.13,2847,32,./penalty_sweep_qpu_v113/samples/4jsz_Kdist6.5_Kmono12.0/psweep112_20260319_134243/4jsz_ligand_report.csv,./penalty_sweep_qpu_v113/samples/4jsz_Kdist6.5_Kmono12.0/psweep112_20260319_134243/4jsz_ligand_samples.json,./penalty_sweep_qpu_v113/samples/4jsz_Kdist6.5_Kmono12.0/psweep112_20260319_134243/result.json
4jsz,4jsz_Kdist6.5_Kmono13.0,psweep112_20260319_134243,6.5,13.0,ok,1.5218677456438692,1000,1000,1000,6,0.006,1.0,0.006,0.205348,0.17074,Advantage2_system1.13,2631,29,./penalty_sweep_qpu_v113/samples/4jsz_Kdist6.5_Kmono13.0/psweep112_20260319_134243/4jsz_ligand_report.csv,./penalty_sweep_qpu_v113/samples/4jsz_Kdist6.5_Kmono13.0/psweep112_20260319_134243/4jsz_ligand_samples.json,./penalty_sweep_qpu_v113/samples/4jsz_Kdist6.5_Kmono13.0/psweep112_20260319_134243/result.json
4jsz,4jsz_Kdist6.5_Kmono14.0,psweep112_20260319_134243,6.5,14.0,ok,2.1414171665649997,1000,1000,1000,0,0.0,1.0,0.0,0.2097268,0.17512,Advantage2_system1.13,2465,28,./penalty_sweep_qpu_v113/samples/4jsz_Kdist6.5_Kmono14.0/psweep112_20260319_134243/4jsz_ligand_report.csv,./penalty_sweep_qpu_v113/samples/4jsz_Kdist6.5_Kmono14.0/psweep112_20260319_134243/4jsz_ligand_samples.json,./penalty_sweep_qpu_v113/samples/4jsz_Kdist6.5_Kmono14.0/psweep112_20260319_134243/result.json
4jsz,4jsz_Kdist6.5_Kmono15.0,psweep112_20260319_134243,6.5,15.0,ok,2.4540756756644737,1000,1000,1000,0,0.0,1.0,0.0,0.2058856,0.17128,Advantage2_system1.13,2544,28,./penalty_sweep_qpu_v113/samples/4jsz_Kdist6.5_Kmono15.0/psweep112_20260319_134243/4jsz_ligand_report.csv,./penalty_sweep_qpu_v113/samples/4jsz_Kdist6.5_Kmono15.0/psweep112_20260319_134243/4jsz_ligand_samples.json,./penalty_sweep_qpu_v113/samples/4jsz_Kdist6.5_Kmono15.0/psweep112_20260319_134243/result.json
4jsz,4jsz_Kdist6.5_Kmono16.0,psweep112_20260319_134243,6.5,16.0,ok,2.4582481916534324,1000,1000,1000,0,0.0,1.0,0.0,0.215354,0.18074,Advantage2_system1.13,2712,28,./penalty_sweep_qpu_v113/samples/4jsz_Kdist6.5_Kmono16.0/psweep112_20260319_134243/4jsz_ligand_report.csv,./penalty_sweep_qpu_v113/samples/4jsz_Kdist6.5_Kmono16.0/psweep112_20260319_134243/4jsz_ligand_samples.json,./penalty_sweep_qpu_v113/samples/4jsz_Kdist6.5_Kmono16.0/psweep112_20260319_134243/result.json
4jsz,4jsz_Kdist6.5_Kmono17.0,psweep112_20260319_134243,6.5,17.0,ok,1.3949570397181656,1000,1000,1000,24,0.024,1.0,0.024,0.2090312,0.17442,Advantage2_system1.13,2324,24,./penalty_sweep_qpu_v113/samples/4jsz_Kdist6.5_Kmono17.0/psweep112_20260319_134243/4jsz_ligand_report.csv,./penalty_sweep_qpu_v113/samples/4jsz_Kdist6.5_Kmono17.0/psweep112_20260319_134243/4jsz_ligand_samples.json,./penalty_sweep_qpu_v113/samples/4jsz_Kdist6.5_Kmono17.0/psweep112_20260319_134243/result.json
4jsz,4jsz_Kdist6.5_Kmono18.0,psweep112_20260319_134243,6.5,18.0,ok,1.4364993279606428,1000,1000,1000,9,0.009,1.0,0.009,0.2191256,0.18452,Advantage2_system1.13,2549,28,./penalty_sweep_qpu_v113/samples/4jsz_Kdist6.5_Kmono18.0/psweep112_20260319_134243/4jsz_ligand_report.csv,./penalty_sweep_qpu_v113/samples/4jsz_Kdist6.5_Kmono18.0/psweep112_20260319_134243/4jsz_ligand_samples.json,./penalty_sweep_qpu_v113/samples/4jsz_Kdist6.5_Kmono18.0/psweep112_20260319_134243/result.json
4jsz,4jsz_Kdist6.5_Kmono19.0,psweep112_20260319_134243,6.5,19.0,ok,2.1641563357150786,1000,1000,1000,0,0.0,1.0,0.0,0.209494,0.17488,Advantage2_system1.13,2385,23,./penalty_sweep_qpu_v113/samples/4jsz_Kdist6.5_Kmono19.0/psweep112_20260319_134243/4jsz_ligand_report.csv,./penalty_sweep_qpu_v113/samples/4jsz_Kdist6.5_Kmono19.0/psweep112_20260319_134243/4jsz_ligand_samples.json,./penalty_sweep_qpu_v113/samples/4jsz_Kdist6.5_Kmono19.0/psweep112_20260319_134243/result.json
4jsz,4jsz_Kdist6.5_Kmono20.0,psweep112_20260319_134243,6.5,20.0,ok,1.8302804455680752,1000,1000,1000,6,0.006,1.0,0.006,0.2078504,0.17324,Advantage2_system1.13,2475,27,./penalty_sweep_qpu_v113/samples/4jsz_Kdist6.5_Kmono20.0/psweep112_20260319_134243/4jsz_ligand_report.csv,./penalty_sweep_qpu_v113/samples/4jsz_Kdist6.5_Kmono20.0/psweep112_20260319_134243/4jsz_ligand_samples.json,./penalty_sweep_qpu_v113/samples/4jsz_Kdist6.5_Kmono20.0/psweep112_20260319_134243/result.json
4jsz,4jsz_Kdist7.0_Kmono1.0,psweep112_20260319_134243,7.0,1.0,ok,1.6933957509327606,1000,1000,1000,33,0.033,1.0,0.033,0.2097104,0.1751,Advantage2_system1.13,2466,27,./penalty_sweep_qpu_v113/samples/4jsz_Kdist7.0_Kmono1.0/psweep112_20260319_134243/4jsz_ligand_report.csv,./penalty_sweep_qpu_v113/samples/4jsz_Kdist7.0_Kmono1.0/psweep112_20260319_134243/4jsz_ligand_samples.json,./penalty_sweep_qpu_v113/samples/4jsz_Kdist7.0_Kmono1.0/psweep112_20260319_134243/result.json
4jsz,4jsz_Kdist7.0_Kmono2.0,psweep112_20260319_134243,7.0,2.0,ok,2.1692939332219563,1000,1000,1000,0,0.0,1.0,0.0,0.2105312,0.17592,Advantage2_system1.13,2457,26,./penalty_sweep_qpu_v113/samples/4jsz_Kdist7.0_Kmono2.0/psweep112_20260319_134243/4jsz_ligand_report.csv,./penalty_sweep_qpu_v113/samples/4jsz_Kdist7.0_Kmono2.0/psweep112_20260319_134243/4jsz_ligand_samples.json,./penalty_sweep_qpu_v113/samples/4jsz_Kdist7.0_Kmono2.0/psweep112_20260319_134243/result.json
4jsz,4jsz_Kdist7.0_Kmono3.0,psweep112_20260319_134243,7.0,3.0,ok,2.22953270804284,1000,1000,1000,0,0.0,1.0,0.0,0.21211960000000002,0.17752,Advantage2_system1.13,2300,24,./penalty_sweep_qpu_v113/samples/4jsz_Kdist7.0_Kmono3.0/psweep112_20260319_134243/4jsz_ligand_report.csv,./penalty_sweep_qpu_v113/samples/4jsz_Kdist7.0_Kmono3.0/psweep112_20260319_134243/4jsz_ligand_samples.json,./penalty_sweep_qpu_v113/samples/4jsz_Kdist7.0_Kmono3.0/psweep112_20260319_134243/result.json
4jsz,4jsz_Kdist7.0_Kmono4.0,psweep112_20260319_134243,7.0,4.0,ok,1.7671205262091223,1000,1000,1000,19,0.019,1.0,0.019,0.2178436,0.18324,Advantage2_system1.13,2463,25,./penalty_sweep_qpu_v113/samples/4jsz_Kdist7.0_Kmono4.0/psweep112_20260319_134243/4jsz_ligand_report.csv,./penalty_sweep_qpu_v113/samples/4jsz_Kdist7.0_Kmono4.0/psweep112_20260319_134243/4jsz_ligand_samples.json,./penalty_sweep_qpu_v113/samples/4jsz_Kdist7.0_Kmono4.0/psweep112_20260319_134243/result.json
4jsz,4jsz_Kdist7.0_Kmono5.0,psweep112_20260319_134243,7.0,5.0,ok,2.0639113357027132,1000,1000,1000,0,0.0,1.0,0.0,0.21180960000000001,0.1772,Advantage2_system1.13,2517,29,./penalty_sweep_qpu_v113/samples/4jsz_Kdist7.0_Kmono5.0/psweep112_20260319_134243/4jsz_ligand_report.csv,./penalty_sweep_qpu_v113/samples/4jsz_Kdist7.0_Kmono5.0/psweep112_20260319_134243/4jsz_ligand_samples.json,./penalty_sweep_qpu_v113/samples/4jsz_Kdist7.0_Kmono5.0/psweep112_20260319_134243/result.json
4jsz,4jsz_Kdist7.0_Kmono6.0,psweep112_20260319_134243,7.0,6.0,ok,1.768205152577883,1000,1000,1000,10,0.01,1.0,0.01,0.212534,0.17792,Advantage2_system1.13,2539,29,./penalty_sweep_qpu_v113/samples/4jsz_Kdist7.0_Kmono6.0/psweep112_20260319_134243/4jsz_ligand_report.csv,./penalty_sweep_qpu_v113/samples/4jsz_Kdist7.0_Kmono6.0/psweep112_20260319_134243/4jsz_ligand_samples.json,./penalty_sweep_qpu_v113/samples/4jsz_Kdist7.0_Kmono6.0/psweep112_20260319_134243/result.json
4jsz,4jsz_Kdist7.0_Kmono7.0,psweep112_20260319_134243,7.0,7.0,ok,2.0640557901287533,1000,1000,1000,0,0.0,1.0,0.0,0.2069904,0.17238,Advantage2_system1.13,2636,30,./penalty_sweep_qpu_v113/samples/4jsz_Kdist7.0_Kmono7.0/psweep112_20260319_134243/4jsz_ligand_report.csv,./penalty_sweep_qpu_v113/samples/4jsz_Kdist7.0_Kmono7.0/psweep112_20260319_134243/4jsz_ligand_samples.json,./penalty_sweep_qpu_v113/samples/4jsz_Kdist7.0_Kmono7.0/psweep112_20260319_134243/result.json
4jsz,4jsz_Kdist7.0_Kmono8.0,psweep112_20260319_134243,7.0,8.0,ok,3.1782829423843055,1000,1000,1000,0,0.0,1.0,0.0,0.21630960000000002,0.1817,Advantage2_system1.13,2529,28,./penalty_sweep_qpu_v113/samples/4jsz_Kdist7.0_Kmono8.0/psweep112_20260319_134243/4jsz_ligand_report.csv,./penalty_sweep_qpu_v113/samples/4jsz_Kdist7.0_Kmono8.0/psweep112_20260319_134243/4jsz_ligand_samples.json,./penalty_sweep_qpu_v113/samples/4jsz_Kdist7.0_Kmono8.0/psweep112_20260319_134243/result.json
4jsz,4jsz_Kdist7.0_Kmono9.0,psweep112_20260319_134243,7.0,9.0,ok,2.0869389976260244,1000,1000,1000,0,0.0,1.0,0.0,0.21459720000000002,0.17998,Advantage2_system1.13,2644,29,./penalty_sweep_qpu_v113/samples/4jsz_Kdist7.0_Kmono9.0/psweep112_20260319_134243/4jsz_ligand_report.csv,./penalty_sweep_qpu_v113/samples/4jsz_Kdist7.0_Kmono9.0/psweep112_20260319_134243/4jsz_ligand_samples.json,./penalty_sweep_qpu_v113/samples/4jsz_Kdist7.0_Kmono9.0/psweep112_20260319_134243/result.json
4jsz,4jsz_Kdist7.0_Kmono10.0,psweep112_20260319_134243,7.0,10.0,ok,1.804589899002162,1000,1000,1000,4,0.004,1.0,0.004,0.2165956,0.18198,Advantage2_system1.13,2457,27,./penalty_sweep_qpu_v113/samples/4jsz_Kdist7.0_Kmono10.0/psweep112_20260319_134243/4jsz_ligand_report.csv,./penalty_sweep_qpu_v113/samples/4jsz_Kdist7.0_Kmono10.0/psweep112_20260319_134243/4jsz_ligand_samples.json,./penalty_sweep_qpu_v113/samples/4jsz_Kdist7.0_Kmono10.0/psweep112_20260319_134243/result.json
4jsz,4jsz_Kdist7.0_Kmono11.0,psweep112_20260319_134243,7.0,11.0,ok,2.3604213149383293,1000,1000,1000,0,0.0,1.0,0.0,0.2168144,0.1822,Advantage2_system1.13,2791,30,./penalty_sweep_qpu_v113/samples/4jsz_Kdist7.0_Kmono11.0/psweep112_20260319_134243/4jsz_ligand_report.csv,./penalty_sweep_qpu_v113/samples/4jsz_Kdist7.0_Kmono11.0/psweep112_20260319_134243/4jsz_ligand_samples.json,./penalty_sweep_qpu_v113/samples/4jsz_Kdist7.0_Kmono11.0/psweep112_20260319_134243/result.json
4jsz,4jsz_Kdist7.0_Kmono12.0,psweep112_20260319_134243,7.0,12.0,ok,2.1454655573431136,1000,1000,1000,0,0.0,1.0,0.0,0.2102652,0.17566,Advantage2_system1.13,2410,25,./penalty_sweep_qpu_v113/samples/4jsz_Kdist7.0_Kmono12.0/psweep112_20260319_134243/4jsz_ligand_report.csv,./penalty_sweep_qpu_v113/samples/4jsz_Kdist7.0_Kmono12.0/psweep112_20260319_134243/4jsz_ligand_samples.json,./penalty_sweep_qpu_v113/samples/4jsz_Kdist7.0_Kmono12.0/psweep112_20260319_134243/result.json
4jsz,4jsz_Kdist7.0_Kmono13.0,psweep112_20260319_134243,7.0,13.0,ok,1.680578306259021,1000,1000,1000,6,0.006,1.0,0.006,0.21467160000000002,0.18006,Advantage2_system1.13,2463,27,./penalty_sweep_qpu_v113/samples/4jsz_Kdist7.0_Kmono13.0/psweep112_20260319_134243/4jsz_ligand_report.csv,./penalty_sweep_qpu_v113/samples/4jsz_Kdist7.0_Kmono13.0/psweep112_20260319_134243/4jsz_ligand_samples.json,./penalty_sweep_qpu_v113/samples/4jsz_Kdist7.0_Kmono13.0/psweep112_20260319_134243/result.json
4jsz,4jsz_Kdist7.0_Kmono14.0,psweep112_20260319_134243,7.0,14.0,ok,1.752365869570857,1000,1000,1000,4,0.004,1.0,0.004,0.2178932,0.18328,Advantage2_system1.13,2421,25,./penalty_sweep_qpu_v113/samples/4jsz_Kdist7.0_Kmono14.0/psweep112_20260319_134243/4jsz_ligand_report.csv,./penalty_sweep_qpu_v113/samples/4jsz_Kdist7.0_Kmono14.0/psweep112_20260319_134243/4jsz_ligand_samples.json,./penalty_sweep_qpu_v113/samples/4jsz_Kdist7.0_Kmono14.0/psweep112_20260319_134243/result.json
4jsz,4jsz_Kdist7.0_Kmono15.0,psweep112_20260319_134243,7.0,15.0,ok,2.932512697925083,1000,1000,1000,0,0.0,1.0,0.0,0.21580960000000002,0.1812,Advantage2_system1.13,2452,26,./penalty_sweep_qpu_v113/samples/4jsz_Kdist7.0_Kmono15.0/psweep112_20260319_134243/4jsz_ligand_report.csv,./penalty_sweep_qpu_v113/samples/4jsz_Kdist7.0_Kmono15.0/psweep112_20260319_134243/4jsz_ligand_samples.json,./penalty_sweep_qpu_v113/samples/4jsz_Kdist7.0_Kmono15.0/psweep112_20260319_134243/result.json
4jsz,4jsz_Kdist7.0_Kmono16.0,psweep112_20260319_134243,7.0,16.0,ok,2.4299592251785955,1000,1000,1000,0,0.0,1.0,0.0,0.2123132,0.1777,Advantage2_system1.13,2578,28,./penalty_sweep_qpu_v113/samples/4jsz_Kdist7.0_Kmono16.0/psweep112_20260319_134243/4jsz_ligand_report.csv,./penalty_sweep_qpu_v113/samples/4jsz_Kdist7.0_Kmono16.0/psweep112_20260319_134243/4jsz_ligand_samples.json,./penalty_sweep_qpu_v113/samples/4jsz_Kdist7.0_Kmono16.0/psweep112_20260319_134243/result.json
4jsz,4jsz_Kdist7.0_Kmono17.0,psweep112_20260319_134243,7.0,17.0,ok,2.312201054455986,1000,1000,1000,0,0.0,1.0,0.0,0.20508479999999998,0.17048,Advantage2_system1.13,2378,24,./penalty_sweep_qpu_v113/samples/4jsz_Kdist7.0_Kmono17.0/psweep112_20260319_134243/4jsz_ligand_report.csv,./penalty_sweep_qpu_v113/samples/4jsz_Kdist7.0_Kmono17.0/psweep112_20260319_134243/4jsz_ligand_samples.json,./penalty_sweep_qpu_v113/samples/4jsz_Kdist7.0_Kmono17.0/psweep112_20260319_134243/result.json
4jsz,4jsz_Kdist7.0_Kmono18.0,psweep112_20260319_134243,7.0,18.0,ok,3.686424145540259,1000,1000,1000,0,0.0,1.0,0.0,0.2110296,0.17642,Advantage2_system1.13,2379,24,./penalty_sweep_qpu_v113/samples/4jsz_Kdist7.0_Kmono18.0/psweep112_20260319_134243/4jsz_ligand_report.csv,./penalty_sweep_qpu_v113/samples/4jsz_Kdist7.0_Kmono18.0/psweep112_20260319_134243/4jsz_ligand_samples.json,./penalty_sweep_qpu_v113/samples/4jsz_Kdist7.0_Kmono18.0/psweep112_20260319_134243/result.json
4jsz,4jsz_Kdist7.0_Kmono19.0,psweep112_20260319_134243,7.0,19.0,ok,1.2510815598293465,1000,1000,1000,10,0.01,1.0,0.01,0.2051616,0.17056,Advantage2_system1.13,2489,26,./penalty_sweep_qpu_v113/samples/4jsz_Kdist7.0_Kmono19.0/psweep112_20260319_134243/4jsz_ligand_report.csv,./penalty_sweep_qpu_v113/samples/4jsz_Kdist7.0_Kmono19.0/psweep112_20260319_134243/4jsz_ligand_samples.json,./penalty_sweep_qpu_v113/samples/4jsz_Kdist7.0_Kmono19.0/psweep112_20260319_134243/result.json
4jsz,4jsz_Kdist7.0_Kmono20.0,psweep112_20260319_134243,7.0,20.0,ok,2.1772120305879694,1000,1000,1000,0,0.0,1.0,0.0,0.209538,0.17492,Advantage2_system1.13,2406,24,./penalty_sweep_qpu_v113/samples/4jsz_Kdist7.0_Kmono20.0/psweep112_20260319_134243/4jsz_ligand_report.csv,./penalty_sweep_qpu_v113/samples/4jsz_Kdist7.0_Kmono20.0/psweep112_20260319_134243/4jsz_ligand_samples.json,./penalty_sweep_qpu_v113/samples/4jsz_Kdist7.0_Kmono20.0/psweep112_20260319_134243/result.json
4jsz,4jsz_Kdist7.5_Kmono1.0,psweep112_20260319_134243,7.5,1.0,ok,1.9591880453518469,1000,1000,1000,1,0.001,1.0,0.001,0.21241079999999998,0.1778,Advantage2_system1.13,2517,27,./penalty_sweep_qpu_v113/samples/4jsz_Kdist7.5_Kmono1.0/psweep112_20260319_134243/4jsz_ligand_report.csv,./penalty_sweep_qpu_v113/samples/4jsz_Kdist7.5_Kmono1.0/psweep112_20260319_134243/4jsz_ligand_samples.json,./penalty_sweep_qpu_v113/samples/4jsz_Kdist7.5_Kmono1.0/psweep112_20260319_134243/result.json
4jsz,4jsz_Kdist7.5_Kmono2.0,psweep112_20260319_134243,7.5,2.0,ok,1.1024207817611977,1000,1000,1000,20,0.02,1.0,0.02,0.2188852,0.18428,Advantage2_system1.13,2506,27,./penalty_sweep_qpu_v113/samples/4jsz_Kdist7.5_Kmono2.0/psweep112_20260319_134243/4jsz_ligand_report.csv,./penalty_sweep_qpu_v113/samples/4jsz_Kdist7.5_Kmono2.0/psweep112_20260319_134243/4jsz_ligand_samples.json,./penalty_sweep_qpu_v113/samples/4jsz_Kdist7.5_Kmono2.0/psweep112_20260319_134243/result.json
4jsz,4jsz_Kdist7.5_Kmono3.0,psweep112_20260319_134243,7.5,3.0,ok,2.618601173355813,1000,1000,1000,0,0.0,1.0,0.0,0.2142156,0.1796,Advantage2_system1.13,2626,28,./penalty_sweep_qpu_v113/samples/4jsz_Kdist7.5_Kmono3.0/psweep112_20260319_134243/4jsz_ligand_report.csv,./penalty_sweep_qpu_v113/samples/4jsz_Kdist7.5_Kmono3.0/psweep112_20260319_134243/4jsz_ligand_samples.json,./penalty_sweep_qpu_v113/samples/4jsz_Kdist7.5_Kmono3.0/psweep112_20260319_134243/result.json
4jsz,4jsz_Kdist7.5_Kmono4.0,psweep112_20260319_134243,7.5,4.0,ok,2.332826592259245,1000,1000,1000,0,0.0,1.0,0.0,0.2085368,0.17392,Advantage2_system1.13,2743,31,./penalty_sweep_qpu_v113/samples/4jsz_Kdist7.5_Kmono4.0/psweep112_20260319_134243/4jsz_ligand_report.csv,./penalty_sweep_qpu_v113/samples/4jsz_Kdist7.5_Kmono4.0/psweep112_20260319_134243/4jsz_ligand_samples.json,./penalty_sweep_qpu_v113/samples/4jsz_Kdist7.5_Kmono4.0/psweep112_20260319_134243/result.json
4jsz,4jsz_Kdist7.5_Kmono5.0,psweep112_20260319_134243,7.5,5.0,ok,1.2651520684158897,1000,1000,1000,63,0.063,1.0,0.063,0.2130444,0.17842,Advantage2_system1.13,2690,28,./penalty_sweep_qpu_v113/samples/4jsz_Kdist7.5_Kmono5.0/psweep112_20260319_134243/4jsz_ligand_report.csv,./penalty_sweep_qpu_v113/samples/4jsz_Kdist7.5_Kmono5.0/psweep112_20260319_134243/4jsz_ligand_samples.json,./penalty_sweep_qpu_v113/samples/4jsz_Kdist7.5_Kmono5.0/psweep112_20260319_134243/result.json
4jsz,4jsz_Kdist7.5_Kmono6.0,psweep112_20260319_134243,7.5,6.0,ok,3.6732843671232858,1000,1000,1000,0,0.0,1.0,0.0,0.2177024,0.1831,Advantage2_system1.13,2424,25,./penalty_sweep_qpu_v113/samples/4jsz_Kdist7.5_Kmono6.0/psweep112_20260319_134243/4jsz_ligand_report.csv,./penalty_sweep_qpu_v113/samples/4jsz_Kdist7.5_Kmono6.0/psweep112_20260319_134243/4jsz_ligand_samples.json,./penalty_sweep_qpu_v113/samples/4jsz_Kdist7.5_Kmono6.0/psweep112_20260319_134243/result.json
4jsz,4jsz_Kdist7.5_Kmono7.0,psweep112_20260319_134243,7.5,7.0,ok,3.994725142138153,1000,1000,1000,0,0.0,1.0,0.0,0.21644639999999998,0.18184,Advantage2_system1.13,2332,24,./penalty_sweep_qpu_v113/samples/4jsz_Kdist7.5_Kmono7.0/psweep112_20260319_134243/4jsz_ligand_report.csv,./penalty_sweep_qpu_v113/samples/4jsz_Kdist7.5_Kmono7.0/psweep112_20260319_134243/4jsz_ligand_samples.json,./penalty_sweep_qpu_v113/samples/4jsz_Kdist7.5_Kmono7.0/psweep112_20260319_134243/result.json
4jsz,4jsz_Kdist7.5_Kmono8.0,psweep112_20260319_134243,7.5,8.0,ok,1.5790494190738977,1000,1000,1000,16,0.016,1.0,0.016,0.21410279999999998,0.17948,Advantage2_system1.13,2627,28,./penalty_sweep_qpu_v113/samples/4jsz_Kdist7.5_Kmono8.0/psweep112_20260319_134243/4jsz_ligand_report.csv,./penalty_sweep_qpu_v113/samples/4jsz_Kdist7.5_Kmono8.0/psweep112_20260319_134243/4jsz_ligand_samples.json,./penalty_sweep_qpu_v113/samples/4jsz_Kdist7.5_Kmono8.0/psweep112_20260319_134243/result.json
4jsz,4jsz_Kdist7.5_Kmono9.0,psweep112_20260319_134243,7.5,9.0,ok,3.6035449069559466,1000,1000,1000,0,0.0,1.0,0.0,0.2158156,0.1812,Advantage2_system1.13,2568,29,./penalty_sweep_qpu_v113/samples/4jsz_Kdist7.5_Kmono9.0/psweep112_20260319_134243/4jsz_ligand_report.csv,./penalty_sweep_qpu_v113/samples/4jsz_Kdist7.5_Kmono9.0/psweep112_20260319_134243/4jsz_ligand_samples.json,./penalty_sweep_qpu_v113/samples/4jsz_Kdist7.5_Kmono9.0/psweep112_20260319_134243/result.json
4jsz,4jsz_Kdist7.5_Kmono10.0,psweep112_20260319_134243,7.5,10.0,ok,4.128075817467425,1000,1000,1000,0,0.0,1.0,0.0,0.2145224,0.17992,Advantage2_system1.13,2511,29,./penalty_sweep_qpu_v113/samples/4jsz_Kdist7.5_Kmono10.0/psweep112_20260319_134243/4jsz_ligand_report.csv,./penalty_sweep_qpu_v113/samples/4jsz_Kdist7.5_Kmono10.0/psweep112_20260319_134243/4jsz_ligand_samples.json,./penalty_sweep_qpu_v113/samples/4jsz_Kdist7.5_Kmono10.0/psweep112_20260319_134243/result.json
4jsz,4jsz_Kdist7.5_Kmono11.0,psweep112_20260319_134243,7.5,11.0,ok,4.444125995388333,1000,1000,1000,0,0.0,1.0,0.0,0.21580760000000002,0.1812,Advantage2_system1.13,2364,26,./penalty_sweep_qpu_v113/samples/4jsz_Kdist7.5_Kmono11.0/psweep112_20260319_134243/4jsz_ligand_report.csv,./penalty_sweep_qpu_v113/samples/4jsz_Kdist7.5_Kmono11.0/psweep112_20260319_134243/4jsz_ligand_samples.json,./penalty_sweep_qpu_v113/samples/4jsz_Kdist7.5_Kmono11.0/psweep112_20260319_134243/result.json
4jsz,4jsz_Kdist7.5_Kmono12.0,psweep112_20260319_134243,7.5,12.0,ok,3.70768730911695,1000,1000,1000,0,0.0,1.0,0.0,0.21076720000000002,0.17616,Advantage2_system1.13,2530,28,./penalty_sweep_qpu_v113/samples/4jsz_Kdist7.5_Kmono12.0/psweep112_20260319_134243/4jsz_ligand_report.csv,./penalty_sweep_qpu_v113/samples/4jsz_Kdist7.5_Kmono12.0/psweep112_20260319_134243/4jsz_ligand_samples.json,./penalty_sweep_qpu_v113/samples/4jsz_Kdist7.5_Kmono12.0/psweep112_20260319_134243/result.json
4jsz,4jsz_Kdist7.5_Kmono13.0,psweep112_20260319_134243,7.5,13.0,ok,1.424621977935613,1000,1000,1000,1,0.001,1.0,0.001,0.21070360000000002,0.1761,Advantage2_system1.13,2665,29,./penalty_sweep_qpu_v113/samples/4jsz_Kdist7.5_Kmono13.0/psweep112_20260319_134243/4jsz_ligand_report.csv,./penalty_sweep_qpu_v113/samples/4jsz_Kdist7.5_Kmono13.0/psweep112_20260319_134243/4jsz_ligand_samples.json,./penalty_sweep_qpu_v113/samples/4jsz_Kdist7.5_Kmono13.0/psweep112_20260319_134243/result.json
4jsz,4jsz_Kdist7.5_Kmono14.0,psweep112_20260319_134243,7.5,14.0,ok,1.924760702049498,1000,1000,1000,1,0.001,1.0,0.001,0.207996,0.17338,Advantage2_system1.13,2377,25,./penalty_sweep_qpu_v113/samples/4jsz_Kdist7.5_Kmono14.0/psweep112_20260319_134243/4jsz_ligand_report.csv,./penalty_sweep_qpu_v113/samples/4jsz_Kdist7.5_Kmono14.0/psweep112_20260319_134243/4jsz_ligand_samples.json,./penalty_sweep_qpu_v113/samples/4jsz_Kdist7.5_Kmono14.0/psweep112_20260319_134243/result.json
4jsz,4jsz_Kdist7.5_Kmono15.0,psweep112_20260319_134243,7.5,15.0,ok,2.1662258655637494,1000,1000,1000,0,0.0,1.0,0.0,0.2106692,0.17606,Advantage2_system1.13,2592,28,./penalty_sweep_qpu_v113/samples/4jsz_Kdist7.5_Kmono15.0/psweep112_20260319_134243/4jsz_ligand_report.csv,./penalty_sweep_qpu_v113/samples/4jsz_Kdist7.5_Kmono15.0/psweep112_20260319_134243/4jsz_ligand_samples.json,./penalty_sweep_qpu_v113/samples/4jsz_Kdist7.5_Kmono15.0/psweep112_20260319_134243/result.json
4jsz,4jsz_Kdist7.5_Kmono16.0,psweep112_20260319_134243,7.5,16.0,ok,2.2717401212820856,1000,1000,1000,0,0.0,1.0,0.0,0.21163079999999998,0.17702,Advantage2_system1.13,2265,24,./penalty_sweep_qpu_v113/samples/4jsz_Kdist7.5_Kmono16.0/psweep112_20260319_134243/4jsz_ligand_report.csv,./penalty_sweep_qpu_v113/samples/4jsz_Kdist7.5_Kmono16.0/psweep112_20260319_134243/4jsz_ligand_samples.json,./penalty_sweep_qpu_v113/samples/4jsz_Kdist7.5_Kmono16.0/psweep112_20260319_134243/result.json
4jsz,4jsz_Kdist7.5_Kmono17.0,psweep112_20260319_134243,7.5,17.0,ok,2.28064917912335,1000,1000,1000,0,0.0,1.0,0.0,0.2197692,0.18516,Advantage2_system1.13,2565,27,./penalty_sweep_qpu_v113/samples/4jsz_Kdist7.5_Kmono17.0/psweep112_20260319_134243/4jsz_ligand_report.csv,./penalty_sweep_qpu_v113/samples/4jsz_Kdist7.5_Kmono17.0/psweep112_20260319_134243/4jsz_ligand_samples.json,./penalty_sweep_qpu_v113/samples/4jsz_Kdist7.5_Kmono17.0/psweep112_20260319_134243/result.json
4jsz,4jsz_Kdist7.5_Kmono18.0,psweep112_20260319_134243,7.5,18.0,ok,2.1925077724637787,1000,1000,1000,0,0.0,1.0,0.0,0.2106752,0.17606,Advantage2_system1.13,2381,25,./penalty_sweep_qpu_v113/samples/4jsz_Kdist7.5_Kmono18.0/psweep112_20260319_134243/4jsz_ligand_report.csv,./penalty_sweep_qpu_v113/samples/4jsz_Kdist7.5_Kmono18.0/psweep112_20260319_134243/4jsz_ligand_samples.json,./penalty_sweep_qpu_v113/samples/4jsz_Kdist7.5_Kmono18.0/psweep112_20260319_134243/result.json
4jsz,4jsz_Kdist7.5_Kmono19.0,psweep112_20260319_134243,7.5,19.0,ok,2.2505735358986363,1000,1000,1000,0,0.0,1.0,0.0,0.21777639999999998,0.18316,Advantage2_system1.13,2798,32,./penalty_sweep_qpu_v113/samples/4jsz_Kdist7.5_Kmono19.0/psweep112_20260319_134243/4jsz_ligand_report.csv,./penalty_sweep_qpu_v113/samples/4jsz_Kdist7.5_Kmono19.0/psweep112_20260319_134243/4jsz_ligand_samples.json,./penalty_sweep_qpu_v113/samples/4jsz_Kdist7.5_Kmono19.0/psweep112_20260319_134243/result.json
4jsz,4jsz_Kdist7.5_Kmono20.0,psweep112_20260319_134243,7.5,20.0,ok,1.865732511933782,1000,1000,1000,6,0.006,1.0,0.006,0.2116684,0.17706,Advantage2_system1.13,2401,26,./penalty_sweep_qpu_v113/samples/4jsz_Kdist7.5_Kmono20.0/psweep112_20260319_134243/4jsz_ligand_report.csv,./penalty_sweep_qpu_v113/samples/4jsz_Kdist7.5_Kmono20.0/psweep112_20260319_134243/4jsz_ligand_samples.json,./penalty_sweep_qpu_v113/samples/4jsz_Kdist7.5_Kmono20.0/psweep112_20260319_134243/result.json
4jsz,4jsz_Kdist8.0_Kmono1.0,psweep112_20260319_134243,8.0,1.0,ok,2.3064517910881244,1000,1000,1000,0,0.0,1.0,0.0,0.2097888,0.17516,Advantage2_system1.13,2486,27,./penalty_sweep_qpu_v113/samples/4jsz_Kdist8.0_Kmono1.0/psweep112_20260319_134243/4jsz_ligand_report.csv,./penalty_sweep_qpu_v113/samples/4jsz_Kdist8.0_Kmono1.0/psweep112_20260319_134243/4jsz_ligand_samples.json,./penalty_sweep_qpu_v113/samples/4jsz_Kdist8.0_Kmono1.0/psweep112_20260319_134243/result.json
4jsz,4jsz_Kdist8.0_Kmono2.0,psweep112_20260319_134243,8.0,2.0,ok,1.0347130172595607,1000,1000,1000,53,0.053,1.0,0.053,0.2176304,0.18302,Advantage2_system1.13,2726,29,./penalty_sweep_qpu_v113/samples/4jsz_Kdist8.0_Kmono2.0/psweep112_20260319_134243/4jsz_ligand_report.csv,./penalty_sweep_qpu_v113/samples/4jsz_Kdist8.0_Kmono2.0/psweep112_20260319_134243/4jsz_ligand_samples.json,./penalty_sweep_qpu_v113/samples/4jsz_Kdist8.0_Kmono2.0/psweep112_20260319_134243/result.json
4jsz,4jsz_Kdist8.0_Kmono3.0,psweep112_20260319_134243,8.0,3.0,ok,1.5292360656311184,1000,1000,1000,15,0.015,1.0,0.015,0.2143164,0.1797,Advantage2_system1.13,2803,30,./penalty_sweep_qpu_v113/samples/4jsz_Kdist8.0_Kmono3.0/psweep112_20260319_134243/4jsz_ligand_report.csv,./penalty_sweep_qpu_v113/samples/4jsz_Kdist8.0_Kmono3.0/psweep112_20260319_134243/4jsz_ligand_samples.json,./penalty_sweep_qpu_v113/samples/4jsz_Kdist8.0_Kmono3.0/psweep112_20260319_134243/result.json
4jsz,4jsz_Kdist8.0_Kmono4.0,psweep112_20260319_134243,8.0,4.0,ok,1.808490810446547,1000,1000,1000,33,0.033,1.0,0.033,0.21430760000000001,0.1797,Advantage2_system1.13,2338,25,./penalty_sweep_qpu_v113/samples/4jsz_Kdist8.0_Kmono4.0/psweep112_20260319_134243/4jsz_ligand_report.csv,./penalty_sweep_qpu_v113/samples/4jsz_Kdist8.0_Kmono4.0/psweep112_20260319_134243/4jsz_ligand_samples.json,./penalty_sweep_qpu_v113/samples/4jsz_Kdist8.0_Kmono4.0/psweep112_20260319_134243/result.json
4jsz,4jsz_Kdist8.0_Kmono5.0,psweep112_20260319_134243,8.0,5.0,ok,2.696805704957288,1000,1000,1000,0,0.0,1.0,0.0,0.2140528,0.17944,Advantage2_system1.13,2558,28,./penalty_sweep_qpu_v113/samples/4jsz_Kdist8.0_Kmono5.0/psweep112_20260319_134243/4jsz_ligand_report.csv,./penalty_sweep_qpu_v113/samples/4jsz_Kdist8.0_Kmono5.0/psweep112_20260319_134243/4jsz_ligand_samples.json,./penalty_sweep_qpu_v113/samples/4jsz_Kdist8.0_Kmono5.0/psweep112_20260319_134243/result.json
4jsz,4jsz_Kdist8.0_Kmono6.0,psweep112_20260319_134243,8.0,6.0,ok,1.7469553880791548,1000,1000,1000,2,0.002,1.0,0.002,0.2172044,0.1826,Advantage2_system1.13,2417,26,./penalty_sweep_qpu_v113/samples/4jsz_Kdist8.0_Kmono6.0/psweep112_20260319_134243/4jsz_ligand_report.csv,./penalty_sweep_qpu_v113/samples/4jsz_Kdist8.0_Kmono6.0/psweep112_20260319_134243/4jsz_ligand_samples.json,./penalty_sweep_qpu_v113/samples/4jsz_Kdist8.0_Kmono6.0/psweep112_20260319_134243/result.json
4jsz,4jsz_Kdist8.0_Kmono7.0,psweep112_20260319_134243,8.0,7.0,ok,1.5629798879011252,1000,1000,1000,13,0.013,1.0,0.013,0.217498,0.18288,Advantage2_system1.13,2586,27,./penalty_sweep_qpu_v113/samples/4jsz_Kdist8.0_Kmono7.0/psweep112_20260319_134243/4jsz_ligand_report.csv,./penalty_sweep_qpu_v113/samples/4jsz_Kdist8.0_Kmono7.0/psweep112_20260319_134243/4jsz_ligand_samples.json,./penalty_sweep_qpu_v113/samples/4jsz_Kdist8.0_Kmono7.0/psweep112_20260319_134243/result.json
4jsz,4jsz_Kdist8.0_Kmono8.0,psweep112_20260319_134243,8.0,8.0,ok,3.5241008073962323,1000,1000,1000,0,0.0,1.0,0.0,0.21166320000000002,0.17706,Advantage2_system1.13,2456,26,./penalty_sweep_qpu_v113/samples/4jsz_Kdist8.0_Kmono8.0/psweep112_20260319_134243/4jsz_ligand_report.csv,./penalty_sweep_qpu_v113/samples/4jsz_Kdist8.0_Kmono8.0/psweep112_20260319_134243/4jsz_ligand_samples.json,./penalty_sweep_qpu_v113/samples/4jsz_Kdist8.0_Kmono8.0/psweep112_20260319_134243/result.json
4jsz,4jsz_Kdist8.0_Kmono9.0,psweep112_20260319_134243,8.0,9.0,ok,1.952620032049692,1000,1000,1000,2,0.002,1.0,0.002,0.2131224,0.17852,Advantage2_system1.13,2456,26,./penalty_sweep_qpu_v113/samples/4jsz_Kdist8.0_Kmono9.0/psweep112_20260319_134243/4jsz_ligand_report.csv,./penalty_sweep_qpu_v113/samples/4jsz_Kdist8.0_Kmono9.0/psweep112_20260319_134243/4jsz_ligand_samples.json,./penalty_sweep_qpu_v113/samples/4jsz_Kdist8.0_Kmono9.0/psweep112_20260319_134243/result.json
4jsz,4jsz_Kdist8.0_Kmono10.0,psweep112_20260319_134243,8.0,10.0,ok,3.8214032552280015,1000,1000,1000,0,0.0,1.0,0.0,0.2169896,0.18238,Advantage2_system1.13,2475,26,./penalty_sweep_qpu_v113/samples/4jsz_Kdist8.0_Kmono10.0/psweep112_20260319_134243/4jsz_ligand_report.csv,./penalty_sweep_qpu_v113/samples/4jsz_Kdist8.0_Kmono10.0/psweep112_20260319_134243/4jsz_ligand_samples.json,./penalty_sweep_qpu_v113/samples/4jsz_Kdist8.0_Kmono10.0/psweep112_20260319_134243/result.json
4jsz,4jsz_Kdist8.0_Kmono11.0,psweep112_20260319_134243,8.0,11.0,ok,2.4614414138032896,1000,1000,1000,0,0.0,1.0,0.0,0.214912,0.1803,Advantage2_system1.13,2582,29,./penalty_sweep_qpu_v113/samples/4jsz_Kdist8.0_Kmono11.0/psweep112_20260319_134243/4jsz_ligand_report.csv,./penalty_sweep_qpu_v113/samples/4jsz_Kdist8.0_Kmono11.0/psweep112_20260319_134243/4jsz_ligand_samples.json,./penalty_sweep_qpu_v113/samples/4jsz_Kdist8.0_Kmono11.0/psweep112_20260319_134243/result.json
4jsz,4jsz_Kdist8.0_Kmono12.0,psweep112_20260319_134243,8.0,12.0,ok,1.3034102681684918,1000,1000,1000,251,0.251,1.0,0.251,0.209134,0.17452,Advantage2_system1.13,2370,25,./penalty_sweep_qpu_v113/samples/4jsz_Kdist8.0_Kmono12.0/psweep112_20260319_134243/4jsz_ligand_report.csv,./penalty_sweep_qpu_v113/samples/4jsz_Kdist8.0_Kmono12.0/psweep112_20260319_134243/4jsz_ligand_samples.json,./penalty_sweep_qpu_v113/samples/4jsz_Kdist8.0_Kmono12.0/psweep112_20260319_134243/result.json
4jsz,4jsz_Kdist8.0_Kmono13.0,psweep112_20260319_134243,8.0,13.0,ok,1.6408899581272403,1000,1000,1000,29,0.029,1.0,0.029,0.2154084,0.1808,Advantage2_system1.13,2579,27,./penalty_sweep_qpu_v113/samples/4jsz_Kdist8.0_Kmono13.0/psweep112_20260319_134243/4jsz_ligand_report.csv,./penalty_sweep_qpu_v113/samples/4jsz_Kdist8.0_Kmono13.0/psweep112_20260319_134243/4jsz_ligand_samples.json,./penalty_sweep_qpu_v113/samples/4jsz_Kdist8.0_Kmono13.0/psweep112_20260319_134243/result.json
4jsz,4jsz_Kdist8.0_Kmono14.0,psweep112_20260319_134243,8.0,14.0,ok,3.550361438403671,1000,1000,1000,0,0.0,1.0,0.0,0.21303,0.17842,Advantage2_system1.13,2781,28,./penalty_sweep_qpu_v113/samples/4jsz_Kdist8.0_Kmono14.0/psweep112_20260319_134243/4jsz_ligand_report.csv,./penalty_sweep_qpu_v113/samples/4jsz_Kdist8.0_Kmono14.0/psweep112_20260319_134243/4jsz_ligand_samples.json,./penalty_sweep_qpu_v113/samples/4jsz_Kdist8.0_Kmono14.0/psweep112_20260319_134243/result.json
4jsz,4jsz_Kdist8.0_Kmono15.0,psweep112_20260319_134243,8.0,15.0,ok,3.1980933614670057,1000,1000,1000,0,0.0,1.0,0.0,0.20955279999999998,0.17494,Advantage2_system1.13,2611,27,./penalty_sweep_qpu_v113/samples/4jsz_Kdist8.0_Kmono15.0/psweep112_20260319_134243/4jsz_ligand_report.csv,./penalty_sweep_qpu_v113/samples/4jsz_Kdist8.0_Kmono15.0/psweep112_20260319_134243/4jsz_ligand_samples.json,./penalty_sweep_qpu_v113/samples/4jsz_Kdist8.0_Kmono15.0/psweep112_20260319_134243/result.json
4jsz,4jsz_Kdist8.0_Kmono16.0,psweep112_20260319_134243,8.0,16.0,ok,3.7979796363539484,1000,1000,1000,0,0.0,1.0,0.0,0.21631039999999999,0.1817,Advantage2_system1.13,2516,25,./penalty_sweep_qpu_v113/samples/4jsz_Kdist8.0_Kmono16.0/psweep112_20260319_134243/4jsz_ligand_report.csv,./penalty_sweep_qpu_v113/samples/4jsz_Kdist8.0_Kmono16.0/psweep112_20260319_134243/4jsz_ligand_samples.json,./penalty_sweep_qpu_v113/samples/4jsz_Kdist8.0_Kmono16.0/psweep112_20260319_134243/result.json
4jsz,4jsz_Kdist8.0_Kmono17.0,psweep112_20260319_134243,8.0,17.0,ok,1.8788518819862463,1000,1000,1000,1,0.001,1.0,0.001,0.2118892,0.17728,Advantage2_system1.13,2506,26,./penalty_sweep_qpu_v113/samples/4jsz_Kdist8.0_Kmono17.0/psweep112_20260319_134243/4jsz_ligand_report.csv,./penalty_sweep_qpu_v113/samples/4jsz_Kdist8.0_Kmono17.0/psweep112_20260319_134243/4jsz_ligand_samples.json,./penalty_sweep_qpu_v113/samples/4jsz_Kdist8.0_Kmono17.0/psweep112_20260319_134243/result.json
4jsz,4jsz_Kdist8.0_Kmono18.0,psweep112_20260319_134243,8.0,18.0,ok,2.560729582556541,1000,1000,1000,0,0.0,1.0,0.0,0.21432320000000002,0.1797,Advantage2_system1.13,2789,31,./penalty_sweep_qpu_v113/samples/4jsz_Kdist8.0_Kmono18.0/psweep112_20260319_134243/4jsz_ligand_report.csv,./penalty_sweep_qpu_v113/samples/4jsz_Kdist8.0_Kmono18.0/psweep112_20260319_134243/4jsz_ligand_samples.json,./penalty_sweep_qpu_v113/samples/4jsz_Kdist8.0_Kmono18.0/psweep112_20260319_134243/result.json
4jsz,4jsz_Kdist8.0_Kmono19.0,psweep112_20260319_134243,8.0,19.0,ok,1.824785223505256,1000,1000,1000,2,0.002,1.0,0.002,0.2124124,0.1778,Advantage2_system1.13,2615,28,./penalty_sweep_qpu_v113/samples/4jsz_Kdist8.0_Kmono19.0/psweep112_20260319_134243/4jsz_ligand_report.csv,./penalty_sweep_qpu_v113/samples/4jsz_Kdist8.0_Kmono19.0/psweep112_20260319_134243/4jsz_ligand_samples.json,./penalty_sweep_qpu_v113/samples/4jsz_Kdist8.0_Kmono19.0/psweep112_20260319_134243/result.json
4jsz,4jsz_Kdist8.0_Kmono20.0,psweep112_20260319_134243,8.0,20.0,ok,1.8380628953253455,1000,1000,1000,1,0.001,1.0,0.001,0.21812120000000002,0.18352,Advantage2_system1.13,2290,25,./penalty_sweep_qpu_v113/samples/4jsz_Kdist8.0_Kmono20.0/psweep112_20260319_134243/4jsz_ligand_report.csv,./penalty_sweep_qpu_v113/samples/4jsz_Kdist8.0_Kmono20.0/psweep112_20260319_134243/4jsz_ligand_samples.json,./penalty_sweep_qpu_v113/samples/4jsz_Kdist8.0_Kmono20.0/psweep112_20260319_134243/result.json
4jsz,4jsz_Kdist8.5_Kmono1.0,psweep112_20260319_134243,8.5,1.0,ok,1.5309952582665933,1000,1000,1000,19,0.019,1.0,0.019,0.2104884,0.17588,Advantage2_system1.13,2347,26,./penalty_sweep_qpu_v113/samples/4jsz_Kdist8.5_Kmono1.0/psweep112_20260319_134243/4jsz_ligand_report.csv,./penalty_sweep_qpu_v113/samples/4jsz_Kdist8.5_Kmono1.0/psweep112_20260319_134243/4jsz_ligand_samples.json,./penalty_sweep_qpu_v113/samples/4jsz_Kdist8.5_Kmono1.0/psweep112_20260319_134243/result.json
4jsz,4jsz_Kdist8.5_Kmono2.0,psweep112_20260319_134243,8.5,2.0,ok,2.3559136258694693,1000,1000,1000,0,0.0,1.0,0.0,0.2141624,0.17956,Advantage2_system1.13,2425,24,./penalty_sweep_qpu_v113/samples/4jsz_Kdist8.5_Kmono2.0/psweep112_20260319_134243/4jsz_ligand_report.csv,./penalty_sweep_qpu_v113/samples/4jsz_Kdist8.5_Kmono2.0/psweep112_20260319_134243/4jsz_ligand_samples.json,./penalty_sweep_qpu_v113/samples/4jsz_Kdist8.5_Kmono2.0/psweep112_20260319_134243/result.json
4jsz,4jsz_Kdist8.5_Kmono3.0,psweep112_20260319_134243,8.5,3.0,ok,1.8672761043899269,1000,1000,1000,2,0.002,1.0,0.002,0.2142096,0.1796,Advantage2_system1.13,2468,27,./penalty_sweep_qpu_v113/samples/4jsz_Kdist8.5_Kmono3.0/psweep112_20260319_134243/4jsz_ligand_report.csv,./penalty_sweep_qpu_v113/samples/4jsz_Kdist8.5_Kmono3.0/psweep112_20260319_134243/4jsz_ligand_samples.json,./penalty_sweep_qpu_v113/samples/4jsz_Kdist8.5_Kmono3.0/psweep112_20260319_134243/result.json
4jsz,4jsz_Kdist8.5_Kmono4.0,psweep112_20260319_134243,8.5,4.0,ok,1.2746327176144339,1000,1000,1000,13,0.013,1.0,0.013,0.2141744,0.17956,Advantage2_system1.13,2673,29,./penalty_sweep_qpu_v113/samples/4jsz_Kdist8.5_Kmono4.0/psweep112_20260319_134243/4jsz_ligand_report.csv,./penalty_sweep_qpu_v113/samples/4jsz_Kdist8.5_Kmono4.0/psweep112_20260319_134243/4jsz_ligand_samples.json,./penalty_sweep_qpu_v113/samples/4jsz_Kdist8.5_Kmono4.0/psweep112_20260319_134243/result.json
4jsz,4jsz_Kdist8.5_Kmono5.0,psweep112_20260319_134243,8.5,5.0,ok,1.9172312083775385,1000,1000,1000,3,0.003,1.0,0.003,0.2135504,0.17894,Advantage2_system1.13,2630,28,./penalty_sweep_qpu_v113/samples/4jsz_Kdist8.5_Kmono5.0/psweep112_20260319_134243/4jsz_ligand_report.csv,./penalty_sweep_qpu_v113/samples/4jsz_Kdist8.5_Kmono5.0/psweep112_20260319_134243/4jsz_ligand_samples.json,./penalty_sweep_qpu_v113/samples/4jsz_Kdist8.5_Kmono5.0/psweep112_20260319_134243/result.json
4jsz,4jsz_Kdist8.5_Kmono6.0,psweep112_20260319_134243,8.5,6.0,ok,1.8425431307610705,1000,1000,1000,1,0.001,1.0,0.001,0.2130576,0.17844,Advantage2_system1.13,2635,29,./penalty_sweep_qpu_v113/samples/4jsz_Kdist8.5_Kmono6.0/psweep112_20260319_134243/4jsz_ligand_report.csv,./penalty_sweep_qpu_v113/samples/4jsz_Kdist8.5_Kmono6.0/psweep112_20260319_134243/4jsz_ligand_samples.json,./penalty_sweep_qpu_v113/samples/4jsz_Kdist8.5_Kmono6.0/psweep112_20260319_134243/result.json
4jsz,4jsz_Kdist8.5_Kmono7.0,psweep112_20260319_134243,8.5,7.0,ok,2.253171777558807,1000,1000,1000,0,0.0,1.0,0.0,0.2153072,0.1807,Advantage2_system1.13,2437,26,./penalty_sweep_qpu_v113/samples/4jsz_Kdist8.5_Kmono7.0/psweep112_20260319_134243/4jsz_ligand_report.csv,./penalty_sweep_qpu_v113/samples/4jsz_Kdist8.5_Kmono7.0/psweep112_20260319_134243/4jsz_ligand_samples.json,./penalty_sweep_qpu_v113/samples/4jsz_Kdist8.5_Kmono7.0/psweep112_20260319_134243/result.json
4jsz,4jsz_Kdist8.5_Kmono8.0,psweep112_20260319_134243,8.5,8.0,ok,3.0397907428457334,1000,1000,1000,0,0.0,1.0,0.0,0.2096692,0.17506,Advantage2_system1.13,2749,31,./penalty_sweep_qpu_v113/samples/4jsz_Kdist8.5_Kmono8.0/psweep112_20260319_134243/4jsz_ligand_report.csv,./penalty_sweep_qpu_v113/samples/4jsz_Kdist8.5_Kmono8.0/psweep112_20260319_134243/4jsz_ligand_samples.json,./penalty_sweep_qpu_v113/samples/4jsz_Kdist8.5_Kmono8.0/psweep112_20260319_134243/result.json
4jsz,4jsz_Kdist8.5_Kmono9.0,psweep112_20260319_134243,8.5,9.0,ok,1.437172627632329,1000,1000,1000,53,0.053,1.0,0.053,0.210766,0.17616,Advantage2_system1.13,2487,26,./penalty_sweep_qpu_v113/samples/4jsz_Kdist8.5_Kmono9.0/psweep112_20260319_134243/4jsz_ligand_report.csv,./penalty_sweep_qpu_v113/samples/4jsz_Kdist8.5_Kmono9.0/psweep112_20260319_134243/4jsz_ligand_samples.json,./penalty_sweep_qpu_v113/samples/4jsz_Kdist8.5_Kmono9.0/psweep112_20260319_134243/result.json
4jsz,4jsz_Kdist8.5_Kmono10.0,psweep112_20260319_134243,8.5,10.0,ok,1.93736726156537,1000,1000,1000,2,0.002,1.0,0.002,0.2112696,0.17666,Advantage2_system1.13,2571,27,./penalty_sweep_qpu_v113/samples/4jsz_Kdist8.5_Kmono10.0/psweep112_20260319_134243/4jsz_ligand_report.csv,./penalty_sweep_qpu_v113/samples/4jsz_Kdist8.5_Kmono10.0/psweep112_20260319_134243/4jsz_ligand_samples.json,./penalty_sweep_qpu_v113/samples/4jsz_Kdist8.5_Kmono10.0/psweep112_20260319_134243/result.json
4jsz,4jsz_Kdist8.5_Kmono11.0,psweep112_20260319_134243,8.5,11.0,ok,2.350471086886032,1000,1000,1000,0,0.0,1.0,0.0,0.213022,0.17842,Advantage2_system1.13,2810,30,./penalty_sweep_qpu_v113/samples/4jsz_Kdist8.5_Kmono11.0/psweep112_20260319_134243/4jsz_ligand_report.csv,./penalty_sweep_qpu_v113/samples/4jsz_Kdist8.5_Kmono11.0/psweep112_20260319_134243/4jsz_ligand_samples.json,./penalty_sweep_qpu_v113/samples/4jsz_Kdist8.5_Kmono11.0/psweep112_20260319_134243/result.json
4jsz,4jsz_Kdist8.5_Kmono12.0,psweep112_20260319_134243,8.5,12.0,ok,2.653317882443725,1000,1000,1000,0,0.0,1.0,0.0,0.21862679999999998,0.18402,Advantage2_system1.13,2654,30,./penalty_sweep_qpu_v113/samples/4jsz_Kdist8.5_Kmono12.0/psweep112_20260319_134243/4jsz_ligand_report.csv,./penalty_sweep_qpu_v113/samples/4jsz_Kdist8.5_Kmono12.0/psweep112_20260319_134243/4jsz_ligand_samples.json,./penalty_sweep_qpu_v113/samples/4jsz_Kdist8.5_Kmono12.0/psweep112_20260319_134243/result.json
4jsz,4jsz_Kdist8.5_Kmono13.0,psweep112_20260319_134243,8.5,13.0,ok,2.7950462144905,1000,1000,1000,0,0.0,1.0,0.0,0.218764,0.18416,Advantage2_system1.13,2429,26,./penalty_sweep_qpu_v113/samples/4jsz_Kdist8.5_Kmono13.0/psweep112_20260319_134243/4jsz_ligand_report.csv,./penalty_sweep_qpu_v113/samples/4jsz_Kdist8.5_Kmono13.0/psweep112_20260319_134243/4jsz_ligand_samples.json,./penalty_sweep_qpu_v113/samples/4jsz_Kdist8.5_Kmono13.0/psweep112_20260319_134243/result.json
4jsz,4jsz_Kdist8.5_Kmono14.0,psweep112_20260319_134243,8.5,14.0,ok,1.928257477454879,1000,1000,1000,3,0.003,1.0,0.003,0.211028,0.17642,Advantage2_system1.13,2593,29,./penalty_sweep_qpu_v113/samples/4jsz_Kdist8.5_Kmono14.0/psweep112_20260319_134243/4jsz_ligand_report.csv,./penalty_sweep_qpu_v113/samples/4jsz_Kdist8.5_Kmono14.0/psweep112_20260319_134243/4jsz_ligand_samples.json,./penalty_sweep_qpu_v113/samples/4jsz_Kdist8.5_Kmono14.0/psweep112_20260319_134243/result.json
4jsz,4jsz_Kdist8.5_Kmono15.0,psweep112_20260319_134243,8.5,15.0,ok,2.1982201186191386,1000,1000,1000,0,0.0,1.0,0.0,0.21431039999999998,0.1797,Advantage2_system1.13,2897,33,./penalty_sweep_qpu_v113/samples/4jsz_Kdist8.5_Kmono15.0/psweep112_20260319_134243/4jsz_ligand_report.csv,./penalty_sweep_qpu_v113/samples/4jsz_Kdist8.5_Kmono15.0/psweep112_20260319_134243/4jsz_ligand_samples.json,./penalty_sweep_qpu_v113/samples/4jsz_Kdist8.5_Kmono15.0/psweep112_20260319_134243/result.json
4jsz,4jsz_Kdist8.5_Kmono16.0,psweep112_20260319_134243,8.5,16.0,ok,1.5731911887381016,1000,1000,1000,1,0.001,1.0,0.001,0.2164472,0.18184,Advantage2_system1.13,2460,27,./penalty_sweep_qpu_v113/samples/4jsz_Kdist8.5_Kmono16.0/psweep112_20260319_134243/4jsz_ligand_report.csv,./penalty_sweep_qpu_v113/samples/4jsz_Kdist8.5_Kmono16.0/psweep112_20260319_134243/4jsz_ligand_samples.json,./penalty_sweep_qpu_v113/samples/4jsz_Kdist8.5_Kmono16.0/psweep112_20260319_134243/result.json
4jsz,4jsz_Kdist8.5_Kmono17.0,psweep112_20260319_134243,8.5,17.0,ok,2.8997590314549293,1000,1000,1000,0,0.0,1.0,0.0,0.21826079999999998,0.18366,Advantage2_system1.13,2465,27,./penalty_sweep_qpu_v113/samples/4jsz_Kdist8.5_Kmono17.0/psweep112_20260319_134243/4jsz_ligand_report.csv,./penalty_sweep_qpu_v113/samples/4jsz_Kdist8.5_Kmono17.0/psweep112_20260319_134243/4jsz_ligand_samples.json,./penalty_sweep_qpu_v113/samples/4jsz_Kdist8.5_Kmono17.0/psweep112_20260319_134243/result.json
4jsz,4jsz_Kdist8.5_Kmono18.0,psweep112_20260319_134243,8.5,18.0,ok,2.018773742272482,1000,1000,1000,0,0.0,1.0,0.0,0.21177120000000002,0.17716,Advantage2_system1.13,2530,27,./penalty_sweep_qpu_v113/samples/4jsz_Kdist8.5_Kmono18.0/psweep112_20260319_134243/4jsz_ligand_report.csv,./penalty_sweep_qpu_v113/samples/4jsz_Kdist8.5_Kmono18.0/psweep112_20260319_134243/4jsz_ligand_samples.json,./penalty_sweep_qpu_v113/samples/4jsz_Kdist8.5_Kmono18.0/psweep112_20260319_134243/result.json
4jsz,4jsz_Kdist8.5_Kmono19.0,psweep112_20260319_134243,8.5,19.0,ok,2.421304805006464,1000,1000,1000,0,0.0,1.0,0.0,0.213408,0.1788,Advantage2_system1.13,2787,30,./penalty_sweep_qpu_v113/samples/4jsz_Kdist8.5_Kmono19.0/psweep112_20260319_134243/4jsz_ligand_report.csv,./penalty_sweep_qpu_v113/samples/4jsz_Kdist8.5_Kmono19.0/psweep112_20260319_134243/4jsz_ligand_samples.json,./penalty_sweep_qpu_v113/samples/4jsz_Kdist8.5_Kmono19.0/psweep112_20260319_134243/result.json
4jsz,4jsz_Kdist8.5_Kmono20.0,psweep112_20260319_134243,8.5,20.0,ok,2.0523358473023987,1000,1000,1000,0,0.0,1.0,0.0,0.2093432,0.17474,Advantage2_system1.13,2511,28,./penalty_sweep_qpu_v113/samples/4jsz_Kdist8.5_Kmono20.0/psweep112_20260319_134243/4jsz_ligand_report.csv,./penalty_sweep_qpu_v113/samples/4jsz_Kdist8.5_Kmono20.0/psweep112_20260319_134243/4jsz_ligand_samples.json,./penalty_sweep_qpu_v113/samples/4jsz_Kdist8.5_Kmono20.0/psweep112_20260319_134243/result.json
4jsz,4jsz_Kdist9.0_Kmono1.0,psweep112_20260319_134243,9.0,1.0,ok,2.317410336196722,1000,1000,1000,0,0.0,1.0,0.0,0.2111728,0.17656,Advantage2_system1.13,2514,27,./penalty_sweep_qpu_v113/samples/4jsz_Kdist9.0_Kmono1.0/psweep112_20260319_134243/4jsz_ligand_report.csv,./penalty_sweep_qpu_v113/samples/4jsz_Kdist9.0_Kmono1.0/psweep112_20260319_134243/4jsz_ligand_samples.json,./penalty_sweep_qpu_v113/samples/4jsz_Kdist9.0_Kmono1.0/psweep112_20260319_134243/result.json
4jsz,4jsz_Kdist9.0_Kmono2.0,psweep112_20260319_134243,9.0,2.0,ok,1.7887853423448181,1000,1000,1000,4,0.004,1.0,0.004,0.2164488,0.18184,Advantage2_system1.13,3063,32,./penalty_sweep_qpu_v113/samples/4jsz_Kdist9.0_Kmono2.0/psweep112_20260319_134243/4jsz_ligand_report.csv,./penalty_sweep_qpu_v113/samples/4jsz_Kdist9.0_Kmono2.0/psweep112_20260319_134243/4jsz_ligand_samples.json,./penalty_sweep_qpu_v113/samples/4jsz_Kdist9.0_Kmono2.0/psweep112_20260319_134243/result.json
4jsz,4jsz_Kdist9.0_Kmono3.0,psweep112_20260319_134243,9.0,3.0,ok,1.3531697273365857,1000,1000,1000,51,0.051,1.0,0.051,0.2186372,0.18402,Advantage2_system1.13,2886,32,./penalty_sweep_qpu_v113/samples/4jsz_Kdist9.0_Kmono3.0/psweep112_20260319_134243/4jsz_ligand_report.csv,./penalty_sweep_qpu_v113/samples/4jsz_Kdist9.0_Kmono3.0/psweep112_20260319_134243/4jsz_ligand_samples.json,./penalty_sweep_qpu_v113/samples/4jsz_Kdist9.0_Kmono3.0/psweep112_20260319_134243/result.json
4jsz,4jsz_Kdist9.0_Kmono4.0,psweep112_20260319_134243,9.0,4.0,ok,2.304618915583237,1000,1000,1000,0,0.0,1.0,0.0,0.2187644,0.18416,Advantage2_system1.13,2406,26,./penalty_sweep_qpu_v113/samples/4jsz_Kdist9.0_Kmono4.0/psweep112_20260319_134243/4jsz_ligand_report.csv,./penalty_sweep_qpu_v113/samples/4jsz_Kdist9.0_Kmono4.0/psweep112_20260319_134243/4jsz_ligand_samples.json,./penalty_sweep_qpu_v113/samples/4jsz_Kdist9.0_Kmono4.0/psweep112_20260319_134243/result.json
4jsz,4jsz_Kdist9.0_Kmono5.0,psweep112_20260319_134243,9.0,5.0,ok,3.4967901009675866,1000,1000,1000,0,0.0,1.0,0.0,0.2118092,0.1772,Advantage2_system1.13,2333,25,./penalty_sweep_qpu_v113/samples/4jsz_Kdist9.0_Kmono5.0/psweep112_20260319_134243/4jsz_ligand_report.csv,./penalty_sweep_qpu_v113/samples/4jsz_Kdist9.0_Kmono5.0/psweep112_20260319_134243/4jsz_ligand_samples.json,./penalty_sweep_qpu_v113/samples/4jsz_Kdist9.0_Kmono5.0/psweep112_20260319_134243/result.json
4jsz,4jsz_Kdist9.0_Kmono6.0,psweep112_20260319_134243,9.0,6.0,ok,1.6506398983747648,1000,1000,1000,4,0.004,1.0,0.004,0.2079056,0.1733,Advantage2_system1.13,2720,28,./penalty_sweep_qpu_v113/samples/4jsz_Kdist9.0_Kmono6.0/psweep112_20260319_134243/4jsz_ligand_report.csv,./penalty_sweep_qpu_v113/samples/4jsz_Kdist9.0_Kmono6.0/psweep112_20260319_134243/4jsz_ligand_samples.json,./penalty_sweep_qpu_v113/samples/4jsz_Kdist9.0_Kmono6.0/psweep112_20260319_134243/result.json
4jsz,4jsz_Kdist9.0_Kmono7.0,psweep112_20260319_134243,9.0,7.0,ok,2.022530653124931,1000,1000,1000,0,0.0,1.0,0.0,0.2134448,0.17884,Advantage2_system1.13,2472,27,./penalty_sweep_qpu_v113/samples/4jsz_Kdist9.0_Kmono7.0/psweep112_20260319_134243/4jsz_ligand_report.csv,./penalty_sweep_qpu_v113/samples/4jsz_Kdist9.0_Kmono7.0/psweep112_20260319_134243/4jsz_ligand_samples.json,./penalty_sweep_qpu_v113/samples/4jsz_Kdist9.0_Kmono7.0/psweep112_20260319_134243/result.json
4jsz,4jsz_Kdist9.0_Kmono8.0,psweep112_20260319_134243,9.0,8.0,ok,1.4533128212121333,1000,1000,1000,12,0.012,1.0,0.012,0.2186324,0.18402,Advantage2_system1.13,2699,28,./penalty_sweep_qpu_v113/samples/4jsz_Kdist9.0_Kmono8.0/psweep112_20260319_134243/4jsz_ligand_report.csv,./penalty_sweep_qpu_v113/samples/4jsz_Kdist9.0_Kmono8.0/psweep112_20260319_134243/4jsz_ligand_samples.json,./penalty_sweep_qpu_v113/samples/4jsz_Kdist9.0_Kmono8.0/psweep112_20260319_134243/result.json
4jsz,4jsz_Kdist9.0_Kmono9.0,psweep112_20260319_134243,9.0,9.0,ok,2.633996077521426,1000,1000,1000,0,0.0,1.0,0.0,0.2071728,0.17256,Advantage2_system1.13,2544,28,./penalty_sweep_qpu_v113/samples/4jsz_Kdist9.0_Kmono9.0/psweep112_20260319_134243/4jsz_ligand_report.csv,./penalty_sweep_qpu_v113/samples/4jsz_Kdist9.0_Kmono9.0/psweep112_20260319_134243/4jsz_ligand_samples.json,./penalty_sweep_qpu_v113/samples/4jsz_Kdist9.0_Kmono9.0/psweep112_20260319_134243/result.json
4jsz,4jsz_Kdist9.0_Kmono10.0,psweep112_20260319_134243,9.0,10.0,ok,1.6827317232895411,1000,1000,1000,256,0.256,1.0,0.256,0.20849079999999998,0.17388,Advantage2_system1.13,2339,23,./penalty_sweep_qpu_v113/samples/4jsz_Kdist9.0_Kmono10.0/psweep112_20260319_134243/4jsz_ligand_report.csv,./penalty_sweep_qpu_v113/samples/4jsz_Kdist9.0_Kmono10.0/psweep112_20260319_134243/4jsz_ligand_samples.json,./penalty_sweep_qpu_v113/samples/4jsz_Kdist9.0_Kmono10.0/psweep112_20260319_134243/result.json
4jsz,4jsz_Kdist9.0_Kmono11.0,psweep112_20260319_134243,9.0,11.0,ok,1.9708887762202527,1000,1000,1000,1,0.001,1.0,0.001,0.2099512,0.17534,Advantage2_system1.13,2739,30,./penalty_sweep_qpu_v113/samples/4jsz_Kdist9.0_Kmono11.0/psweep112_20260319_134243/4jsz_ligand_report.csv,./penalty_sweep_qpu_v113/samples/4jsz_Kdist9.0_Kmono11.0/psweep112_20260319_134243/4jsz_ligand_samples.json,./penalty_sweep_qpu_v113/samples/4jsz_Kdist9.0_Kmono11.0/psweep112_20260319_134243/result.json
4jsz,4jsz_Kdist9.0_Kmono12.0,psweep112_20260319_134243,9.0,12.0,ok,2.467923749323378,1000,1000,1000,0,0.0,1.0,0.0,0.21839160000000002,0.18378,Advantage2_system1.13,2537,27,./penalty_sweep_qpu_v113/samples/4jsz_Kdist9.0_Kmono12.0/psweep112_20260319_134243/4jsz_ligand_report.csv,./penalty_sweep_qpu_v113/samples/4jsz_Kdist9.0_Kmono12.0/psweep112_20260319_134243/4jsz_ligand_samples.json,./penalty_sweep_qpu_v113/samples/4jsz_Kdist9.0_Kmono12.0/psweep112_20260319_134243/result.json
4jsz,4jsz_Kdist9.0_Kmono13.0,psweep112_20260319_134243,9.0,13.0,ok,2.639778067089541,1000,1000,1000,0,0.0,1.0,0.0,0.21153160000000001,0.17692,Advantage2_system1.13,2594,29,./penalty_sweep_qpu_v113/samples/4jsz_Kdist9.0_Kmono13.0/psweep112_20260319_134243/4jsz_ligand_report.csv,./penalty_sweep_qpu_v113/samples/4jsz_Kdist9.0_Kmono13.0/psweep112_20260319_134243/4jsz_ligand_samples.json,./penalty_sweep_qpu_v113/samples/4jsz_Kdist9.0_Kmono13.0/psweep112_20260319_134243/result.json
4jsz,4jsz_Kdist9.0_Kmono14.0,psweep112_20260319_134243,9.0,14.0,ok,1.043927662775837,1000,1000,1000,21,0.021,1.0,0.021,0.2181276,0.18352,Advantage2_system1.13,2403,25,./penalty_sweep_qpu_v113/samples/4jsz_Kdist9.0_Kmono14.0/psweep112_20260319_134243/4jsz_ligand_report.csv,./penalty_sweep_qpu_v113/samples/4jsz_Kdist9.0_Kmono14.0/psweep112_20260319_134243/4jsz_ligand_samples.json,./penalty_sweep_qpu_v113/samples/4jsz_Kdist9.0_Kmono14.0/psweep112_20260319_134243/result.json
4jsz,4jsz_Kdist9.0_Kmono15.0,psweep112_20260319_134243,9.0,15.0,ok,2.012614402079159,1000,1000,1000,0,0.0,1.0,0.0,0.21317439999999999,0.17856,Advantage2_system1.13,2422,24,./penalty_sweep_qpu_v113/samples/4jsz_Kdist9.0_Kmono15.0/psweep112_20260319_134243/4jsz_ligand_report.csv,./penalty_sweep_qpu_v113/samples/4jsz_Kdist9.0_Kmono15.0/psweep112_20260319_134243/4jsz_ligand_samples.json,./penalty_sweep_qpu_v113/samples/4jsz_Kdist9.0_Kmono15.0/psweep112_20260319_134243/result.json
4jsz,4jsz_Kdist9.0_Kmono16.0,psweep112_20260319_134243,9.0,16.0,ok,1.7148995784895436,1000,1000,1000,1,0.001,1.0,0.001,0.2159936,0.18138,Advantage2_system1.13,2609,28,./penalty_sweep_qpu_v113/samples/4jsz_Kdist9.0_Kmono16.0/psweep112_20260319_134243/4jsz_ligand_report.csv,./penalty_sweep_qpu_v113/samples/4jsz_Kdist9.0_Kmono16.0/psweep112_20260319_134243/4jsz_ligand_samples.json,./penalty_sweep_qpu_v113/samples/4jsz_Kdist9.0_Kmono16.0/psweep112_20260319_134243/result.json
4jsz,4jsz_Kdist9.0_Kmono17.0,psweep112_20260319_134243,9.0,17.0,ok,3.5132260383236646,1000,1000,1000,0,0.0,1.0,0.0,0.21735279999999998,0.18274,Advantage2_system1.13,2793,29,./penalty_sweep_qpu_v113/samples/4jsz_Kdist9.0_Kmono17.0/psweep112_20260319_134243/4jsz_ligand_report.csv,./penalty_sweep_qpu_v113/samples/4jsz_Kdist9.0_Kmono17.0/psweep112_20260319_134243/4jsz_ligand_samples.json,./penalty_sweep_qpu_v113/samples/4jsz_Kdist9.0_Kmono17.0/psweep112_20260319_134243/result.json
4jsz,4jsz_Kdist9.0_Kmono18.0,psweep112_20260319_134243,9.0,18.0,ok,2.6608526191695003,1000,1000,1000,0,0.0,1.0,0.0,0.2152016,0.1806,Advantage2_system1.13,2418,26,./penalty_sweep_qpu_v113/samples/4jsz_Kdist9.0_Kmono18.0/psweep112_20260319_134243/4jsz_ligand_report.csv,./penalty_sweep_qpu_v113/samples/4jsz_Kdist9.0_Kmono18.0/psweep112_20260319_134243/4jsz_ligand_samples.json,./penalty_sweep_qpu_v113/samples/4jsz_Kdist9.0_Kmono18.0/psweep112_20260319_134243/result.json
4jsz,4jsz_Kdist9.0_Kmono19.0,psweep112_20260319_134243,9.0,19.0,ok,3.6079748271590164,1000,1000,1000,0,0.0,1.0,0.0,0.219662,0.18506,Advantage2_system1.13,2425,26,./penalty_sweep_qpu_v113/samples/4jsz_Kdist9.0_Kmono19.0/psweep112_20260319_134243/4jsz_ligand_report.csv,./penalty_sweep_qpu_v113/samples/4jsz_Kdist9.0_Kmono19.0/psweep112_20260319_134243/4jsz_ligand_samples.json,./penalty_sweep_qpu_v113/samples/4jsz_Kdist9.0_Kmono19.0/psweep112_20260319_134243/result.json
4jsz,4jsz_Kdist9.0_Kmono20.0,psweep112_20260319_134243,9.0,20.0,ok,1.659478927122159,1000,1000,1000,13,0.013,1.0,0.013,0.2076248,0.17302,Advantage2_system1.13,2647,29,./penalty_sweep_qpu_v113/samples/4jsz_Kdist9.0_Kmono20.0/psweep112_20260319_134243/4jsz_ligand_report.csv,./penalty_sweep_qpu_v113/samples/4jsz_Kdist9.0_Kmono20.0/psweep112_20260319_134243/4jsz_ligand_samples.json,./penalty_sweep_qpu_v113/samples/4jsz_Kdist9.0_Kmono20.0/psweep112_20260319_134243/result.json
4jsz,4jsz_Kdist9.5_Kmono1.0,psweep112_20260319_134243,9.5,1.0,ok,3.219162017361938,1000,1000,1000,0,0.0,1.0,0.0,0.21590879999999998,0.1813,Advantage2_system1.13,2450,26,./penalty_sweep_qpu_v113/samples/4jsz_Kdist9.5_Kmono1.0/psweep112_20260319_134243/4jsz_ligand_report.csv,./penalty_sweep_qpu_v113/samples/4jsz_Kdist9.5_Kmono1.0/psweep112_20260319_134243/4jsz_ligand_samples.json,./penalty_sweep_qpu_v113/samples/4jsz_Kdist9.5_Kmono1.0/psweep112_20260319_134243/result.json
4jsz,4jsz_Kdist9.5_Kmono2.0,psweep112_20260319_134243,9.5,2.0,ok,3.943053425598218,1000,1000,1000,0,0.0,1.0,0.0,0.2143108,0.1797,Advantage2_system1.13,2639,29,./penalty_sweep_qpu_v113/samples/4jsz_Kdist9.5_Kmono2.0/psweep112_20260319_134243/4jsz_ligand_report.csv,./penalty_sweep_qpu_v113/samples/4jsz_Kdist9.5_Kmono2.0/psweep112_20260319_134243/4jsz_ligand_samples.json,./penalty_sweep_qpu_v113/samples/4jsz_Kdist9.5_Kmono2.0/psweep112_20260319_134243/result.json
4jsz,4jsz_Kdist9.5_Kmono3.0,psweep112_20260319_134243,9.5,3.0,ok,1.4392737830682791,1000,1000,1000,22,0.022,1.0,0.022,0.213544,0.17894,Advantage2_system1.13,2498,26,./penalty_sweep_qpu_v113/samples/4jsz_Kdist9.5_Kmono3.0/psweep112_20260319_134243/4jsz_ligand_report.csv,./penalty_sweep_qpu_v113/samples/4jsz_Kdist9.5_Kmono3.0/psweep112_20260319_134243/4jsz_ligand_samples.json,./penalty_sweep_qpu_v113/samples/4jsz_Kdist9.5_Kmono3.0/psweep112_20260319_134243/result.json
4jsz,4jsz_Kdist9.5_Kmono4.0,psweep112_20260319_134243,9.5,4.0,ok,2.5622109702664133,1000,1000,1000,0,0.0,1.0,0.0,0.2117724,0.17716,Advantage2_system1.13,2481,26,./penalty_sweep_qpu_v113/samples/4jsz_Kdist9.5_Kmono4.0/psweep112_20260319_134243/4jsz_ligand_report.csv,./penalty_sweep_qpu_v113/samples/4jsz_Kdist9.5_Kmono4.0/psweep112_20260319_134243/4jsz_ligand_samples.json,./penalty_sweep_qpu_v113/samples/4jsz_Kdist9.5_Kmono4.0/psweep112_20260319_134243/result.json
4jsz,4jsz_Kdist9.5_Kmono5.0,psweep112_20260319_134243,9.5,5.0,ok,2.3902703011105215,1000,1000,1000,0,0.0,1.0,0.0,0.2173544,0.18274,Advantage2_system1.13,2660,28,./penalty_sweep_qpu_v113/samples/4jsz_Kdist9.5_Kmono5.0/psweep112_20260319_134243/4jsz_ligand_report.csv,./penalty_sweep_qpu_v113/samples/4jsz_Kdist9.5_Kmono5.0/psweep112_20260319_134243/4jsz_ligand_samples.json,./penalty_sweep_qpu_v113/samples/4jsz_Kdist9.5_Kmono5.0/psweep112_20260319_134243/result.json
4jsz,4jsz_Kdist9.5_Kmono6.0,psweep112_20260319_134243,9.5,6.0,ok,2.3914825850442383,1000,1000,1000,0,0.0,1.0,0.0,0.2126636,0.17806,Advantage2_system1.13,2443,28,./penalty_sweep_qpu_v113/samples/4jsz_Kdist9.5_Kmono6.0/psweep112_20260319_134243/4jsz_ligand_report.csv,./penalty_sweep_qpu_v113/samples/4jsz_Kdist9.5_Kmono6.0/psweep112_20260319_134243/4jsz_ligand_samples.json,./penalty_sweep_qpu_v113/samples/4jsz_Kdist9.5_Kmono6.0/psweep112_20260319_134243/result.json
4jsz,4jsz_Kdist9.5_Kmono7.0,psweep112_20260319_134243,9.5,7.0,ok,2.1281469789408898,1000,1000,1000,0,0.0,1.0,0.0,0.21371679999999998,0.1791,Advantage2_system1.13,2691,30,./penalty_sweep_qpu_v113/samples/4jsz_Kdist9.5_Kmono7.0/psweep112_20260319_134243/4jsz_ligand_report.csv,./penalty_sweep_qpu_v113/samples/4jsz_Kdist9.5_Kmono7.0/psweep112_20260319_134243/4jsz_ligand_samples.json,./penalty_sweep_qpu_v113/samples/4jsz_Kdist9.5_Kmono7.0/psweep112_20260319_134243/result.json
4jsz,4jsz_Kdist9.5_Kmono8.0,psweep112_20260319_134243,9.5,8.0,ok,0.9975486801123244,1000,1000,1000,44,0.044,1.0,0.044,0.2160936,0.18148,Advantage2_system1.13,2703,29,./penalty_sweep_qpu_v113/samples/4jsz_Kdist9.5_Kmono8.0/psweep112_20260319_134243/4jsz_ligand_report.csv,./penalty_sweep_qpu_v113/samples/4jsz_Kdist9.5_Kmono8.0/psweep112_20260319_134243/4jsz_ligand_samples.json,./penalty_sweep_qpu_v113/samples/4jsz_Kdist9.5_Kmono8.0/psweep112_20260319_134243/result.json
4jsz,4jsz_Kdist9.5_Kmono9.0,psweep112_20260319_134243,9.5,9.0,ok,2.5723069305952193,1000,1000,1000,0,0.0,1.0,0.0,0.21240879999999998,0.1778,Advantage2_system1.13,2639,27,./penalty_sweep_qpu_v113/samples/4jsz_Kdist9.5_Kmono9.0/psweep112_20260319_134243/4jsz_ligand_report.csv,./penalty_sweep_qpu_v113/samples/4jsz_Kdist9.5_Kmono9.0/psweep112_20260319_134243/4jsz_ligand_samples.json,./penalty_sweep_qpu_v113/samples/4jsz_Kdist9.5_Kmono9.0/psweep112_20260319_134243/result.json
4jsz,4jsz_Kdist9.5_Kmono10.0,psweep112_20260319_134243,9.5,10.0,ok,3.689090244127882,1000,1000,1000,0,0.0,1.0,0.0,0.2191324,0.18452,Advantage2_system1.13,2954,34,./penalty_sweep_qpu_v113/samples/4jsz_Kdist9.5_Kmono10.0/psweep112_20260319_134243/4jsz_ligand_report.csv,./penalty_sweep_qpu_v113/samples/4jsz_Kdist9.5_Kmono10.0/psweep112_20260319_134243/4jsz_ligand_samples.json,./penalty_sweep_qpu_v113/samples/4jsz_Kdist9.5_Kmono10.0/psweep112_20260319_134243/result.json
4jsz,4jsz_Kdist9.5_Kmono11.0,psweep112_20260319_134243,9.5,11.0,ok,2.2922242867905323,1000,1000,1000,0,0.0,1.0,0.0,0.21508960000000002,0.18048,Advantage2_system1.13,2649,29,./penalty_sweep_qpu_v113/samples/4jsz_Kdist9.5_Kmono11.0/psweep112_20260319_134243/4jsz_ligand_report.csv,./penalty_sweep_qpu_v113/samples/4jsz_Kdist9.5_Kmono11.0/psweep112_20260319_134243/4jsz_ligand_samples.json,./penalty_sweep_qpu_v113/samples/4jsz_Kdist9.5_Kmono11.0/psweep112_20260319_134243/result.json
4jsz,4jsz_Kdist9.5_Kmono12.0,psweep112_20260319_134243,9.5,12.0,ok,2.4447385388925706,1000,1000,1000,0,0.0,1.0,0.0,0.21490720000000002,0.1803,Advantage2_system1.13,2439,26,./penalty_sweep_qpu_v113/samples/4jsz_Kdist9.5_Kmono12.0/psweep112_20260319_134243/4jsz_ligand_report.csv,./penalty_sweep_qpu_v113/samples/4jsz_Kdist9.5_Kmono12.0/psweep112_20260319_134243/4jsz_ligand_samples.json,./penalty_sweep_qpu_v113/samples/4jsz_Kdist9.5_Kmono12.0/psweep112_20260319_134243/result.json
4jsz,4jsz_Kdist9.5_Kmono13.0,psweep112_20260319_134243,9.5,13.0,ok,2.0368496869176127,1000,1000,1000,0,0.0,1.0,0.0,0.2145476,0.17994,Advantage2_system1.13,2367,25,./penalty_sweep_qpu_v113/samples/4jsz_Kdist9.5_Kmono13.0/psweep112_20260319_134243/4jsz_ligand_report.csv,./penalty_sweep_qpu_v113/samples/4jsz_Kdist9.5_Kmono13.0/psweep112_20260319_134243/4jsz_ligand_samples.json,./penalty_sweep_qpu_v113/samples/4jsz_Kdist9.5_Kmono13.0/psweep112_20260319_134243/result.json
4jsz,4jsz_Kdist9.5_Kmono14.0,psweep112_20260319_134243,9.5,14.0,ok,1.432405615040233,1000,1000,1000,20,0.02,1.0,0.02,0.2140836,0.17948,Advantage2_system1.13,2445,27,./penalty_sweep_qpu_v113/samples/4jsz_Kdist9.5_Kmono14.0/psweep112_20260319_134243/4jsz_ligand_report.csv,./penalty_sweep_qpu_v113/samples/4jsz_Kdist9.5_Kmono14.0/psweep112_20260319_134243/4jsz_ligand_samples.json,./penalty_sweep_qpu_v113/samples/4jsz_Kdist9.5_Kmono14.0/psweep112_20260319_134243/result.json
4jsz,4jsz_Kdist9.5_Kmono15.0,psweep112_20260319_134243,9.5,15.0,ok,2.195541400540785,1000,1000,1000,0,0.0,1.0,0.0,0.2160936,0.18148,Advantage2_system1.13,2973,32,./penalty_sweep_qpu_v113/samples/4jsz_Kdist9.5_Kmono15.0/psweep112_20260319_134243/4jsz_ligand_report.csv,./penalty_sweep_qpu_v113/samples/4jsz_Kdist9.5_Kmono15.0/psweep112_20260319_134243/4jsz_ligand_samples.json,./penalty_sweep_qpu_v113/samples/4jsz_Kdist9.5_Kmono15.0/psweep112_20260319_134243/result.json
4jsz,4jsz_Kdist9.5_Kmono16.0,psweep112_20260319_134243,9.5,16.0,ok,2.373658896144898,1000,1000,1000,0,0.0,1.0,0.0,0.21720479999999998,0.1826,Advantage2_system1.13,2744,30,./penalty_sweep_qpu_v113/samples/4jsz_Kdist9.5_Kmono16.0/psweep112_20260319_134243/4jsz_ligand_report.csv,./penalty_sweep_qpu_v113/samples/4jsz_Kdist9.5_Kmono16.0/psweep112_20260319_134243/4jsz_ligand_samples.json,./penalty_sweep_qpu_v113/samples/4jsz_Kdist9.5_Kmono16.0/psweep112_20260319_134243/result.json
4jsz,4jsz_Kdist9.5_Kmono17.0,psweep112_20260319_134243,9.5,17.0,ok,2.3271628028534157,1000,1000,1000,0,0.0,1.0,0.0,0.21862120000000002,0.18402,Advantage2_system1.13,2386,25,./penalty_sweep_qpu_v113/samples/4jsz_Kdist9.5_Kmono17.0/psweep112_20260319_134243/4jsz_ligand_report.csv,./penalty_sweep_qpu_v113/samples/4jsz_Kdist9.5_Kmono17.0/psweep112_20260319_134243/4jsz_ligand_samples.json,./penalty_sweep_qpu_v113/samples/4jsz_Kdist9.5_Kmono17.0/psweep112_20260319_134243/result.json
4jsz,4jsz_Kdist9.5_Kmono18.0,psweep112_20260319_134243,9.5,18.0,ok,1.753633072537125,1000,1000,1000,9,0.009,1.0,0.009,0.21098879999999998,0.17638,Advantage2_system1.13,2529,27,./penalty_sweep_qpu_v113/samples/4jsz_Kdist9.5_Kmono18.0/psweep112_20260319_134243/4jsz_ligand_report.csv,./penalty_sweep_qpu_v113/samples/4jsz_Kdist9.5_Kmono18.0/psweep112_20260319_134243/4jsz_ligand_samples.json,./penalty_sweep_qpu_v113/samples/4jsz_Kdist9.5_Kmono18.0/psweep112_20260319_134243/result.json
4jsz,4jsz_Kdist9.5_Kmono19.0,psweep112_20260319_134243,9.5,19.0,ok,1.2814152720048357,1000,1000,1000,40,0.04,1.0,0.04,0.2124428,0.17784,Advantage2_system1.13,2572,27,./penalty_sweep_qpu_v113/samples/4jsz_Kdist9.5_Kmono19.0/psweep112_20260319_134243/4jsz_ligand_report.csv,./penalty_sweep_qpu_v113/samples/4jsz_Kdist9.5_Kmono19.0/psweep112_20260319_134243/4jsz_ligand_samples.json,./penalty_sweep_qpu_v113/samples/4jsz_Kdist9.5_Kmono19.0/psweep112_20260319_134243/result.json
4jsz,4jsz_Kdist9.5_Kmono20.0,psweep112_20260319_134243,9.5,20.0,ok,3.7667405444259523,1000,1000,1000,0,0.0,1.0,0.0,0.2123112,0.1777,Advantage2_system1.13,2543,27,./penalty_sweep_qpu_v113/samples/4jsz_Kdist9.5_Kmono20.0/psweep112_20260319_134243/4jsz_ligand_report.csv,./penalty_sweep_qpu_v113/samples/4jsz_Kdist9.5_Kmono20.0/psweep112_20260319_134243/4jsz_ligand_samples.json,./penalty_sweep_qpu_v113/samples/4jsz_Kdist9.5_Kmono20.0/psweep112_20260319_134243/result.json
4jsz,4jsz_Kdist10.0_Kmono1.0,psweep112_20260319_134243,10.0,1.0,ok,2.3589588018036745,1000,1000,1000,0,0.0,1.0,0.0,0.21190920000000002,0.1773,Advantage2_system1.13,2507,28,./penalty_sweep_qpu_v113/samples/4jsz_Kdist10.0_Kmono1.0/psweep112_20260319_134243/4jsz_ligand_report.csv,./penalty_sweep_qpu_v113/samples/4jsz_Kdist10.0_Kmono1.0/psweep112_20260319_134243/4jsz_ligand_samples.json,./penalty_sweep_qpu_v113/samples/4jsz_Kdist10.0_Kmono1.0/psweep112_20260319_134243/result.json
4jsz,4jsz_Kdist10.0_Kmono2.0,psweep112_20260319_134243,10.0,2.0,ok,1.7734995574110124,1000,1000,1000,2,0.002,1.0,0.002,0.2145292,0.17992,Advantage2_system1.13,2258,23,./penalty_sweep_qpu_v113/samples/4jsz_Kdist10.0_Kmono2.0/psweep112_20260319_134243/4jsz_ligand_report.csv,./penalty_sweep_qpu_v113/samples/4jsz_Kdist10.0_Kmono2.0/psweep112_20260319_134243/4jsz_ligand_samples.json,./penalty_sweep_qpu_v113/samples/4jsz_Kdist10.0_Kmono2.0/psweep112_20260319_134243/result.json
4jsz,4jsz_Kdist10.0_Kmono3.0,psweep112_20260319_134243,10.0,3.0,ok,2.2593927412498074,1000,1000,1000,0,0.0,1.0,0.0,0.215174,0.18056,Advantage2_system1.13,2375,24,./penalty_sweep_qpu_v113/samples/4jsz_Kdist10.0_Kmono3.0/psweep112_20260319_134243/4jsz_ligand_report.csv,./penalty_sweep_qpu_v113/samples/4jsz_Kdist10.0_Kmono3.0/psweep112_20260319_134243/4jsz_ligand_samples.json,./penalty_sweep_qpu_v113/samples/4jsz_Kdist10.0_Kmono3.0/psweep112_20260319_134243/result.json
4jsz,4jsz_Kdist10.0_Kmono4.0,psweep112_20260319_134243,10.0,4.0,ok,0.8343882214634076,1000,1000,1000,684,0.684,1.0,0.684,0.21631679999999998,0.1817,Advantage2_system1.13,2727,29,./penalty_sweep_qpu_v113/samples/4jsz_Kdist10.0_Kmono4.0/psweep112_20260319_134243/4jsz_ligand_report.csv,./penalty_sweep_qpu_v113/samples/4jsz_Kdist10.0_Kmono4.0/psweep112_20260319_134243/4jsz_ligand_samples.json,./penalty_sweep_qpu_v113/samples/4jsz_Kdist10.0_Kmono4.0/psweep112_20260319_134243/result.json
4jsz,4jsz_Kdist10.0_Kmono5.0,psweep112_20260319_134243,10.0,5.0,ok,1.7371200897705734,1000,1000,1000,1,0.001,1.0,0.001,0.20771,0.1731,Advantage2_system1.13,2362,24,./penalty_sweep_qpu_v113/samples/4jsz_Kdist10.0_Kmono5.0/psweep112_20260319_134243/4jsz_ligand_report.csv,./penalty_sweep_qpu_v113/samples/4jsz_Kdist10.0_Kmono5.0/psweep112_20260319_134243/4jsz_ligand_samples.json,./penalty_sweep_qpu_v113/samples/4jsz_Kdist10.0_Kmono5.0/psweep112_20260319_134243/result.json
4jsz,4jsz_Kdist10.0_Kmono6.0,psweep112_20260319_134243,10.0,6.0,ok,3.677097992085557,1000,1000,1000,0,0.0,1.0,0.0,0.2158136,0.1812,Advantage2_system1.13,2834,31,./penalty_sweep_qpu_v113/samples/4jsz_Kdist10.0_Kmono6.0/psweep112_20260319_134243/4jsz_ligand_report.csv,./penalty_sweep_qpu_v113/samples/4jsz_Kdist10.0_Kmono6.0/psweep112_20260319_134243/4jsz_ligand_samples.json,./penalty_sweep_qpu_v113/samples/4jsz_Kdist10.0_Kmono6.0/psweep112_20260319_134243/result.json
4jsz,4jsz_Kdist10.0_Kmono7.0,psweep112_20260319_134243,10.0,7.0,ok,1.0653230352968068,1000,1000,1000,35,0.035,1.0,0.035,0.2159448,0.18134,Advantage2_system1.13,2347,25,./penalty_sweep_qpu_v113/samples/4jsz_Kdist10.0_Kmono7.0/psweep112_20260319_134243/4jsz_ligand_report.csv,./penalty_sweep_qpu_v113/samples/4jsz_Kdist10.0_Kmono7.0/psweep112_20260319_134243/4jsz_ligand_samples.json,./penalty_sweep_qpu_v113/samples/4jsz_Kdist10.0_Kmono7.0/psweep112_20260319_134243/result.json
4jsz,4jsz_Kdist10.0_Kmono8.0,psweep112_20260319_134243,10.0,8.0,ok,3.0254647137757815,1000,1000,1000,0,0.0,1.0,0.0,0.2183836,0.18378,Advantage2_system1.13,2579,29,./penalty_sweep_qpu_v113/samples/4jsz_Kdist10.0_Kmono8.0/psweep112_20260319_134243/4jsz_ligand_report.csv,./penalty_sweep_qpu_v113/samples/4jsz_Kdist10.0_Kmono8.0/psweep112_20260319_134243/4jsz_ligand_samples.json,./penalty_sweep_qpu_v113/samples/4jsz_Kdist10.0_Kmono8.0/psweep112_20260319_134243/result.json
4jsz,4jsz_Kdist10.0_Kmono9.0,psweep112_20260319_134243,10.0,9.0,ok,2.1368848701366168,1000,1000,1000,0,0.0,1.0,0.0,0.21231039999999998,0.1777,Advantage2_system1.13,2528,27,./penalty_sweep_qpu_v113/samples/4jsz_Kdist10.0_Kmono9.0/psweep112_20260319_134243/4jsz_ligand_report.csv,./penalty_sweep_qpu_v113/samples/4jsz_Kdist10.0_Kmono9.0/psweep112_20260319_134243/4jsz_ligand_samples.json,./penalty_sweep_qpu_v113/samples/4jsz_Kdist10.0_Kmono9.0/psweep112_20260319_134243/result.json
4jsz,4jsz_Kdist10.0_Kmono10.0,psweep112_20260319_134243,10.0,10.0,ok,1.446816495282115,1000,1000,1000,10,0.01,1.0,0.01,0.2178944,0.18328,Advantage2_system1.13,2722,31,./penalty_sweep_qpu_v113/samples/4jsz_Kdist10.0_Kmono10.0/psweep112_20260319_134243/4jsz_ligand_report.csv,./penalty_sweep_qpu_v113/samples/4jsz_Kdist10.0_Kmono10.0/psweep112_20260319_134243/4jsz_ligand_samples.json,./penalty_sweep_qpu_v113/samples/4jsz_Kdist10.0_Kmono10.0/psweep112_20260319_134243/result.json
4jsz,4jsz_Kdist10.0_Kmono11.0,psweep112_20260319_134243,10.0,11.0,ok,3.424009810384743,1000,1000,1000,0,0.0,1.0,0.0,0.20880520000000002,0.1742,Advantage2_system1.13,2651,29,./penalty_sweep_qpu_v113/samples/4jsz_Kdist10.0_Kmono11.0/psweep112_20260319_134243/4jsz_ligand_report.csv,./penalty_sweep_qpu_v113/samples/4jsz_Kdist10.0_Kmono11.0/psweep112_20260319_134243/4jsz_ligand_samples.json,./penalty_sweep_qpu_v113/samples/4jsz_Kdist10.0_Kmono11.0/psweep112_20260319_134243/result.json
4jsz,4jsz_Kdist10.0_Kmono12.0,psweep112_20260319_134243,10.0,12.0,ok,4.350788491743338,1000,1000,1000,0,0.0,1.0,0.0,0.21191120000000002,0.1773,Advantage2_system1.13,2631,28,./penalty_sweep_qpu_v113/samples/4jsz_Kdist10.0_Kmono12.0/psweep112_20260319_134243/4jsz_ligand_report.csv,./penalty_sweep_qpu_v113/samples/4jsz_Kdist10.0_Kmono12.0/psweep112_20260319_134243/4jsz_ligand_samples.json,./penalty_sweep_qpu_v113/samples/4jsz_Kdist10.0_Kmono12.0/psweep112_20260319_134243/result.json
4jsz,4jsz_Kdist10.0_Kmono13.0,psweep112_20260319_134243,10.0,13.0,ok,1.4566031291296302,1000,1000,1000,11,0.011,1.0,0.011,0.2196652,0.18506,Advantage2_system1.13,2400,26,./penalty_sweep_qpu_v113/samples/4jsz_Kdist10.0_Kmono13.0/psweep112_20260319_134243/4jsz_ligand_report.csv,./penalty_sweep_qpu_v113/samples/4jsz_Kdist10.0_Kmono13.0/psweep112_20260319_134243/4jsz_ligand_samples.json,./penalty_sweep_qpu_v113/samples/4jsz_Kdist10.0_Kmono13.0/psweep112_20260319_134243/result.json
4jsz,4jsz_Kdist10.0_Kmono14.0,psweep112_20260319_134243,10.0,14.0,ok,2.488832883712785,1000,1000,1000,0,0.0,1.0,0.0,0.21608839999999999,0.18148,Advantage2_system1.13,2524,26,./penalty_sweep_qpu_v113/samples/4jsz_Kdist10.0_Kmono14.0/psweep112_20260319_134243/4jsz_ligand_report.csv,./penalty_sweep_qpu_v113/samples/4jsz_Kdist10.0_Kmono14.0/psweep112_20260319_134243/4jsz_ligand_samples.json,./penalty_sweep_qpu_v113/samples/4jsz_Kdist10.0_Kmono14.0/psweep112_20260319_134243/result.json
4jsz,4jsz_Kdist10.0_Kmono15.0,psweep112_20260319_134243,10.0,15.0,ok,1.8369871131227946,1000,1000,1000,6,0.006,1.0,0.006,0.2199172,0.1853,Advantage2_system1.13,2649,27,./penalty_sweep_qpu_v113/samples/4jsz_Kdist10.0_Kmono15.0/psweep112_20260319_134243/4jsz_ligand_report.csv,./penalty_sweep_qpu_v113/samples/4jsz_Kdist10.0_Kmono15.0/psweep112_20260319_134243/4jsz_ligand_samples.json,./penalty_sweep_qpu_v113/samples/4jsz_Kdist10.0_Kmono15.0/psweep112_20260319_134243/result.json
4jsz,4jsz_Kdist10.0_Kmono16.0,psweep112_20260319_134243,10.0,16.0,ok,2.673517437991768,1000,1000,1000,0,0.0,1.0,0.0,0.2132124,0.1786,Advantage2_system1.13,2497,26,./penalty_sweep_qpu_v113/samples/4jsz_Kdist10.0_Kmono16.0/psweep112_20260319_134243/4jsz_ligand_report.csv,./penalty_sweep_qpu_v113/samples/4jsz_Kdist10.0_Kmono16.0/psweep112_20260319_134243/4jsz_ligand_samples.json,./penalty_sweep_qpu_v113/samples/4jsz_Kdist10.0_Kmono16.0/psweep112_20260319_134243/result.json
4jsz,4jsz_Kdist10.0_Kmono17.0,psweep112_20260319_134243,10.0,17.0,ok,2.6119876846258103,1000,1000,1000,0,0.0,1.0,0.0,0.2107056,0.1761,Advantage2_system1.13,2989,35,./penalty_sweep_qpu_v113/samples/4jsz_Kdist10.0_Kmono17.0/psweep112_20260319_134243/4jsz_ligand_report.csv,./penalty_sweep_qpu_v113/samples/4jsz_Kdist10.0_Kmono17.0/psweep112_20260319_134243/4jsz_ligand_samples.json,./penalty_sweep_qpu_v113/samples/4jsz_Kdist10.0_Kmono17.0/psweep112_20260319_134243/result.json
4jsz,4jsz_Kdist10.0_Kmono18.0,psweep112_20260319_134243,10.0,18.0,ok,2.3777389001354066,1000,1000,1000,0,0.0,1.0,0.0,0.21081160000000002,0.1762,Advantage2_system1.13,2818,29,./penalty_sweep_qpu_v113/samples/4jsz_Kdist10.0_Kmono18.0/psweep112_20260319_134243/4jsz_ligand_report.csv,./penalty_sweep_qpu_v113/samples/4jsz_Kdist10.0_Kmono18.0/psweep112_20260319_134243/4jsz_ligand_samples.json,./penalty_sweep_qpu_v113/samples/4jsz_Kdist10.0_Kmono18.0/psweep112_20260319_134243/result.json
4jsz,4jsz_Kdist10.0_Kmono19.0,psweep112_20260319_134243,10.0,19.0,ok,2.625602466220903,1000,1000,1000,0,0.0,1.0,0.0,0.2104184,0.1758,Advantage2_system1.13,2461,26,./penalty_sweep_qpu_v113/samples/4jsz_Kdist10.0_Kmono19.0/psweep112_20260319_134243/4jsz_ligand_report.csv,./penalty_sweep_qpu_v113/samples/4jsz_Kdist10.0_Kmono19.0/psweep112_20260319_134243/4jsz_ligand_samples.json,./penalty_sweep_qpu_v113/samples/4jsz_Kdist10.0_Kmono19.0/psweep112_20260319_134243/result.json
4jsz,4jsz_Kdist10.0_Kmono20.0,psweep112_20260319_134243,10.0,20.0,ok,2.868942179098634,1000,1000,1000,0,0.0,1.0,0.0,0.2159468,0.18134,Advantage2_system1.13,2472,27,./penalty_sweep_qpu_v113/samples/4jsz_Kdist10.0_Kmono20.0/psweep112_20260319_134243/4jsz_ligand_report.csv,./penalty_sweep_qpu_v113/samples/4jsz_Kdist10.0_Kmono20.0/psweep112_20260319_134243/4jsz_ligand_samples.json,./penalty_sweep_qpu_v113/samples/4jsz_Kdist10.0_Kmono20.0/psweep112_20260319_134243/result.json
