ligand,case_name,run_tag,Kdist,Kmono,status,mRMSD,n_poses,n_reads,n_valid,n_success_valid,quality,validity_rate,success_rate,qpu_access_sec,qpu_sampling_sec,solver,physical_qubits,max_chain_length,report_csv,samples_json,result_json
3nq9,3nq9_Kdist0.5_Kmono1.0,psweep113_r5_20260328_171213,0.5,1.0,ok,2.0219370829332655,1000,1000,1000,0,0.0,1.0,0.0,0.2142008,0.1796,Advantage2_system1.13,2121,25,./penalty_sweep_qpu_v113/samples/3nq9_Kdist0.5_Kmono1.0/psweep113_r5_20260328_171213/3nq9_ligand_report.csv,./penalty_sweep_qpu_v113/samples/3nq9_Kdist0.5_Kmono1.0/psweep113_r5_20260328_171213/3nq9_ligand_samples.json,./penalty_sweep_qpu_v113/samples/3nq9_Kdist0.5_Kmono1.0/psweep113_r5_20260328_171213/result.json
3nq9,3nq9_Kdist0.5_Kmono2.0,psweep113_r5_20260328_171213,0.5,2.0,ok,3.003231103177874,1000,1000,1000,0,0.0,1.0,0.0,0.20754720000000002,0.17294,Advantage2_system1.13,2133,25,./penalty_sweep_qpu_v113/samples/3nq9_Kdist0.5_Kmono2.0/psweep113_r5_20260328_171213/3nq9_ligand_report.csv,./penalty_sweep_qpu_v113/samples/3nq9_Kdist0.5_Kmono2.0/psweep113_r5_20260328_171213/3nq9_ligand_samples.json,./penalty_sweep_qpu_v113/samples/3nq9_Kdist0.5_Kmono2.0/psweep113_r5_20260328_171213/result.json
3nq9,3nq9_Kdist0.5_Kmono3.0,psweep113_r5_20260328_171213,0.5,3.0,ok,1.7562308032425376,1000,1000,1000,1,0.001,1.0,0.001,0.214408,0.1798,Advantage2_system1.13,2116,25,./penalty_sweep_qpu_v113/samples/3nq9_Kdist0.5_Kmono3.0/psweep113_r5_20260328_171213/3nq9_ligand_report.csv,./penalty_sweep_qpu_v113/samples/3nq9_Kdist0.5_Kmono3.0/psweep113_r5_20260328_171213/3nq9_ligand_samples.json,./penalty_sweep_qpu_v113/samples/3nq9_Kdist0.5_Kmono3.0/psweep113_r5_20260328_171213/result.json
3nq9,3nq9_Kdist0.5_Kmono4.0,psweep113_r5_20260328_171213,0.5,4.0,ok,0.9453253718538556,1000,1000,1000,9,0.009,1.0,0.009,0.2084852,0.17388,Advantage2_system1.13,2046,24,./penalty_sweep_qpu_v113/samples/3nq9_Kdist0.5_Kmono4.0/psweep113_r5_20260328_171213/3nq9_ligand_report.csv,./penalty_sweep_qpu_v113/samples/3nq9_Kdist0.5_Kmono4.0/psweep113_r5_20260328_171213/3nq9_ligand_samples.json,./penalty_sweep_qpu_v113/samples/3nq9_Kdist0.5_Kmono4.0/psweep113_r5_20260328_171213/result.json
3nq9,3nq9_Kdist0.5_Kmono5.0,psweep113_r5_20260328_171213,0.5,5.0,ok,1.4286155401228375,1000,1000,1000,6,0.006,1.0,0.006,0.21025560000000001,0.17566,Advantage2_system1.13,2165,25,./penalty_sweep_qpu_v113/samples/3nq9_Kdist0.5_Kmono5.0/psweep113_r5_20260328_171213/3nq9_ligand_report.csv,./penalty_sweep_qpu_v113/samples/3nq9_Kdist0.5_Kmono5.0/psweep113_r5_20260328_171213/3nq9_ligand_samples.json,./penalty_sweep_qpu_v113/samples/3nq9_Kdist0.5_Kmono5.0/psweep113_r5_20260328_171213/result.json
3nq9,3nq9_Kdist0.5_Kmono6.0,psweep113_r5_20260328_171213,0.5,6.0,ok,2.2361259372655318,1000,1000,1000,0,0.0,1.0,0.0,0.2071228,0.17252,Advantage2_system1.13,2380,29,./penalty_sweep_qpu_v113/samples/3nq9_Kdist0.5_Kmono6.0/psweep113_r5_20260328_171213/3nq9_ligand_report.csv,./penalty_sweep_qpu_v113/samples/3nq9_Kdist0.5_Kmono6.0/psweep113_r5_20260328_171213/3nq9_ligand_samples.json,./penalty_sweep_qpu_v113/samples/3nq9_Kdist0.5_Kmono6.0/psweep113_r5_20260328_171213/result.json
3nq9,3nq9_Kdist0.5_Kmono7.0,psweep113_r5_20260328_171213,0.5,7.0,ok,2.946104157526196,1000,1000,1000,0,0.0,1.0,0.0,0.2120572,0.17744,Advantage2_system1.13,2632,32,./penalty_sweep_qpu_v113/samples/3nq9_Kdist0.5_Kmono7.0/psweep113_r5_20260328_171213/3nq9_ligand_report.csv,./penalty_sweep_qpu_v113/samples/3nq9_Kdist0.5_Kmono7.0/psweep113_r5_20260328_171213/3nq9_ligand_samples.json,./penalty_sweep_qpu_v113/samples/3nq9_Kdist0.5_Kmono7.0/psweep113_r5_20260328_171213/result.json
3nq9,3nq9_Kdist0.5_Kmono8.0,psweep113_r5_20260328_171213,0.5,8.0,ok,2.2229317316491866,1000,1000,1000,0,0.0,1.0,0.0,0.2018752,0.16728,Advantage2_system1.13,2210,26,./penalty_sweep_qpu_v113/samples/3nq9_Kdist0.5_Kmono8.0/psweep113_r5_20260328_171213/3nq9_ligand_report.csv,./penalty_sweep_qpu_v113/samples/3nq9_Kdist0.5_Kmono8.0/psweep113_r5_20260328_171213/3nq9_ligand_samples.json,./penalty_sweep_qpu_v113/samples/3nq9_Kdist0.5_Kmono8.0/psweep113_r5_20260328_171213/result.json
3nq9,3nq9_Kdist0.5_Kmono9.0,psweep113_r5_20260328_171213,0.5,9.0,ok,2.4621914279966433,1000,1000,1000,0,0.0,1.0,0.0,0.2099792,0.17538,Advantage2_system1.13,1819,21,./penalty_sweep_qpu_v113/samples/3nq9_Kdist0.5_Kmono9.0/psweep113_r5_20260328_171213/3nq9_ligand_report.csv,./penalty_sweep_qpu_v113/samples/3nq9_Kdist0.5_Kmono9.0/psweep113_r5_20260328_171213/3nq9_ligand_samples.json,./penalty_sweep_qpu_v113/samples/3nq9_Kdist0.5_Kmono9.0/psweep113_r5_20260328_171213/result.json
3nq9,3nq9_Kdist0.5_Kmono10.0,psweep113_r5_20260328_171213,0.5,10.0,ok,1.6444154806208422,1000,1000,1000,8,0.008,1.0,0.008,0.21426920000000002,0.17966,Advantage2_system1.13,2219,27,./penalty_sweep_qpu_v113/samples/3nq9_Kdist0.5_Kmono10.0/psweep113_r5_20260328_171213/3nq9_ligand_report.csv,./penalty_sweep_qpu_v113/samples/3nq9_Kdist0.5_Kmono10.0/psweep113_r5_20260328_171213/3nq9_ligand_samples.json,./penalty_sweep_qpu_v113/samples/3nq9_Kdist0.5_Kmono10.0/psweep113_r5_20260328_171213/result.json
3nq9,3nq9_Kdist0.5_Kmono11.0,psweep113_r5_20260328_171213,0.5,11.0,ok,2.1552341664335812,1000,1000,1000,0,0.0,1.0,0.0,0.20876879999999998,0.17416,Advantage2_system1.13,2181,26,./penalty_sweep_qpu_v113/samples/3nq9_Kdist0.5_Kmono11.0/psweep113_r5_20260328_171213/3nq9_ligand_report.csv,./penalty_sweep_qpu_v113/samples/3nq9_Kdist0.5_Kmono11.0/psweep113_r5_20260328_171213/3nq9_ligand_samples.json,./penalty_sweep_qpu_v113/samples/3nq9_Kdist0.5_Kmono11.0/psweep113_r5_20260328_171213/result.json
3nq9,3nq9_Kdist0.5_Kmono12.0,psweep113_r5_20260328_171213,0.5,12.0,ok,1.1394031389438768,1000,1000,1000,9,0.009,1.0,0.009,0.2078856,0.17328,Advantage2_system1.13,2123,26,./penalty_sweep_qpu_v113/samples/3nq9_Kdist0.5_Kmono12.0/psweep113_r5_20260328_171213/3nq9_ligand_report.csv,./penalty_sweep_qpu_v113/samples/3nq9_Kdist0.5_Kmono12.0/psweep113_r5_20260328_171213/3nq9_ligand_samples.json,./penalty_sweep_qpu_v113/samples/3nq9_Kdist0.5_Kmono12.0/psweep113_r5_20260328_171213/result.json
3nq9,3nq9_Kdist0.5_Kmono13.0,psweep113_r5_20260328_171213,0.5,13.0,ok,2.1195864227668006,1000,1000,1000,0,0.0,1.0,0.0,0.20735,0.17274,Advantage2_system1.13,2226,26,./penalty_sweep_qpu_v113/samples/3nq9_Kdist0.5_Kmono13.0/psweep113_r5_20260328_171213/3nq9_ligand_report.csv,./penalty_sweep_qpu_v113/samples/3nq9_Kdist0.5_Kmono13.0/psweep113_r5_20260328_171213/3nq9_ligand_samples.json,./penalty_sweep_qpu_v113/samples/3nq9_Kdist0.5_Kmono13.0/psweep113_r5_20260328_171213/result.json
3nq9,3nq9_Kdist0.5_Kmono14.0,psweep113_r5_20260328_171213,0.5,14.0,ok,1.3208978639962743,1000,1000,1000,21,0.021,1.0,0.021,0.2106236,0.17602,Advantage2_system1.13,2066,25,./penalty_sweep_qpu_v113/samples/3nq9_Kdist0.5_Kmono14.0/psweep113_r5_20260328_171213/3nq9_ligand_report.csv,./penalty_sweep_qpu_v113/samples/3nq9_Kdist0.5_Kmono14.0/psweep113_r5_20260328_171213/3nq9_ligand_samples.json,./penalty_sweep_qpu_v113/samples/3nq9_Kdist0.5_Kmono14.0/psweep113_r5_20260328_171213/result.json
3nq9,3nq9_Kdist0.5_Kmono15.0,psweep113_r5_20260328_171213,0.5,15.0,ok,0.8436929638160812,1000,1000,1000,41,0.041,1.0,0.041,0.2053532,0.17074,Advantage2_system1.13,1951,23,./penalty_sweep_qpu_v113/samples/3nq9_Kdist0.5_Kmono15.0/psweep113_r5_20260328_171213/3nq9_ligand_report.csv,./penalty_sweep_qpu_v113/samples/3nq9_Kdist0.5_Kmono15.0/psweep113_r5_20260328_171213/3nq9_ligand_samples.json,./penalty_sweep_qpu_v113/samples/3nq9_Kdist0.5_Kmono15.0/psweep113_r5_20260328_171213/result.json
3nq9,3nq9_Kdist0.5_Kmono16.0,psweep113_r5_20260328_171213,0.5,16.0,ok,1.9877664044277432,1000,1000,1000,1,0.001,1.0,0.001,0.214204,0.1796,Advantage2_system1.13,2270,28,./penalty_sweep_qpu_v113/samples/3nq9_Kdist0.5_Kmono16.0/psweep113_r5_20260328_171213/3nq9_ligand_report.csv,./penalty_sweep_qpu_v113/samples/3nq9_Kdist0.5_Kmono16.0/psweep113_r5_20260328_171213/3nq9_ligand_samples.json,./penalty_sweep_qpu_v113/samples/3nq9_Kdist0.5_Kmono16.0/psweep113_r5_20260328_171213/result.json
3nq9,3nq9_Kdist0.5_Kmono17.0,psweep113_r5_20260328_171213,0.5,17.0,ok,2.1483940719095482,1000,1000,1000,0,0.0,1.0,0.0,0.203524,0.16892,Advantage2_system1.13,2027,23,./penalty_sweep_qpu_v113/samples/3nq9_Kdist0.5_Kmono17.0/psweep113_r5_20260328_171213/3nq9_ligand_report.csv,./penalty_sweep_qpu_v113/samples/3nq9_Kdist0.5_Kmono17.0/psweep113_r5_20260328_171213/3nq9_ligand_samples.json,./penalty_sweep_qpu_v113/samples/3nq9_Kdist0.5_Kmono17.0/psweep113_r5_20260328_171213/result.json
3nq9,3nq9_Kdist0.5_Kmono18.0,psweep113_r5_20260328_171213,0.5,18.0,ok,2.1875163811159393,1000,1000,1000,0,0.0,1.0,0.0,0.218244,0.18362,Advantage2_system1.13,2766,34,./penalty_sweep_qpu_v113/samples/3nq9_Kdist0.5_Kmono18.0/psweep113_r5_20260328_171213/3nq9_ligand_report.csv,./penalty_sweep_qpu_v113/samples/3nq9_Kdist0.5_Kmono18.0/psweep113_r5_20260328_171213/3nq9_ligand_samples.json,./penalty_sweep_qpu_v113/samples/3nq9_Kdist0.5_Kmono18.0/psweep113_r5_20260328_171213/result.json
3nq9,3nq9_Kdist0.5_Kmono19.0,psweep113_r5_20260328_171213,0.5,19.0,ok,2.8198111619806627,1000,1000,1000,0,0.0,1.0,0.0,0.2077028,0.1731,Advantage2_system1.13,2296,28,./penalty_sweep_qpu_v113/samples/3nq9_Kdist0.5_Kmono19.0/psweep113_r5_20260328_171213/3nq9_ligand_report.csv,./penalty_sweep_qpu_v113/samples/3nq9_Kdist0.5_Kmono19.0/psweep113_r5_20260328_171213/3nq9_ligand_samples.json,./penalty_sweep_qpu_v113/samples/3nq9_Kdist0.5_Kmono19.0/psweep113_r5_20260328_171213/result.json
3nq9,3nq9_Kdist0.5_Kmono20.0,psweep113_r5_20260328_171213,0.5,20.0,ok,1.927762544129283,1000,1000,1000,1,0.001,1.0,0.001,0.2169792,0.18238,Advantage2_system1.13,2094,24,./penalty_sweep_qpu_v113/samples/3nq9_Kdist0.5_Kmono20.0/psweep113_r5_20260328_171213/3nq9_ligand_report.csv,./penalty_sweep_qpu_v113/samples/3nq9_Kdist0.5_Kmono20.0/psweep113_r5_20260328_171213/3nq9_ligand_samples.json,./penalty_sweep_qpu_v113/samples/3nq9_Kdist0.5_Kmono20.0/psweep113_r5_20260328_171213/result.json
3nq9,3nq9_Kdist1.0_Kmono1.0,psweep113_r5_20260328_171213,1.0,1.0,ok,1.3015777070626118,1000,1000,1000,25,0.025,1.0,0.025,0.2149488,0.18034,Advantage2_system1.13,2189,27,./penalty_sweep_qpu_v113/samples/3nq9_Kdist1.0_Kmono1.0/psweep113_r5_20260328_171213/3nq9_ligand_report.csv,./penalty_sweep_qpu_v113/samples/3nq9_Kdist1.0_Kmono1.0/psweep113_r5_20260328_171213/3nq9_ligand_samples.json,./penalty_sweep_qpu_v113/samples/3nq9_Kdist1.0_Kmono1.0/psweep113_r5_20260328_171213/result.json
3nq9,3nq9_Kdist1.0_Kmono2.0,psweep113_r5_20260328_171213,1.0,2.0,ok,4.999789405546437,1000,1000,1000,0,0.0,1.0,0.0,0.2072136,0.1726,Advantage2_system1.13,2175,24,./penalty_sweep_qpu_v113/samples/3nq9_Kdist1.0_Kmono2.0/psweep113_r5_20260328_171213/3nq9_ligand_report.csv,./penalty_sweep_qpu_v113/samples/3nq9_Kdist1.0_Kmono2.0/psweep113_r5_20260328_171213/3nq9_ligand_samples.json,./penalty_sweep_qpu_v113/samples/3nq9_Kdist1.0_Kmono2.0/psweep113_r5_20260328_171213/result.json
3nq9,3nq9_Kdist1.0_Kmono3.0,psweep113_r5_20260328_171213,1.0,3.0,ok,1.881222968756397,1000,1000,1000,2,0.002,1.0,0.002,0.204478,0.16988,Advantage2_system1.13,2052,23,./penalty_sweep_qpu_v113/samples/3nq9_Kdist1.0_Kmono3.0/psweep113_r5_20260328_171213/3nq9_ligand_report.csv,./penalty_sweep_qpu_v113/samples/3nq9_Kdist1.0_Kmono3.0/psweep113_r5_20260328_171213/3nq9_ligand_samples.json,./penalty_sweep_qpu_v113/samples/3nq9_Kdist1.0_Kmono3.0/psweep113_r5_20260328_171213/result.json
3nq9,3nq9_Kdist1.0_Kmono4.0,psweep113_r5_20260328_171213,1.0,4.0,ok,2.5015438099921057,1000,1000,1000,0,0.0,1.0,0.0,0.2164432,0.18184,Advantage2_system1.13,2121,25,./penalty_sweep_qpu_v113/samples/3nq9_Kdist1.0_Kmono4.0/psweep113_r5_20260328_171213/3nq9_ligand_report.csv,./penalty_sweep_qpu_v113/samples/3nq9_Kdist1.0_Kmono4.0/psweep113_r5_20260328_171213/3nq9_ligand_samples.json,./penalty_sweep_qpu_v113/samples/3nq9_Kdist1.0_Kmono4.0/psweep113_r5_20260328_171213/result.json
3nq9,3nq9_Kdist1.0_Kmono5.0,psweep113_r5_20260328_171213,1.0,5.0,ok,2.018400490742745,1000,1000,1000,0,0.0,1.0,0.0,0.20099,0.16638,Advantage2_system1.13,2142,25,./penalty_sweep_qpu_v113/samples/3nq9_Kdist1.0_Kmono5.0/psweep113_r5_20260328_171213/3nq9_ligand_report.csv,./penalty_sweep_qpu_v113/samples/3nq9_Kdist1.0_Kmono5.0/psweep113_r5_20260328_171213/3nq9_ligand_samples.json,./penalty_sweep_qpu_v113/samples/3nq9_Kdist1.0_Kmono5.0/psweep113_r5_20260328_171213/result.json
3nq9,3nq9_Kdist1.0_Kmono6.0,psweep113_r5_20260328_171213,1.0,6.0,ok,1.9865836317961325,1000,1000,1000,1,0.001,1.0,0.001,0.21087920000000002,0.17628,Advantage2_system1.13,1986,25,./penalty_sweep_qpu_v113/samples/3nq9_Kdist1.0_Kmono6.0/psweep113_r5_20260328_171213/3nq9_ligand_report.csv,./penalty_sweep_qpu_v113/samples/3nq9_Kdist1.0_Kmono6.0/psweep113_r5_20260328_171213/3nq9_ligand_samples.json,./penalty_sweep_qpu_v113/samples/3nq9_Kdist1.0_Kmono6.0/psweep113_r5_20260328_171213/result.json
3nq9,3nq9_Kdist1.0_Kmono7.0,psweep113_r5_20260328_171213,1.0,7.0,ok,1.2338109228796323,1000,1000,1000,22,0.022,1.0,0.022,0.20694320000000002,0.17234,Advantage2_system1.13,2084,24,./penalty_sweep_qpu_v113/samples/3nq9_Kdist1.0_Kmono7.0/psweep113_r5_20260328_171213/3nq9_ligand_report.csv,./penalty_sweep_qpu_v113/samples/3nq9_Kdist1.0_Kmono7.0/psweep113_r5_20260328_171213/3nq9_ligand_samples.json,./penalty_sweep_qpu_v113/samples/3nq9_Kdist1.0_Kmono7.0/psweep113_r5_20260328_171213/result.json
3nq9,3nq9_Kdist1.0_Kmono8.0,psweep113_r5_20260328_171213,1.0,8.0,ok,0.9318120210468539,1000,1000,1000,12,0.012,1.0,0.012,0.206858,0.17224,Advantage2_system1.13,2175,25,./penalty_sweep_qpu_v113/samples/3nq9_Kdist1.0_Kmono8.0/psweep113_r5_20260328_171213/3nq9_ligand_report.csv,./penalty_sweep_qpu_v113/samples/3nq9_Kdist1.0_Kmono8.0/psweep113_r5_20260328_171213/3nq9_ligand_samples.json,./penalty_sweep_qpu_v113/samples/3nq9_Kdist1.0_Kmono8.0/psweep113_r5_20260328_171213/result.json
3nq9,3nq9_Kdist1.0_Kmono9.0,psweep113_r5_20260328_171213,1.0,9.0,ok,2.245008838048754,1000,1000,1000,0,0.0,1.0,0.0,0.2135524,0.17894,Advantage2_system1.13,2145,25,./penalty_sweep_qpu_v113/samples/3nq9_Kdist1.0_Kmono9.0/psweep113_r5_20260328_171213/3nq9_ligand_report.csv,./penalty_sweep_qpu_v113/samples/3nq9_Kdist1.0_Kmono9.0/psweep113_r5_20260328_171213/3nq9_ligand_samples.json,./penalty_sweep_qpu_v113/samples/3nq9_Kdist1.0_Kmono9.0/psweep113_r5_20260328_171213/result.json
3nq9,3nq9_Kdist1.0_Kmono10.0,psweep113_r5_20260328_171213,1.0,10.0,ok,1.3977959389119115,1000,1000,1000,6,0.006,1.0,0.006,0.21530639999999998,0.1807,Advantage2_system1.13,2219,26,./penalty_sweep_qpu_v113/samples/3nq9_Kdist1.0_Kmono10.0/psweep113_r5_20260328_171213/3nq9_ligand_report.csv,./penalty_sweep_qpu_v113/samples/3nq9_Kdist1.0_Kmono10.0/psweep113_r5_20260328_171213/3nq9_ligand_samples.json,./penalty_sweep_qpu_v113/samples/3nq9_Kdist1.0_Kmono10.0/psweep113_r5_20260328_171213/result.json
3nq9,3nq9_Kdist1.0_Kmono11.0,psweep113_r5_20260328_171213,1.0,11.0,ok,1.0726944669043865,1000,1000,1000,42,0.042,1.0,0.042,0.2079852,0.17338,Advantage2_system1.13,1958,23,./penalty_sweep_qpu_v113/samples/3nq9_Kdist1.0_Kmono11.0/psweep113_r5_20260328_171213/3nq9_ligand_report.csv,./penalty_sweep_qpu_v113/samples/3nq9_Kdist1.0_Kmono11.0/psweep113_r5_20260328_171213/3nq9_ligand_samples.json,./penalty_sweep_qpu_v113/samples/3nq9_Kdist1.0_Kmono11.0/psweep113_r5_20260328_171213/result.json
3nq9,3nq9_Kdist1.0_Kmono12.0,psweep113_r5_20260328_171213,1.0,12.0,ok,1.6600170496497977,1000,1000,1000,6,0.006,1.0,0.006,0.2072072,0.1726,Advantage2_system1.13,2156,26,./penalty_sweep_qpu_v113/samples/3nq9_Kdist1.0_Kmono12.0/psweep113_r5_20260328_171213/3nq9_ligand_report.csv,./penalty_sweep_qpu_v113/samples/3nq9_Kdist1.0_Kmono12.0/psweep113_r5_20260328_171213/3nq9_ligand_samples.json,./penalty_sweep_qpu_v113/samples/3nq9_Kdist1.0_Kmono12.0/psweep113_r5_20260328_171213/result.json
3nq9,3nq9_Kdist1.0_Kmono13.0,psweep113_r5_20260328_171213,1.0,13.0,ok,2.11961399582824,1000,1000,1000,0,0.0,1.0,0.0,0.2074456,0.17284,Advantage2_system1.13,2135,26,./penalty_sweep_qpu_v113/samples/3nq9_Kdist1.0_Kmono13.0/psweep113_r5_20260328_171213/3nq9_ligand_report.csv,./penalty_sweep_qpu_v113/samples/3nq9_Kdist1.0_Kmono13.0/psweep113_r5_20260328_171213/3nq9_ligand_samples.json,./penalty_sweep_qpu_v113/samples/3nq9_Kdist1.0_Kmono13.0/psweep113_r5_20260328_171213/result.json
3nq9,3nq9_Kdist1.0_Kmono14.0,psweep113_r5_20260328_171213,1.0,14.0,ok,1.476198421896432,1000,1000,1000,1,0.001,1.0,0.001,0.2074904,0.17288,Advantage2_system1.13,2046,25,./penalty_sweep_qpu_v113/samples/3nq9_Kdist1.0_Kmono14.0/psweep113_r5_20260328_171213/3nq9_ligand_report.csv,./penalty_sweep_qpu_v113/samples/3nq9_Kdist1.0_Kmono14.0/psweep113_r5_20260328_171213/3nq9_ligand_samples.json,./penalty_sweep_qpu_v113/samples/3nq9_Kdist1.0_Kmono14.0/psweep113_r5_20260328_171213/result.json
3nq9,3nq9_Kdist1.0_Kmono15.0,psweep113_r5_20260328_171213,1.0,15.0,ok,2.686342121621942,1000,1000,1000,0,0.0,1.0,0.0,0.203258,0.16866,Advantage2_system1.13,2276,28,./penalty_sweep_qpu_v113/samples/3nq9_Kdist1.0_Kmono15.0/psweep113_r5_20260328_171213/3nq9_ligand_report.csv,./penalty_sweep_qpu_v113/samples/3nq9_Kdist1.0_Kmono15.0/psweep113_r5_20260328_171213/3nq9_ligand_samples.json,./penalty_sweep_qpu_v113/samples/3nq9_Kdist1.0_Kmono15.0/psweep113_r5_20260328_171213/result.json
3nq9,3nq9_Kdist1.0_Kmono16.0,psweep113_r5_20260328_171213,1.0,16.0,ok,1.5844210448718938,1000,1000,1000,17,0.017,1.0,0.017,0.20445,0.16984,Advantage2_system1.13,2076,25,./penalty_sweep_qpu_v113/samples/3nq9_Kdist1.0_Kmono16.0/psweep113_r5_20260328_171213/3nq9_ligand_report.csv,./penalty_sweep_qpu_v113/samples/3nq9_Kdist1.0_Kmono16.0/psweep113_r5_20260328_171213/3nq9_ligand_samples.json,./penalty_sweep_qpu_v113/samples/3nq9_Kdist1.0_Kmono16.0/psweep113_r5_20260328_171213/result.json
3nq9,3nq9_Kdist1.0_Kmono17.0,psweep113_r5_20260328_171213,1.0,17.0,ok,2.9546460991985666,1000,1000,1000,0,0.0,1.0,0.0,0.2057096,0.1711,Advantage2_system1.13,2163,25,./penalty_sweep_qpu_v113/samples/3nq9_Kdist1.0_Kmono17.0/psweep113_r5_20260328_171213/3nq9_ligand_report.csv,./penalty_sweep_qpu_v113/samples/3nq9_Kdist1.0_Kmono17.0/psweep113_r5_20260328_171213/3nq9_ligand_samples.json,./penalty_sweep_qpu_v113/samples/3nq9_Kdist1.0_Kmono17.0/psweep113_r5_20260328_171213/result.json
3nq9,3nq9_Kdist1.0_Kmono18.0,psweep113_r5_20260328_171213,1.0,18.0,ok,1.5871376313042336,1000,1000,1000,5,0.005,1.0,0.005,0.2101656,0.17556,Advantage2_system1.13,2220,26,./penalty_sweep_qpu_v113/samples/3nq9_Kdist1.0_Kmono18.0/psweep113_r5_20260328_171213/3nq9_ligand_report.csv,./penalty_sweep_qpu_v113/samples/3nq9_Kdist1.0_Kmono18.0/psweep113_r5_20260328_171213/3nq9_ligand_samples.json,./penalty_sweep_qpu_v113/samples/3nq9_Kdist1.0_Kmono18.0/psweep113_r5_20260328_171213/result.json
3nq9,3nq9_Kdist1.0_Kmono19.0,psweep113_r5_20260328_171213,1.0,19.0,ok,0.9477003742696399,1000,1000,1000,128,0.128,1.0,0.128,0.207522,0.17292,Advantage2_system1.13,1950,23,./penalty_sweep_qpu_v113/samples/3nq9_Kdist1.0_Kmono19.0/psweep113_r5_20260328_171213/3nq9_ligand_report.csv,./penalty_sweep_qpu_v113/samples/3nq9_Kdist1.0_Kmono19.0/psweep113_r5_20260328_171213/3nq9_ligand_samples.json,./penalty_sweep_qpu_v113/samples/3nq9_Kdist1.0_Kmono19.0/psweep113_r5_20260328_171213/result.json
3nq9,3nq9_Kdist1.0_Kmono20.0,psweep113_r5_20260328_171213,1.0,20.0,ok,1.5386144470841028,1000,1000,1000,4,0.004,1.0,0.004,0.20911760000000001,0.17452,Advantage2_system1.13,1907,21,./penalty_sweep_qpu_v113/samples/3nq9_Kdist1.0_Kmono20.0/psweep113_r5_20260328_171213/3nq9_ligand_report.csv,./penalty_sweep_qpu_v113/samples/3nq9_Kdist1.0_Kmono20.0/psweep113_r5_20260328_171213/3nq9_ligand_samples.json,./penalty_sweep_qpu_v113/samples/3nq9_Kdist1.0_Kmono20.0/psweep113_r5_20260328_171213/result.json
3nq9,3nq9_Kdist1.5_Kmono1.0,psweep113_r5_20260328_171213,1.5,1.0,ok,2.3331160920438796,1000,1000,1000,0,0.0,1.0,0.0,0.211026,0.17642,Advantage2_system1.13,1888,22,./penalty_sweep_qpu_v113/samples/3nq9_Kdist1.5_Kmono1.0/psweep113_r5_20260328_171213/3nq9_ligand_report.csv,./penalty_sweep_qpu_v113/samples/3nq9_Kdist1.5_Kmono1.0/psweep113_r5_20260328_171213/3nq9_ligand_samples.json,./penalty_sweep_qpu_v113/samples/3nq9_Kdist1.5_Kmono1.0/psweep113_r5_20260328_171213/result.json
3nq9,3nq9_Kdist1.5_Kmono2.0,psweep113_r5_20260328_171213,1.5,2.0,ok,2.726058249660258,1000,1000,1000,0,0.0,1.0,0.0,0.2008004,0.1662,Advantage2_system1.13,2093,25,./penalty_sweep_qpu_v113/samples/3nq9_Kdist1.5_Kmono2.0/psweep113_r5_20260328_171213/3nq9_ligand_report.csv,./penalty_sweep_qpu_v113/samples/3nq9_Kdist1.5_Kmono2.0/psweep113_r5_20260328_171213/3nq9_ligand_samples.json,./penalty_sweep_qpu_v113/samples/3nq9_Kdist1.5_Kmono2.0/psweep113_r5_20260328_171213/result.json
3nq9,3nq9_Kdist1.5_Kmono3.0,psweep113_r5_20260328_171213,1.5,3.0,ok,2.007900968362226,1000,1000,1000,0,0.0,1.0,0.0,0.2097336,0.17512,Advantage2_system1.13,2147,26,./penalty_sweep_qpu_v113/samples/3nq9_Kdist1.5_Kmono3.0/psweep113_r5_20260328_171213/3nq9_ligand_report.csv,./penalty_sweep_qpu_v113/samples/3nq9_Kdist1.5_Kmono3.0/psweep113_r5_20260328_171213/3nq9_ligand_samples.json,./penalty_sweep_qpu_v113/samples/3nq9_Kdist1.5_Kmono3.0/psweep113_r5_20260328_171213/result.json
3nq9,3nq9_Kdist1.5_Kmono4.0,psweep113_r5_20260328_171213,1.5,4.0,ok,1.3542265672116915,1000,1000,1000,7,0.007,1.0,0.007,0.2160788,0.18148,Advantage2_system1.13,2209,27,./penalty_sweep_qpu_v113/samples/3nq9_Kdist1.5_Kmono4.0/psweep113_r5_20260328_171213/3nq9_ligand_report.csv,./penalty_sweep_qpu_v113/samples/3nq9_Kdist1.5_Kmono4.0/psweep113_r5_20260328_171213/3nq9_ligand_samples.json,./penalty_sweep_qpu_v113/samples/3nq9_Kdist1.5_Kmono4.0/psweep113_r5_20260328_171213/result.json
3nq9,3nq9_Kdist1.5_Kmono5.0,psweep113_r5_20260328_171213,1.5,5.0,ok,2.9794027880126746,1000,1000,1000,0,0.0,1.0,0.0,0.2002624,0.16566,Advantage2_system1.13,2169,25,./penalty_sweep_qpu_v113/samples/3nq9_Kdist1.5_Kmono5.0/psweep113_r5_20260328_171213/3nq9_ligand_report.csv,./penalty_sweep_qpu_v113/samples/3nq9_Kdist1.5_Kmono5.0/psweep113_r5_20260328_171213/3nq9_ligand_samples.json,./penalty_sweep_qpu_v113/samples/3nq9_Kdist1.5_Kmono5.0/psweep113_r5_20260328_171213/result.json
3nq9,3nq9_Kdist1.5_Kmono6.0,psweep113_r5_20260328_171213,1.5,6.0,ok,0.8608363907803834,1000,1000,1000,3,0.003,1.0,0.003,0.21148679999999997,0.17688,Advantage2_system1.13,2281,26,./penalty_sweep_qpu_v113/samples/3nq9_Kdist1.5_Kmono6.0/psweep113_r5_20260328_171213/3nq9_ligand_report.csv,./penalty_sweep_qpu_v113/samples/3nq9_Kdist1.5_Kmono6.0/psweep113_r5_20260328_171213/3nq9_ligand_samples.json,./penalty_sweep_qpu_v113/samples/3nq9_Kdist1.5_Kmono6.0/psweep113_r5_20260328_171213/result.json
3nq9,3nq9_Kdist1.5_Kmono7.0,psweep113_r5_20260328_171213,1.5,7.0,ok,1.2650379955517606,1000,1000,1000,92,0.092,1.0,0.092,0.20108479999999998,0.16648,Advantage2_system1.13,2036,23,./penalty_sweep_qpu_v113/samples/3nq9_Kdist1.5_Kmono7.0/psweep113_r5_20260328_171213/3nq9_ligand_report.csv,./penalty_sweep_qpu_v113/samples/3nq9_Kdist1.5_Kmono7.0/psweep113_r5_20260328_171213/3nq9_ligand_samples.json,./penalty_sweep_qpu_v113/samples/3nq9_Kdist1.5_Kmono7.0/psweep113_r5_20260328_171213/result.json
3nq9,3nq9_Kdist1.5_Kmono8.0,psweep113_r5_20260328_171213,1.5,8.0,ok,0.9022709467106661,1000,1000,1000,18,0.018,1.0,0.018,0.2082636,0.17366,Advantage2_system1.13,2022,24,./penalty_sweep_qpu_v113/samples/3nq9_Kdist1.5_Kmono8.0/psweep113_r5_20260328_171213/3nq9_ligand_report.csv,./penalty_sweep_qpu_v113/samples/3nq9_Kdist1.5_Kmono8.0/psweep113_r5_20260328_171213/3nq9_ligand_samples.json,./penalty_sweep_qpu_v113/samples/3nq9_Kdist1.5_Kmono8.0/psweep113_r5_20260328_171213/result.json
3nq9,3nq9_Kdist1.5_Kmono9.0,psweep113_r5_20260328_171213,1.5,9.0,ok,2.2905642755830113,1000,1000,1000,0,0.0,1.0,0.0,0.2137624,0.17916,Advantage2_system1.13,2176,26,./penalty_sweep_qpu_v113/samples/3nq9_Kdist1.5_Kmono9.0/psweep113_r5_20260328_171213/3nq9_ligand_report.csv,./penalty_sweep_qpu_v113/samples/3nq9_Kdist1.5_Kmono9.0/psweep113_r5_20260328_171213/3nq9_ligand_samples.json,./penalty_sweep_qpu_v113/samples/3nq9_Kdist1.5_Kmono9.0/psweep113_r5_20260328_171213/result.json
3nq9,3nq9_Kdist1.5_Kmono10.0,psweep113_r5_20260328_171213,1.5,10.0,ok,1.9750074230101338,1000,1000,1000,1,0.001,1.0,0.001,0.2076996,0.1731,Advantage2_system1.13,2108,25,./penalty_sweep_qpu_v113/samples/3nq9_Kdist1.5_Kmono10.0/psweep113_r5_20260328_171213/3nq9_ligand_report.csv,./penalty_sweep_qpu_v113/samples/3nq9_Kdist1.5_Kmono10.0/psweep113_r5_20260328_171213/3nq9_ligand_samples.json,./penalty_sweep_qpu_v113/samples/3nq9_Kdist1.5_Kmono10.0/psweep113_r5_20260328_171213/result.json
3nq9,3nq9_Kdist1.5_Kmono11.0,psweep113_r5_20260328_171213,1.5,11.0,ok,1.0426868115180783,1000,1000,1000,37,0.037,1.0,0.037,0.210584,0.17598,Advantage2_system1.13,1966,23,./penalty_sweep_qpu_v113/samples/3nq9_Kdist1.5_Kmono11.0/psweep113_r5_20260328_171213/3nq9_ligand_report.csv,./penalty_sweep_qpu_v113/samples/3nq9_Kdist1.5_Kmono11.0/psweep113_r5_20260328_171213/3nq9_ligand_samples.json,./penalty_sweep_qpu_v113/samples/3nq9_Kdist1.5_Kmono11.0/psweep113_r5_20260328_171213/result.json
3nq9,3nq9_Kdist1.5_Kmono12.0,psweep113_r5_20260328_171213,1.5,12.0,ok,0.9299093383475432,1000,1000,1000,13,0.013,1.0,0.013,0.219622,0.18502,Advantage2_system1.13,2158,27,./penalty_sweep_qpu_v113/samples/3nq9_Kdist1.5_Kmono12.0/psweep113_r5_20260328_171213/3nq9_ligand_report.csv,./penalty_sweep_qpu_v113/samples/3nq9_Kdist1.5_Kmono12.0/psweep113_r5_20260328_171213/3nq9_ligand_samples.json,./penalty_sweep_qpu_v113/samples/3nq9_Kdist1.5_Kmono12.0/psweep113_r5_20260328_171213/result.json
3nq9,3nq9_Kdist1.5_Kmono13.0,psweep113_r5_20260328_171213,1.5,13.0,ok,1.4951959672231299,1000,1000,1000,3,0.003,1.0,0.003,0.2127548,0.17816,Advantage2_system1.13,2109,24,./penalty_sweep_qpu_v113/samples/3nq9_Kdist1.5_Kmono13.0/psweep113_r5_20260328_171213/3nq9_ligand_report.csv,./penalty_sweep_qpu_v113/samples/3nq9_Kdist1.5_Kmono13.0/psweep113_r5_20260328_171213/3nq9_ligand_samples.json,./penalty_sweep_qpu_v113/samples/3nq9_Kdist1.5_Kmono13.0/psweep113_r5_20260328_171213/result.json
3nq9,3nq9_Kdist1.5_Kmono14.0,psweep113_r5_20260328_171213,1.5,14.0,ok,0.6918137796547207,1000,1000,1000,21,0.021,1.0,0.021,0.214588,0.17998,Advantage2_system1.13,2184,26,./penalty_sweep_qpu_v113/samples/3nq9_Kdist1.5_Kmono14.0/psweep113_r5_20260328_171213/3nq9_ligand_report.csv,./penalty_sweep_qpu_v113/samples/3nq9_Kdist1.5_Kmono14.0/psweep113_r5_20260328_171213/3nq9_ligand_samples.json,./penalty_sweep_qpu_v113/samples/3nq9_Kdist1.5_Kmono14.0/psweep113_r5_20260328_171213/result.json
3nq9,3nq9_Kdist1.5_Kmono15.0,psweep113_r5_20260328_171213,1.5,15.0,ok,1.4615703865197127,1000,1000,1000,4,0.004,1.0,0.004,0.20770560000000002,0.1731,Advantage2_system1.13,2135,26,./penalty_sweep_qpu_v113/samples/3nq9_Kdist1.5_Kmono15.0/psweep113_r5_20260328_171213/3nq9_ligand_report.csv,./penalty_sweep_qpu_v113/samples/3nq9_Kdist1.5_Kmono15.0/psweep113_r5_20260328_171213/3nq9_ligand_samples.json,./penalty_sweep_qpu_v113/samples/3nq9_Kdist1.5_Kmono15.0/psweep113_r5_20260328_171213/result.json
3nq9,3nq9_Kdist1.5_Kmono16.0,psweep113_r5_20260328_171213,1.5,16.0,ok,1.4891014217218468,1000,1000,1000,11,0.011,1.0,0.011,0.2159412,0.18134,Advantage2_system1.13,2147,27,./penalty_sweep_qpu_v113/samples/3nq9_Kdist1.5_Kmono16.0/psweep113_r5_20260328_171213/3nq9_ligand_report.csv,./penalty_sweep_qpu_v113/samples/3nq9_Kdist1.5_Kmono16.0/psweep113_r5_20260328_171213/3nq9_ligand_samples.json,./penalty_sweep_qpu_v113/samples/3nq9_Kdist1.5_Kmono16.0/psweep113_r5_20260328_171213/result.json
3nq9,3nq9_Kdist1.5_Kmono17.0,psweep113_r5_20260328_171213,1.5,17.0,ok,1.7901720595384973,1000,1000,1000,1,0.001,1.0,0.001,0.20148,0.16688,Advantage2_system1.13,2162,25,./penalty_sweep_qpu_v113/samples/3nq9_Kdist1.5_Kmono17.0/psweep113_r5_20260328_171213/3nq9_ligand_report.csv,./penalty_sweep_qpu_v113/samples/3nq9_Kdist1.5_Kmono17.0/psweep113_r5_20260328_171213/3nq9_ligand_samples.json,./penalty_sweep_qpu_v113/samples/3nq9_Kdist1.5_Kmono17.0/psweep113_r5_20260328_171213/result.json
3nq9,3nq9_Kdist1.5_Kmono18.0,psweep113_r5_20260328_171213,1.5,18.0,ok,1.3188302494834672,1000,1000,1000,1,0.001,1.0,0.001,0.21198879999999998,0.17738,Advantage2_system1.13,2261,27,./penalty_sweep_qpu_v113/samples/3nq9_Kdist1.5_Kmono18.0/psweep113_r5_20260328_171213/3nq9_ligand_report.csv,./penalty_sweep_qpu_v113/samples/3nq9_Kdist1.5_Kmono18.0/psweep113_r5_20260328_171213/3nq9_ligand_samples.json,./penalty_sweep_qpu_v113/samples/3nq9_Kdist1.5_Kmono18.0/psweep113_r5_20260328_171213/result.json
3nq9,3nq9_Kdist1.5_Kmono19.0,psweep113_r5_20260328_171213,1.5,19.0,ok,1.1532987995158357,1000,1000,1000,63,0.063,1.0,0.063,0.21284879999999998,0.17824,Advantage2_system1.13,2521,30,./penalty_sweep_qpu_v113/samples/3nq9_Kdist1.5_Kmono19.0/psweep113_r5_20260328_171213/3nq9_ligand_report.csv,./penalty_sweep_qpu_v113/samples/3nq9_Kdist1.5_Kmono19.0/psweep113_r5_20260328_171213/3nq9_ligand_samples.json,./penalty_sweep_qpu_v113/samples/3nq9_Kdist1.5_Kmono19.0/psweep113_r5_20260328_171213/result.json
3nq9,3nq9_Kdist1.5_Kmono20.0,psweep113_r5_20260328_171213,1.5,20.0,ok,2.341849543260659,1000,1000,1000,0,0.0,1.0,0.0,0.210908,0.1763,Advantage2_system1.13,2469,31,./penalty_sweep_qpu_v113/samples/3nq9_Kdist1.5_Kmono20.0/psweep113_r5_20260328_171213/3nq9_ligand_report.csv,./penalty_sweep_qpu_v113/samples/3nq9_Kdist1.5_Kmono20.0/psweep113_r5_20260328_171213/3nq9_ligand_samples.json,./penalty_sweep_qpu_v113/samples/3nq9_Kdist1.5_Kmono20.0/psweep113_r5_20260328_171213/result.json
3nq9,3nq9_Kdist2.0_Kmono1.0,psweep113_r5_20260328_171213,2.0,1.0,ok,1.4465840253420714,1000,1000,1000,6,0.006,1.0,0.006,0.20798439999999999,0.17338,Advantage2_system1.13,2230,26,./penalty_sweep_qpu_v113/samples/3nq9_Kdist2.0_Kmono1.0/psweep113_r5_20260328_171213/3nq9_ligand_report.csv,./penalty_sweep_qpu_v113/samples/3nq9_Kdist2.0_Kmono1.0/psweep113_r5_20260328_171213/3nq9_ligand_samples.json,./penalty_sweep_qpu_v113/samples/3nq9_Kdist2.0_Kmono1.0/psweep113_r5_20260328_171213/result.json
3nq9,3nq9_Kdist2.0_Kmono2.0,psweep113_r5_20260328_171213,2.0,2.0,ok,4.430236906348567,1000,1000,1000,0,0.0,1.0,0.0,0.205576,0.17098,Advantage2_system1.13,1843,22,./penalty_sweep_qpu_v113/samples/3nq9_Kdist2.0_Kmono2.0/psweep113_r5_20260328_171213/3nq9_ligand_report.csv,./penalty_sweep_qpu_v113/samples/3nq9_Kdist2.0_Kmono2.0/psweep113_r5_20260328_171213/3nq9_ligand_samples.json,./penalty_sweep_qpu_v113/samples/3nq9_Kdist2.0_Kmono2.0/psweep113_r5_20260328_171213/result.json
3nq9,3nq9_Kdist2.0_Kmono3.0,psweep113_r5_20260328_171213,2.0,3.0,ok,2.8685411335199977,1000,1000,1000,0,0.0,1.0,0.0,0.2059488,0.17134,Advantage2_system1.13,2092,24,./penalty_sweep_qpu_v113/samples/3nq9_Kdist2.0_Kmono3.0/psweep113_r5_20260328_171213/3nq9_ligand_report.csv,./penalty_sweep_qpu_v113/samples/3nq9_Kdist2.0_Kmono3.0/psweep113_r5_20260328_171213/3nq9_ligand_samples.json,./penalty_sweep_qpu_v113/samples/3nq9_Kdist2.0_Kmono3.0/psweep113_r5_20260328_171213/result.json
3nq9,3nq9_Kdist2.0_Kmono4.0,psweep113_r5_20260328_171213,2.0,4.0,ok,1.6895019607977249,1000,1000,1000,3,0.003,1.0,0.003,0.2153044,0.1807,Advantage2_system1.13,1887,22,./penalty_sweep_qpu_v113/samples/3nq9_Kdist2.0_Kmono4.0/psweep113_r5_20260328_171213/3nq9_ligand_report.csv,./penalty_sweep_qpu_v113/samples/3nq9_Kdist2.0_Kmono4.0/psweep113_r5_20260328_171213/3nq9_ligand_samples.json,./penalty_sweep_qpu_v113/samples/3nq9_Kdist2.0_Kmono4.0/psweep113_r5_20260328_171213/result.json
3nq9,3nq9_Kdist2.0_Kmono5.0,psweep113_r5_20260328_171213,2.0,5.0,ok,0.5637792233390524,1000,1000,1000,74,0.074,1.0,0.074,0.21862320000000002,0.18402,Advantage2_system1.13,2045,24,./penalty_sweep_qpu_v113/samples/3nq9_Kdist2.0_Kmono5.0/psweep113_r5_20260328_171213/3nq9_ligand_report.csv,./penalty_sweep_qpu_v113/samples/3nq9_Kdist2.0_Kmono5.0/psweep113_r5_20260328_171213/3nq9_ligand_samples.json,./penalty_sweep_qpu_v113/samples/3nq9_Kdist2.0_Kmono5.0/psweep113_r5_20260328_171213/result.json
3nq9,3nq9_Kdist2.0_Kmono6.0,psweep113_r5_20260328_171213,2.0,6.0,ok,1.4487908166721568,1000,1000,1000,14,0.014,1.0,0.014,0.20813279999999998,0.17352,Advantage2_system1.13,2355,28,./penalty_sweep_qpu_v113/samples/3nq9_Kdist2.0_Kmono6.0/psweep113_r5_20260328_171213/3nq9_ligand_report.csv,./penalty_sweep_qpu_v113/samples/3nq9_Kdist2.0_Kmono6.0/psweep113_r5_20260328_171213/3nq9_ligand_samples.json,./penalty_sweep_qpu_v113/samples/3nq9_Kdist2.0_Kmono6.0/psweep113_r5_20260328_171213/result.json
3nq9,3nq9_Kdist2.0_Kmono7.0,psweep113_r5_20260328_171213,2.0,7.0,ok,5.57977392176692,1000,1000,1000,0,0.0,1.0,0.0,0.2157116,0.1811,Advantage2_system1.13,2142,25,./penalty_sweep_qpu_v113/samples/3nq9_Kdist2.0_Kmono7.0/psweep113_r5_20260328_171213/3nq9_ligand_report.csv,./penalty_sweep_qpu_v113/samples/3nq9_Kdist2.0_Kmono7.0/psweep113_r5_20260328_171213/3nq9_ligand_samples.json,./penalty_sweep_qpu_v113/samples/3nq9_Kdist2.0_Kmono7.0/psweep113_r5_20260328_171213/result.json
3nq9,3nq9_Kdist2.0_Kmono8.0,psweep113_r5_20260328_171213,2.0,8.0,ok,3.571204422120748,1000,1000,1000,0,0.0,1.0,0.0,0.2156732,0.18106,Advantage2_system1.13,2333,28,./penalty_sweep_qpu_v113/samples/3nq9_Kdist2.0_Kmono8.0/psweep113_r5_20260328_171213/3nq9_ligand_report.csv,./penalty_sweep_qpu_v113/samples/3nq9_Kdist2.0_Kmono8.0/psweep113_r5_20260328_171213/3nq9_ligand_samples.json,./penalty_sweep_qpu_v113/samples/3nq9_Kdist2.0_Kmono8.0/psweep113_r5_20260328_171213/result.json
3nq9,3nq9_Kdist2.0_Kmono9.0,psweep113_r5_20260328_171213,2.0,9.0,ok,1.9337404173138821,1000,1000,1000,2,0.002,1.0,0.002,0.2053472,0.17074,Advantage2_system1.13,2096,25,./penalty_sweep_qpu_v113/samples/3nq9_Kdist2.0_Kmono9.0/psweep113_r5_20260328_171213/3nq9_ligand_report.csv,./penalty_sweep_qpu_v113/samples/3nq9_Kdist2.0_Kmono9.0/psweep113_r5_20260328_171213/3nq9_ligand_samples.json,./penalty_sweep_qpu_v113/samples/3nq9_Kdist2.0_Kmono9.0/psweep113_r5_20260328_171213/result.json
3nq9,3nq9_Kdist2.0_Kmono10.0,psweep113_r5_20260328_171213,2.0,10.0,ok,1.6834647492622998,1000,1000,1000,5,0.005,1.0,0.005,0.21176879999999998,0.17716,Advantage2_system1.13,2115,24,./penalty_sweep_qpu_v113/samples/3nq9_Kdist2.0_Kmono10.0/psweep113_r5_20260328_171213/3nq9_ligand_report.csv,./penalty_sweep_qpu_v113/samples/3nq9_Kdist2.0_Kmono10.0/psweep113_r5_20260328_171213/3nq9_ligand_samples.json,./penalty_sweep_qpu_v113/samples/3nq9_Kdist2.0_Kmono10.0/psweep113_r5_20260328_171213/result.json
3nq9,3nq9_Kdist2.0_Kmono11.0,psweep113_r5_20260328_171213,2.0,11.0,ok,1.6241756211550948,1000,1000,1000,1,0.001,1.0,0.001,0.2146672,0.18006,Advantage2_system1.13,1956,24,./penalty_sweep_qpu_v113/samples/3nq9_Kdist2.0_Kmono11.0/psweep113_r5_20260328_171213/3nq9_ligand_report.csv,./penalty_sweep_qpu_v113/samples/3nq9_Kdist2.0_Kmono11.0/psweep113_r5_20260328_171213/3nq9_ligand_samples.json,./penalty_sweep_qpu_v113/samples/3nq9_Kdist2.0_Kmono11.0/psweep113_r5_20260328_171213/result.json
3nq9,3nq9_Kdist2.0_Kmono12.0,psweep113_r5_20260328_171213,2.0,12.0,ok,3.8479842950692595,1000,1000,1000,0,0.0,1.0,0.0,0.207342,0.17274,Advantage2_system1.13,2228,25,./penalty_sweep_qpu_v113/samples/3nq9_Kdist2.0_Kmono12.0/psweep113_r5_20260328_171213/3nq9_ligand_report.csv,./penalty_sweep_qpu_v113/samples/3nq9_Kdist2.0_Kmono12.0/psweep113_r5_20260328_171213/3nq9_ligand_samples.json,./penalty_sweep_qpu_v113/samples/3nq9_Kdist2.0_Kmono12.0/psweep113_r5_20260328_171213/result.json
3nq9,3nq9_Kdist2.0_Kmono13.0,psweep113_r5_20260328_171213,2.0,13.0,ok,1.0574616644807486,1000,1000,1000,23,0.023,1.0,0.023,0.20977,0.17516,Advantage2_system1.13,2246,26,./penalty_sweep_qpu_v113/samples/3nq9_Kdist2.0_Kmono13.0/psweep113_r5_20260328_171213/3nq9_ligand_report.csv,./penalty_sweep_qpu_v113/samples/3nq9_Kdist2.0_Kmono13.0/psweep113_r5_20260328_171213/3nq9_ligand_samples.json,./penalty_sweep_qpu_v113/samples/3nq9_Kdist2.0_Kmono13.0/psweep113_r5_20260328_171213/result.json
3nq9,3nq9_Kdist2.0_Kmono14.0,psweep113_r5_20260328_171213,2.0,14.0,ok,1.9673011773640068,1000,1000,1000,2,0.002,1.0,0.002,0.207392,0.1728,Advantage2_system1.13,1918,22,./penalty_sweep_qpu_v113/samples/3nq9_Kdist2.0_Kmono14.0/psweep113_r5_20260328_171213/3nq9_ligand_report.csv,./penalty_sweep_qpu_v113/samples/3nq9_Kdist2.0_Kmono14.0/psweep113_r5_20260328_171213/3nq9_ligand_samples.json,./penalty_sweep_qpu_v113/samples/3nq9_Kdist2.0_Kmono14.0/psweep113_r5_20260328_171213/result.json
3nq9,3nq9_Kdist2.0_Kmono15.0,psweep113_r5_20260328_171213,2.0,15.0,ok,1.593124105041381,1000,1000,1000,4,0.004,1.0,0.004,0.2072144,0.1726,Advantage2_system1.13,2227,25,./penalty_sweep_qpu_v113/samples/3nq9_Kdist2.0_Kmono15.0/psweep113_r5_20260328_171213/3nq9_ligand_report.csv,./penalty_sweep_qpu_v113/samples/3nq9_Kdist2.0_Kmono15.0/psweep113_r5_20260328_171213/3nq9_ligand_samples.json,./penalty_sweep_qpu_v113/samples/3nq9_Kdist2.0_Kmono15.0/psweep113_r5_20260328_171213/result.json
3nq9,3nq9_Kdist2.0_Kmono16.0,psweep113_r5_20260328_171213,2.0,16.0,ok,1.1570553397946108,1000,1000,1000,12,0.012,1.0,0.012,0.2137056,0.1791,Advantage2_system1.13,2176,28,./penalty_sweep_qpu_v113/samples/3nq9_Kdist2.0_Kmono16.0/psweep113_r5_20260328_171213/3nq9_ligand_report.csv,./penalty_sweep_qpu_v113/samples/3nq9_Kdist2.0_Kmono16.0/psweep113_r5_20260328_171213/3nq9_ligand_samples.json,./penalty_sweep_qpu_v113/samples/3nq9_Kdist2.0_Kmono16.0/psweep113_r5_20260328_171213/result.json
3nq9,3nq9_Kdist2.0_Kmono17.0,psweep113_r5_20260328_171213,2.0,17.0,ok,2.2137938576926315,1000,1000,1000,0,0.0,1.0,0.0,0.210766,0.17616,Advantage2_system1.13,2108,24,./penalty_sweep_qpu_v113/samples/3nq9_Kdist2.0_Kmono17.0/psweep113_r5_20260328_171213/3nq9_ligand_report.csv,./penalty_sweep_qpu_v113/samples/3nq9_Kdist2.0_Kmono17.0/psweep113_r5_20260328_171213/3nq9_ligand_samples.json,./penalty_sweep_qpu_v113/samples/3nq9_Kdist2.0_Kmono17.0/psweep113_r5_20260328_171213/result.json
3nq9,3nq9_Kdist2.0_Kmono18.0,psweep113_r5_20260328_171213,2.0,18.0,ok,3.572256135537806,1000,1000,1000,0,0.0,1.0,0.0,0.2051276,0.17052,Advantage2_system1.13,1996,23,./penalty_sweep_qpu_v113/samples/3nq9_Kdist2.0_Kmono18.0/psweep113_r5_20260328_171213/3nq9_ligand_report.csv,./penalty_sweep_qpu_v113/samples/3nq9_Kdist2.0_Kmono18.0/psweep113_r5_20260328_171213/3nq9_ligand_samples.json,./penalty_sweep_qpu_v113/samples/3nq9_Kdist2.0_Kmono18.0/psweep113_r5_20260328_171213/result.json
3nq9,3nq9_Kdist2.0_Kmono19.0,psweep113_r5_20260328_171213,2.0,19.0,ok,2.2317360060999842,1000,1000,1000,0,0.0,1.0,0.0,0.2064908,0.17188,Advantage2_system1.13,2161,26,./penalty_sweep_qpu_v113/samples/3nq9_Kdist2.0_Kmono19.0/psweep113_r5_20260328_171213/3nq9_ligand_report.csv,./penalty_sweep_qpu_v113/samples/3nq9_Kdist2.0_Kmono19.0/psweep113_r5_20260328_171213/3nq9_ligand_samples.json,./penalty_sweep_qpu_v113/samples/3nq9_Kdist2.0_Kmono19.0/psweep113_r5_20260328_171213/result.json
3nq9,3nq9_Kdist2.0_Kmono20.0,psweep113_r5_20260328_171213,2.0,20.0,ok,2.636753463173951,1000,1000,1000,0,0.0,1.0,0.0,0.20827279999999998,0.17366,Advantage2_system1.13,2313,27,./penalty_sweep_qpu_v113/samples/3nq9_Kdist2.0_Kmono20.0/psweep113_r5_20260328_171213/3nq9_ligand_report.csv,./penalty_sweep_qpu_v113/samples/3nq9_Kdist2.0_Kmono20.0/psweep113_r5_20260328_171213/3nq9_ligand_samples.json,./penalty_sweep_qpu_v113/samples/3nq9_Kdist2.0_Kmono20.0/psweep113_r5_20260328_171213/result.json
3nq9,3nq9_Kdist2.5_Kmono1.0,psweep113_r5_20260328_171213,2.5,1.0,ok,1.7009304431048957,1000,1000,1000,1,0.001,1.0,0.001,0.2059032,0.1713,Advantage2_system1.13,2157,25,./penalty_sweep_qpu_v113/samples/3nq9_Kdist2.5_Kmono1.0/psweep113_r5_20260328_171213/3nq9_ligand_report.csv,./penalty_sweep_qpu_v113/samples/3nq9_Kdist2.5_Kmono1.0/psweep113_r5_20260328_171213/3nq9_ligand_samples.json,./penalty_sweep_qpu_v113/samples/3nq9_Kdist2.5_Kmono1.0/psweep113_r5_20260328_171213/result.json
3nq9,3nq9_Kdist2.5_Kmono2.0,psweep113_r5_20260328_171213,2.5,2.0,ok,2.7265254309607068,1000,1000,1000,0,0.0,1.0,0.0,0.2184836,0.18388,Advantage2_system1.13,2014,24,./penalty_sweep_qpu_v113/samples/3nq9_Kdist2.5_Kmono2.0/psweep113_r5_20260328_171213/3nq9_ligand_report.csv,./penalty_sweep_qpu_v113/samples/3nq9_Kdist2.5_Kmono2.0/psweep113_r5_20260328_171213/3nq9_ligand_samples.json,./penalty_sweep_qpu_v113/samples/3nq9_Kdist2.5_Kmono2.0/psweep113_r5_20260328_171213/result.json
3nq9,3nq9_Kdist2.5_Kmono3.0,psweep113_r5_20260328_171213,2.5,3.0,ok,1.9530143712720833,1000,1000,1000,1,0.001,1.0,0.001,0.2036624,0.16906,Advantage2_system1.13,1990,25,./penalty_sweep_qpu_v113/samples/3nq9_Kdist2.5_Kmono3.0/psweep113_r5_20260328_171213/3nq9_ligand_report.csv,./penalty_sweep_qpu_v113/samples/3nq9_Kdist2.5_Kmono3.0/psweep113_r5_20260328_171213/3nq9_ligand_samples.json,./penalty_sweep_qpu_v113/samples/3nq9_Kdist2.5_Kmono3.0/psweep113_r5_20260328_171213/result.json
3nq9,3nq9_Kdist2.5_Kmono4.0,psweep113_r5_20260328_171213,2.5,4.0,ok,1.2324116675462153,1000,1000,1000,14,0.014,1.0,0.014,0.2067088,0.1721,Advantage2_system1.13,2137,25,./penalty_sweep_qpu_v113/samples/3nq9_Kdist2.5_Kmono4.0/psweep113_r5_20260328_171213/3nq9_ligand_report.csv,./penalty_sweep_qpu_v113/samples/3nq9_Kdist2.5_Kmono4.0/psweep113_r5_20260328_171213/3nq9_ligand_samples.json,./penalty_sweep_qpu_v113/samples/3nq9_Kdist2.5_Kmono4.0/psweep113_r5_20260328_171213/result.json
3nq9,3nq9_Kdist2.5_Kmono5.0,psweep113_r5_20260328_171213,2.5,5.0,ok,2.1442074498099535,1000,1000,1000,0,0.0,1.0,0.0,0.2117596,0.17716,Advantage2_system1.13,2037,23,./penalty_sweep_qpu_v113/samples/3nq9_Kdist2.5_Kmono5.0/psweep113_r5_20260328_171213/3nq9_ligand_report.csv,./penalty_sweep_qpu_v113/samples/3nq9_Kdist2.5_Kmono5.0/psweep113_r5_20260328_171213/3nq9_ligand_samples.json,./penalty_sweep_qpu_v113/samples/3nq9_Kdist2.5_Kmono5.0/psweep113_r5_20260328_171213/result.json
3nq9,3nq9_Kdist2.5_Kmono6.0,psweep113_r5_20260328_171213,2.5,6.0,ok,1.5506007463231237,1000,1000,1000,2,0.002,1.0,0.002,0.2067352,0.17212,Advantage2_system1.13,2263,27,./penalty_sweep_qpu_v113/samples/3nq9_Kdist2.5_Kmono6.0/psweep113_r5_20260328_171213/3nq9_ligand_report.csv,./penalty_sweep_qpu_v113/samples/3nq9_Kdist2.5_Kmono6.0/psweep113_r5_20260328_171213/3nq9_ligand_samples.json,./penalty_sweep_qpu_v113/samples/3nq9_Kdist2.5_Kmono6.0/psweep113_r5_20260328_171213/result.json
3nq9,3nq9_Kdist2.5_Kmono7.0,psweep113_r5_20260328_171213,2.5,7.0,ok,2.6694224132778683,1000,1000,1000,0,0.0,1.0,0.0,0.2071996,0.1726,Advantage2_system1.13,2452,29,./penalty_sweep_qpu_v113/samples/3nq9_Kdist2.5_Kmono7.0/psweep113_r5_20260328_171213/3nq9_ligand_report.csv,./penalty_sweep_qpu_v113/samples/3nq9_Kdist2.5_Kmono7.0/psweep113_r5_20260328_171213/3nq9_ligand_samples.json,./penalty_sweep_qpu_v113/samples/3nq9_Kdist2.5_Kmono7.0/psweep113_r5_20260328_171213/result.json
3nq9,3nq9_Kdist2.5_Kmono8.0,psweep113_r5_20260328_171213,2.5,8.0,ok,0.9873833440975941,1000,1000,1000,77,0.077,1.0,0.077,0.2035484,0.16894,Advantage2_system1.13,2064,24,./penalty_sweep_qpu_v113/samples/3nq9_Kdist2.5_Kmono8.0/psweep113_r5_20260328_171213/3nq9_ligand_report.csv,./penalty_sweep_qpu_v113/samples/3nq9_Kdist2.5_Kmono8.0/psweep113_r5_20260328_171213/3nq9_ligand_samples.json,./penalty_sweep_qpu_v113/samples/3nq9_Kdist2.5_Kmono8.0/psweep113_r5_20260328_171213/result.json
3nq9,3nq9_Kdist2.5_Kmono9.0,psweep113_r5_20260328_171213,2.5,9.0,ok,1.6962913139208866,1000,1000,1000,1,0.001,1.0,0.001,0.21785,0.18324,Advantage2_system1.13,2346,27,./penalty_sweep_qpu_v113/samples/3nq9_Kdist2.5_Kmono9.0/psweep113_r5_20260328_171213/3nq9_ligand_report.csv,./penalty_sweep_qpu_v113/samples/3nq9_Kdist2.5_Kmono9.0/psweep113_r5_20260328_171213/3nq9_ligand_samples.json,./penalty_sweep_qpu_v113/samples/3nq9_Kdist2.5_Kmono9.0/psweep113_r5_20260328_171213/result.json
3nq9,3nq9_Kdist2.5_Kmono10.0,psweep113_r5_20260328_171213,2.5,10.0,ok,2.4153861456670667,1000,1000,1000,0,0.0,1.0,0.0,0.215718,0.18112,Advantage2_system1.13,2047,24,./penalty_sweep_qpu_v113/samples/3nq9_Kdist2.5_Kmono10.0/psweep113_r5_20260328_171213/3nq9_ligand_report.csv,./penalty_sweep_qpu_v113/samples/3nq9_Kdist2.5_Kmono10.0/psweep113_r5_20260328_171213/3nq9_ligand_samples.json,./penalty_sweep_qpu_v113/samples/3nq9_Kdist2.5_Kmono10.0/psweep113_r5_20260328_171213/result.json
3nq9,3nq9_Kdist2.5_Kmono11.0,psweep113_r5_20260328_171213,2.5,11.0,ok,1.681476423837682,1000,1000,1000,7,0.007,1.0,0.007,0.205374,0.17078,Advantage2_system1.13,1976,24,./penalty_sweep_qpu_v113/samples/3nq9_Kdist2.5_Kmono11.0/psweep113_r5_20260328_171213/3nq9_ligand_report.csv,./penalty_sweep_qpu_v113/samples/3nq9_Kdist2.5_Kmono11.0/psweep113_r5_20260328_171213/3nq9_ligand_samples.json,./penalty_sweep_qpu_v113/samples/3nq9_Kdist2.5_Kmono11.0/psweep113_r5_20260328_171213/result.json
3nq9,3nq9_Kdist2.5_Kmono12.0,psweep113_r5_20260328_171213,2.5,12.0,ok,4.155354340353978,1000,1000,1000,0,0.0,1.0,0.0,0.2146708,0.18006,Advantage2_system1.13,2233,26,./penalty_sweep_qpu_v113/samples/3nq9_Kdist2.5_Kmono12.0/psweep113_r5_20260328_171213/3nq9_ligand_report.csv,./penalty_sweep_qpu_v113/samples/3nq9_Kdist2.5_Kmono12.0/psweep113_r5_20260328_171213/3nq9_ligand_samples.json,./penalty_sweep_qpu_v113/samples/3nq9_Kdist2.5_Kmono12.0/psweep113_r5_20260328_171213/result.json
3nq9,3nq9_Kdist2.5_Kmono13.0,psweep113_r5_20260328_171213,2.5,13.0,ok,1.2092228136647578,1000,1000,1000,34,0.034,1.0,0.034,0.2115832,0.17698,Advantage2_system1.13,2059,24,./penalty_sweep_qpu_v113/samples/3nq9_Kdist2.5_Kmono13.0/psweep113_r5_20260328_171213/3nq9_ligand_report.csv,./penalty_sweep_qpu_v113/samples/3nq9_Kdist2.5_Kmono13.0/psweep113_r5_20260328_171213/3nq9_ligand_samples.json,./penalty_sweep_qpu_v113/samples/3nq9_Kdist2.5_Kmono13.0/psweep113_r5_20260328_171213/result.json
3nq9,3nq9_Kdist2.5_Kmono14.0,psweep113_r5_20260328_171213,2.5,14.0,ok,1.642649115398264,1000,1000,1000,10,0.01,1.0,0.01,0.20762879999999997,0.17302,Advantage2_system1.13,2226,26,./penalty_sweep_qpu_v113/samples/3nq9_Kdist2.5_Kmono14.0/psweep113_r5_20260328_171213/3nq9_ligand_report.csv,./penalty_sweep_qpu_v113/samples/3nq9_Kdist2.5_Kmono14.0/psweep113_r5_20260328_171213/3nq9_ligand_samples.json,./penalty_sweep_qpu_v113/samples/3nq9_Kdist2.5_Kmono14.0/psweep113_r5_20260328_171213/result.json
3nq9,3nq9_Kdist2.5_Kmono15.0,psweep113_r5_20260328_171213,2.5,15.0,ok,3.1930276024580384,1000,1000,1000,0,0.0,1.0,0.0,0.20772320000000002,0.17312,Advantage2_system1.13,2060,25,./penalty_sweep_qpu_v113/samples/3nq9_Kdist2.5_Kmono15.0/psweep113_r5_20260328_171213/3nq9_ligand_report.csv,./penalty_sweep_qpu_v113/samples/3nq9_Kdist2.5_Kmono15.0/psweep113_r5_20260328_171213/3nq9_ligand_samples.json,./penalty_sweep_qpu_v113/samples/3nq9_Kdist2.5_Kmono15.0/psweep113_r5_20260328_171213/result.json
3nq9,3nq9_Kdist2.5_Kmono16.0,psweep113_r5_20260328_171213,2.5,16.0,ok,1.891725655450574,1000,1000,1000,1,0.001,1.0,0.001,0.2140272,0.17942,Advantage2_system1.13,2221,27,./penalty_sweep_qpu_v113/samples/3nq9_Kdist2.5_Kmono16.0/psweep113_r5_20260328_171213/3nq9_ligand_report.csv,./penalty_sweep_qpu_v113/samples/3nq9_Kdist2.5_Kmono16.0/psweep113_r5_20260328_171213/3nq9_ligand_samples.json,./penalty_sweep_qpu_v113/samples/3nq9_Kdist2.5_Kmono16.0/psweep113_r5_20260328_171213/result.json
3nq9,3nq9_Kdist2.5_Kmono17.0,psweep113_r5_20260328_171213,2.5,17.0,ok,1.6580137623852593,1000,1000,1000,4,0.004,1.0,0.004,0.21390720000000002,0.1793,Advantage2_system1.13,2160,25,./penalty_sweep_qpu_v113/samples/3nq9_Kdist2.5_Kmono17.0/psweep113_r5_20260328_171213/3nq9_ligand_report.csv,./penalty_sweep_qpu_v113/samples/3nq9_Kdist2.5_Kmono17.0/psweep113_r5_20260328_171213/3nq9_ligand_samples.json,./penalty_sweep_qpu_v113/samples/3nq9_Kdist2.5_Kmono17.0/psweep113_r5_20260328_171213/result.json
3nq9,3nq9_Kdist2.5_Kmono18.0,psweep113_r5_20260328_171213,2.5,18.0,ok,2.4931037100512166,1000,1000,1000,0,0.0,1.0,0.0,0.2015168,0.16692,Advantage2_system1.13,2026,25,./penalty_sweep_qpu_v113/samples/3nq9_Kdist2.5_Kmono18.0/psweep113_r5_20260328_171213/3nq9_ligand_report.csv,./penalty_sweep_qpu_v113/samples/3nq9_Kdist2.5_Kmono18.0/psweep113_r5_20260328_171213/3nq9_ligand_samples.json,./penalty_sweep_qpu_v113/samples/3nq9_Kdist2.5_Kmono18.0/psweep113_r5_20260328_171213/result.json
3nq9,3nq9_Kdist2.5_Kmono19.0,psweep113_r5_20260328_171213,2.5,19.0,ok,1.1236449972407574,1000,1000,1000,124,0.124,1.0,0.124,0.2032592,0.16866,Advantage2_system1.13,2256,26,./penalty_sweep_qpu_v113/samples/3nq9_Kdist2.5_Kmono19.0/psweep113_r5_20260328_171213/3nq9_ligand_report.csv,./penalty_sweep_qpu_v113/samples/3nq9_Kdist2.5_Kmono19.0/psweep113_r5_20260328_171213/3nq9_ligand_samples.json,./penalty_sweep_qpu_v113/samples/3nq9_Kdist2.5_Kmono19.0/psweep113_r5_20260328_171213/result.json
3nq9,3nq9_Kdist2.5_Kmono20.0,psweep113_r5_20260328_171213,2.5,20.0,ok,2.5231193528778904,1000,1000,1000,0,0.0,1.0,0.0,0.2101972,0.1756,Advantage2_system1.13,2077,25,./penalty_sweep_qpu_v113/samples/3nq9_Kdist2.5_Kmono20.0/psweep113_r5_20260328_171213/3nq9_ligand_report.csv,./penalty_sweep_qpu_v113/samples/3nq9_Kdist2.5_Kmono20.0/psweep113_r5_20260328_171213/3nq9_ligand_samples.json,./penalty_sweep_qpu_v113/samples/3nq9_Kdist2.5_Kmono20.0/psweep113_r5_20260328_171213/result.json
3nq9,3nq9_Kdist3.0_Kmono1.0,psweep113_r5_20260328_171213,3.0,1.0,ok,1.1189704976778732,1000,1000,1000,46,0.046,1.0,0.046,0.20594720000000002,0.17134,Advantage2_system1.13,2069,23,./penalty_sweep_qpu_v113/samples/3nq9_Kdist3.0_Kmono1.0/psweep113_r5_20260328_171213/3nq9_ligand_report.csv,./penalty_sweep_qpu_v113/samples/3nq9_Kdist3.0_Kmono1.0/psweep113_r5_20260328_171213/3nq9_ligand_samples.json,./penalty_sweep_qpu_v113/samples/3nq9_Kdist3.0_Kmono1.0/psweep113_r5_20260328_171213/result.json
3nq9,3nq9_Kdist3.0_Kmono2.0,psweep113_r5_20260328_171213,3.0,2.0,ok,5.284340289050907,1000,1000,1000,0,0.0,1.0,0.0,0.2105244,0.17592,Advantage2_system1.13,2249,26,./penalty_sweep_qpu_v113/samples/3nq9_Kdist3.0_Kmono2.0/psweep113_r5_20260328_171213/3nq9_ligand_report.csv,./penalty_sweep_qpu_v113/samples/3nq9_Kdist3.0_Kmono2.0/psweep113_r5_20260328_171213/3nq9_ligand_samples.json,./penalty_sweep_qpu_v113/samples/3nq9_Kdist3.0_Kmono2.0/psweep113_r5_20260328_171213/result.json
3nq9,3nq9_Kdist3.0_Kmono3.0,psweep113_r5_20260328_171213,3.0,3.0,ok,4.286531512360936,1000,1000,1000,0,0.0,1.0,0.0,0.20991320000000002,0.1753,Advantage2_system1.13,2476,30,./penalty_sweep_qpu_v113/samples/3nq9_Kdist3.0_Kmono3.0/psweep113_r5_20260328_171213/3nq9_ligand_report.csv,./penalty_sweep_qpu_v113/samples/3nq9_Kdist3.0_Kmono3.0/psweep113_r5_20260328_171213/3nq9_ligand_samples.json,./penalty_sweep_qpu_v113/samples/3nq9_Kdist3.0_Kmono3.0/psweep113_r5_20260328_171213/result.json
3nq9,3nq9_Kdist3.0_Kmono4.0,psweep113_r5_20260328_171213,3.0,4.0,ok,3.6693312256575346,1000,1000,1000,0,0.0,1.0,0.0,0.21454,0.17994,Advantage2_system1.13,1915,22,./penalty_sweep_qpu_v113/samples/3nq9_Kdist3.0_Kmono4.0/psweep113_r5_20260328_171213/3nq9_ligand_report.csv,./penalty_sweep_qpu_v113/samples/3nq9_Kdist3.0_Kmono4.0/psweep113_r5_20260328_171213/3nq9_ligand_samples.json,./penalty_sweep_qpu_v113/samples/3nq9_Kdist3.0_Kmono4.0/psweep113_r5_20260328_171213/result.json
3nq9,3nq9_Kdist3.0_Kmono5.0,psweep113_r5_20260328_171213,3.0,5.0,ok,3.7650704850565795,1000,1000,1000,0,0.0,1.0,0.0,0.2017596,0.16716,Advantage2_system1.13,2292,28,./penalty_sweep_qpu_v113/samples/3nq9_Kdist3.0_Kmono5.0/psweep113_r5_20260328_171213/3nq9_ligand_report.csv,./penalty_sweep_qpu_v113/samples/3nq9_Kdist3.0_Kmono5.0/psweep113_r5_20260328_171213/3nq9_ligand_samples.json,./penalty_sweep_qpu_v113/samples/3nq9_Kdist3.0_Kmono5.0/psweep113_r5_20260328_171213/result.json
3nq9,3nq9_Kdist3.0_Kmono6.0,psweep113_r5_20260328_171213,3.0,6.0,ok,2.0125805447347114,1000,1000,1000,0,0.0,1.0,0.0,0.21888960000000002,0.18428,Advantage2_system1.13,2153,25,./penalty_sweep_qpu_v113/samples/3nq9_Kdist3.0_Kmono6.0/psweep113_r5_20260328_171213/3nq9_ligand_report.csv,./penalty_sweep_qpu_v113/samples/3nq9_Kdist3.0_Kmono6.0/psweep113_r5_20260328_171213/3nq9_ligand_samples.json,./penalty_sweep_qpu_v113/samples/3nq9_Kdist3.0_Kmono6.0/psweep113_r5_20260328_171213/result.json
3nq9,3nq9_Kdist3.0_Kmono7.0,psweep113_r5_20260328_171213,3.0,7.0,ok,1.822237032734757,1000,1000,1000,24,0.024,1.0,0.024,0.2049872,0.17038,Advantage2_system1.13,2120,25,./penalty_sweep_qpu_v113/samples/3nq9_Kdist3.0_Kmono7.0/psweep113_r5_20260328_171213/3nq9_ligand_report.csv,./penalty_sweep_qpu_v113/samples/3nq9_Kdist3.0_Kmono7.0/psweep113_r5_20260328_171213/3nq9_ligand_samples.json,./penalty_sweep_qpu_v113/samples/3nq9_Kdist3.0_Kmono7.0/psweep113_r5_20260328_171213/result.json
3nq9,3nq9_Kdist3.0_Kmono8.0,psweep113_r5_20260328_171213,3.0,8.0,ok,1.7152437811045158,1000,1000,1000,1,0.001,1.0,0.001,0.2150244,0.18042,Advantage2_system1.13,2110,24,./penalty_sweep_qpu_v113/samples/3nq9_Kdist3.0_Kmono8.0/psweep113_r5_20260328_171213/3nq9_ligand_report.csv,./penalty_sweep_qpu_v113/samples/3nq9_Kdist3.0_Kmono8.0/psweep113_r5_20260328_171213/3nq9_ligand_samples.json,./penalty_sweep_qpu_v113/samples/3nq9_Kdist3.0_Kmono8.0/psweep113_r5_20260328_171213/result.json
3nq9,3nq9_Kdist3.0_Kmono9.0,psweep113_r5_20260328_171213,3.0,9.0,ok,1.6726392554426839,1000,1000,1000,11,0.011,1.0,0.011,0.2045436,0.16994,Advantage2_system1.13,2369,28,./penalty_sweep_qpu_v113/samples/3nq9_Kdist3.0_Kmono9.0/psweep113_r5_20260328_171213/3nq9_ligand_report.csv,./penalty_sweep_qpu_v113/samples/3nq9_Kdist3.0_Kmono9.0/psweep113_r5_20260328_171213/3nq9_ligand_samples.json,./penalty_sweep_qpu_v113/samples/3nq9_Kdist3.0_Kmono9.0/psweep113_r5_20260328_171213/result.json
3nq9,3nq9_Kdist3.0_Kmono10.0,psweep113_r5_20260328_171213,3.0,10.0,ok,2.871219781500966,1000,1000,1000,0,0.0,1.0,0.0,0.2078784,0.17328,Advantage2_system1.13,2174,26,./penalty_sweep_qpu_v113/samples/3nq9_Kdist3.0_Kmono10.0/psweep113_r5_20260328_171213/3nq9_ligand_report.csv,./penalty_sweep_qpu_v113/samples/3nq9_Kdist3.0_Kmono10.0/psweep113_r5_20260328_171213/3nq9_ligand_samples.json,./penalty_sweep_qpu_v113/samples/3nq9_Kdist3.0_Kmono10.0/psweep113_r5_20260328_171213/result.json
3nq9,3nq9_Kdist3.0_Kmono11.0,psweep113_r5_20260328_171213,3.0,11.0,ok,2.5325663437048647,1000,1000,1000,0,0.0,1.0,0.0,0.207992,0.17338,Advantage2_system1.13,2248,27,./penalty_sweep_qpu_v113/samples/3nq9_Kdist3.0_Kmono11.0/psweep113_r5_20260328_171213/3nq9_ligand_report.csv,./penalty_sweep_qpu_v113/samples/3nq9_Kdist3.0_Kmono11.0/psweep113_r5_20260328_171213/3nq9_ligand_samples.json,./penalty_sweep_qpu_v113/samples/3nq9_Kdist3.0_Kmono11.0/psweep113_r5_20260328_171213/result.json
3nq9,3nq9_Kdist3.0_Kmono12.0,psweep113_r5_20260328_171213,3.0,12.0,ok,3.6216900634602296,1000,1000,1000,0,0.0,1.0,0.0,0.21190920000000002,0.1773,Advantage2_system1.13,2191,26,./penalty_sweep_qpu_v113/samples/3nq9_Kdist3.0_Kmono12.0/psweep113_r5_20260328_171213/3nq9_ligand_report.csv,./penalty_sweep_qpu_v113/samples/3nq9_Kdist3.0_Kmono12.0/psweep113_r5_20260328_171213/3nq9_ligand_samples.json,./penalty_sweep_qpu_v113/samples/3nq9_Kdist3.0_Kmono12.0/psweep113_r5_20260328_171213/result.json
3nq9,3nq9_Kdist3.0_Kmono13.0,psweep113_r5_20260328_171213,3.0,13.0,ok,3.3181721793699674,1000,1000,1000,0,0.0,1.0,0.0,0.2036704,0.16906,Advantage2_system1.13,2397,28,./penalty_sweep_qpu_v113/samples/3nq9_Kdist3.0_Kmono13.0/psweep113_r5_20260328_171213/3nq9_ligand_report.csv,./penalty_sweep_qpu_v113/samples/3nq9_Kdist3.0_Kmono13.0/psweep113_r5_20260328_171213/3nq9_ligand_samples.json,./penalty_sweep_qpu_v113/samples/3nq9_Kdist3.0_Kmono13.0/psweep113_r5_20260328_171213/result.json
3nq9,3nq9_Kdist3.0_Kmono14.0,psweep113_r5_20260328_171213,3.0,14.0,ok,3.2949189697516132,1000,1000,1000,0,0.0,1.0,0.0,0.2103024,0.1757,Advantage2_system1.13,1932,22,./penalty_sweep_qpu_v113/samples/3nq9_Kdist3.0_Kmono14.0/psweep113_r5_20260328_171213/3nq9_ligand_report.csv,./penalty_sweep_qpu_v113/samples/3nq9_Kdist3.0_Kmono14.0/psweep113_r5_20260328_171213/3nq9_ligand_samples.json,./penalty_sweep_qpu_v113/samples/3nq9_Kdist3.0_Kmono14.0/psweep113_r5_20260328_171213/result.json
3nq9,3nq9_Kdist3.0_Kmono15.0,psweep113_r5_20260328_171213,3.0,15.0,ok,2.6467883427148156,1000,1000,1000,0,0.0,1.0,0.0,0.217942,0.18334,Advantage2_system1.13,2283,26,./penalty_sweep_qpu_v113/samples/3nq9_Kdist3.0_Kmono15.0/psweep113_r5_20260328_171213/3nq9_ligand_report.csv,./penalty_sweep_qpu_v113/samples/3nq9_Kdist3.0_Kmono15.0/psweep113_r5_20260328_171213/3nq9_ligand_samples.json,./penalty_sweep_qpu_v113/samples/3nq9_Kdist3.0_Kmono15.0/psweep113_r5_20260328_171213/result.json
3nq9,3nq9_Kdist3.0_Kmono16.0,psweep113_r5_20260328_171213,3.0,16.0,ok,2.0444426677814147,1000,1000,1000,0,0.0,1.0,0.0,0.2055172,0.17092,Advantage2_system1.13,2195,24,./penalty_sweep_qpu_v113/samples/3nq9_Kdist3.0_Kmono16.0/psweep113_r5_20260328_171213/3nq9_ligand_report.csv,./penalty_sweep_qpu_v113/samples/3nq9_Kdist3.0_Kmono16.0/psweep113_r5_20260328_171213/3nq9_ligand_samples.json,./penalty_sweep_qpu_v113/samples/3nq9_Kdist3.0_Kmono16.0/psweep113_r5_20260328_171213/result.json
3nq9,3nq9_Kdist3.0_Kmono17.0,psweep113_r5_20260328_171213,3.0,17.0,ok,4.2641495362531305,1000,1000,1000,0,0.0,1.0,0.0,0.20930079999999998,0.1747,Advantage2_system1.13,2218,26,./penalty_sweep_qpu_v113/samples/3nq9_Kdist3.0_Kmono17.0/psweep113_r5_20260328_171213/3nq9_ligand_report.csv,./penalty_sweep_qpu_v113/samples/3nq9_Kdist3.0_Kmono17.0/psweep113_r5_20260328_171213/3nq9_ligand_samples.json,./penalty_sweep_qpu_v113/samples/3nq9_Kdist3.0_Kmono17.0/psweep113_r5_20260328_171213/result.json
3nq9,3nq9_Kdist3.0_Kmono18.0,psweep113_r5_20260328_171213,3.0,18.0,ok,2.7671593695597676,1000,1000,1000,0,0.0,1.0,0.0,0.20822320000000002,0.17362,Advantage2_system1.13,2012,23,./penalty_sweep_qpu_v113/samples/3nq9_Kdist3.0_Kmono18.0/psweep113_r5_20260328_171213/3nq9_ligand_report.csv,./penalty_sweep_qpu_v113/samples/3nq9_Kdist3.0_Kmono18.0/psweep113_r5_20260328_171213/3nq9_ligand_samples.json,./penalty_sweep_qpu_v113/samples/3nq9_Kdist3.0_Kmono18.0/psweep113_r5_20260328_171213/result.json
3nq9,3nq9_Kdist3.0_Kmono19.0,psweep113_r5_20260328_171213,3.0,19.0,ok,1.1037272149066717,1000,1000,1000,7,0.007,1.0,0.007,0.20894320000000002,0.17434,Advantage2_system1.13,2133,26,./penalty_sweep_qpu_v113/samples/3nq9_Kdist3.0_Kmono19.0/psweep113_r5_20260328_171213/3nq9_ligand_report.csv,./penalty_sweep_qpu_v113/samples/3nq9_Kdist3.0_Kmono19.0/psweep113_r5_20260328_171213/3nq9_ligand_samples.json,./penalty_sweep_qpu_v113/samples/3nq9_Kdist3.0_Kmono19.0/psweep113_r5_20260328_171213/result.json
3nq9,3nq9_Kdist3.0_Kmono20.0,psweep113_r5_20260328_171213,3.0,20.0,ok,1.2685313148295922,1000,1000,1000,20,0.02,1.0,0.02,0.2084464,0.17384,Advantage2_system1.13,2228,26,./penalty_sweep_qpu_v113/samples/3nq9_Kdist3.0_Kmono20.0/psweep113_r5_20260328_171213/3nq9_ligand_report.csv,./penalty_sweep_qpu_v113/samples/3nq9_Kdist3.0_Kmono20.0/psweep113_r5_20260328_171213/3nq9_ligand_samples.json,./penalty_sweep_qpu_v113/samples/3nq9_Kdist3.0_Kmono20.0/psweep113_r5_20260328_171213/result.json
3nq9,3nq9_Kdist3.5_Kmono1.0,psweep113_r5_20260328_171213,3.5,1.0,ok,1.7104088801054227,1000,1000,1000,3,0.003,1.0,0.003,0.209946,0.17534,Advantage2_system1.13,2078,24,./penalty_sweep_qpu_v113/samples/3nq9_Kdist3.5_Kmono1.0/psweep113_r5_20260328_171213/3nq9_ligand_report.csv,./penalty_sweep_qpu_v113/samples/3nq9_Kdist3.5_Kmono1.0/psweep113_r5_20260328_171213/3nq9_ligand_samples.json,./penalty_sweep_qpu_v113/samples/3nq9_Kdist3.5_Kmono1.0/psweep113_r5_20260328_171213/result.json
3nq9,3nq9_Kdist3.5_Kmono2.0,psweep113_r5_20260328_171213,3.5,2.0,ok,4.469976856195649,1000,1000,1000,0,0.0,1.0,0.0,0.21758639999999999,0.18298,Advantage2_system1.13,2193,25,./penalty_sweep_qpu_v113/samples/3nq9_Kdist3.5_Kmono2.0/psweep113_r5_20260328_171213/3nq9_ligand_report.csv,./penalty_sweep_qpu_v113/samples/3nq9_Kdist3.5_Kmono2.0/psweep113_r5_20260328_171213/3nq9_ligand_samples.json,./penalty_sweep_qpu_v113/samples/3nq9_Kdist3.5_Kmono2.0/psweep113_r5_20260328_171213/result.json
3nq9,3nq9_Kdist3.5_Kmono3.0,psweep113_r5_20260328_171213,3.5,3.0,ok,3.066116893623968,1000,1000,1000,0,0.0,1.0,0.0,0.2053488,0.17074,Advantage2_system1.13,2097,25,./penalty_sweep_qpu_v113/samples/3nq9_Kdist3.5_Kmono3.0/psweep113_r5_20260328_171213/3nq9_ligand_report.csv,./penalty_sweep_qpu_v113/samples/3nq9_Kdist3.5_Kmono3.0/psweep113_r5_20260328_171213/3nq9_ligand_samples.json,./penalty_sweep_qpu_v113/samples/3nq9_Kdist3.5_Kmono3.0/psweep113_r5_20260328_171213/result.json
3nq9,3nq9_Kdist3.5_Kmono4.0,psweep113_r5_20260328_171213,3.5,4.0,ok,2.1174604200375136,1000,1000,1000,0,0.0,1.0,0.0,0.2064996,0.17188,Advantage2_system1.13,2243,28,./penalty_sweep_qpu_v113/samples/3nq9_Kdist3.5_Kmono4.0/psweep113_r5_20260328_171213/3nq9_ligand_report.csv,./penalty_sweep_qpu_v113/samples/3nq9_Kdist3.5_Kmono4.0/psweep113_r5_20260328_171213/3nq9_ligand_samples.json,./penalty_sweep_qpu_v113/samples/3nq9_Kdist3.5_Kmono4.0/psweep113_r5_20260328_171213/result.json
3nq9,3nq9_Kdist3.5_Kmono5.0,psweep113_r5_20260328_171213,3.5,5.0,ok,2.408121182164643,1000,1000,1000,0,0.0,1.0,0.0,0.2088476,0.17424,Advantage2_system1.13,2271,27,./penalty_sweep_qpu_v113/samples/3nq9_Kdist3.5_Kmono5.0/psweep113_r5_20260328_171213/3nq9_ligand_report.csv,./penalty_sweep_qpu_v113/samples/3nq9_Kdist3.5_Kmono5.0/psweep113_r5_20260328_171213/3nq9_ligand_samples.json,./penalty_sweep_qpu_v113/samples/3nq9_Kdist3.5_Kmono5.0/psweep113_r5_20260328_171213/result.json
3nq9,3nq9_Kdist3.5_Kmono6.0,psweep113_r5_20260328_171213,3.5,6.0,ok,4.454660280054758,1000,1000,1000,0,0.0,1.0,0.0,0.2155516,0.18094,Advantage2_system1.13,2405,30,./penalty_sweep_qpu_v113/samples/3nq9_Kdist3.5_Kmono6.0/psweep113_r5_20260328_171213/3nq9_ligand_report.csv,./penalty_sweep_qpu_v113/samples/3nq9_Kdist3.5_Kmono6.0/psweep113_r5_20260328_171213/3nq9_ligand_samples.json,./penalty_sweep_qpu_v113/samples/3nq9_Kdist3.5_Kmono6.0/psweep113_r5_20260328_171213/result.json
3nq9,3nq9_Kdist3.5_Kmono7.0,psweep113_r5_20260328_171213,3.5,7.0,ok,1.8027645631517069,1000,1000,1000,1,0.001,1.0,0.001,0.2069028,0.1723,Advantage2_system1.13,1830,21,./penalty_sweep_qpu_v113/samples/3nq9_Kdist3.5_Kmono7.0/psweep113_r5_20260328_171213/3nq9_ligand_report.csv,./penalty_sweep_qpu_v113/samples/3nq9_Kdist3.5_Kmono7.0/psweep113_r5_20260328_171213/3nq9_ligand_samples.json,./penalty_sweep_qpu_v113/samples/3nq9_Kdist3.5_Kmono7.0/psweep113_r5_20260328_171213/result.json
3nq9,3nq9_Kdist3.5_Kmono8.0,psweep113_r5_20260328_171213,3.5,8.0,ok,3.6971930317649147,1000,1000,1000,0,0.0,1.0,0.0,0.21604720000000002,0.18144,Advantage2_system1.13,2052,24,./penalty_sweep_qpu_v113/samples/3nq9_Kdist3.5_Kmono8.0/psweep113_r5_20260328_171213/3nq9_ligand_report.csv,./penalty_sweep_qpu_v113/samples/3nq9_Kdist3.5_Kmono8.0/psweep113_r5_20260328_171213/3nq9_ligand_samples.json,./penalty_sweep_qpu_v113/samples/3nq9_Kdist3.5_Kmono8.0/psweep113_r5_20260328_171213/result.json
3nq9,3nq9_Kdist3.5_Kmono9.0,psweep113_r5_20260328_171213,3.5,9.0,ok,1.416716178387112,1000,1000,1000,23,0.023,1.0,0.023,0.2078564,0.17324,Advantage2_system1.13,2087,25,./penalty_sweep_qpu_v113/samples/3nq9_Kdist3.5_Kmono9.0/psweep113_r5_20260328_171213/3nq9_ligand_report.csv,./penalty_sweep_qpu_v113/samples/3nq9_Kdist3.5_Kmono9.0/psweep113_r5_20260328_171213/3nq9_ligand_samples.json,./penalty_sweep_qpu_v113/samples/3nq9_Kdist3.5_Kmono9.0/psweep113_r5_20260328_171213/result.json
3nq9,3nq9_Kdist3.5_Kmono10.0,psweep113_r5_20260328_171213,3.5,10.0,ok,3.9177024510862726,1000,1000,1000,0,0.0,1.0,0.0,0.203796,0.1692,Advantage2_system1.13,2069,24,./penalty_sweep_qpu_v113/samples/3nq9_Kdist3.5_Kmono10.0/psweep113_r5_20260328_171213/3nq9_ligand_report.csv,./penalty_sweep_qpu_v113/samples/3nq9_Kdist3.5_Kmono10.0/psweep113_r5_20260328_171213/3nq9_ligand_samples.json,./penalty_sweep_qpu_v113/samples/3nq9_Kdist3.5_Kmono10.0/psweep113_r5_20260328_171213/result.json
3nq9,3nq9_Kdist3.5_Kmono11.0,psweep113_r5_20260328_171213,3.5,11.0,ok,3.3713125143375926,1000,1000,1000,0,0.0,1.0,0.0,0.207212,0.1726,Advantage2_system1.13,2165,25,./penalty_sweep_qpu_v113/samples/3nq9_Kdist3.5_Kmono11.0/psweep113_r5_20260328_171213/3nq9_ligand_report.csv,./penalty_sweep_qpu_v113/samples/3nq9_Kdist3.5_Kmono11.0/psweep113_r5_20260328_171213/3nq9_ligand_samples.json,./penalty_sweep_qpu_v113/samples/3nq9_Kdist3.5_Kmono11.0/psweep113_r5_20260328_171213/result.json
3nq9,3nq9_Kdist3.5_Kmono12.0,psweep113_r5_20260328_171213,3.5,12.0,ok,3.0825392677980514,1000,1000,1000,0,0.0,1.0,0.0,0.21084920000000001,0.17624,Advantage2_system1.13,2006,24,./penalty_sweep_qpu_v113/samples/3nq9_Kdist3.5_Kmono12.0/psweep113_r5_20260328_171213/3nq9_ligand_report.csv,./penalty_sweep_qpu_v113/samples/3nq9_Kdist3.5_Kmono12.0/psweep113_r5_20260328_171213/3nq9_ligand_samples.json,./penalty_sweep_qpu_v113/samples/3nq9_Kdist3.5_Kmono12.0/psweep113_r5_20260328_171213/result.json
3nq9,3nq9_Kdist3.5_Kmono13.0,psweep113_r5_20260328_171213,3.5,13.0,ok,4.715929415496862,1000,1000,1000,0,0.0,1.0,0.0,0.2105828,0.17598,Advantage2_system1.13,1916,22,./penalty_sweep_qpu_v113/samples/3nq9_Kdist3.5_Kmono13.0/psweep113_r5_20260328_171213/3nq9_ligand_report.csv,./penalty_sweep_qpu_v113/samples/3nq9_Kdist3.5_Kmono13.0/psweep113_r5_20260328_171213/3nq9_ligand_samples.json,./penalty_sweep_qpu_v113/samples/3nq9_Kdist3.5_Kmono13.0/psweep113_r5_20260328_171213/result.json
3nq9,3nq9_Kdist3.5_Kmono14.0,psweep113_r5_20260328_171213,3.5,14.0,ok,2.7459977496182506,1000,1000,1000,0,0.0,1.0,0.0,0.2051656,0.17056,Advantage2_system1.13,1997,24,./penalty_sweep_qpu_v113/samples/3nq9_Kdist3.5_Kmono14.0/psweep113_r5_20260328_171213/3nq9_ligand_report.csv,./penalty_sweep_qpu_v113/samples/3nq9_Kdist3.5_Kmono14.0/psweep113_r5_20260328_171213/3nq9_ligand_samples.json,./penalty_sweep_qpu_v113/samples/3nq9_Kdist3.5_Kmono14.0/psweep113_r5_20260328_171213/result.json
3nq9,3nq9_Kdist3.5_Kmono15.0,psweep113_r5_20260328_171213,3.5,15.0,ok,1.3594233760008685,1000,1000,1000,5,0.005,1.0,0.005,0.20829920000000002,0.1737,Advantage2_system1.13,1906,22,./penalty_sweep_qpu_v113/samples/3nq9_Kdist3.5_Kmono15.0/psweep113_r5_20260328_171213/3nq9_ligand_report.csv,./penalty_sweep_qpu_v113/samples/3nq9_Kdist3.5_Kmono15.0/psweep113_r5_20260328_171213/3nq9_ligand_samples.json,./penalty_sweep_qpu_v113/samples/3nq9_Kdist3.5_Kmono15.0/psweep113_r5_20260328_171213/result.json
3nq9,3nq9_Kdist3.5_Kmono16.0,psweep113_r5_20260328_171213,3.5,16.0,ok,1.54283042129931,1000,1000,1000,1,0.001,1.0,0.001,0.2179812,0.18338,Advantage2_system1.13,2069,25,./penalty_sweep_qpu_v113/samples/3nq9_Kdist3.5_Kmono16.0/psweep113_r5_20260328_171213/3nq9_ligand_report.csv,./penalty_sweep_qpu_v113/samples/3nq9_Kdist3.5_Kmono16.0/psweep113_r5_20260328_171213/3nq9_ligand_samples.json,./penalty_sweep_qpu_v113/samples/3nq9_Kdist3.5_Kmono16.0/psweep113_r5_20260328_171213/result.json
3nq9,3nq9_Kdist3.5_Kmono17.0,psweep113_r5_20260328_171213,3.5,17.0,ok,0.46082493894485066,1000,1000,1000,254,0.254,1.0,0.254,0.2059888,0.17138,Advantage2_system1.13,2165,26,./penalty_sweep_qpu_v113/samples/3nq9_Kdist3.5_Kmono17.0/psweep113_r5_20260328_171213/3nq9_ligand_report.csv,./penalty_sweep_qpu_v113/samples/3nq9_Kdist3.5_Kmono17.0/psweep113_r5_20260328_171213/3nq9_ligand_samples.json,./penalty_sweep_qpu_v113/samples/3nq9_Kdist3.5_Kmono17.0/psweep113_r5_20260328_171213/result.json
3nq9,3nq9_Kdist3.5_Kmono18.0,psweep113_r5_20260328_171213,3.5,18.0,ok,3.56548588965189,1000,1000,1000,0,0.0,1.0,0.0,0.210532,0.17592,Advantage2_system1.13,2171,26,./penalty_sweep_qpu_v113/samples/3nq9_Kdist3.5_Kmono18.0/psweep113_r5_20260328_171213/3nq9_ligand_report.csv,./penalty_sweep_qpu_v113/samples/3nq9_Kdist3.5_Kmono18.0/psweep113_r5_20260328_171213/3nq9_ligand_samples.json,./penalty_sweep_qpu_v113/samples/3nq9_Kdist3.5_Kmono18.0/psweep113_r5_20260328_171213/result.json
3nq9,3nq9_Kdist3.5_Kmono19.0,psweep113_r5_20260328_171213,3.5,19.0,ok,2.256984307498512,1000,1000,1000,0,0.0,1.0,0.0,0.2093472,0.17474,Advantage2_system1.13,2306,28,./penalty_sweep_qpu_v113/samples/3nq9_Kdist3.5_Kmono19.0/psweep113_r5_20260328_171213/3nq9_ligand_report.csv,./penalty_sweep_qpu_v113/samples/3nq9_Kdist3.5_Kmono19.0/psweep113_r5_20260328_171213/3nq9_ligand_samples.json,./penalty_sweep_qpu_v113/samples/3nq9_Kdist3.5_Kmono19.0/psweep113_r5_20260328_171213/result.json
3nq9,3nq9_Kdist3.5_Kmono20.0,psweep113_r5_20260328_171213,3.5,20.0,ok,2.0331574652796873,1000,1000,1000,0,0.0,1.0,0.0,0.2110272,0.17642,Advantage2_system1.13,2038,23,./penalty_sweep_qpu_v113/samples/3nq9_Kdist3.5_Kmono20.0/psweep113_r5_20260328_171213/3nq9_ligand_report.csv,./penalty_sweep_qpu_v113/samples/3nq9_Kdist3.5_Kmono20.0/psweep113_r5_20260328_171213/3nq9_ligand_samples.json,./penalty_sweep_qpu_v113/samples/3nq9_Kdist3.5_Kmono20.0/psweep113_r5_20260328_171213/result.json
3nq9,3nq9_Kdist4.0_Kmono1.0,psweep113_r5_20260328_171213,4.0,1.0,ok,3.892876689012904,1000,1000,1000,0,0.0,1.0,0.0,0.2140868,0.17948,Advantage2_system1.13,2042,24,./penalty_sweep_qpu_v113/samples/3nq9_Kdist4.0_Kmono1.0/psweep113_r5_20260328_171213/3nq9_ligand_report.csv,./penalty_sweep_qpu_v113/samples/3nq9_Kdist4.0_Kmono1.0/psweep113_r5_20260328_171213/3nq9_ligand_samples.json,./penalty_sweep_qpu_v113/samples/3nq9_Kdist4.0_Kmono1.0/psweep113_r5_20260328_171213/result.json
3nq9,3nq9_Kdist4.0_Kmono2.0,psweep113_r5_20260328_171213,4.0,2.0,ok,2.9718525565113807,1000,1000,1000,0,0.0,1.0,0.0,0.20853839999999998,0.17394,Advantage2_system1.13,1945,22,./penalty_sweep_qpu_v113/samples/3nq9_Kdist4.0_Kmono2.0/psweep113_r5_20260328_171213/3nq9_ligand_report.csv,./penalty_sweep_qpu_v113/samples/3nq9_Kdist4.0_Kmono2.0/psweep113_r5_20260328_171213/3nq9_ligand_samples.json,./penalty_sweep_qpu_v113/samples/3nq9_Kdist4.0_Kmono2.0/psweep113_r5_20260328_171213/result.json
3nq9,3nq9_Kdist4.0_Kmono3.0,psweep113_r5_20260328_171213,4.0,3.0,ok,2.493219339277468,1000,1000,1000,0,0.0,1.0,0.0,0.2102664,0.17566,Advantage2_system1.13,2180,25,./penalty_sweep_qpu_v113/samples/3nq9_Kdist4.0_Kmono3.0/psweep113_r5_20260328_171213/3nq9_ligand_report.csv,./penalty_sweep_qpu_v113/samples/3nq9_Kdist4.0_Kmono3.0/psweep113_r5_20260328_171213/3nq9_ligand_samples.json,./penalty_sweep_qpu_v113/samples/3nq9_Kdist4.0_Kmono3.0/psweep113_r5_20260328_171213/result.json
3nq9,3nq9_Kdist4.0_Kmono4.0,psweep113_r5_20260328_171213,4.0,4.0,ok,2.462740853194272,1000,1000,1000,0,0.0,1.0,0.0,0.2031956,0.1686,Advantage2_system1.13,2162,25,./penalty_sweep_qpu_v113/samples/3nq9_Kdist4.0_Kmono4.0/psweep113_r5_20260328_171213/3nq9_ligand_report.csv,./penalty_sweep_qpu_v113/samples/3nq9_Kdist4.0_Kmono4.0/psweep113_r5_20260328_171213/3nq9_ligand_samples.json,./penalty_sweep_qpu_v113/samples/3nq9_Kdist4.0_Kmono4.0/psweep113_r5_20260328_171213/result.json
3nq9,3nq9_Kdist4.0_Kmono5.0,psweep113_r5_20260328_171213,4.0,5.0,ok,3.1966251724465233,1000,1000,1000,0,0.0,1.0,0.0,0.2026704,0.16806,Advantage2_system1.13,2146,25,./penalty_sweep_qpu_v113/samples/3nq9_Kdist4.0_Kmono5.0/psweep113_r5_20260328_171213/3nq9_ligand_report.csv,./penalty_sweep_qpu_v113/samples/3nq9_Kdist4.0_Kmono5.0/psweep113_r5_20260328_171213/3nq9_ligand_samples.json,./penalty_sweep_qpu_v113/samples/3nq9_Kdist4.0_Kmono5.0/psweep113_r5_20260328_171213/result.json
3nq9,3nq9_Kdist4.0_Kmono6.0,psweep113_r5_20260328_171213,4.0,6.0,ok,3.8777875098930044,1000,1000,1000,0,0.0,1.0,0.0,0.215546,0.18094,Advantage2_system1.13,2115,25,./penalty_sweep_qpu_v113/samples/3nq9_Kdist4.0_Kmono6.0/psweep113_r5_20260328_171213/3nq9_ligand_report.csv,./penalty_sweep_qpu_v113/samples/3nq9_Kdist4.0_Kmono6.0/psweep113_r5_20260328_171213/3nq9_ligand_samples.json,./penalty_sweep_qpu_v113/samples/3nq9_Kdist4.0_Kmono6.0/psweep113_r5_20260328_171213/result.json
3nq9,3nq9_Kdist4.0_Kmono7.0,psweep113_r5_20260328_171213,4.0,7.0,ok,1.9453764542068723,1000,1000,1000,1,0.001,1.0,0.001,0.206718,0.17212,Advantage2_system1.13,2008,23,./penalty_sweep_qpu_v113/samples/3nq9_Kdist4.0_Kmono7.0/psweep113_r5_20260328_171213/3nq9_ligand_report.csv,./penalty_sweep_qpu_v113/samples/3nq9_Kdist4.0_Kmono7.0/psweep113_r5_20260328_171213/3nq9_ligand_samples.json,./penalty_sweep_qpu_v113/samples/3nq9_Kdist4.0_Kmono7.0/psweep113_r5_20260328_171213/result.json
3nq9,3nq9_Kdist4.0_Kmono8.0,psweep113_r5_20260328_171213,4.0,8.0,ok,1.0899094665306832,1000,1000,1000,2,0.002,1.0,0.002,0.207224,0.17262,Advantage2_system1.13,2115,26,./penalty_sweep_qpu_v113/samples/3nq9_Kdist4.0_Kmono8.0/psweep113_r5_20260328_171213/3nq9_ligand_report.csv,./penalty_sweep_qpu_v113/samples/3nq9_Kdist4.0_Kmono8.0/psweep113_r5_20260328_171213/3nq9_ligand_samples.json,./penalty_sweep_qpu_v113/samples/3nq9_Kdist4.0_Kmono8.0/psweep113_r5_20260328_171213/result.json
3nq9,3nq9_Kdist4.0_Kmono9.0,psweep113_r5_20260328_171213,4.0,9.0,ok,2.4548882731216204,1000,1000,1000,0,0.0,1.0,0.0,0.2068056,0.1722,Advantage2_system1.13,1962,22,./penalty_sweep_qpu_v113/samples/3nq9_Kdist4.0_Kmono9.0/psweep113_r5_20260328_171213/3nq9_ligand_report.csv,./penalty_sweep_qpu_v113/samples/3nq9_Kdist4.0_Kmono9.0/psweep113_r5_20260328_171213/3nq9_ligand_samples.json,./penalty_sweep_qpu_v113/samples/3nq9_Kdist4.0_Kmono9.0/psweep113_r5_20260328_171213/result.json
3nq9,3nq9_Kdist4.0_Kmono10.0,psweep113_r5_20260328_171213,4.0,10.0,ok,2.485448315741511,1000,1000,1000,0,0.0,1.0,0.0,0.2100276,0.17542,Advantage2_system1.13,2304,28,./penalty_sweep_qpu_v113/samples/3nq9_Kdist4.0_Kmono10.0/psweep113_r5_20260328_171213/3nq9_ligand_report.csv,./penalty_sweep_qpu_v113/samples/3nq9_Kdist4.0_Kmono10.0/psweep113_r5_20260328_171213/3nq9_ligand_samples.json,./penalty_sweep_qpu_v113/samples/3nq9_Kdist4.0_Kmono10.0/psweep113_r5_20260328_171213/result.json
3nq9,3nq9_Kdist4.0_Kmono11.0,psweep113_r5_20260328_171213,4.0,11.0,ok,1.7437987942888062,1000,1000,1000,4,0.004,1.0,0.004,0.21902560000000001,0.18442,Advantage2_system1.13,2164,25,./penalty_sweep_qpu_v113/samples/3nq9_Kdist4.0_Kmono11.0/psweep113_r5_20260328_171213/3nq9_ligand_report.csv,./penalty_sweep_qpu_v113/samples/3nq9_Kdist4.0_Kmono11.0/psweep113_r5_20260328_171213/3nq9_ligand_samples.json,./penalty_sweep_qpu_v113/samples/3nq9_Kdist4.0_Kmono11.0/psweep113_r5_20260328_171213/result.json
3nq9,3nq9_Kdist4.0_Kmono12.0,psweep113_r5_20260328_171213,4.0,12.0,ok,0.7209037908053287,1000,1000,1000,49,0.049,1.0,0.049,0.2170848,0.18248,Advantage2_system1.13,2263,27,./penalty_sweep_qpu_v113/samples/3nq9_Kdist4.0_Kmono12.0/psweep113_r5_20260328_171213/3nq9_ligand_report.csv,./penalty_sweep_qpu_v113/samples/3nq9_Kdist4.0_Kmono12.0/psweep113_r5_20260328_171213/3nq9_ligand_samples.json,./penalty_sweep_qpu_v113/samples/3nq9_Kdist4.0_Kmono12.0/psweep113_r5_20260328_171213/result.json
3nq9,3nq9_Kdist4.0_Kmono13.0,psweep113_r5_20260328_171213,4.0,13.0,ok,2.2978091887380963,1000,1000,1000,0,0.0,1.0,0.0,0.2130292,0.17842,Advantage2_system1.13,2284,26,./penalty_sweep_qpu_v113/samples/3nq9_Kdist4.0_Kmono13.0/psweep113_r5_20260328_171213/3nq9_ligand_report.csv,./penalty_sweep_qpu_v113/samples/3nq9_Kdist4.0_Kmono13.0/psweep113_r5_20260328_171213/3nq9_ligand_samples.json,./penalty_sweep_qpu_v113/samples/3nq9_Kdist4.0_Kmono13.0/psweep113_r5_20260328_171213/result.json
3nq9,3nq9_Kdist4.0_Kmono14.0,psweep113_r5_20260328_171213,4.0,14.0,ok,4.8202164388557085,1000,1000,1000,0,0.0,1.0,0.0,0.21240720000000002,0.1778,Advantage2_system1.13,2323,27,./penalty_sweep_qpu_v113/samples/3nq9_Kdist4.0_Kmono14.0/psweep113_r5_20260328_171213/3nq9_ligand_report.csv,./penalty_sweep_qpu_v113/samples/3nq9_Kdist4.0_Kmono14.0/psweep113_r5_20260328_171213/3nq9_ligand_samples.json,./penalty_sweep_qpu_v113/samples/3nq9_Kdist4.0_Kmono14.0/psweep113_r5_20260328_171213/result.json
3nq9,3nq9_Kdist4.0_Kmono15.0,psweep113_r5_20260328_171213,4.0,15.0,ok,4.988944295870692,1000,1000,1000,0,0.0,1.0,0.0,0.20971520000000002,0.1751,Advantage2_system1.13,2283,28,./penalty_sweep_qpu_v113/samples/3nq9_Kdist4.0_Kmono15.0/psweep113_r5_20260328_171213/3nq9_ligand_report.csv,./penalty_sweep_qpu_v113/samples/3nq9_Kdist4.0_Kmono15.0/psweep113_r5_20260328_171213/3nq9_ligand_samples.json,./penalty_sweep_qpu_v113/samples/3nq9_Kdist4.0_Kmono15.0/psweep113_r5_20260328_171213/result.json
3nq9,3nq9_Kdist4.0_Kmono16.0,psweep113_r5_20260328_171213,4.0,16.0,ok,2.7833031362653324,1000,1000,1000,0,0.0,1.0,0.0,0.2133044,0.1787,Advantage2_system1.13,2164,25,./penalty_sweep_qpu_v113/samples/3nq9_Kdist4.0_Kmono16.0/psweep113_r5_20260328_171213/3nq9_ligand_report.csv,./penalty_sweep_qpu_v113/samples/3nq9_Kdist4.0_Kmono16.0/psweep113_r5_20260328_171213/3nq9_ligand_samples.json,./penalty_sweep_qpu_v113/samples/3nq9_Kdist4.0_Kmono16.0/psweep113_r5_20260328_171213/result.json
3nq9,3nq9_Kdist4.0_Kmono17.0,psweep113_r5_20260328_171213,4.0,17.0,ok,1.6612585294444329,1000,1000,1000,2,0.002,1.0,0.002,0.2127616,0.17816,Advantage2_system1.13,2004,23,./penalty_sweep_qpu_v113/samples/3nq9_Kdist4.0_Kmono17.0/psweep113_r5_20260328_171213/3nq9_ligand_report.csv,./penalty_sweep_qpu_v113/samples/3nq9_Kdist4.0_Kmono17.0/psweep113_r5_20260328_171213/3nq9_ligand_samples.json,./penalty_sweep_qpu_v113/samples/3nq9_Kdist4.0_Kmono17.0/psweep113_r5_20260328_171213/result.json
3nq9,3nq9_Kdist4.0_Kmono18.0,psweep113_r5_20260328_171213,4.0,18.0,ok,2.3656446562156526,1000,1000,1000,0,0.0,1.0,0.0,0.2071212,0.17252,Advantage2_system1.13,2182,26,./penalty_sweep_qpu_v113/samples/3nq9_Kdist4.0_Kmono18.0/psweep113_r5_20260328_171213/3nq9_ligand_report.csv,./penalty_sweep_qpu_v113/samples/3nq9_Kdist4.0_Kmono18.0/psweep113_r5_20260328_171213/3nq9_ligand_samples.json,./penalty_sweep_qpu_v113/samples/3nq9_Kdist4.0_Kmono18.0/psweep113_r5_20260328_171213/result.json
3nq9,3nq9_Kdist4.0_Kmono19.0,psweep113_r5_20260328_171213,4.0,19.0,ok,3.2441104178242424,1000,1000,1000,0,0.0,1.0,0.0,0.2135524,0.17894,Advantage2_system1.13,2263,27,./penalty_sweep_qpu_v113/samples/3nq9_Kdist4.0_Kmono19.0/psweep113_r5_20260328_171213/3nq9_ligand_report.csv,./penalty_sweep_qpu_v113/samples/3nq9_Kdist4.0_Kmono19.0/psweep113_r5_20260328_171213/3nq9_ligand_samples.json,./penalty_sweep_qpu_v113/samples/3nq9_Kdist4.0_Kmono19.0/psweep113_r5_20260328_171213/result.json
3nq9,3nq9_Kdist4.0_Kmono20.0,psweep113_r5_20260328_171213,4.0,20.0,ok,2.0874083190986523,1000,1000,1000,0,0.0,1.0,0.0,0.2097096,0.1751,Advantage2_system1.13,2259,27,./penalty_sweep_qpu_v113/samples/3nq9_Kdist4.0_Kmono20.0/psweep113_r5_20260328_171213/3nq9_ligand_report.csv,./penalty_sweep_qpu_v113/samples/3nq9_Kdist4.0_Kmono20.0/psweep113_r5_20260328_171213/3nq9_ligand_samples.json,./penalty_sweep_qpu_v113/samples/3nq9_Kdist4.0_Kmono20.0/psweep113_r5_20260328_171213/result.json
3nq9,3nq9_Kdist4.5_Kmono1.0,psweep113_r5_20260328_171213,4.5,1.0,ok,3.620448749194369,1000,1000,1000,0,0.0,1.0,0.0,0.21926920000000003,0.18466,Advantage2_system1.13,2209,28,./penalty_sweep_qpu_v113/samples/3nq9_Kdist4.5_Kmono1.0/psweep113_r5_20260328_171213/3nq9_ligand_report.csv,./penalty_sweep_qpu_v113/samples/3nq9_Kdist4.5_Kmono1.0/psweep113_r5_20260328_171213/3nq9_ligand_samples.json,./penalty_sweep_qpu_v113/samples/3nq9_Kdist4.5_Kmono1.0/psweep113_r5_20260328_171213/result.json
3nq9,3nq9_Kdist4.5_Kmono2.0,psweep113_r5_20260328_171213,4.5,2.0,ok,3.5142055997334163,1000,1000,1000,0,0.0,1.0,0.0,0.21465879999999998,0.18006,Advantage2_system1.13,2005,22,./penalty_sweep_qpu_v113/samples/3nq9_Kdist4.5_Kmono2.0/psweep113_r5_20260328_171213/3nq9_ligand_report.csv,./penalty_sweep_qpu_v113/samples/3nq9_Kdist4.5_Kmono2.0/psweep113_r5_20260328_171213/3nq9_ligand_samples.json,./penalty_sweep_qpu_v113/samples/3nq9_Kdist4.5_Kmono2.0/psweep113_r5_20260328_171213/result.json
3nq9,3nq9_Kdist4.5_Kmono3.0,psweep113_r5_20260328_171213,4.5,3.0,ok,5.480609310082979,1000,1000,1000,0,0.0,1.0,0.0,0.207038,0.17244,Advantage2_system1.13,2047,23,./penalty_sweep_qpu_v113/samples/3nq9_Kdist4.5_Kmono3.0/psweep113_r5_20260328_171213/3nq9_ligand_report.csv,./penalty_sweep_qpu_v113/samples/3nq9_Kdist4.5_Kmono3.0/psweep113_r5_20260328_171213/3nq9_ligand_samples.json,./penalty_sweep_qpu_v113/samples/3nq9_Kdist4.5_Kmono3.0/psweep113_r5_20260328_171213/result.json
3nq9,3nq9_Kdist4.5_Kmono4.0,psweep113_r5_20260328_171213,4.5,4.0,ok,2.7390450345255846,1000,1000,1000,0,0.0,1.0,0.0,0.2093024,0.1747,Advantage2_system1.13,2180,26,./penalty_sweep_qpu_v113/samples/3nq9_Kdist4.5_Kmono4.0/psweep113_r5_20260328_171213/3nq9_ligand_report.csv,./penalty_sweep_qpu_v113/samples/3nq9_Kdist4.5_Kmono4.0/psweep113_r5_20260328_171213/3nq9_ligand_samples.json,./penalty_sweep_qpu_v113/samples/3nq9_Kdist4.5_Kmono4.0/psweep113_r5_20260328_171213/result.json
3nq9,3nq9_Kdist4.5_Kmono5.0,psweep113_r5_20260328_171213,4.5,5.0,ok,2.6751227790948056,1000,1000,1000,0,0.0,1.0,0.0,0.21240920000000002,0.1778,Advantage2_system1.13,2204,27,./penalty_sweep_qpu_v113/samples/3nq9_Kdist4.5_Kmono5.0/psweep113_r5_20260328_171213/3nq9_ligand_report.csv,./penalty_sweep_qpu_v113/samples/3nq9_Kdist4.5_Kmono5.0/psweep113_r5_20260328_171213/3nq9_ligand_samples.json,./penalty_sweep_qpu_v113/samples/3nq9_Kdist4.5_Kmono5.0/psweep113_r5_20260328_171213/result.json
3nq9,3nq9_Kdist4.5_Kmono6.0,psweep113_r5_20260328_171213,4.5,6.0,ok,5.0736472874654375,1000,1000,1000,0,0.0,1.0,0.0,0.2104864,0.17588,Advantage2_system1.13,2099,25,./penalty_sweep_qpu_v113/samples/3nq9_Kdist4.5_Kmono6.0/psweep113_r5_20260328_171213/3nq9_ligand_report.csv,./penalty_sweep_qpu_v113/samples/3nq9_Kdist4.5_Kmono6.0/psweep113_r5_20260328_171213/3nq9_ligand_samples.json,./penalty_sweep_qpu_v113/samples/3nq9_Kdist4.5_Kmono6.0/psweep113_r5_20260328_171213/result.json
3nq9,3nq9_Kdist4.5_Kmono7.0,psweep113_r5_20260328_171213,4.5,7.0,ok,1.5598626986425443,1000,1000,1000,1,0.001,1.0,0.001,0.2182208,0.18362,Advantage2_system1.13,1961,22,./penalty_sweep_qpu_v113/samples/3nq9_Kdist4.5_Kmono7.0/psweep113_r5_20260328_171213/3nq9_ligand_report.csv,./penalty_sweep_qpu_v113/samples/3nq9_Kdist4.5_Kmono7.0/psweep113_r5_20260328_171213/3nq9_ligand_samples.json,./penalty_sweep_qpu_v113/samples/3nq9_Kdist4.5_Kmono7.0/psweep113_r5_20260328_171213/result.json
3nq9,3nq9_Kdist4.5_Kmono8.0,psweep113_r5_20260328_171213,4.5,8.0,ok,3.8168440567795545,1000,1000,1000,0,0.0,1.0,0.0,0.2098484,0.17524,Advantage2_system1.13,2291,29,./penalty_sweep_qpu_v113/samples/3nq9_Kdist4.5_Kmono8.0/psweep113_r5_20260328_171213/3nq9_ligand_report.csv,./penalty_sweep_qpu_v113/samples/3nq9_Kdist4.5_Kmono8.0/psweep113_r5_20260328_171213/3nq9_ligand_samples.json,./penalty_sweep_qpu_v113/samples/3nq9_Kdist4.5_Kmono8.0/psweep113_r5_20260328_171213/result.json
3nq9,3nq9_Kdist4.5_Kmono9.0,psweep113_r5_20260328_171213,4.5,9.0,ok,4.457569123063259,1000,1000,1000,0,0.0,1.0,0.0,0.2064864,0.17188,Advantage2_system1.13,2208,26,./penalty_sweep_qpu_v113/samples/3nq9_Kdist4.5_Kmono9.0/psweep113_r5_20260328_171213/3nq9_ligand_report.csv,./penalty_sweep_qpu_v113/samples/3nq9_Kdist4.5_Kmono9.0/psweep113_r5_20260328_171213/3nq9_ligand_samples.json,./penalty_sweep_qpu_v113/samples/3nq9_Kdist4.5_Kmono9.0/psweep113_r5_20260328_171213/result.json
3nq9,3nq9_Kdist4.5_Kmono10.0,psweep113_r5_20260328_171213,4.5,10.0,ok,2.6857923850239334,1000,1000,1000,0,0.0,1.0,0.0,0.20466479999999998,0.17006,Advantage2_system1.13,2052,22,./penalty_sweep_qpu_v113/samples/3nq9_Kdist4.5_Kmono10.0/psweep113_r5_20260328_171213/3nq9_ligand_report.csv,./penalty_sweep_qpu_v113/samples/3nq9_Kdist4.5_Kmono10.0/psweep113_r5_20260328_171213/3nq9_ligand_samples.json,./penalty_sweep_qpu_v113/samples/3nq9_Kdist4.5_Kmono10.0/psweep113_r5_20260328_171213/result.json
3nq9,3nq9_Kdist4.5_Kmono11.0,psweep113_r5_20260328_171213,4.5,11.0,ok,2.831484917391413,1000,1000,1000,0,0.0,1.0,0.0,0.2105784,0.17598,Advantage2_system1.13,1915,21,./penalty_sweep_qpu_v113/samples/3nq9_Kdist4.5_Kmono11.0/psweep113_r5_20260328_171213/3nq9_ligand_report.csv,./penalty_sweep_qpu_v113/samples/3nq9_Kdist4.5_Kmono11.0/psweep113_r5_20260328_171213/3nq9_ligand_samples.json,./penalty_sweep_qpu_v113/samples/3nq9_Kdist4.5_Kmono11.0/psweep113_r5_20260328_171213/result.json
3nq9,3nq9_Kdist4.5_Kmono12.0,psweep113_r5_20260328_171213,4.5,12.0,ok,2.9158742619087086,1000,1000,1000,0,0.0,1.0,0.0,0.2168504,0.18224,Advantage2_system1.13,2182,27,./penalty_sweep_qpu_v113/samples/3nq9_Kdist4.5_Kmono12.0/psweep113_r5_20260328_171213/3nq9_ligand_report.csv,./penalty_sweep_qpu_v113/samples/3nq9_Kdist4.5_Kmono12.0/psweep113_r5_20260328_171213/3nq9_ligand_samples.json,./penalty_sweep_qpu_v113/samples/3nq9_Kdist4.5_Kmono12.0/psweep113_r5_20260328_171213/result.json
3nq9,3nq9_Kdist4.5_Kmono13.0,psweep113_r5_20260328_171213,4.5,13.0,ok,3.8315357348848513,1000,1000,1000,0,0.0,1.0,0.0,0.2146648,0.18006,Advantage2_system1.13,2010,23,./penalty_sweep_qpu_v113/samples/3nq9_Kdist4.5_Kmono13.0/psweep113_r5_20260328_171213/3nq9_ligand_report.csv,./penalty_sweep_qpu_v113/samples/3nq9_Kdist4.5_Kmono13.0/psweep113_r5_20260328_171213/3nq9_ligand_samples.json,./penalty_sweep_qpu_v113/samples/3nq9_Kdist4.5_Kmono13.0/psweep113_r5_20260328_171213/result.json
3nq9,3nq9_Kdist4.5_Kmono14.0,psweep113_r5_20260328_171213,4.5,14.0,ok,4.0178926556028784,1000,1000,1000,0,0.0,1.0,0.0,0.2078432,0.17324,Advantage2_system1.13,1996,22,./penalty_sweep_qpu_v113/samples/3nq9_Kdist4.5_Kmono14.0/psweep113_r5_20260328_171213/3nq9_ligand_report.csv,./penalty_sweep_qpu_v113/samples/3nq9_Kdist4.5_Kmono14.0/psweep113_r5_20260328_171213/3nq9_ligand_samples.json,./penalty_sweep_qpu_v113/samples/3nq9_Kdist4.5_Kmono14.0/psweep113_r5_20260328_171213/result.json
3nq9,3nq9_Kdist4.5_Kmono15.0,psweep113_r5_20260328_171213,4.5,15.0,ok,4.061926906528768,1000,1000,1000,0,0.0,1.0,0.0,0.2078084,0.1732,Advantage2_system1.13,2195,26,./penalty_sweep_qpu_v113/samples/3nq9_Kdist4.5_Kmono15.0/psweep113_r5_20260328_171213/3nq9_ligand_report.csv,./penalty_sweep_qpu_v113/samples/3nq9_Kdist4.5_Kmono15.0/psweep113_r5_20260328_171213/3nq9_ligand_samples.json,./penalty_sweep_qpu_v113/samples/3nq9_Kdist4.5_Kmono15.0/psweep113_r5_20260328_171213/result.json
3nq9,3nq9_Kdist4.5_Kmono16.0,psweep113_r5_20260328_171213,4.5,16.0,ok,2.026200869458832,1000,1000,1000,0,0.0,1.0,0.0,0.20430320000000002,0.1697,Advantage2_system1.13,2078,26,./penalty_sweep_qpu_v113/samples/3nq9_Kdist4.5_Kmono16.0/psweep113_r5_20260328_171213/3nq9_ligand_report.csv,./penalty_sweep_qpu_v113/samples/3nq9_Kdist4.5_Kmono16.0/psweep113_r5_20260328_171213/3nq9_ligand_samples.json,./penalty_sweep_qpu_v113/samples/3nq9_Kdist4.5_Kmono16.0/psweep113_r5_20260328_171213/result.json
3nq9,3nq9_Kdist4.5_Kmono17.0,psweep113_r5_20260328_171213,4.5,17.0,ok,1.2355574682620096,1000,1000,1000,2,0.002,1.0,0.002,0.2104868,0.17588,Advantage2_system1.13,2157,25,./penalty_sweep_qpu_v113/samples/3nq9_Kdist4.5_Kmono17.0/psweep113_r5_20260328_171213/3nq9_ligand_report.csv,./penalty_sweep_qpu_v113/samples/3nq9_Kdist4.5_Kmono17.0/psweep113_r5_20260328_171213/3nq9_ligand_samples.json,./penalty_sweep_qpu_v113/samples/3nq9_Kdist4.5_Kmono17.0/psweep113_r5_20260328_171213/result.json
3nq9,3nq9_Kdist4.5_Kmono18.0,psweep113_r5_20260328_171213,4.5,18.0,ok,2.752091430319194,1000,1000,1000,0,0.0,1.0,0.0,0.21134920000000001,0.17674,Advantage2_system1.13,2201,26,./penalty_sweep_qpu_v113/samples/3nq9_Kdist4.5_Kmono18.0/psweep113_r5_20260328_171213/3nq9_ligand_report.csv,./penalty_sweep_qpu_v113/samples/3nq9_Kdist4.5_Kmono18.0/psweep113_r5_20260328_171213/3nq9_ligand_samples.json,./penalty_sweep_qpu_v113/samples/3nq9_Kdist4.5_Kmono18.0/psweep113_r5_20260328_171213/result.json
3nq9,3nq9_Kdist4.5_Kmono19.0,psweep113_r5_20260328_171213,4.5,19.0,ok,3.6520696174742806,1000,1000,1000,0,0.0,1.0,0.0,0.2069552,0.17234,Advantage2_system1.13,2105,25,./penalty_sweep_qpu_v113/samples/3nq9_Kdist4.5_Kmono19.0/psweep113_r5_20260328_171213/3nq9_ligand_report.csv,./penalty_sweep_qpu_v113/samples/3nq9_Kdist4.5_Kmono19.0/psweep113_r5_20260328_171213/3nq9_ligand_samples.json,./penalty_sweep_qpu_v113/samples/3nq9_Kdist4.5_Kmono19.0/psweep113_r5_20260328_171213/result.json
3nq9,3nq9_Kdist4.5_Kmono20.0,psweep113_r5_20260328_171213,4.5,20.0,ok,4.5514257507810765,1000,1000,1000,0,0.0,1.0,0.0,0.208124,0.17352,Advantage2_system1.13,2044,23,./penalty_sweep_qpu_v113/samples/3nq9_Kdist4.5_Kmono20.0/psweep113_r5_20260328_171213/3nq9_ligand_report.csv,./penalty_sweep_qpu_v113/samples/3nq9_Kdist4.5_Kmono20.0/psweep113_r5_20260328_171213/3nq9_ligand_samples.json,./penalty_sweep_qpu_v113/samples/3nq9_Kdist4.5_Kmono20.0/psweep113_r5_20260328_171213/result.json
3nq9,3nq9_Kdist5.0_Kmono1.0,psweep113_r5_20260328_171213,5.0,1.0,ok,4.25581043028406,1000,1000,1000,0,0.0,1.0,0.0,0.20593920000000002,0.17134,Advantage2_system1.13,2017,23,./penalty_sweep_qpu_v113/samples/3nq9_Kdist5.0_Kmono1.0/psweep113_r5_20260328_171213/3nq9_ligand_report.csv,./penalty_sweep_qpu_v113/samples/3nq9_Kdist5.0_Kmono1.0/psweep113_r5_20260328_171213/3nq9_ligand_samples.json,./penalty_sweep_qpu_v113/samples/3nq9_Kdist5.0_Kmono1.0/psweep113_r5_20260328_171213/result.json
3nq9,3nq9_Kdist5.0_Kmono2.0,psweep113_r5_20260328_171213,5.0,2.0,ok,2.0809401597280677,1000,1000,1000,0,0.0,1.0,0.0,0.21553,0.18092,Advantage2_system1.13,2537,30,./penalty_sweep_qpu_v113/samples/3nq9_Kdist5.0_Kmono2.0/psweep113_r5_20260328_171213/3nq9_ligand_report.csv,./penalty_sweep_qpu_v113/samples/3nq9_Kdist5.0_Kmono2.0/psweep113_r5_20260328_171213/3nq9_ligand_samples.json,./penalty_sweep_qpu_v113/samples/3nq9_Kdist5.0_Kmono2.0/psweep113_r5_20260328_171213/result.json
3nq9,3nq9_Kdist5.0_Kmono3.0,psweep113_r5_20260328_171213,5.0,3.0,ok,2.289114695980597,1000,1000,1000,0,0.0,1.0,0.0,0.21177120000000002,0.17716,Advantage2_system1.13,2045,25,./penalty_sweep_qpu_v113/samples/3nq9_Kdist5.0_Kmono3.0/psweep113_r5_20260328_171213/3nq9_ligand_report.csv,./penalty_sweep_qpu_v113/samples/3nq9_Kdist5.0_Kmono3.0/psweep113_r5_20260328_171213/3nq9_ligand_samples.json,./penalty_sweep_qpu_v113/samples/3nq9_Kdist5.0_Kmono3.0/psweep113_r5_20260328_171213/result.json
3nq9,3nq9_Kdist5.0_Kmono4.0,psweep113_r5_20260328_171213,5.0,4.0,ok,3.581694268464065,1000,1000,1000,0,0.0,1.0,0.0,0.2077088,0.1731,Advantage2_system1.13,2053,24,./penalty_sweep_qpu_v113/samples/3nq9_Kdist5.0_Kmono4.0/psweep113_r5_20260328_171213/3nq9_ligand_report.csv,./penalty_sweep_qpu_v113/samples/3nq9_Kdist5.0_Kmono4.0/psweep113_r5_20260328_171213/3nq9_ligand_samples.json,./penalty_sweep_qpu_v113/samples/3nq9_Kdist5.0_Kmono4.0/psweep113_r5_20260328_171213/result.json
3nq9,3nq9_Kdist5.0_Kmono5.0,psweep113_r5_20260328_171213,5.0,5.0,ok,4.39902103475226,1000,1000,1000,0,0.0,1.0,0.0,0.2049436,0.17034,Advantage2_system1.13,2116,24,./penalty_sweep_qpu_v113/samples/3nq9_Kdist5.0_Kmono5.0/psweep113_r5_20260328_171213/3nq9_ligand_report.csv,./penalty_sweep_qpu_v113/samples/3nq9_Kdist5.0_Kmono5.0/psweep113_r5_20260328_171213/3nq9_ligand_samples.json,./penalty_sweep_qpu_v113/samples/3nq9_Kdist5.0_Kmono5.0/psweep113_r5_20260328_171213/result.json
3nq9,3nq9_Kdist5.0_Kmono6.0,psweep113_r5_20260328_171213,5.0,6.0,ok,4.044342906278522,1000,1000,1000,0,0.0,1.0,0.0,0.205992,0.17138,Advantage2_system1.13,2184,26,./penalty_sweep_qpu_v113/samples/3nq9_Kdist5.0_Kmono6.0/psweep113_r5_20260328_171213/3nq9_ligand_report.csv,./penalty_sweep_qpu_v113/samples/3nq9_Kdist5.0_Kmono6.0/psweep113_r5_20260328_171213/3nq9_ligand_samples.json,./penalty_sweep_qpu_v113/samples/3nq9_Kdist5.0_Kmono6.0/psweep113_r5_20260328_171213/result.json
3nq9,3nq9_Kdist5.0_Kmono7.0,psweep113_r5_20260328_171213,5.0,7.0,ok,4.284104483093708,1000,1000,1000,0,0.0,1.0,0.0,0.20763120000000002,0.17302,Advantage2_system1.13,2151,26,./penalty_sweep_qpu_v113/samples/3nq9_Kdist5.0_Kmono7.0/psweep113_r5_20260328_171213/3nq9_ligand_report.csv,./penalty_sweep_qpu_v113/samples/3nq9_Kdist5.0_Kmono7.0/psweep113_r5_20260328_171213/3nq9_ligand_samples.json,./penalty_sweep_qpu_v113/samples/3nq9_Kdist5.0_Kmono7.0/psweep113_r5_20260328_171213/result.json
3nq9,3nq9_Kdist5.0_Kmono8.0,psweep113_r5_20260328_171213,5.0,8.0,ok,6.205352152244569,1000,1000,1000,0,0.0,1.0,0.0,0.20994960000000001,0.17534,Advantage2_system1.13,2229,27,./penalty_sweep_qpu_v113/samples/3nq9_Kdist5.0_Kmono8.0/psweep113_r5_20260328_171213/3nq9_ligand_report.csv,./penalty_sweep_qpu_v113/samples/3nq9_Kdist5.0_Kmono8.0/psweep113_r5_20260328_171213/3nq9_ligand_samples.json,./penalty_sweep_qpu_v113/samples/3nq9_Kdist5.0_Kmono8.0/psweep113_r5_20260328_171213/result.json
3nq9,3nq9_Kdist5.0_Kmono9.0,psweep113_r5_20260328_171213,5.0,9.0,ok,3.9491360835613665,1000,1000,1000,0,0.0,1.0,0.0,0.2042092,0.1696,Advantage2_system1.13,1970,22,./penalty_sweep_qpu_v113/samples/3nq9_Kdist5.0_Kmono9.0/psweep113_r5_20260328_171213/3nq9_ligand_report.csv,./penalty_sweep_qpu_v113/samples/3nq9_Kdist5.0_Kmono9.0/psweep113_r5_20260328_171213/3nq9_ligand_samples.json,./penalty_sweep_qpu_v113/samples/3nq9_Kdist5.0_Kmono9.0/psweep113_r5_20260328_171213/result.json
3nq9,3nq9_Kdist5.0_Kmono10.0,psweep113_r5_20260328_171213,5.0,10.0,ok,5.065564331018988,1000,1000,1000,0,0.0,1.0,0.0,0.20470560000000002,0.1701,Advantage2_system1.13,2058,23,./penalty_sweep_qpu_v113/samples/3nq9_Kdist5.0_Kmono10.0/psweep113_r5_20260328_171213/3nq9_ligand_report.csv,./penalty_sweep_qpu_v113/samples/3nq9_Kdist5.0_Kmono10.0/psweep113_r5_20260328_171213/3nq9_ligand_samples.json,./penalty_sweep_qpu_v113/samples/3nq9_Kdist5.0_Kmono10.0/psweep113_r5_20260328_171213/result.json
3nq9,3nq9_Kdist5.0_Kmono11.0,psweep113_r5_20260328_171213,5.0,11.0,ok,3.902032799336099,1000,1000,1000,0,0.0,1.0,0.0,0.20708320000000002,0.17248,Advantage2_system1.13,2153,26,./penalty_sweep_qpu_v113/samples/3nq9_Kdist5.0_Kmono11.0/psweep113_r5_20260328_171213/3nq9_ligand_report.csv,./penalty_sweep_qpu_v113/samples/3nq9_Kdist5.0_Kmono11.0/psweep113_r5_20260328_171213/3nq9_ligand_samples.json,./penalty_sweep_qpu_v113/samples/3nq9_Kdist5.0_Kmono11.0/psweep113_r5_20260328_171213/result.json
3nq9,3nq9_Kdist5.0_Kmono12.0,psweep113_r5_20260328_171213,5.0,12.0,ok,2.2361874858078146,1000,1000,1000,0,0.0,1.0,0.0,0.2164488,0.18184,Advantage2_system1.13,2209,25,./penalty_sweep_qpu_v113/samples/3nq9_Kdist5.0_Kmono12.0/psweep113_r5_20260328_171213/3nq9_ligand_report.csv,./penalty_sweep_qpu_v113/samples/3nq9_Kdist5.0_Kmono12.0/psweep113_r5_20260328_171213/3nq9_ligand_samples.json,./penalty_sweep_qpu_v113/samples/3nq9_Kdist5.0_Kmono12.0/psweep113_r5_20260328_171213/result.json
3nq9,3nq9_Kdist5.0_Kmono13.0,psweep113_r5_20260328_171213,5.0,13.0,ok,2.4582936325904687,1000,1000,1000,0,0.0,1.0,0.0,0.2169812,0.18238,Advantage2_system1.13,2192,25,./penalty_sweep_qpu_v113/samples/3nq9_Kdist5.0_Kmono13.0/psweep113_r5_20260328_171213/3nq9_ligand_report.csv,./penalty_sweep_qpu_v113/samples/3nq9_Kdist5.0_Kmono13.0/psweep113_r5_20260328_171213/3nq9_ligand_samples.json,./penalty_sweep_qpu_v113/samples/3nq9_Kdist5.0_Kmono13.0/psweep113_r5_20260328_171213/result.json
3nq9,3nq9_Kdist5.0_Kmono14.0,psweep113_r5_20260328_171213,5.0,14.0,ok,2.2970442804217344,1000,1000,1000,0,0.0,1.0,0.0,0.2074876,0.17288,Advantage2_system1.13,2180,27,./penalty_sweep_qpu_v113/samples/3nq9_Kdist5.0_Kmono14.0/psweep113_r5_20260328_171213/3nq9_ligand_report.csv,./penalty_sweep_qpu_v113/samples/3nq9_Kdist5.0_Kmono14.0/psweep113_r5_20260328_171213/3nq9_ligand_samples.json,./penalty_sweep_qpu_v113/samples/3nq9_Kdist5.0_Kmono14.0/psweep113_r5_20260328_171213/result.json
3nq9,3nq9_Kdist5.0_Kmono15.0,psweep113_r5_20260328_171213,5.0,15.0,ok,4.925386733365067,1000,1000,1000,0,0.0,1.0,0.0,0.21508560000000002,0.18048,Advantage2_system1.13,2004,23,./penalty_sweep_qpu_v113/samples/3nq9_Kdist5.0_Kmono15.0/psweep113_r5_20260328_171213/3nq9_ligand_report.csv,./penalty_sweep_qpu_v113/samples/3nq9_Kdist5.0_Kmono15.0/psweep113_r5_20260328_171213/3nq9_ligand_samples.json,./penalty_sweep_qpu_v113/samples/3nq9_Kdist5.0_Kmono15.0/psweep113_r5_20260328_171213/result.json
3nq9,3nq9_Kdist5.0_Kmono16.0,psweep113_r5_20260328_171213,5.0,16.0,ok,2.3460354824341834,1000,1000,1000,0,0.0,1.0,0.0,0.2045864,0.16998,Advantage2_system1.13,2051,24,./penalty_sweep_qpu_v113/samples/3nq9_Kdist5.0_Kmono16.0/psweep113_r5_20260328_171213/3nq9_ligand_report.csv,./penalty_sweep_qpu_v113/samples/3nq9_Kdist5.0_Kmono16.0/psweep113_r5_20260328_171213/3nq9_ligand_samples.json,./penalty_sweep_qpu_v113/samples/3nq9_Kdist5.0_Kmono16.0/psweep113_r5_20260328_171213/result.json
3nq9,3nq9_Kdist5.0_Kmono17.0,psweep113_r5_20260328_171213,5.0,17.0,ok,2.481600826132013,1000,1000,1000,0,0.0,1.0,0.0,0.2142664,0.17966,Advantage2_system1.13,2551,31,./penalty_sweep_qpu_v113/samples/3nq9_Kdist5.0_Kmono17.0/psweep113_r5_20260328_171213/3nq9_ligand_report.csv,./penalty_sweep_qpu_v113/samples/3nq9_Kdist5.0_Kmono17.0/psweep113_r5_20260328_171213/3nq9_ligand_samples.json,./penalty_sweep_qpu_v113/samples/3nq9_Kdist5.0_Kmono17.0/psweep113_r5_20260328_171213/result.json
3nq9,3nq9_Kdist5.0_Kmono18.0,psweep113_r5_20260328_171213,5.0,18.0,ok,0.6499127212509302,1000,1000,1000,80,0.08,1.0,0.08,0.2104864,0.17588,Advantage2_system1.13,2067,24,./penalty_sweep_qpu_v113/samples/3nq9_Kdist5.0_Kmono18.0/psweep113_r5_20260328_171213/3nq9_ligand_report.csv,./penalty_sweep_qpu_v113/samples/3nq9_Kdist5.0_Kmono18.0/psweep113_r5_20260328_171213/3nq9_ligand_samples.json,./penalty_sweep_qpu_v113/samples/3nq9_Kdist5.0_Kmono18.0/psweep113_r5_20260328_171213/result.json
3nq9,3nq9_Kdist5.0_Kmono19.0,psweep113_r5_20260328_171213,5.0,19.0,ok,2.8027330408505353,1000,1000,1000,0,0.0,1.0,0.0,0.2149004,0.1803,Advantage2_system1.13,2136,24,./penalty_sweep_qpu_v113/samples/3nq9_Kdist5.0_Kmono19.0/psweep113_r5_20260328_171213/3nq9_ligand_report.csv,./penalty_sweep_qpu_v113/samples/3nq9_Kdist5.0_Kmono19.0/psweep113_r5_20260328_171213/3nq9_ligand_samples.json,./penalty_sweep_qpu_v113/samples/3nq9_Kdist5.0_Kmono19.0/psweep113_r5_20260328_171213/result.json
3nq9,3nq9_Kdist5.0_Kmono20.0,psweep113_r5_20260328_171213,5.0,20.0,ok,3.0093310068728614,1000,1000,1000,0,0.0,1.0,0.0,0.2069516,0.17234,Advantage2_system1.13,2144,26,./penalty_sweep_qpu_v113/samples/3nq9_Kdist5.0_Kmono20.0/psweep113_r5_20260328_171213/3nq9_ligand_report.csv,./penalty_sweep_qpu_v113/samples/3nq9_Kdist5.0_Kmono20.0/psweep113_r5_20260328_171213/3nq9_ligand_samples.json,./penalty_sweep_qpu_v113/samples/3nq9_Kdist5.0_Kmono20.0/psweep113_r5_20260328_171213/result.json
3nq9,3nq9_Kdist5.5_Kmono1.0,psweep113_r5_20260328_171213,5.5,1.0,ok,5.304777442934394,1000,1000,1000,0,0.0,1.0,0.0,0.2008084,0.1662,Advantage2_system1.13,2096,25,./penalty_sweep_qpu_v113/samples/3nq9_Kdist5.5_Kmono1.0/psweep113_r5_20260328_171213/3nq9_ligand_report.csv,./penalty_sweep_qpu_v113/samples/3nq9_Kdist5.5_Kmono1.0/psweep113_r5_20260328_171213/3nq9_ligand_samples.json,./penalty_sweep_qpu_v113/samples/3nq9_Kdist5.5_Kmono1.0/psweep113_r5_20260328_171213/result.json
3nq9,3nq9_Kdist5.5_Kmono2.0,psweep113_r5_20260328_171213,5.5,2.0,ok,4.564257858871059,1000,1000,1000,0,0.0,1.0,0.0,0.2084136,0.1738,Advantage2_system1.13,2760,34,./penalty_sweep_qpu_v113/samples/3nq9_Kdist5.5_Kmono2.0/psweep113_r5_20260328_171213/3nq9_ligand_report.csv,./penalty_sweep_qpu_v113/samples/3nq9_Kdist5.5_Kmono2.0/psweep113_r5_20260328_171213/3nq9_ligand_samples.json,./penalty_sweep_qpu_v113/samples/3nq9_Kdist5.5_Kmono2.0/psweep113_r5_20260328_171213/result.json
3nq9,3nq9_Kdist5.5_Kmono3.0,psweep113_r5_20260328_171213,5.5,3.0,ok,4.464821791309246,1000,1000,1000,0,0.0,1.0,0.0,0.21580639999999998,0.1812,Advantage2_system1.13,2106,25,./penalty_sweep_qpu_v113/samples/3nq9_Kdist5.5_Kmono3.0/psweep113_r5_20260328_171213/3nq9_ligand_report.csv,./penalty_sweep_qpu_v113/samples/3nq9_Kdist5.5_Kmono3.0/psweep113_r5_20260328_171213/3nq9_ligand_samples.json,./penalty_sweep_qpu_v113/samples/3nq9_Kdist5.5_Kmono3.0/psweep113_r5_20260328_171213/result.json
3nq9,3nq9_Kdist5.5_Kmono4.0,psweep113_r5_20260328_171213,5.5,4.0,ok,2.342516323382867,1000,1000,1000,0,0.0,1.0,0.0,0.2172376,0.18262,Advantage2_system1.13,2832,36,./penalty_sweep_qpu_v113/samples/3nq9_Kdist5.5_Kmono4.0/psweep113_r5_20260328_171213/3nq9_ligand_report.csv,./penalty_sweep_qpu_v113/samples/3nq9_Kdist5.5_Kmono4.0/psweep113_r5_20260328_171213/3nq9_ligand_samples.json,./penalty_sweep_qpu_v113/samples/3nq9_Kdist5.5_Kmono4.0/psweep113_r5_20260328_171213/result.json
3nq9,3nq9_Kdist5.5_Kmono5.0,psweep113_r5_20260328_171213,5.5,5.0,ok,3.614864920054157,1000,1000,1000,0,0.0,1.0,0.0,0.2149532,0.18034,Advantage2_system1.13,2659,33,./penalty_sweep_qpu_v113/samples/3nq9_Kdist5.5_Kmono5.0/psweep113_r5_20260328_171213/3nq9_ligand_report.csv,./penalty_sweep_qpu_v113/samples/3nq9_Kdist5.5_Kmono5.0/psweep113_r5_20260328_171213/3nq9_ligand_samples.json,./penalty_sweep_qpu_v113/samples/3nq9_Kdist5.5_Kmono5.0/psweep113_r5_20260328_171213/result.json
3nq9,3nq9_Kdist5.5_Kmono6.0,psweep113_r5_20260328_171213,5.5,6.0,ok,3.4858238996917326,1000,1000,1000,0,0.0,1.0,0.0,0.2131652,0.17856,Advantage2_system1.13,1853,22,./penalty_sweep_qpu_v113/samples/3nq9_Kdist5.5_Kmono6.0/psweep113_r5_20260328_171213/3nq9_ligand_report.csv,./penalty_sweep_qpu_v113/samples/3nq9_Kdist5.5_Kmono6.0/psweep113_r5_20260328_171213/3nq9_ligand_samples.json,./penalty_sweep_qpu_v113/samples/3nq9_Kdist5.5_Kmono6.0/psweep113_r5_20260328_171213/result.json
3nq9,3nq9_Kdist5.5_Kmono7.0,psweep113_r5_20260328_171213,5.5,7.0,ok,3.990054722047673,1000,1000,1000,0,0.0,1.0,0.0,0.2157104,0.1811,Advantage2_system1.13,2201,26,./penalty_sweep_qpu_v113/samples/3nq9_Kdist5.5_Kmono7.0/psweep113_r5_20260328_171213/3nq9_ligand_report.csv,./penalty_sweep_qpu_v113/samples/3nq9_Kdist5.5_Kmono7.0/psweep113_r5_20260328_171213/3nq9_ligand_samples.json,./penalty_sweep_qpu_v113/samples/3nq9_Kdist5.5_Kmono7.0/psweep113_r5_20260328_171213/result.json
3nq9,3nq9_Kdist5.5_Kmono8.0,psweep113_r5_20260328_171213,5.5,8.0,ok,4.8160833154969716,1000,1000,1000,0,0.0,1.0,0.0,0.20821279999999998,0.1736,Advantage2_system1.13,2224,26,./penalty_sweep_qpu_v113/samples/3nq9_Kdist5.5_Kmono8.0/psweep113_r5_20260328_171213/3nq9_ligand_report.csv,./penalty_sweep_qpu_v113/samples/3nq9_Kdist5.5_Kmono8.0/psweep113_r5_20260328_171213/3nq9_ligand_samples.json,./penalty_sweep_qpu_v113/samples/3nq9_Kdist5.5_Kmono8.0/psweep113_r5_20260328_171213/result.json
3nq9,3nq9_Kdist5.5_Kmono9.0,psweep113_r5_20260328_171213,5.5,9.0,ok,3.9568644728650826,1000,1000,1000,0,0.0,1.0,0.0,0.21381239999999999,0.1792,Advantage2_system1.13,2085,25,./penalty_sweep_qpu_v113/samples/3nq9_Kdist5.5_Kmono9.0/psweep113_r5_20260328_171213/3nq9_ligand_report.csv,./penalty_sweep_qpu_v113/samples/3nq9_Kdist5.5_Kmono9.0/psweep113_r5_20260328_171213/3nq9_ligand_samples.json,./penalty_sweep_qpu_v113/samples/3nq9_Kdist5.5_Kmono9.0/psweep113_r5_20260328_171213/result.json
3nq9,3nq9_Kdist5.5_Kmono10.0,psweep113_r5_20260328_171213,5.5,10.0,ok,4.172461887539245,1000,1000,1000,0,0.0,1.0,0.0,0.19911879999999998,0.16452,Advantage2_system1.13,2076,24,./penalty_sweep_qpu_v113/samples/3nq9_Kdist5.5_Kmono10.0/psweep113_r5_20260328_171213/3nq9_ligand_report.csv,./penalty_sweep_qpu_v113/samples/3nq9_Kdist5.5_Kmono10.0/psweep113_r5_20260328_171213/3nq9_ligand_samples.json,./penalty_sweep_qpu_v113/samples/3nq9_Kdist5.5_Kmono10.0/psweep113_r5_20260328_171213/result.json
3nq9,3nq9_Kdist5.5_Kmono11.0,psweep113_r5_20260328_171213,5.5,11.0,ok,5.012694035324152,1000,1000,1000,0,0.0,1.0,0.0,0.205884,0.17128,Advantage2_system1.13,2573,32,./penalty_sweep_qpu_v113/samples/3nq9_Kdist5.5_Kmono11.0/psweep113_r5_20260328_171213/3nq9_ligand_report.csv,./penalty_sweep_qpu_v113/samples/3nq9_Kdist5.5_Kmono11.0/psweep113_r5_20260328_171213/3nq9_ligand_samples.json,./penalty_sweep_qpu_v113/samples/3nq9_Kdist5.5_Kmono11.0/psweep113_r5_20260328_171213/result.json
3nq9,3nq9_Kdist5.5_Kmono12.0,psweep113_r5_20260328_171213,5.5,12.0,ok,2.1784468462041713,1000,1000,1000,0,0.0,1.0,0.0,0.21267039999999998,0.17806,Advantage2_system1.13,2135,24,./penalty_sweep_qpu_v113/samples/3nq9_Kdist5.5_Kmono12.0/psweep113_r5_20260328_171213/3nq9_ligand_report.csv,./penalty_sweep_qpu_v113/samples/3nq9_Kdist5.5_Kmono12.0/psweep113_r5_20260328_171213/3nq9_ligand_samples.json,./penalty_sweep_qpu_v113/samples/3nq9_Kdist5.5_Kmono12.0/psweep113_r5_20260328_171213/result.json
3nq9,3nq9_Kdist5.5_Kmono13.0,psweep113_r5_20260328_171213,5.5,13.0,ok,3.196905002275507,1000,1000,1000,0,0.0,1.0,0.0,0.2136636,0.17906,Advantage2_system1.13,2134,25,./penalty_sweep_qpu_v113/samples/3nq9_Kdist5.5_Kmono13.0/psweep113_r5_20260328_171213/3nq9_ligand_report.csv,./penalty_sweep_qpu_v113/samples/3nq9_Kdist5.5_Kmono13.0/psweep113_r5_20260328_171213/3nq9_ligand_samples.json,./penalty_sweep_qpu_v113/samples/3nq9_Kdist5.5_Kmono13.0/psweep113_r5_20260328_171213/result.json
3nq9,3nq9_Kdist5.5_Kmono14.0,psweep113_r5_20260328_171213,5.5,14.0,ok,2.089233240041436,1000,1000,1000,0,0.0,1.0,0.0,0.21282,0.1782,Advantage2_system1.13,2521,31,./penalty_sweep_qpu_v113/samples/3nq9_Kdist5.5_Kmono14.0/psweep113_r5_20260328_171213/3nq9_ligand_report.csv,./penalty_sweep_qpu_v113/samples/3nq9_Kdist5.5_Kmono14.0/psweep113_r5_20260328_171213/3nq9_ligand_samples.json,./penalty_sweep_qpu_v113/samples/3nq9_Kdist5.5_Kmono14.0/psweep113_r5_20260328_171213/result.json
3nq9,3nq9_Kdist5.5_Kmono15.0,psweep113_r5_20260328_171213,5.5,15.0,ok,3.5959638566913745,1000,1000,1000,0,0.0,1.0,0.0,0.2155272,0.18092,Advantage2_system1.13,2145,26,./penalty_sweep_qpu_v113/samples/3nq9_Kdist5.5_Kmono15.0/psweep113_r5_20260328_171213/3nq9_ligand_report.csv,./penalty_sweep_qpu_v113/samples/3nq9_Kdist5.5_Kmono15.0/psweep113_r5_20260328_171213/3nq9_ligand_samples.json,./penalty_sweep_qpu_v113/samples/3nq9_Kdist5.5_Kmono15.0/psweep113_r5_20260328_171213/result.json
3nq9,3nq9_Kdist5.5_Kmono16.0,psweep113_r5_20260328_171213,5.5,16.0,ok,2.07780079289418,1000,1000,1000,0,0.0,1.0,0.0,0.2083904,0.17378,Advantage2_system1.13,2191,27,./penalty_sweep_qpu_v113/samples/3nq9_Kdist5.5_Kmono16.0/psweep113_r5_20260328_171213/3nq9_ligand_report.csv,./penalty_sweep_qpu_v113/samples/3nq9_Kdist5.5_Kmono16.0/psweep113_r5_20260328_171213/3nq9_ligand_samples.json,./penalty_sweep_qpu_v113/samples/3nq9_Kdist5.5_Kmono16.0/psweep113_r5_20260328_171213/result.json
3nq9,3nq9_Kdist5.5_Kmono17.0,psweep113_r5_20260328_171213,5.5,17.0,ok,2.9317131783537844,1000,1000,1000,0,0.0,1.0,0.0,0.20290160000000002,0.1683,Advantage2_system1.13,2240,27,./penalty_sweep_qpu_v113/samples/3nq9_Kdist5.5_Kmono17.0/psweep113_r5_20260328_171213/3nq9_ligand_report.csv,./penalty_sweep_qpu_v113/samples/3nq9_Kdist5.5_Kmono17.0/psweep113_r5_20260328_171213/3nq9_ligand_samples.json,./penalty_sweep_qpu_v113/samples/3nq9_Kdist5.5_Kmono17.0/psweep113_r5_20260328_171213/result.json
3nq9,3nq9_Kdist5.5_Kmono18.0,psweep113_r5_20260328_171213,5.5,18.0,ok,2.5946460442187114,1000,1000,1000,0,0.0,1.0,0.0,0.2077348,0.17312,Advantage2_system1.13,2245,26,./penalty_sweep_qpu_v113/samples/3nq9_Kdist5.5_Kmono18.0/psweep113_r5_20260328_171213/3nq9_ligand_report.csv,./penalty_sweep_qpu_v113/samples/3nq9_Kdist5.5_Kmono18.0/psweep113_r5_20260328_171213/3nq9_ligand_samples.json,./penalty_sweep_qpu_v113/samples/3nq9_Kdist5.5_Kmono18.0/psweep113_r5_20260328_171213/result.json
3nq9,3nq9_Kdist5.5_Kmono19.0,psweep113_r5_20260328_171213,5.5,19.0,ok,2.312297055313601,1000,1000,1000,0,0.0,1.0,0.0,0.2108444,0.17624,Advantage2_system1.13,1969,23,./penalty_sweep_qpu_v113/samples/3nq9_Kdist5.5_Kmono19.0/psweep113_r5_20260328_171213/3nq9_ligand_report.csv,./penalty_sweep_qpu_v113/samples/3nq9_Kdist5.5_Kmono19.0/psweep113_r5_20260328_171213/3nq9_ligand_samples.json,./penalty_sweep_qpu_v113/samples/3nq9_Kdist5.5_Kmono19.0/psweep113_r5_20260328_171213/result.json
3nq9,3nq9_Kdist5.5_Kmono20.0,psweep113_r5_20260328_171213,5.5,20.0,ok,1.3105106209248794,1000,1000,1000,5,0.005,1.0,0.005,0.2173456,0.18274,Advantage2_system1.13,2264,28,./penalty_sweep_qpu_v113/samples/3nq9_Kdist5.5_Kmono20.0/psweep113_r5_20260328_171213/3nq9_ligand_report.csv,./penalty_sweep_qpu_v113/samples/3nq9_Kdist5.5_Kmono20.0/psweep113_r5_20260328_171213/3nq9_ligand_samples.json,./penalty_sweep_qpu_v113/samples/3nq9_Kdist5.5_Kmono20.0/psweep113_r5_20260328_171213/result.json
3nq9,3nq9_Kdist6.0_Kmono1.0,psweep113_r5_20260328_171213,6.0,1.0,ok,3.3163678617166403,1000,1000,1000,0,0.0,1.0,0.0,0.2120304,0.17742,Advantage2_system1.13,2209,26,./penalty_sweep_qpu_v113/samples/3nq9_Kdist6.0_Kmono1.0/psweep113_r5_20260328_171213/3nq9_ligand_report.csv,./penalty_sweep_qpu_v113/samples/3nq9_Kdist6.0_Kmono1.0/psweep113_r5_20260328_171213/3nq9_ligand_samples.json,./penalty_sweep_qpu_v113/samples/3nq9_Kdist6.0_Kmono1.0/psweep113_r5_20260328_171213/result.json
3nq9,3nq9_Kdist6.0_Kmono2.0,psweep113_r5_20260328_171213,6.0,2.0,ok,3.604127922766972,1000,1000,1000,0,0.0,1.0,0.0,0.21541,0.1808,Advantage2_system1.13,2116,25,./penalty_sweep_qpu_v113/samples/3nq9_Kdist6.0_Kmono2.0/psweep113_r5_20260328_171213/3nq9_ligand_report.csv,./penalty_sweep_qpu_v113/samples/3nq9_Kdist6.0_Kmono2.0/psweep113_r5_20260328_171213/3nq9_ligand_samples.json,./penalty_sweep_qpu_v113/samples/3nq9_Kdist6.0_Kmono2.0/psweep113_r5_20260328_171213/result.json
3nq9,3nq9_Kdist6.0_Kmono3.0,psweep113_r5_20260328_171213,6.0,3.0,ok,4.105275782544627,1000,1000,1000,0,0.0,1.0,0.0,0.21427960000000001,0.17966,Advantage2_system1.13,2482,29,./penalty_sweep_qpu_v113/samples/3nq9_Kdist6.0_Kmono3.0/psweep113_r5_20260328_171213/3nq9_ligand_report.csv,./penalty_sweep_qpu_v113/samples/3nq9_Kdist6.0_Kmono3.0/psweep113_r5_20260328_171213/3nq9_ligand_samples.json,./penalty_sweep_qpu_v113/samples/3nq9_Kdist6.0_Kmono3.0/psweep113_r5_20260328_171213/result.json
3nq9,3nq9_Kdist6.0_Kmono4.0,psweep113_r5_20260328_171213,6.0,4.0,ok,1.2006628348568151,1000,1000,1000,306,0.306,1.0,0.306,0.2048108,0.1702,Advantage2_system1.13,2036,24,./penalty_sweep_qpu_v113/samples/3nq9_Kdist6.0_Kmono4.0/psweep113_r5_20260328_171213/3nq9_ligand_report.csv,./penalty_sweep_qpu_v113/samples/3nq9_Kdist6.0_Kmono4.0/psweep113_r5_20260328_171213/3nq9_ligand_samples.json,./penalty_sweep_qpu_v113/samples/3nq9_Kdist6.0_Kmono4.0/psweep113_r5_20260328_171213/result.json
3nq9,3nq9_Kdist6.0_Kmono5.0,psweep113_r5_20260328_171213,6.0,5.0,ok,5.232255008823976,1000,1000,1000,0,0.0,1.0,0.0,0.2112656,0.17666,Advantage2_system1.13,2204,28,./penalty_sweep_qpu_v113/samples/3nq9_Kdist6.0_Kmono5.0/psweep113_r5_20260328_171213/3nq9_ligand_report.csv,./penalty_sweep_qpu_v113/samples/3nq9_Kdist6.0_Kmono5.0/psweep113_r5_20260328_171213/3nq9_ligand_samples.json,./penalty_sweep_qpu_v113/samples/3nq9_Kdist6.0_Kmono5.0/psweep113_r5_20260328_171213/result.json
3nq9,3nq9_Kdist6.0_Kmono6.0,psweep113_r5_20260328_171213,6.0,6.0,ok,3.0779003075266833,1000,1000,1000,0,0.0,1.0,0.0,0.2082108,0.1736,Advantage2_system1.13,2187,28,./penalty_sweep_qpu_v113/samples/3nq9_Kdist6.0_Kmono6.0/psweep113_r5_20260328_171213/3nq9_ligand_report.csv,./penalty_sweep_qpu_v113/samples/3nq9_Kdist6.0_Kmono6.0/psweep113_r5_20260328_171213/3nq9_ligand_samples.json,./penalty_sweep_qpu_v113/samples/3nq9_Kdist6.0_Kmono6.0/psweep113_r5_20260328_171213/result.json
3nq9,3nq9_Kdist6.0_Kmono7.0,psweep113_r5_20260328_171213,6.0,7.0,ok,2.458075054763288,1000,1000,1000,0,0.0,1.0,0.0,0.2064892,0.17188,Advantage2_system1.13,2031,24,./penalty_sweep_qpu_v113/samples/3nq9_Kdist6.0_Kmono7.0/psweep113_r5_20260328_171213/3nq9_ligand_report.csv,./penalty_sweep_qpu_v113/samples/3nq9_Kdist6.0_Kmono7.0/psweep113_r5_20260328_171213/3nq9_ligand_samples.json,./penalty_sweep_qpu_v113/samples/3nq9_Kdist6.0_Kmono7.0/psweep113_r5_20260328_171213/result.json
3nq9,3nq9_Kdist6.0_Kmono8.0,psweep113_r5_20260328_171213,6.0,8.0,ok,4.90276571276733,1000,1000,1000,0,0.0,1.0,0.0,0.2043144,0.1697,Advantage2_system1.13,2003,23,./penalty_sweep_qpu_v113/samples/3nq9_Kdist6.0_Kmono8.0/psweep113_r5_20260328_171213/3nq9_ligand_report.csv,./penalty_sweep_qpu_v113/samples/3nq9_Kdist6.0_Kmono8.0/psweep113_r5_20260328_171213/3nq9_ligand_samples.json,./penalty_sweep_qpu_v113/samples/3nq9_Kdist6.0_Kmono8.0/psweep113_r5_20260328_171213/result.json
3nq9,3nq9_Kdist6.0_Kmono9.0,psweep113_r5_20260328_171213,6.0,9.0,ok,3.8609150555430047,1000,1000,1000,0,0.0,1.0,0.0,0.21091320000000002,0.1763,Advantage2_system1.13,2446,30,./penalty_sweep_qpu_v113/samples/3nq9_Kdist6.0_Kmono9.0/psweep113_r5_20260328_171213/3nq9_ligand_report.csv,./penalty_sweep_qpu_v113/samples/3nq9_Kdist6.0_Kmono9.0/psweep113_r5_20260328_171213/3nq9_ligand_samples.json,./penalty_sweep_qpu_v113/samples/3nq9_Kdist6.0_Kmono9.0/psweep113_r5_20260328_171213/result.json
3nq9,3nq9_Kdist6.0_Kmono10.0,psweep113_r5_20260328_171213,6.0,10.0,ok,4.402567274658145,1000,1000,1000,0,0.0,1.0,0.0,0.20166879999999998,0.16706,Advantage2_system1.13,2250,28,./penalty_sweep_qpu_v113/samples/3nq9_Kdist6.0_Kmono10.0/psweep113_r5_20260328_171213/3nq9_ligand_report.csv,./penalty_sweep_qpu_v113/samples/3nq9_Kdist6.0_Kmono10.0/psweep113_r5_20260328_171213/3nq9_ligand_samples.json,./penalty_sweep_qpu_v113/samples/3nq9_Kdist6.0_Kmono10.0/psweep113_r5_20260328_171213/result.json
3nq9,3nq9_Kdist6.0_Kmono11.0,psweep113_r5_20260328_171213,6.0,11.0,ok,4.032448304619459,1000,1000,1000,0,0.0,1.0,0.0,0.2071228,0.17252,Advantage2_system1.13,2038,24,./penalty_sweep_qpu_v113/samples/3nq9_Kdist6.0_Kmono11.0/psweep113_r5_20260328_171213/3nq9_ligand_report.csv,./penalty_sweep_qpu_v113/samples/3nq9_Kdist6.0_Kmono11.0/psweep113_r5_20260328_171213/3nq9_ligand_samples.json,./penalty_sweep_qpu_v113/samples/3nq9_Kdist6.0_Kmono11.0/psweep113_r5_20260328_171213/result.json
3nq9,3nq9_Kdist6.0_Kmono12.0,psweep113_r5_20260328_171213,6.0,12.0,ok,1.6335640184414537,1000,1000,1000,5,0.005,1.0,0.005,0.2005864,0.16598,Advantage2_system1.13,2099,25,./penalty_sweep_qpu_v113/samples/3nq9_Kdist6.0_Kmono12.0/psweep113_r5_20260328_171213/3nq9_ligand_report.csv,./penalty_sweep_qpu_v113/samples/3nq9_Kdist6.0_Kmono12.0/psweep113_r5_20260328_171213/3nq9_ligand_samples.json,./penalty_sweep_qpu_v113/samples/3nq9_Kdist6.0_Kmono12.0/psweep113_r5_20260328_171213/result.json
3nq9,3nq9_Kdist6.0_Kmono13.0,psweep113_r5_20260328_171213,6.0,13.0,ok,4.721138248558296,1000,1000,1000,0,0.0,1.0,0.0,0.208496,0.17388,Advantage2_system1.13,2312,27,./penalty_sweep_qpu_v113/samples/3nq9_Kdist6.0_Kmono13.0/psweep113_r5_20260328_171213/3nq9_ligand_report.csv,./penalty_sweep_qpu_v113/samples/3nq9_Kdist6.0_Kmono13.0/psweep113_r5_20260328_171213/3nq9_ligand_samples.json,./penalty_sweep_qpu_v113/samples/3nq9_Kdist6.0_Kmono13.0/psweep113_r5_20260328_171213/result.json
3nq9,3nq9_Kdist6.0_Kmono14.0,psweep113_r5_20260328_171213,6.0,14.0,ok,3.106412864092893,1000,1000,1000,0,0.0,1.0,0.0,0.218124,0.18352,Advantage2_system1.13,2171,25,./penalty_sweep_qpu_v113/samples/3nq9_Kdist6.0_Kmono14.0/psweep113_r5_20260328_171213/3nq9_ligand_report.csv,./penalty_sweep_qpu_v113/samples/3nq9_Kdist6.0_Kmono14.0/psweep113_r5_20260328_171213/3nq9_ligand_samples.json,./penalty_sweep_qpu_v113/samples/3nq9_Kdist6.0_Kmono14.0/psweep113_r5_20260328_171213/result.json
3nq9,3nq9_Kdist6.0_Kmono15.0,psweep113_r5_20260328_171213,6.0,15.0,ok,1.8477992874378024,1000,1000,1000,1,0.001,1.0,0.001,0.21440879999999998,0.1798,Advantage2_system1.13,2133,23,./penalty_sweep_qpu_v113/samples/3nq9_Kdist6.0_Kmono15.0/psweep113_r5_20260328_171213/3nq9_ligand_report.csv,./penalty_sweep_qpu_v113/samples/3nq9_Kdist6.0_Kmono15.0/psweep113_r5_20260328_171213/3nq9_ligand_samples.json,./penalty_sweep_qpu_v113/samples/3nq9_Kdist6.0_Kmono15.0/psweep113_r5_20260328_171213/result.json
3nq9,3nq9_Kdist6.0_Kmono16.0,psweep113_r5_20260328_171213,6.0,16.0,ok,3.17412648589477,1000,1000,1000,0,0.0,1.0,0.0,0.2068556,0.17224,Advantage2_system1.13,2354,28,./penalty_sweep_qpu_v113/samples/3nq9_Kdist6.0_Kmono16.0/psweep113_r5_20260328_171213/3nq9_ligand_report.csv,./penalty_sweep_qpu_v113/samples/3nq9_Kdist6.0_Kmono16.0/psweep113_r5_20260328_171213/3nq9_ligand_samples.json,./penalty_sweep_qpu_v113/samples/3nq9_Kdist6.0_Kmono16.0/psweep113_r5_20260328_171213/result.json
3nq9,3nq9_Kdist6.0_Kmono17.0,psweep113_r5_20260328_171213,6.0,17.0,ok,2.684043358053978,1000,1000,1000,0,0.0,1.0,0.0,0.20584,0.17124,Advantage2_system1.13,2061,23,./penalty_sweep_qpu_v113/samples/3nq9_Kdist6.0_Kmono17.0/psweep113_r5_20260328_171213/3nq9_ligand_report.csv,./penalty_sweep_qpu_v113/samples/3nq9_Kdist6.0_Kmono17.0/psweep113_r5_20260328_171213/3nq9_ligand_samples.json,./penalty_sweep_qpu_v113/samples/3nq9_Kdist6.0_Kmono17.0/psweep113_r5_20260328_171213/result.json
3nq9,3nq9_Kdist6.0_Kmono18.0,psweep113_r5_20260328_171213,6.0,18.0,ok,1.1590856493802637,1000,1000,1000,5,0.005,1.0,0.005,0.216948,0.18234,Advantage2_system1.13,2119,25,./penalty_sweep_qpu_v113/samples/3nq9_Kdist6.0_Kmono18.0/psweep113_r5_20260328_171213/3nq9_ligand_report.csv,./penalty_sweep_qpu_v113/samples/3nq9_Kdist6.0_Kmono18.0/psweep113_r5_20260328_171213/3nq9_ligand_samples.json,./penalty_sweep_qpu_v113/samples/3nq9_Kdist6.0_Kmono18.0/psweep113_r5_20260328_171213/result.json
3nq9,3nq9_Kdist6.0_Kmono19.0,psweep113_r5_20260328_171213,6.0,19.0,ok,4.510514877193091,1000,1000,1000,0,0.0,1.0,0.0,0.207356,0.17274,Advantage2_system1.13,2225,27,./penalty_sweep_qpu_v113/samples/3nq9_Kdist6.0_Kmono19.0/psweep113_r5_20260328_171213/3nq9_ligand_report.csv,./penalty_sweep_qpu_v113/samples/3nq9_Kdist6.0_Kmono19.0/psweep113_r5_20260328_171213/3nq9_ligand_samples.json,./penalty_sweep_qpu_v113/samples/3nq9_Kdist6.0_Kmono19.0/psweep113_r5_20260328_171213/result.json
3nq9,3nq9_Kdist6.0_Kmono20.0,psweep113_r5_20260328_171213,6.0,20.0,ok,3.8227941359507196,1000,1000,1000,0,0.0,1.0,0.0,0.210806,0.1762,Advantage2_system1.13,2182,25,./penalty_sweep_qpu_v113/samples/3nq9_Kdist6.0_Kmono20.0/psweep113_r5_20260328_171213/3nq9_ligand_report.csv,./penalty_sweep_qpu_v113/samples/3nq9_Kdist6.0_Kmono20.0/psweep113_r5_20260328_171213/3nq9_ligand_samples.json,./penalty_sweep_qpu_v113/samples/3nq9_Kdist6.0_Kmono20.0/psweep113_r5_20260328_171213/result.json
3nq9,3nq9_Kdist6.5_Kmono1.0,psweep113_r5_20260328_171213,6.5,1.0,ok,5.152708512118625,1000,1000,1000,0,0.0,1.0,0.0,0.20454,0.16994,Advantage2_system1.13,1985,22,./penalty_sweep_qpu_v113/samples/3nq9_Kdist6.5_Kmono1.0/psweep113_r5_20260328_171213/3nq9_ligand_report.csv,./penalty_sweep_qpu_v113/samples/3nq9_Kdist6.5_Kmono1.0/psweep113_r5_20260328_171213/3nq9_ligand_samples.json,./penalty_sweep_qpu_v113/samples/3nq9_Kdist6.5_Kmono1.0/psweep113_r5_20260328_171213/result.json
3nq9,3nq9_Kdist6.5_Kmono2.0,psweep113_r5_20260328_171213,6.5,2.0,ok,2.347742575363595,1000,1000,1000,0,0.0,1.0,0.0,0.219664,0.18506,Advantage2_system1.13,2088,25,./penalty_sweep_qpu_v113/samples/3nq9_Kdist6.5_Kmono2.0/psweep113_r5_20260328_171213/3nq9_ligand_report.csv,./penalty_sweep_qpu_v113/samples/3nq9_Kdist6.5_Kmono2.0/psweep113_r5_20260328_171213/3nq9_ligand_samples.json,./penalty_sweep_qpu_v113/samples/3nq9_Kdist6.5_Kmono2.0/psweep113_r5_20260328_171213/result.json
3nq9,3nq9_Kdist6.5_Kmono3.0,psweep113_r5_20260328_171213,6.5,3.0,ok,2.349372739979984,1000,1000,1000,0,0.0,1.0,0.0,0.216092,0.18148,Advantage2_system1.13,2221,27,./penalty_sweep_qpu_v113/samples/3nq9_Kdist6.5_Kmono3.0/psweep113_r5_20260328_171213/3nq9_ligand_report.csv,./penalty_sweep_qpu_v113/samples/3nq9_Kdist6.5_Kmono3.0/psweep113_r5_20260328_171213/3nq9_ligand_samples.json,./penalty_sweep_qpu_v113/samples/3nq9_Kdist6.5_Kmono3.0/psweep113_r5_20260328_171213/result.json
3nq9,3nq9_Kdist6.5_Kmono4.0,psweep113_r5_20260328_171213,6.5,4.0,ok,4.263888284299238,1000,1000,1000,0,0.0,1.0,0.0,0.2099452,0.17534,Advantage2_system1.13,2207,27,./penalty_sweep_qpu_v113/samples/3nq9_Kdist6.5_Kmono4.0/psweep113_r5_20260328_171213/3nq9_ligand_report.csv,./penalty_sweep_qpu_v113/samples/3nq9_Kdist6.5_Kmono4.0/psweep113_r5_20260328_171213/3nq9_ligand_samples.json,./penalty_sweep_qpu_v113/samples/3nq9_Kdist6.5_Kmono4.0/psweep113_r5_20260328_171213/result.json
3nq9,3nq9_Kdist6.5_Kmono5.0,psweep113_r5_20260328_171213,6.5,5.0,ok,2.8994530481249665,1000,1000,1000,0,0.0,1.0,0.0,0.21227079999999998,0.17766,Advantage2_system1.13,2458,29,./penalty_sweep_qpu_v113/samples/3nq9_Kdist6.5_Kmono5.0/psweep113_r5_20260328_171213/3nq9_ligand_report.csv,./penalty_sweep_qpu_v113/samples/3nq9_Kdist6.5_Kmono5.0/psweep113_r5_20260328_171213/3nq9_ligand_samples.json,./penalty_sweep_qpu_v113/samples/3nq9_Kdist6.5_Kmono5.0/psweep113_r5_20260328_171213/result.json
3nq9,3nq9_Kdist6.5_Kmono6.0,psweep113_r5_20260328_171213,6.5,6.0,ok,5.594670828326981,1000,1000,1000,0,0.0,1.0,0.0,0.2162004,0.1816,Advantage2_system1.13,2079,25,./penalty_sweep_qpu_v113/samples/3nq9_Kdist6.5_Kmono6.0/psweep113_r5_20260328_171213/3nq9_ligand_report.csv,./penalty_sweep_qpu_v113/samples/3nq9_Kdist6.5_Kmono6.0/psweep113_r5_20260328_171213/3nq9_ligand_samples.json,./penalty_sweep_qpu_v113/samples/3nq9_Kdist6.5_Kmono6.0/psweep113_r5_20260328_171213/result.json
3nq9,3nq9_Kdist6.5_Kmono7.0,psweep113_r5_20260328_171213,6.5,7.0,ok,2.4224656170476226,1000,1000,1000,0,0.0,1.0,0.0,0.2107228,0.17612,Advantage2_system1.13,2318,27,./penalty_sweep_qpu_v113/samples/3nq9_Kdist6.5_Kmono7.0/psweep113_r5_20260328_171213/3nq9_ligand_report.csv,./penalty_sweep_qpu_v113/samples/3nq9_Kdist6.5_Kmono7.0/psweep113_r5_20260328_171213/3nq9_ligand_samples.json,./penalty_sweep_qpu_v113/samples/3nq9_Kdist6.5_Kmono7.0/psweep113_r5_20260328_171213/result.json
3nq9,3nq9_Kdist6.5_Kmono8.0,psweep113_r5_20260328_171213,6.5,8.0,ok,2.9291342459222673,1000,1000,1000,0,0.0,1.0,0.0,0.2181424,0.18352,Advantage2_system1.13,2430,30,./penalty_sweep_qpu_v113/samples/3nq9_Kdist6.5_Kmono8.0/psweep113_r5_20260328_171213/3nq9_ligand_report.csv,./penalty_sweep_qpu_v113/samples/3nq9_Kdist6.5_Kmono8.0/psweep113_r5_20260328_171213/3nq9_ligand_samples.json,./penalty_sweep_qpu_v113/samples/3nq9_Kdist6.5_Kmono8.0/psweep113_r5_20260328_171213/result.json
3nq9,3nq9_Kdist6.5_Kmono9.0,psweep113_r5_20260328_171213,6.5,9.0,ok,1.8871780930907476,1000,1000,1000,6,0.006,1.0,0.006,0.2107772,0.17616,Advantage2_system1.13,2433,28,./penalty_sweep_qpu_v113/samples/3nq9_Kdist6.5_Kmono9.0/psweep113_r5_20260328_171213/3nq9_ligand_report.csv,./penalty_sweep_qpu_v113/samples/3nq9_Kdist6.5_Kmono9.0/psweep113_r5_20260328_171213/3nq9_ligand_samples.json,./penalty_sweep_qpu_v113/samples/3nq9_Kdist6.5_Kmono9.0/psweep113_r5_20260328_171213/result.json
3nq9,3nq9_Kdist6.5_Kmono10.0,psweep113_r5_20260328_171213,6.5,10.0,ok,2.9277774307213527,1000,1000,1000,0,0.0,1.0,0.0,0.2094984,0.17488,Advantage2_system1.13,2400,29,./penalty_sweep_qpu_v113/samples/3nq9_Kdist6.5_Kmono10.0/psweep113_r5_20260328_171213/3nq9_ligand_report.csv,./penalty_sweep_qpu_v113/samples/3nq9_Kdist6.5_Kmono10.0/psweep113_r5_20260328_171213/3nq9_ligand_samples.json,./penalty_sweep_qpu_v113/samples/3nq9_Kdist6.5_Kmono10.0/psweep113_r5_20260328_171213/result.json
3nq9,3nq9_Kdist6.5_Kmono11.0,psweep113_r5_20260328_171213,6.5,11.0,ok,6.239961429843282,1000,1000,1000,0,0.0,1.0,0.0,0.215212,0.1806,Advantage2_system1.13,2253,27,./penalty_sweep_qpu_v113/samples/3nq9_Kdist6.5_Kmono11.0/psweep113_r5_20260328_171213/3nq9_ligand_report.csv,./penalty_sweep_qpu_v113/samples/3nq9_Kdist6.5_Kmono11.0/psweep113_r5_20260328_171213/3nq9_ligand_samples.json,./penalty_sweep_qpu_v113/samples/3nq9_Kdist6.5_Kmono11.0/psweep113_r5_20260328_171213/result.json
3nq9,3nq9_Kdist6.5_Kmono12.0,psweep113_r5_20260328_171213,6.5,12.0,ok,4.482326149241997,1000,1000,1000,0,0.0,1.0,0.0,0.2079124,0.1733,Advantage2_system1.13,2153,23,./penalty_sweep_qpu_v113/samples/3nq9_Kdist6.5_Kmono12.0/psweep113_r5_20260328_171213/3nq9_ligand_report.csv,./penalty_sweep_qpu_v113/samples/3nq9_Kdist6.5_Kmono12.0/psweep113_r5_20260328_171213/3nq9_ligand_samples.json,./penalty_sweep_qpu_v113/samples/3nq9_Kdist6.5_Kmono12.0/psweep113_r5_20260328_171213/result.json
3nq9,3nq9_Kdist6.5_Kmono13.0,psweep113_r5_20260328_171213,6.5,13.0,ok,1.690263497862675,1000,1000,1000,74,0.074,1.0,0.074,0.2052104,0.1706,Advantage2_system1.13,2081,25,./penalty_sweep_qpu_v113/samples/3nq9_Kdist6.5_Kmono13.0/psweep113_r5_20260328_171213/3nq9_ligand_report.csv,./penalty_sweep_qpu_v113/samples/3nq9_Kdist6.5_Kmono13.0/psweep113_r5_20260328_171213/3nq9_ligand_samples.json,./penalty_sweep_qpu_v113/samples/3nq9_Kdist6.5_Kmono13.0/psweep113_r5_20260328_171213/result.json
3nq9,3nq9_Kdist6.5_Kmono14.0,psweep113_r5_20260328_171213,6.5,14.0,ok,3.733807085326806,1000,1000,1000,0,0.0,1.0,0.0,0.2072376,0.17262,Advantage2_system1.13,2209,25,./penalty_sweep_qpu_v113/samples/3nq9_Kdist6.5_Kmono14.0/psweep113_r5_20260328_171213/3nq9_ligand_report.csv,./penalty_sweep_qpu_v113/samples/3nq9_Kdist6.5_Kmono14.0/psweep113_r5_20260328_171213/3nq9_ligand_samples.json,./penalty_sweep_qpu_v113/samples/3nq9_Kdist6.5_Kmono14.0/psweep113_r5_20260328_171213/result.json
3nq9,3nq9_Kdist6.5_Kmono15.0,psweep113_r5_20260328_171213,6.5,15.0,ok,1.93050790279683,1000,1000,1000,1,0.001,1.0,0.001,0.2039852,0.16938,Advantage2_system1.13,2353,27,./penalty_sweep_qpu_v113/samples/3nq9_Kdist6.5_Kmono15.0/psweep113_r5_20260328_171213/3nq9_ligand_report.csv,./penalty_sweep_qpu_v113/samples/3nq9_Kdist6.5_Kmono15.0/psweep113_r5_20260328_171213/3nq9_ligand_samples.json,./penalty_sweep_qpu_v113/samples/3nq9_Kdist6.5_Kmono15.0/psweep113_r5_20260328_171213/result.json
3nq9,3nq9_Kdist6.5_Kmono16.0,psweep113_r5_20260328_171213,6.5,16.0,ok,2.0614309226127574,1000,1000,1000,0,0.0,1.0,0.0,0.2012596,0.16666,Advantage2_system1.13,2039,25,./penalty_sweep_qpu_v113/samples/3nq9_Kdist6.5_Kmono16.0/psweep113_r5_20260328_171213/3nq9_ligand_report.csv,./penalty_sweep_qpu_v113/samples/3nq9_Kdist6.5_Kmono16.0/psweep113_r5_20260328_171213/3nq9_ligand_samples.json,./penalty_sweep_qpu_v113/samples/3nq9_Kdist6.5_Kmono16.0/psweep113_r5_20260328_171213/result.json
3nq9,3nq9_Kdist6.5_Kmono17.0,psweep113_r5_20260328_171213,6.5,17.0,ok,1.6204318195235248,1000,1000,1000,8,0.008,1.0,0.008,0.2094876,0.17488,Advantage2_system1.13,2261,26,./penalty_sweep_qpu_v113/samples/3nq9_Kdist6.5_Kmono17.0/psweep113_r5_20260328_171213/3nq9_ligand_report.csv,./penalty_sweep_qpu_v113/samples/3nq9_Kdist6.5_Kmono17.0/psweep113_r5_20260328_171213/3nq9_ligand_samples.json,./penalty_sweep_qpu_v113/samples/3nq9_Kdist6.5_Kmono17.0/psweep113_r5_20260328_171213/result.json
3nq9,3nq9_Kdist6.5_Kmono18.0,psweep113_r5_20260328_171213,6.5,18.0,ok,2.1452504120007383,1000,1000,1000,0,0.0,1.0,0.0,0.2121668,0.17756,Advantage2_system1.13,1984,24,./penalty_sweep_qpu_v113/samples/3nq9_Kdist6.5_Kmono18.0/psweep113_r5_20260328_171213/3nq9_ligand_report.csv,./penalty_sweep_qpu_v113/samples/3nq9_Kdist6.5_Kmono18.0/psweep113_r5_20260328_171213/3nq9_ligand_samples.json,./penalty_sweep_qpu_v113/samples/3nq9_Kdist6.5_Kmono18.0/psweep113_r5_20260328_171213/result.json
3nq9,3nq9_Kdist6.5_Kmono19.0,psweep113_r5_20260328_171213,6.5,19.0,ok,0.8321214378493409,1000,1000,1000,22,0.022,1.0,0.022,0.211408,0.1768,Advantage2_system1.13,2261,28,./penalty_sweep_qpu_v113/samples/3nq9_Kdist6.5_Kmono19.0/psweep113_r5_20260328_171213/3nq9_ligand_report.csv,./penalty_sweep_qpu_v113/samples/3nq9_Kdist6.5_Kmono19.0/psweep113_r5_20260328_171213/3nq9_ligand_samples.json,./penalty_sweep_qpu_v113/samples/3nq9_Kdist6.5_Kmono19.0/psweep113_r5_20260328_171213/result.json
3nq9,3nq9_Kdist6.5_Kmono20.0,psweep113_r5_20260328_171213,6.5,20.0,ok,3.179336322885723,1000,1000,1000,0,0.0,1.0,0.0,0.2062084,0.1716,Advantage2_system1.13,2058,25,./penalty_sweep_qpu_v113/samples/3nq9_Kdist6.5_Kmono20.0/psweep113_r5_20260328_171213/3nq9_ligand_report.csv,./penalty_sweep_qpu_v113/samples/3nq9_Kdist6.5_Kmono20.0/psweep113_r5_20260328_171213/3nq9_ligand_samples.json,./penalty_sweep_qpu_v113/samples/3nq9_Kdist6.5_Kmono20.0/psweep113_r5_20260328_171213/result.json
3nq9,3nq9_Kdist7.0_Kmono1.0,psweep113_r5_20260328_171213,7.0,1.0,ok,3.610430165684476,1000,1000,1000,0,0.0,1.0,0.0,0.20871520000000002,0.1741,Advantage2_system1.13,2125,24,./penalty_sweep_qpu_v113/samples/3nq9_Kdist7.0_Kmono1.0/psweep113_r5_20260328_171213/3nq9_ligand_report.csv,./penalty_sweep_qpu_v113/samples/3nq9_Kdist7.0_Kmono1.0/psweep113_r5_20260328_171213/3nq9_ligand_samples.json,./penalty_sweep_qpu_v113/samples/3nq9_Kdist7.0_Kmono1.0/psweep113_r5_20260328_171213/result.json
3nq9,3nq9_Kdist7.0_Kmono2.0,psweep113_r5_20260328_171213,7.0,2.0,ok,4.295474873944768,1000,1000,1000,0,0.0,1.0,0.0,0.21926279999999998,0.18466,Advantage2_system1.13,2115,24,./penalty_sweep_qpu_v113/samples/3nq9_Kdist7.0_Kmono2.0/psweep113_r5_20260328_171213/3nq9_ligand_report.csv,./penalty_sweep_qpu_v113/samples/3nq9_Kdist7.0_Kmono2.0/psweep113_r5_20260328_171213/3nq9_ligand_samples.json,./penalty_sweep_qpu_v113/samples/3nq9_Kdist7.0_Kmono2.0/psweep113_r5_20260328_171213/result.json
3nq9,3nq9_Kdist7.0_Kmono3.0,psweep113_r5_20260328_171213,7.0,3.0,ok,3.453029193485756,1000,1000,1000,0,0.0,1.0,0.0,0.20430079999999998,0.1697,Advantage2_system1.13,2053,24,./penalty_sweep_qpu_v113/samples/3nq9_Kdist7.0_Kmono3.0/psweep113_r5_20260328_171213/3nq9_ligand_report.csv,./penalty_sweep_qpu_v113/samples/3nq9_Kdist7.0_Kmono3.0/psweep113_r5_20260328_171213/3nq9_ligand_samples.json,./penalty_sweep_qpu_v113/samples/3nq9_Kdist7.0_Kmono3.0/psweep113_r5_20260328_171213/result.json
3nq9,3nq9_Kdist7.0_Kmono4.0,psweep113_r5_20260328_171213,7.0,4.0,ok,4.382370548463346,1000,1000,1000,0,0.0,1.0,0.0,0.2102224,0.17562,Advantage2_system1.13,2107,26,./penalty_sweep_qpu_v113/samples/3nq9_Kdist7.0_Kmono4.0/psweep113_r5_20260328_171213/3nq9_ligand_report.csv,./penalty_sweep_qpu_v113/samples/3nq9_Kdist7.0_Kmono4.0/psweep113_r5_20260328_171213/3nq9_ligand_samples.json,./penalty_sweep_qpu_v113/samples/3nq9_Kdist7.0_Kmono4.0/psweep113_r5_20260328_171213/result.json
3nq9,3nq9_Kdist7.0_Kmono5.0,psweep113_r5_20260328_171213,7.0,5.0,ok,2.5029244998882167,1000,1000,1000,0,0.0,1.0,0.0,0.21529920000000002,0.1807,Advantage2_system1.13,1978,21,./penalty_sweep_qpu_v113/samples/3nq9_Kdist7.0_Kmono5.0/psweep113_r5_20260328_171213/3nq9_ligand_report.csv,./penalty_sweep_qpu_v113/samples/3nq9_Kdist7.0_Kmono5.0/psweep113_r5_20260328_171213/3nq9_ligand_samples.json,./penalty_sweep_qpu_v113/samples/3nq9_Kdist7.0_Kmono5.0/psweep113_r5_20260328_171213/result.json
3nq9,3nq9_Kdist7.0_Kmono6.0,psweep113_r5_20260328_171213,7.0,6.0,ok,6.114758811983803,1000,1000,1000,0,0.0,1.0,0.0,0.2084868,0.17388,Advantage2_system1.13,2256,26,./penalty_sweep_qpu_v113/samples/3nq9_Kdist7.0_Kmono6.0/psweep113_r5_20260328_171213/3nq9_ligand_report.csv,./penalty_sweep_qpu_v113/samples/3nq9_Kdist7.0_Kmono6.0/psweep113_r5_20260328_171213/3nq9_ligand_samples.json,./penalty_sweep_qpu_v113/samples/3nq9_Kdist7.0_Kmono6.0/psweep113_r5_20260328_171213/result.json
3nq9,3nq9_Kdist7.0_Kmono7.0,psweep113_r5_20260328_171213,7.0,7.0,ok,2.904226217167226,1000,1000,1000,0,0.0,1.0,0.0,0.21304320000000002,0.17844,Advantage2_system1.13,2094,24,./penalty_sweep_qpu_v113/samples/3nq9_Kdist7.0_Kmono7.0/psweep113_r5_20260328_171213/3nq9_ligand_report.csv,./penalty_sweep_qpu_v113/samples/3nq9_Kdist7.0_Kmono7.0/psweep113_r5_20260328_171213/3nq9_ligand_samples.json,./penalty_sweep_qpu_v113/samples/3nq9_Kdist7.0_Kmono7.0/psweep113_r5_20260328_171213/result.json
3nq9,3nq9_Kdist7.0_Kmono8.0,psweep113_r5_20260328_171213,7.0,8.0,ok,4.185510267210371,1000,1000,1000,0,0.0,1.0,0.0,0.2102072,0.1756,Advantage2_system1.13,2396,28,./penalty_sweep_qpu_v113/samples/3nq9_Kdist7.0_Kmono8.0/psweep113_r5_20260328_171213/3nq9_ligand_report.csv,./penalty_sweep_qpu_v113/samples/3nq9_Kdist7.0_Kmono8.0/psweep113_r5_20260328_171213/3nq9_ligand_samples.json,./penalty_sweep_qpu_v113/samples/3nq9_Kdist7.0_Kmono8.0/psweep113_r5_20260328_171213/result.json
3nq9,3nq9_Kdist7.0_Kmono9.0,psweep113_r5_20260328_171213,7.0,9.0,ok,4.556637748508419,1000,1000,1000,0,0.0,1.0,0.0,0.2092092,0.1746,Advantage2_system1.13,2142,26,./penalty_sweep_qpu_v113/samples/3nq9_Kdist7.0_Kmono9.0/psweep113_r5_20260328_171213/3nq9_ligand_report.csv,./penalty_sweep_qpu_v113/samples/3nq9_Kdist7.0_Kmono9.0/psweep113_r5_20260328_171213/3nq9_ligand_samples.json,./penalty_sweep_qpu_v113/samples/3nq9_Kdist7.0_Kmono9.0/psweep113_r5_20260328_171213/result.json
3nq9,3nq9_Kdist7.0_Kmono10.0,psweep113_r5_20260328_171213,7.0,10.0,ok,4.391216677786947,1000,1000,1000,0,0.0,1.0,0.0,0.20308520000000002,0.16848,Advantage2_system1.13,2175,25,./penalty_sweep_qpu_v113/samples/3nq9_Kdist7.0_Kmono10.0/psweep113_r5_20260328_171213/3nq9_ligand_report.csv,./penalty_sweep_qpu_v113/samples/3nq9_Kdist7.0_Kmono10.0/psweep113_r5_20260328_171213/3nq9_ligand_samples.json,./penalty_sweep_qpu_v113/samples/3nq9_Kdist7.0_Kmono10.0/psweep113_r5_20260328_171213/result.json
3nq9,3nq9_Kdist7.0_Kmono11.0,psweep113_r5_20260328_171213,7.0,11.0,ok,3.594634343698432,1000,1000,1000,0,0.0,1.0,0.0,0.21176520000000001,0.17716,Advantage2_system1.13,2075,25,./penalty_sweep_qpu_v113/samples/3nq9_Kdist7.0_Kmono11.0/psweep113_r5_20260328_171213/3nq9_ligand_report.csv,./penalty_sweep_qpu_v113/samples/3nq9_Kdist7.0_Kmono11.0/psweep113_r5_20260328_171213/3nq9_ligand_samples.json,./penalty_sweep_qpu_v113/samples/3nq9_Kdist7.0_Kmono11.0/psweep113_r5_20260328_171213/result.json
3nq9,3nq9_Kdist7.0_Kmono12.0,psweep113_r5_20260328_171213,7.0,12.0,ok,2.9067721291307724,1000,1000,1000,0,0.0,1.0,0.0,0.20863679999999998,0.17402,Advantage2_system1.13,2388,27,./penalty_sweep_qpu_v113/samples/3nq9_Kdist7.0_Kmono12.0/psweep113_r5_20260328_171213/3nq9_ligand_report.csv,./penalty_sweep_qpu_v113/samples/3nq9_Kdist7.0_Kmono12.0/psweep113_r5_20260328_171213/3nq9_ligand_samples.json,./penalty_sweep_qpu_v113/samples/3nq9_Kdist7.0_Kmono12.0/psweep113_r5_20260328_171213/result.json
3nq9,3nq9_Kdist7.0_Kmono13.0,psweep113_r5_20260328_171213,7.0,13.0,ok,2.3622293726760395,1000,1000,1000,0,0.0,1.0,0.0,0.2130264,0.17842,Advantage2_system1.13,2010,23,./penalty_sweep_qpu_v113/samples/3nq9_Kdist7.0_Kmono13.0/psweep113_r5_20260328_171213/3nq9_ligand_report.csv,./penalty_sweep_qpu_v113/samples/3nq9_Kdist7.0_Kmono13.0/psweep113_r5_20260328_171213/3nq9_ligand_samples.json,./penalty_sweep_qpu_v113/samples/3nq9_Kdist7.0_Kmono13.0/psweep113_r5_20260328_171213/result.json
3nq9,3nq9_Kdist7.0_Kmono14.0,psweep113_r5_20260328_171213,7.0,14.0,ok,2.198641178280657,1000,1000,1000,0,0.0,1.0,0.0,0.2114836,0.17688,Advantage2_system1.13,2227,25,./penalty_sweep_qpu_v113/samples/3nq9_Kdist7.0_Kmono14.0/psweep113_r5_20260328_171213/3nq9_ligand_report.csv,./penalty_sweep_qpu_v113/samples/3nq9_Kdist7.0_Kmono14.0/psweep113_r5_20260328_171213/3nq9_ligand_samples.json,./penalty_sweep_qpu_v113/samples/3nq9_Kdist7.0_Kmono14.0/psweep113_r5_20260328_171213/result.json
3nq9,3nq9_Kdist7.0_Kmono15.0,psweep113_r5_20260328_171213,7.0,15.0,ok,4.998294628695572,1000,1000,1000,0,0.0,1.0,0.0,0.2124824,0.17788,Advantage2_system1.13,2054,23,./penalty_sweep_qpu_v113/samples/3nq9_Kdist7.0_Kmono15.0/psweep113_r5_20260328_171213/3nq9_ligand_report.csv,./penalty_sweep_qpu_v113/samples/3nq9_Kdist7.0_Kmono15.0/psweep113_r5_20260328_171213/3nq9_ligand_samples.json,./penalty_sweep_qpu_v113/samples/3nq9_Kdist7.0_Kmono15.0/psweep113_r5_20260328_171213/result.json
3nq9,3nq9_Kdist7.0_Kmono16.0,psweep113_r5_20260328_171213,7.0,16.0,ok,2.308514961240074,1000,1000,1000,0,0.0,1.0,0.0,0.20175720000000003,0.16716,Advantage2_system1.13,1943,21,./penalty_sweep_qpu_v113/samples/3nq9_Kdist7.0_Kmono16.0/psweep113_r5_20260328_171213/3nq9_ligand_report.csv,./penalty_sweep_qpu_v113/samples/3nq9_Kdist7.0_Kmono16.0/psweep113_r5_20260328_171213/3nq9_ligand_samples.json,./penalty_sweep_qpu_v113/samples/3nq9_Kdist7.0_Kmono16.0/psweep113_r5_20260328_171213/result.json
3nq9,3nq9_Kdist7.0_Kmono17.0,psweep113_r5_20260328_171213,7.0,17.0,ok,4.8170357723447,1000,1000,1000,0,0.0,1.0,0.0,0.21694360000000001,0.18234,Advantage2_system1.13,1936,22,./penalty_sweep_qpu_v113/samples/3nq9_Kdist7.0_Kmono17.0/psweep113_r5_20260328_171213/3nq9_ligand_report.csv,./penalty_sweep_qpu_v113/samples/3nq9_Kdist7.0_Kmono17.0/psweep113_r5_20260328_171213/3nq9_ligand_samples.json,./penalty_sweep_qpu_v113/samples/3nq9_Kdist7.0_Kmono17.0/psweep113_r5_20260328_171213/result.json
3nq9,3nq9_Kdist7.0_Kmono18.0,psweep113_r5_20260328_171213,7.0,18.0,ok,2.4941422705730476,1000,1000,1000,0,0.0,1.0,0.0,0.2088936,0.17428,Advantage2_system1.13,2228,26,./penalty_sweep_qpu_v113/samples/3nq9_Kdist7.0_Kmono18.0/psweep113_r5_20260328_171213/3nq9_ligand_report.csv,./penalty_sweep_qpu_v113/samples/3nq9_Kdist7.0_Kmono18.0/psweep113_r5_20260328_171213/3nq9_ligand_samples.json,./penalty_sweep_qpu_v113/samples/3nq9_Kdist7.0_Kmono18.0/psweep113_r5_20260328_171213/result.json
3nq9,3nq9_Kdist7.0_Kmono19.0,psweep113_r5_20260328_171213,7.0,19.0,ok,2.056505456368358,1000,1000,1000,0,0.0,1.0,0.0,0.211264,0.17666,Advantage2_system1.13,2000,22,./penalty_sweep_qpu_v113/samples/3nq9_Kdist7.0_Kmono19.0/psweep113_r5_20260328_171213/3nq9_ligand_report.csv,./penalty_sweep_qpu_v113/samples/3nq9_Kdist7.0_Kmono19.0/psweep113_r5_20260328_171213/3nq9_ligand_samples.json,./penalty_sweep_qpu_v113/samples/3nq9_Kdist7.0_Kmono19.0/psweep113_r5_20260328_171213/result.json
3nq9,3nq9_Kdist7.0_Kmono20.0,psweep113_r5_20260328_171213,7.0,20.0,ok,1.837741007578396,1000,1000,1000,1,0.001,1.0,0.001,0.2172076,0.1826,Advantage2_system1.13,2235,26,./penalty_sweep_qpu_v113/samples/3nq9_Kdist7.0_Kmono20.0/psweep113_r5_20260328_171213/3nq9_ligand_report.csv,./penalty_sweep_qpu_v113/samples/3nq9_Kdist7.0_Kmono20.0/psweep113_r5_20260328_171213/3nq9_ligand_samples.json,./penalty_sweep_qpu_v113/samples/3nq9_Kdist7.0_Kmono20.0/psweep113_r5_20260328_171213/result.json
3nq9,3nq9_Kdist7.5_Kmono1.0,psweep113_r5_20260328_171213,7.5,1.0,ok,3.7604975423966236,1000,1000,1000,0,0.0,1.0,0.0,0.2114452,0.17684,Advantage2_system1.13,2174,27,./penalty_sweep_qpu_v113/samples/3nq9_Kdist7.5_Kmono1.0/psweep113_r5_20260328_171213/3nq9_ligand_report.csv,./penalty_sweep_qpu_v113/samples/3nq9_Kdist7.5_Kmono1.0/psweep113_r5_20260328_171213/3nq9_ligand_samples.json,./penalty_sweep_qpu_v113/samples/3nq9_Kdist7.5_Kmono1.0/psweep113_r5_20260328_171213/result.json
3nq9,3nq9_Kdist7.5_Kmono2.0,psweep113_r5_20260328_171213,7.5,2.0,ok,3.4210793749813044,1000,1000,1000,0,0.0,1.0,0.0,0.2035516,0.16894,Advantage2_system1.13,1977,24,./penalty_sweep_qpu_v113/samples/3nq9_Kdist7.5_Kmono2.0/psweep113_r5_20260328_171213/3nq9_ligand_report.csv,./penalty_sweep_qpu_v113/samples/3nq9_Kdist7.5_Kmono2.0/psweep113_r5_20260328_171213/3nq9_ligand_samples.json,./penalty_sweep_qpu_v113/samples/3nq9_Kdist7.5_Kmono2.0/psweep113_r5_20260328_171213/result.json
3nq9,3nq9_Kdist7.5_Kmono3.0,psweep113_r5_20260328_171213,7.5,3.0,ok,3.014248884080411,1000,1000,1000,0,0.0,1.0,0.0,0.205954,0.17134,Advantage2_system1.13,2107,24,./penalty_sweep_qpu_v113/samples/3nq9_Kdist7.5_Kmono3.0/psweep113_r5_20260328_171213/3nq9_ligand_report.csv,./penalty_sweep_qpu_v113/samples/3nq9_Kdist7.5_Kmono3.0/psweep113_r5_20260328_171213/3nq9_ligand_samples.json,./penalty_sweep_qpu_v113/samples/3nq9_Kdist7.5_Kmono3.0/psweep113_r5_20260328_171213/result.json
3nq9,3nq9_Kdist7.5_Kmono4.0,psweep113_r5_20260328_171213,7.5,4.0,ok,4.060117771771818,1000,1000,1000,0,0.0,1.0,0.0,0.208022,0.17342,Advantage2_system1.13,2130,24,./penalty_sweep_qpu_v113/samples/3nq9_Kdist7.5_Kmono4.0/psweep113_r5_20260328_171213/3nq9_ligand_report.csv,./penalty_sweep_qpu_v113/samples/3nq9_Kdist7.5_Kmono4.0/psweep113_r5_20260328_171213/3nq9_ligand_samples.json,./penalty_sweep_qpu_v113/samples/3nq9_Kdist7.5_Kmono4.0/psweep113_r5_20260328_171213/result.json
3nq9,3nq9_Kdist7.5_Kmono5.0,psweep113_r5_20260328_171213,7.5,5.0,ok,2.261433265519377,1000,1000,1000,0,0.0,1.0,0.0,0.2073496,0.17274,Advantage2_system1.13,2223,27,./penalty_sweep_qpu_v113/samples/3nq9_Kdist7.5_Kmono5.0/psweep113_r5_20260328_171213/3nq9_ligand_report.csv,./penalty_sweep_qpu_v113/samples/3nq9_Kdist7.5_Kmono5.0/psweep113_r5_20260328_171213/3nq9_ligand_samples.json,./penalty_sweep_qpu_v113/samples/3nq9_Kdist7.5_Kmono5.0/psweep113_r5_20260328_171213/result.json
3nq9,3nq9_Kdist7.5_Kmono6.0,psweep113_r5_20260328_171213,7.5,6.0,ok,2.4276747025149326,1000,1000,1000,0,0.0,1.0,0.0,0.2110264,0.17642,Advantage2_system1.13,2259,27,./penalty_sweep_qpu_v113/samples/3nq9_Kdist7.5_Kmono6.0/psweep113_r5_20260328_171213/3nq9_ligand_report.csv,./penalty_sweep_qpu_v113/samples/3nq9_Kdist7.5_Kmono6.0/psweep113_r5_20260328_171213/3nq9_ligand_samples.json,./penalty_sweep_qpu_v113/samples/3nq9_Kdist7.5_Kmono6.0/psweep113_r5_20260328_171213/result.json
3nq9,3nq9_Kdist7.5_Kmono7.0,psweep113_r5_20260328_171213,7.5,7.0,ok,2.6335681225843985,1000,1000,1000,0,0.0,1.0,0.0,0.20941079999999998,0.1748,Advantage2_system1.13,2077,24,./penalty_sweep_qpu_v113/samples/3nq9_Kdist7.5_Kmono7.0/psweep113_r5_20260328_171213/3nq9_ligand_report.csv,./penalty_sweep_qpu_v113/samples/3nq9_Kdist7.5_Kmono7.0/psweep113_r5_20260328_171213/3nq9_ligand_samples.json,./penalty_sweep_qpu_v113/samples/3nq9_Kdist7.5_Kmono7.0/psweep113_r5_20260328_171213/result.json
3nq9,3nq9_Kdist7.5_Kmono8.0,psweep113_r5_20260328_171213,7.5,8.0,ok,2.555517129625647,1000,1000,1000,0,0.0,1.0,0.0,0.2183984,0.18378,Advantage2_system1.13,2643,30,./penalty_sweep_qpu_v113/samples/3nq9_Kdist7.5_Kmono8.0/psweep113_r5_20260328_171213/3nq9_ligand_report.csv,./penalty_sweep_qpu_v113/samples/3nq9_Kdist7.5_Kmono8.0/psweep113_r5_20260328_171213/3nq9_ligand_samples.json,./penalty_sweep_qpu_v113/samples/3nq9_Kdist7.5_Kmono8.0/psweep113_r5_20260328_171213/result.json
3nq9,3nq9_Kdist7.5_Kmono9.0,psweep113_r5_20260328_171213,7.5,9.0,ok,2.3157063614113227,1000,1000,1000,0,0.0,1.0,0.0,0.2123464,0.17774,Advantage2_system1.13,2045,24,./penalty_sweep_qpu_v113/samples/3nq9_Kdist7.5_Kmono9.0/psweep113_r5_20260328_171213/3nq9_ligand_report.csv,./penalty_sweep_qpu_v113/samples/3nq9_Kdist7.5_Kmono9.0/psweep113_r5_20260328_171213/3nq9_ligand_samples.json,./penalty_sweep_qpu_v113/samples/3nq9_Kdist7.5_Kmono9.0/psweep113_r5_20260328_171213/result.json
3nq9,3nq9_Kdist7.5_Kmono10.0,psweep113_r5_20260328_171213,7.5,10.0,ok,3.2715631480443443,1000,1000,1000,0,0.0,1.0,0.0,0.215852,0.18124,Advantage2_system1.13,2029,22,./penalty_sweep_qpu_v113/samples/3nq9_Kdist7.5_Kmono10.0/psweep113_r5_20260328_171213/3nq9_ligand_report.csv,./penalty_sweep_qpu_v113/samples/3nq9_Kdist7.5_Kmono10.0/psweep113_r5_20260328_171213/3nq9_ligand_samples.json,./penalty_sweep_qpu_v113/samples/3nq9_Kdist7.5_Kmono10.0/psweep113_r5_20260328_171213/result.json
3nq9,3nq9_Kdist7.5_Kmono11.0,psweep113_r5_20260328_171213,7.5,11.0,ok,4.36906403142181,1000,1000,1000,0,0.0,1.0,0.0,0.2164468,0.18184,Advantage2_system1.13,2086,25,./penalty_sweep_qpu_v113/samples/3nq9_Kdist7.5_Kmono11.0/psweep113_r5_20260328_171213/3nq9_ligand_report.csv,./penalty_sweep_qpu_v113/samples/3nq9_Kdist7.5_Kmono11.0/psweep113_r5_20260328_171213/3nq9_ligand_samples.json,./penalty_sweep_qpu_v113/samples/3nq9_Kdist7.5_Kmono11.0/psweep113_r5_20260328_171213/result.json
3nq9,3nq9_Kdist7.5_Kmono12.0,psweep113_r5_20260328_171213,7.5,12.0,ok,1.0042318253638716,1000,1000,1000,22,0.022,1.0,0.022,0.20699,0.17238,Advantage2_system1.13,2271,29,./penalty_sweep_qpu_v113/samples/3nq9_Kdist7.5_Kmono12.0/psweep113_r5_20260328_171213/3nq9_ligand_report.csv,./penalty_sweep_qpu_v113/samples/3nq9_Kdist7.5_Kmono12.0/psweep113_r5_20260328_171213/3nq9_ligand_samples.json,./penalty_sweep_qpu_v113/samples/3nq9_Kdist7.5_Kmono12.0/psweep113_r5_20260328_171213/result.json
3nq9,3nq9_Kdist7.5_Kmono13.0,psweep113_r5_20260328_171213,7.5,13.0,ok,3.511431869839021,1000,1000,1000,0,0.0,1.0,0.0,0.2048508,0.17024,Advantage2_system1.13,2131,26,./penalty_sweep_qpu_v113/samples/3nq9_Kdist7.5_Kmono13.0/psweep113_r5_20260328_171213/3nq9_ligand_report.csv,./penalty_sweep_qpu_v113/samples/3nq9_Kdist7.5_Kmono13.0/psweep113_r5_20260328_171213/3nq9_ligand_samples.json,./penalty_sweep_qpu_v113/samples/3nq9_Kdist7.5_Kmono13.0/psweep113_r5_20260328_171213/result.json
3nq9,3nq9_Kdist7.5_Kmono14.0,psweep113_r5_20260328_171213,7.5,14.0,ok,3.2321232968475213,1000,1000,1000,0,0.0,1.0,0.0,0.2119036,0.1773,Advantage2_system1.13,2101,26,./penalty_sweep_qpu_v113/samples/3nq9_Kdist7.5_Kmono14.0/psweep113_r5_20260328_171213/3nq9_ligand_report.csv,./penalty_sweep_qpu_v113/samples/3nq9_Kdist7.5_Kmono14.0/psweep113_r5_20260328_171213/3nq9_ligand_samples.json,./penalty_sweep_qpu_v113/samples/3nq9_Kdist7.5_Kmono14.0/psweep113_r5_20260328_171213/result.json
3nq9,3nq9_Kdist7.5_Kmono15.0,psweep113_r5_20260328_171213,7.5,15.0,ok,2.5584150495401046,1000,1000,1000,0,0.0,1.0,0.0,0.2077284,0.17312,Advantage2_system1.13,2174,27,./penalty_sweep_qpu_v113/samples/3nq9_Kdist7.5_Kmono15.0/psweep113_r5_20260328_171213/3nq9_ligand_report.csv,./penalty_sweep_qpu_v113/samples/3nq9_Kdist7.5_Kmono15.0/psweep113_r5_20260328_171213/3nq9_ligand_samples.json,./penalty_sweep_qpu_v113/samples/3nq9_Kdist7.5_Kmono15.0/psweep113_r5_20260328_171213/result.json
3nq9,3nq9_Kdist7.5_Kmono16.0,psweep113_r5_20260328_171213,7.5,16.0,ok,3.248764628779528,1000,1000,1000,0,0.0,1.0,0.0,0.2172252,0.18262,Advantage2_system1.13,2077,24,./penalty_sweep_qpu_v113/samples/3nq9_Kdist7.5_Kmono16.0/psweep113_r5_20260328_171213/3nq9_ligand_report.csv,./penalty_sweep_qpu_v113/samples/3nq9_Kdist7.5_Kmono16.0/psweep113_r5_20260328_171213/3nq9_ligand_samples.json,./penalty_sweep_qpu_v113/samples/3nq9_Kdist7.5_Kmono16.0/psweep113_r5_20260328_171213/result.json
3nq9,3nq9_Kdist7.5_Kmono17.0,psweep113_r5_20260328_171213,7.5,17.0,ok,2.4076793538192707,1000,1000,1000,0,0.0,1.0,0.0,0.217348,0.18274,Advantage2_system1.13,2120,24,./penalty_sweep_qpu_v113/samples/3nq9_Kdist7.5_Kmono17.0/psweep113_r5_20260328_171213/3nq9_ligand_report.csv,./penalty_sweep_qpu_v113/samples/3nq9_Kdist7.5_Kmono17.0/psweep113_r5_20260328_171213/3nq9_ligand_samples.json,./penalty_sweep_qpu_v113/samples/3nq9_Kdist7.5_Kmono17.0/psweep113_r5_20260328_171213/result.json
3nq9,3nq9_Kdist7.5_Kmono18.0,psweep113_r5_20260328_171213,7.5,18.0,ok,3.9709787980939573,1000,1000,1000,0,0.0,1.0,0.0,0.2060884,0.17148,Advantage2_system1.13,2097,25,./penalty_sweep_qpu_v113/samples/3nq9_Kdist7.5_Kmono18.0/psweep113_r5_20260328_171213/3nq9_ligand_report.csv,./penalty_sweep_qpu_v113/samples/3nq9_Kdist7.5_Kmono18.0/psweep113_r5_20260328_171213/3nq9_ligand_samples.json,./penalty_sweep_qpu_v113/samples/3nq9_Kdist7.5_Kmono18.0/psweep113_r5_20260328_171213/result.json
3nq9,3nq9_Kdist7.5_Kmono19.0,psweep113_r5_20260328_171213,7.5,19.0,ok,2.1537425972794275,1000,1000,1000,0,0.0,1.0,0.0,0.2059944,0.17138,Advantage2_system1.13,2161,26,./penalty_sweep_qpu_v113/samples/3nq9_Kdist7.5_Kmono19.0/psweep113_r5_20260328_171213/3nq9_ligand_report.csv,./penalty_sweep_qpu_v113/samples/3nq9_Kdist7.5_Kmono19.0/psweep113_r5_20260328_171213/3nq9_ligand_samples.json,./penalty_sweep_qpu_v113/samples/3nq9_Kdist7.5_Kmono19.0/psweep113_r5_20260328_171213/result.json
3nq9,3nq9_Kdist7.5_Kmono20.0,psweep113_r5_20260328_171213,7.5,20.0,ok,1.6308271252810225,1000,1000,1000,9,0.009,1.0,0.009,0.2200304,0.18542,Advantage2_system1.13,2325,29,./penalty_sweep_qpu_v113/samples/3nq9_Kdist7.5_Kmono20.0/psweep113_r5_20260328_171213/3nq9_ligand_report.csv,./penalty_sweep_qpu_v113/samples/3nq9_Kdist7.5_Kmono20.0/psweep113_r5_20260328_171213/3nq9_ligand_samples.json,./penalty_sweep_qpu_v113/samples/3nq9_Kdist7.5_Kmono20.0/psweep113_r5_20260328_171213/result.json
3nq9,3nq9_Kdist8.0_Kmono1.0,psweep113_r5_20260328_171213,8.0,1.0,ok,1.5744587452454646,1000,1000,1000,49,0.049,1.0,0.049,0.2061708,0.17156,Advantage2_system1.13,2039,24,./penalty_sweep_qpu_v113/samples/3nq9_Kdist8.0_Kmono1.0/psweep113_r5_20260328_171213/3nq9_ligand_report.csv,./penalty_sweep_qpu_v113/samples/3nq9_Kdist8.0_Kmono1.0/psweep113_r5_20260328_171213/3nq9_ligand_samples.json,./penalty_sweep_qpu_v113/samples/3nq9_Kdist8.0_Kmono1.0/psweep113_r5_20260328_171213/result.json
3nq9,3nq9_Kdist8.0_Kmono2.0,psweep113_r5_20260328_171213,8.0,2.0,ok,2.761227646649968,1000,1000,1000,0,0.0,1.0,0.0,0.2105944,0.17598,Advantage2_system1.13,2214,25,./penalty_sweep_qpu_v113/samples/3nq9_Kdist8.0_Kmono2.0/psweep113_r5_20260328_171213/3nq9_ligand_report.csv,./penalty_sweep_qpu_v113/samples/3nq9_Kdist8.0_Kmono2.0/psweep113_r5_20260328_171213/3nq9_ligand_samples.json,./penalty_sweep_qpu_v113/samples/3nq9_Kdist8.0_Kmono2.0/psweep113_r5_20260328_171213/result.json
3nq9,3nq9_Kdist8.0_Kmono3.0,psweep113_r5_20260328_171213,8.0,3.0,ok,4.556241211563072,1000,1000,1000,0,0.0,1.0,0.0,0.2162008,0.1816,Advantage2_system1.13,2075,27,./penalty_sweep_qpu_v113/samples/3nq9_Kdist8.0_Kmono3.0/psweep113_r5_20260328_171213/3nq9_ligand_report.csv,./penalty_sweep_qpu_v113/samples/3nq9_Kdist8.0_Kmono3.0/psweep113_r5_20260328_171213/3nq9_ligand_samples.json,./penalty_sweep_qpu_v113/samples/3nq9_Kdist8.0_Kmono3.0/psweep113_r5_20260328_171213/result.json
3nq9,3nq9_Kdist8.0_Kmono4.0,psweep113_r5_20260328_171213,8.0,4.0,ok,4.426629753618964,1000,1000,1000,0,0.0,1.0,0.0,0.20898360000000002,0.17438,Advantage2_system1.13,2262,27,./penalty_sweep_qpu_v113/samples/3nq9_Kdist8.0_Kmono4.0/psweep113_r5_20260328_171213/3nq9_ligand_report.csv,./penalty_sweep_qpu_v113/samples/3nq9_Kdist8.0_Kmono4.0/psweep113_r5_20260328_171213/3nq9_ligand_samples.json,./penalty_sweep_qpu_v113/samples/3nq9_Kdist8.0_Kmono4.0/psweep113_r5_20260328_171213/result.json
3nq9,3nq9_Kdist8.0_Kmono5.0,psweep113_r5_20260328_171213,8.0,5.0,ok,3.400733885456784,1000,1000,1000,0,0.0,1.0,0.0,0.2075868,0.17298,Advantage2_system1.13,2232,29,./penalty_sweep_qpu_v113/samples/3nq9_Kdist8.0_Kmono5.0/psweep113_r5_20260328_171213/3nq9_ligand_report.csv,./penalty_sweep_qpu_v113/samples/3nq9_Kdist8.0_Kmono5.0/psweep113_r5_20260328_171213/3nq9_ligand_samples.json,./penalty_sweep_qpu_v113/samples/3nq9_Kdist8.0_Kmono5.0/psweep113_r5_20260328_171213/result.json
3nq9,3nq9_Kdist8.0_Kmono6.0,psweep113_r5_20260328_171213,8.0,6.0,ok,2.819038216643648,1000,1000,1000,0,0.0,1.0,0.0,0.215058,0.18044,Advantage2_system1.13,2224,25,./penalty_sweep_qpu_v113/samples/3nq9_Kdist8.0_Kmono6.0/psweep113_r5_20260328_171213/3nq9_ligand_report.csv,./penalty_sweep_qpu_v113/samples/3nq9_Kdist8.0_Kmono6.0/psweep113_r5_20260328_171213/3nq9_ligand_samples.json,./penalty_sweep_qpu_v113/samples/3nq9_Kdist8.0_Kmono6.0/psweep113_r5_20260328_171213/result.json
3nq9,3nq9_Kdist8.0_Kmono7.0,psweep113_r5_20260328_171213,8.0,7.0,ok,5.538899902663725,1000,1000,1000,0,0.0,1.0,0.0,0.2097292,0.17512,Advantage2_system1.13,2064,24,./penalty_sweep_qpu_v113/samples/3nq9_Kdist8.0_Kmono7.0/psweep113_r5_20260328_171213/3nq9_ligand_report.csv,./penalty_sweep_qpu_v113/samples/3nq9_Kdist8.0_Kmono7.0/psweep113_r5_20260328_171213/3nq9_ligand_samples.json,./penalty_sweep_qpu_v113/samples/3nq9_Kdist8.0_Kmono7.0/psweep113_r5_20260328_171213/result.json
3nq9,3nq9_Kdist8.0_Kmono8.0,psweep113_r5_20260328_171213,8.0,8.0,ok,3.8565888500755796,1000,1000,1000,0,0.0,1.0,0.0,0.2108464,0.17624,Advantage2_system1.13,2063,25,./penalty_sweep_qpu_v113/samples/3nq9_Kdist8.0_Kmono8.0/psweep113_r5_20260328_171213/3nq9_ligand_report.csv,./penalty_sweep_qpu_v113/samples/3nq9_Kdist8.0_Kmono8.0/psweep113_r5_20260328_171213/3nq9_ligand_samples.json,./penalty_sweep_qpu_v113/samples/3nq9_Kdist8.0_Kmono8.0/psweep113_r5_20260328_171213/result.json
3nq9,3nq9_Kdist8.0_Kmono9.0,psweep113_r5_20260328_171213,8.0,9.0,ok,6.499378269128528,1000,1000,1000,0,0.0,1.0,0.0,0.20963120000000002,0.17502,Advantage2_system1.13,2350,27,./penalty_sweep_qpu_v113/samples/3nq9_Kdist8.0_Kmono9.0/psweep113_r5_20260328_171213/3nq9_ligand_report.csv,./penalty_sweep_qpu_v113/samples/3nq9_Kdist8.0_Kmono9.0/psweep113_r5_20260328_171213/3nq9_ligand_samples.json,./penalty_sweep_qpu_v113/samples/3nq9_Kdist8.0_Kmono9.0/psweep113_r5_20260328_171213/result.json
3nq9,3nq9_Kdist8.0_Kmono10.0,psweep113_r5_20260328_171213,8.0,10.0,ok,3.5852869176365965,1000,1000,1000,0,0.0,1.0,0.0,0.2162064,0.1816,Advantage2_system1.13,2230,28,./penalty_sweep_qpu_v113/samples/3nq9_Kdist8.0_Kmono10.0/psweep113_r5_20260328_171213/3nq9_ligand_report.csv,./penalty_sweep_qpu_v113/samples/3nq9_Kdist8.0_Kmono10.0/psweep113_r5_20260328_171213/3nq9_ligand_samples.json,./penalty_sweep_qpu_v113/samples/3nq9_Kdist8.0_Kmono10.0/psweep113_r5_20260328_171213/result.json
3nq9,3nq9_Kdist8.0_Kmono11.0,psweep113_r5_20260328_171213,8.0,11.0,ok,2.039299424099402,1000,1000,1000,0,0.0,1.0,0.0,0.214026,0.17942,Advantage2_system1.13,2039,23,./penalty_sweep_qpu_v113/samples/3nq9_Kdist8.0_Kmono11.0/psweep113_r5_20260328_171213/3nq9_ligand_report.csv,./penalty_sweep_qpu_v113/samples/3nq9_Kdist8.0_Kmono11.0/psweep113_r5_20260328_171213/3nq9_ligand_samples.json,./penalty_sweep_qpu_v113/samples/3nq9_Kdist8.0_Kmono11.0/psweep113_r5_20260328_171213/result.json
3nq9,3nq9_Kdist8.0_Kmono12.0,psweep113_r5_20260328_171213,8.0,12.0,ok,3.928249532206389,1000,1000,1000,0,0.0,1.0,0.0,0.2071704,0.17256,Advantage2_system1.13,2179,25,./penalty_sweep_qpu_v113/samples/3nq9_Kdist8.0_Kmono12.0/psweep113_r5_20260328_171213/3nq9_ligand_report.csv,./penalty_sweep_qpu_v113/samples/3nq9_Kdist8.0_Kmono12.0/psweep113_r5_20260328_171213/3nq9_ligand_samples.json,./penalty_sweep_qpu_v113/samples/3nq9_Kdist8.0_Kmono12.0/psweep113_r5_20260328_171213/result.json
3nq9,3nq9_Kdist8.0_Kmono13.0,psweep113_r5_20260328_171213,8.0,13.0,ok,4.108382915653096,1000,1000,1000,0,0.0,1.0,0.0,0.21789,0.18328,Advantage2_system1.13,2010,24,./penalty_sweep_qpu_v113/samples/3nq9_Kdist8.0_Kmono13.0/psweep113_r5_20260328_171213/3nq9_ligand_report.csv,./penalty_sweep_qpu_v113/samples/3nq9_Kdist8.0_Kmono13.0/psweep113_r5_20260328_171213/3nq9_ligand_samples.json,./penalty_sweep_qpu_v113/samples/3nq9_Kdist8.0_Kmono13.0/psweep113_r5_20260328_171213/result.json
3nq9,3nq9_Kdist8.0_Kmono14.0,psweep113_r5_20260328_171213,8.0,14.0,ok,1.7913163735051647,1000,1000,1000,2,0.002,1.0,0.002,0.2100264,0.17542,Advantage2_system1.13,2326,27,./penalty_sweep_qpu_v113/samples/3nq9_Kdist8.0_Kmono14.0/psweep113_r5_20260328_171213/3nq9_ligand_report.csv,./penalty_sweep_qpu_v113/samples/3nq9_Kdist8.0_Kmono14.0/psweep113_r5_20260328_171213/3nq9_ligand_samples.json,./penalty_sweep_qpu_v113/samples/3nq9_Kdist8.0_Kmono14.0/psweep113_r5_20260328_171213/result.json
3nq9,3nq9_Kdist8.0_Kmono15.0,psweep113_r5_20260328_171213,8.0,15.0,ok,3.5756668062682033,1000,1000,1000,0,0.0,1.0,0.0,0.2076544,0.17306,Advantage2_system1.13,1907,22,./penalty_sweep_qpu_v113/samples/3nq9_Kdist8.0_Kmono15.0/psweep113_r5_20260328_171213/3nq9_ligand_report.csv,./penalty_sweep_qpu_v113/samples/3nq9_Kdist8.0_Kmono15.0/psweep113_r5_20260328_171213/3nq9_ligand_samples.json,./penalty_sweep_qpu_v113/samples/3nq9_Kdist8.0_Kmono15.0/psweep113_r5_20260328_171213/result.json
3nq9,3nq9_Kdist8.0_Kmono16.0,psweep113_r5_20260328_171213,8.0,16.0,ok,2.120945939053972,1000,1000,1000,0,0.0,1.0,0.0,0.2085928,0.17398,Advantage2_system1.13,2208,26,./penalty_sweep_qpu_v113/samples/3nq9_Kdist8.0_Kmono16.0/psweep113_r5_20260328_171213/3nq9_ligand_report.csv,./penalty_sweep_qpu_v113/samples/3nq9_Kdist8.0_Kmono16.0/psweep113_r5_20260328_171213/3nq9_ligand_samples.json,./penalty_sweep_qpu_v113/samples/3nq9_Kdist8.0_Kmono16.0/psweep113_r5_20260328_171213/result.json
3nq9,3nq9_Kdist8.0_Kmono17.0,psweep113_r5_20260328_171213,8.0,17.0,ok,2.9192965329327376,1000,1000,1000,0,0.0,1.0,0.0,0.2118484,0.17724,Advantage2_system1.13,2137,25,./penalty_sweep_qpu_v113/samples/3nq9_Kdist8.0_Kmono17.0/psweep113_r5_20260328_171213/3nq9_ligand_report.csv,./penalty_sweep_qpu_v113/samples/3nq9_Kdist8.0_Kmono17.0/psweep113_r5_20260328_171213/3nq9_ligand_samples.json,./penalty_sweep_qpu_v113/samples/3nq9_Kdist8.0_Kmono17.0/psweep113_r5_20260328_171213/result.json
3nq9,3nq9_Kdist8.0_Kmono18.0,psweep113_r5_20260328_171213,8.0,18.0,ok,1.4121154261508944,1000,1000,1000,6,0.006,1.0,0.006,0.20873,0.17412,Advantage2_system1.13,2200,27,./penalty_sweep_qpu_v113/samples/3nq9_Kdist8.0_Kmono18.0/psweep113_r5_20260328_171213/3nq9_ligand_report.csv,./penalty_sweep_qpu_v113/samples/3nq9_Kdist8.0_Kmono18.0/psweep113_r5_20260328_171213/3nq9_ligand_samples.json,./penalty_sweep_qpu_v113/samples/3nq9_Kdist8.0_Kmono18.0/psweep113_r5_20260328_171213/result.json
3nq9,3nq9_Kdist8.0_Kmono19.0,psweep113_r5_20260328_171213,8.0,19.0,ok,2.304885062373965,1000,1000,1000,0,0.0,1.0,0.0,0.20949120000000002,0.17488,Advantage2_system1.13,2212,26,./penalty_sweep_qpu_v113/samples/3nq9_Kdist8.0_Kmono19.0/psweep113_r5_20260328_171213/3nq9_ligand_report.csv,./penalty_sweep_qpu_v113/samples/3nq9_Kdist8.0_Kmono19.0/psweep113_r5_20260328_171213/3nq9_ligand_samples.json,./penalty_sweep_qpu_v113/samples/3nq9_Kdist8.0_Kmono19.0/psweep113_r5_20260328_171213/result.json
3nq9,3nq9_Kdist8.0_Kmono20.0,psweep113_r5_20260328_171213,8.0,20.0,ok,4.011966914168163,1000,1000,1000,0,0.0,1.0,0.0,0.2159516,0.18134,Advantage2_system1.13,2135,25,./penalty_sweep_qpu_v113/samples/3nq9_Kdist8.0_Kmono20.0/psweep113_r5_20260328_171213/3nq9_ligand_report.csv,./penalty_sweep_qpu_v113/samples/3nq9_Kdist8.0_Kmono20.0/psweep113_r5_20260328_171213/3nq9_ligand_samples.json,./penalty_sweep_qpu_v113/samples/3nq9_Kdist8.0_Kmono20.0/psweep113_r5_20260328_171213/result.json
3nq9,3nq9_Kdist8.5_Kmono1.0,psweep113_r5_20260328_171213,8.5,1.0,ok,1.9686036833291805,1000,1000,1000,1,0.001,1.0,0.001,0.209948,0.17534,Advantage2_system1.13,2113,25,./penalty_sweep_qpu_v113/samples/3nq9_Kdist8.5_Kmono1.0/psweep113_r5_20260328_171213/3nq9_ligand_report.csv,./penalty_sweep_qpu_v113/samples/3nq9_Kdist8.5_Kmono1.0/psweep113_r5_20260328_171213/3nq9_ligand_samples.json,./penalty_sweep_qpu_v113/samples/3nq9_Kdist8.5_Kmono1.0/psweep113_r5_20260328_171213/result.json
3nq9,3nq9_Kdist8.5_Kmono2.0,psweep113_r5_20260328_171213,8.5,2.0,ok,2.2977748682621453,1000,1000,1000,0,0.0,1.0,0.0,0.215316,0.1807,Advantage2_system1.13,2355,28,./penalty_sweep_qpu_v113/samples/3nq9_Kdist8.5_Kmono2.0/psweep113_r5_20260328_171213/3nq9_ligand_report.csv,./penalty_sweep_qpu_v113/samples/3nq9_Kdist8.5_Kmono2.0/psweep113_r5_20260328_171213/3nq9_ligand_samples.json,./penalty_sweep_qpu_v113/samples/3nq9_Kdist8.5_Kmono2.0/psweep113_r5_20260328_171213/result.json
3nq9,3nq9_Kdist8.5_Kmono3.0,psweep113_r5_20260328_171213,8.5,3.0,ok,2.180402371248796,1000,1000,1000,0,0.0,1.0,0.0,0.2064904,0.17188,Advantage2_system1.13,2163,26,./penalty_sweep_qpu_v113/samples/3nq9_Kdist8.5_Kmono3.0/psweep113_r5_20260328_171213/3nq9_ligand_report.csv,./penalty_sweep_qpu_v113/samples/3nq9_Kdist8.5_Kmono3.0/psweep113_r5_20260328_171213/3nq9_ligand_samples.json,./penalty_sweep_qpu_v113/samples/3nq9_Kdist8.5_Kmono3.0/psweep113_r5_20260328_171213/result.json
3nq9,3nq9_Kdist8.5_Kmono4.0,psweep113_r5_20260328_171213,8.5,4.0,ok,0.937537277275358,1000,1000,1000,50,0.05,1.0,0.05,0.2031656,0.16856,Advantage2_system1.13,1935,23,./penalty_sweep_qpu_v113/samples/3nq9_Kdist8.5_Kmono4.0/psweep113_r5_20260328_171213/3nq9_ligand_report.csv,./penalty_sweep_qpu_v113/samples/3nq9_Kdist8.5_Kmono4.0/psweep113_r5_20260328_171213/3nq9_ligand_samples.json,./penalty_sweep_qpu_v113/samples/3nq9_Kdist8.5_Kmono4.0/psweep113_r5_20260328_171213/result.json
3nq9,3nq9_Kdist8.5_Kmono5.0,psweep113_r5_20260328_171213,8.5,5.0,ok,2.564233433002003,1000,1000,1000,0,0.0,1.0,0.0,0.206354,0.17174,Advantage2_system1.13,2212,27,./penalty_sweep_qpu_v113/samples/3nq9_Kdist8.5_Kmono5.0/psweep113_r5_20260328_171213/3nq9_ligand_report.csv,./penalty_sweep_qpu_v113/samples/3nq9_Kdist8.5_Kmono5.0/psweep113_r5_20260328_171213/3nq9_ligand_samples.json,./penalty_sweep_qpu_v113/samples/3nq9_Kdist8.5_Kmono5.0/psweep113_r5_20260328_171213/result.json
3nq9,3nq9_Kdist8.5_Kmono6.0,psweep113_r5_20260328_171213,8.5,6.0,ok,6.05933808455231,1000,1000,1000,0,0.0,1.0,0.0,0.20698239999999998,0.17238,Advantage2_system1.13,2092,24,./penalty_sweep_qpu_v113/samples/3nq9_Kdist8.5_Kmono6.0/psweep113_r5_20260328_171213/3nq9_ligand_report.csv,./penalty_sweep_qpu_v113/samples/3nq9_Kdist8.5_Kmono6.0/psweep113_r5_20260328_171213/3nq9_ligand_samples.json,./penalty_sweep_qpu_v113/samples/3nq9_Kdist8.5_Kmono6.0/psweep113_r5_20260328_171213/result.json
3nq9,3nq9_Kdist8.5_Kmono7.0,psweep113_r5_20260328_171213,8.5,7.0,ok,3.5589964154704474,1000,1000,1000,0,0.0,1.0,0.0,0.20503839999999998,0.17044,Advantage2_system1.13,2009,24,./penalty_sweep_qpu_v113/samples/3nq9_Kdist8.5_Kmono7.0/psweep113_r5_20260328_171213/3nq9_ligand_report.csv,./penalty_sweep_qpu_v113/samples/3nq9_Kdist8.5_Kmono7.0/psweep113_r5_20260328_171213/3nq9_ligand_samples.json,./penalty_sweep_qpu_v113/samples/3nq9_Kdist8.5_Kmono7.0/psweep113_r5_20260328_171213/result.json
3nq9,3nq9_Kdist8.5_Kmono8.0,psweep113_r5_20260328_171213,8.5,8.0,ok,4.954185354773354,1000,1000,1000,0,0.0,1.0,0.0,0.2104016,0.1758,Advantage2_system1.13,2035,23,./penalty_sweep_qpu_v113/samples/3nq9_Kdist8.5_Kmono8.0/psweep113_r5_20260328_171213/3nq9_ligand_report.csv,./penalty_sweep_qpu_v113/samples/3nq9_Kdist8.5_Kmono8.0/psweep113_r5_20260328_171213/3nq9_ligand_samples.json,./penalty_sweep_qpu_v113/samples/3nq9_Kdist8.5_Kmono8.0/psweep113_r5_20260328_171213/result.json
3nq9,3nq9_Kdist8.5_Kmono9.0,psweep113_r5_20260328_171213,8.5,9.0,ok,3.2115517826395017,1000,1000,1000,0,0.0,1.0,0.0,0.2174516,0.18284,Advantage2_system1.13,2809,32,./penalty_sweep_qpu_v113/samples/3nq9_Kdist8.5_Kmono9.0/psweep113_r5_20260328_171213/3nq9_ligand_report.csv,./penalty_sweep_qpu_v113/samples/3nq9_Kdist8.5_Kmono9.0/psweep113_r5_20260328_171213/3nq9_ligand_samples.json,./penalty_sweep_qpu_v113/samples/3nq9_Kdist8.5_Kmono9.0/psweep113_r5_20260328_171213/result.json
3nq9,3nq9_Kdist8.5_Kmono10.0,psweep113_r5_20260328_171213,8.5,10.0,ok,3.086298732515774,1000,1000,1000,0,0.0,1.0,0.0,0.209118,0.17452,Advantage2_system1.13,1938,22,./penalty_sweep_qpu_v113/samples/3nq9_Kdist8.5_Kmono10.0/psweep113_r5_20260328_171213/3nq9_ligand_report.csv,./penalty_sweep_qpu_v113/samples/3nq9_Kdist8.5_Kmono10.0/psweep113_r5_20260328_171213/3nq9_ligand_samples.json,./penalty_sweep_qpu_v113/samples/3nq9_Kdist8.5_Kmono10.0/psweep113_r5_20260328_171213/result.json
3nq9,3nq9_Kdist8.5_Kmono11.0,psweep113_r5_20260328_171213,8.5,11.0,ok,2.7276523408537283,1000,1000,1000,0,0.0,1.0,0.0,0.1994424,0.16484,Advantage2_system1.13,2039,24,./penalty_sweep_qpu_v113/samples/3nq9_Kdist8.5_Kmono11.0/psweep113_r5_20260328_171213/3nq9_ligand_report.csv,./penalty_sweep_qpu_v113/samples/3nq9_Kdist8.5_Kmono11.0/psweep113_r5_20260328_171213/3nq9_ligand_samples.json,./penalty_sweep_qpu_v113/samples/3nq9_Kdist8.5_Kmono11.0/psweep113_r5_20260328_171213/result.json
3nq9,3nq9_Kdist8.5_Kmono12.0,psweep113_r5_20260328_171213,8.5,12.0,ok,1.8377169227195718,1000,1000,1000,4,0.004,1.0,0.004,0.2079036,0.1733,Advantage2_system1.13,2082,24,./penalty_sweep_qpu_v113/samples/3nq9_Kdist8.5_Kmono12.0/psweep113_r5_20260328_171213/3nq9_ligand_report.csv,./penalty_sweep_qpu_v113/samples/3nq9_Kdist8.5_Kmono12.0/psweep113_r5_20260328_171213/3nq9_ligand_samples.json,./penalty_sweep_qpu_v113/samples/3nq9_Kdist8.5_Kmono12.0/psweep113_r5_20260328_171213/result.json
3nq9,3nq9_Kdist8.5_Kmono13.0,psweep113_r5_20260328_171213,8.5,13.0,ok,1.602343074257675,1000,1000,1000,66,0.066,1.0,0.066,0.2068084,0.1722,Advantage2_system1.13,1993,23,./penalty_sweep_qpu_v113/samples/3nq9_Kdist8.5_Kmono13.0/psweep113_r5_20260328_171213/3nq9_ligand_report.csv,./penalty_sweep_qpu_v113/samples/3nq9_Kdist8.5_Kmono13.0/psweep113_r5_20260328_171213/3nq9_ligand_samples.json,./penalty_sweep_qpu_v113/samples/3nq9_Kdist8.5_Kmono13.0/psweep113_r5_20260328_171213/result.json
3nq9,3nq9_Kdist8.5_Kmono14.0,psweep113_r5_20260328_171213,8.5,14.0,ok,1.659975942036209,1000,1000,1000,1,0.001,1.0,0.001,0.2142656,0.17966,Advantage2_system1.13,2058,25,./penalty_sweep_qpu_v113/samples/3nq9_Kdist8.5_Kmono14.0/psweep113_r5_20260328_171213/3nq9_ligand_report.csv,./penalty_sweep_qpu_v113/samples/3nq9_Kdist8.5_Kmono14.0/psweep113_r5_20260328_171213/3nq9_ligand_samples.json,./penalty_sweep_qpu_v113/samples/3nq9_Kdist8.5_Kmono14.0/psweep113_r5_20260328_171213/result.json
3nq9,3nq9_Kdist8.5_Kmono15.0,psweep113_r5_20260328_171213,8.5,15.0,ok,2.7014886011644483,1000,1000,1000,0,0.0,1.0,0.0,0.211586,0.17698,Advantage2_system1.13,2096,25,./penalty_sweep_qpu_v113/samples/3nq9_Kdist8.5_Kmono15.0/psweep113_r5_20260328_171213/3nq9_ligand_report.csv,./penalty_sweep_qpu_v113/samples/3nq9_Kdist8.5_Kmono15.0/psweep113_r5_20260328_171213/3nq9_ligand_samples.json,./penalty_sweep_qpu_v113/samples/3nq9_Kdist8.5_Kmono15.0/psweep113_r5_20260328_171213/result.json
3nq9,3nq9_Kdist8.5_Kmono16.0,psweep113_r5_20260328_171213,8.5,16.0,ok,4.333457176207943,1000,1000,1000,0,0.0,1.0,0.0,0.2063524,0.17174,Advantage2_system1.13,2413,29,./penalty_sweep_qpu_v113/samples/3nq9_Kdist8.5_Kmono16.0/psweep113_r5_20260328_171213/3nq9_ligand_report.csv,./penalty_sweep_qpu_v113/samples/3nq9_Kdist8.5_Kmono16.0/psweep113_r5_20260328_171213/3nq9_ligand_samples.json,./penalty_sweep_qpu_v113/samples/3nq9_Kdist8.5_Kmono16.0/psweep113_r5_20260328_171213/result.json
3nq9,3nq9_Kdist8.5_Kmono17.0,psweep113_r5_20260328_171213,8.5,17.0,ok,2.61200126639315,1000,1000,1000,0,0.0,1.0,0.0,0.2049516,0.17034,Advantage2_system1.13,2007,23,./penalty_sweep_qpu_v113/samples/3nq9_Kdist8.5_Kmono17.0/psweep113_r5_20260328_171213/3nq9_ligand_report.csv,./penalty_sweep_qpu_v113/samples/3nq9_Kdist8.5_Kmono17.0/psweep113_r5_20260328_171213/3nq9_ligand_samples.json,./penalty_sweep_qpu_v113/samples/3nq9_Kdist8.5_Kmono17.0/psweep113_r5_20260328_171213/result.json
3nq9,3nq9_Kdist8.5_Kmono18.0,psweep113_r5_20260328_171213,8.5,18.0,ok,1.580830531324215,1000,1000,1000,163,0.163,1.0,0.163,0.2135204,0.17892,Advantage2_system1.13,2052,24,./penalty_sweep_qpu_v113/samples/3nq9_Kdist8.5_Kmono18.0/psweep113_r5_20260328_171213/3nq9_ligand_report.csv,./penalty_sweep_qpu_v113/samples/3nq9_Kdist8.5_Kmono18.0/psweep113_r5_20260328_171213/3nq9_ligand_samples.json,./penalty_sweep_qpu_v113/samples/3nq9_Kdist8.5_Kmono18.0/psweep113_r5_20260328_171213/result.json
3nq9,3nq9_Kdist8.5_Kmono19.0,psweep113_r5_20260328_171213,8.5,19.0,ok,4.686465823619891,1000,1000,1000,0,0.0,1.0,0.0,0.21276520000000002,0.17816,Advantage2_system1.13,2065,24,./penalty_sweep_qpu_v113/samples/3nq9_Kdist8.5_Kmono19.0/psweep113_r5_20260328_171213/3nq9_ligand_report.csv,./penalty_sweep_qpu_v113/samples/3nq9_Kdist8.5_Kmono19.0/psweep113_r5_20260328_171213/3nq9_ligand_samples.json,./penalty_sweep_qpu_v113/samples/3nq9_Kdist8.5_Kmono19.0/psweep113_r5_20260328_171213/result.json
3nq9,3nq9_Kdist8.5_Kmono20.0,psweep113_r5_20260328_171213,8.5,20.0,ok,1.537103544034076,1000,1000,1000,5,0.005,1.0,0.005,0.207988,0.17338,Advantage2_system1.13,2237,26,./penalty_sweep_qpu_v113/samples/3nq9_Kdist8.5_Kmono20.0/psweep113_r5_20260328_171213/3nq9_ligand_report.csv,./penalty_sweep_qpu_v113/samples/3nq9_Kdist8.5_Kmono20.0/psweep113_r5_20260328_171213/3nq9_ligand_samples.json,./penalty_sweep_qpu_v113/samples/3nq9_Kdist8.5_Kmono20.0/psweep113_r5_20260328_171213/result.json
3nq9,3nq9_Kdist9.0_Kmono1.0,psweep113_r5_20260328_171213,9.0,1.0,ok,4.43545781969521,1000,1000,1000,0,0.0,1.0,0.0,0.2123864,0.17778,Advantage2_system1.13,2393,30,./penalty_sweep_qpu_v113/samples/3nq9_Kdist9.0_Kmono1.0/psweep113_r5_20260328_171213/3nq9_ligand_report.csv,./penalty_sweep_qpu_v113/samples/3nq9_Kdist9.0_Kmono1.0/psweep113_r5_20260328_171213/3nq9_ligand_samples.json,./penalty_sweep_qpu_v113/samples/3nq9_Kdist9.0_Kmono1.0/psweep113_r5_20260328_171213/result.json
3nq9,3nq9_Kdist9.0_Kmono2.0,psweep113_r5_20260328_171213,9.0,2.0,ok,3.59904787690114,1000,1000,1000,0,0.0,1.0,0.0,0.214842,0.18024,Advantage2_system1.13,1939,23,./penalty_sweep_qpu_v113/samples/3nq9_Kdist9.0_Kmono2.0/psweep113_r5_20260328_171213/3nq9_ligand_report.csv,./penalty_sweep_qpu_v113/samples/3nq9_Kdist9.0_Kmono2.0/psweep113_r5_20260328_171213/3nq9_ligand_samples.json,./penalty_sweep_qpu_v113/samples/3nq9_Kdist9.0_Kmono2.0/psweep113_r5_20260328_171213/result.json
3nq9,3nq9_Kdist9.0_Kmono3.0,psweep113_r5_20260328_171213,9.0,3.0,ok,2.270235275418271,1000,1000,1000,0,0.0,1.0,0.0,0.2150512,0.18044,Advantage2_system1.13,2216,25,./penalty_sweep_qpu_v113/samples/3nq9_Kdist9.0_Kmono3.0/psweep113_r5_20260328_171213/3nq9_ligand_report.csv,./penalty_sweep_qpu_v113/samples/3nq9_Kdist9.0_Kmono3.0/psweep113_r5_20260328_171213/3nq9_ligand_samples.json,./penalty_sweep_qpu_v113/samples/3nq9_Kdist9.0_Kmono3.0/psweep113_r5_20260328_171213/result.json
3nq9,3nq9_Kdist9.0_Kmono4.0,psweep113_r5_20260328_171213,9.0,4.0,ok,2.9107558781726954,1000,1000,1000,0,0.0,1.0,0.0,0.2153016,0.1807,Advantage2_system1.13,2043,24,./penalty_sweep_qpu_v113/samples/3nq9_Kdist9.0_Kmono4.0/psweep113_r5_20260328_171213/3nq9_ligand_report.csv,./penalty_sweep_qpu_v113/samples/3nq9_Kdist9.0_Kmono4.0/psweep113_r5_20260328_171213/3nq9_ligand_samples.json,./penalty_sweep_qpu_v113/samples/3nq9_Kdist9.0_Kmono4.0/psweep113_r5_20260328_171213/result.json
3nq9,3nq9_Kdist9.0_Kmono5.0,psweep113_r5_20260328_171213,9.0,5.0,ok,2.9385532740100486,1000,1000,1000,0,0.0,1.0,0.0,0.20913320000000002,0.17452,Advantage2_system1.13,2205,24,./penalty_sweep_qpu_v113/samples/3nq9_Kdist9.0_Kmono5.0/psweep113_r5_20260328_171213/3nq9_ligand_report.csv,./penalty_sweep_qpu_v113/samples/3nq9_Kdist9.0_Kmono5.0/psweep113_r5_20260328_171213/3nq9_ligand_samples.json,./penalty_sweep_qpu_v113/samples/3nq9_Kdist9.0_Kmono5.0/psweep113_r5_20260328_171213/result.json
3nq9,3nq9_Kdist9.0_Kmono6.0,psweep113_r5_20260328_171213,9.0,6.0,ok,5.986993456273525,1000,1000,1000,0,0.0,1.0,0.0,0.20773160000000002,0.17312,Advantage2_system1.13,2210,27,./penalty_sweep_qpu_v113/samples/3nq9_Kdist9.0_Kmono6.0/psweep113_r5_20260328_171213/3nq9_ligand_report.csv,./penalty_sweep_qpu_v113/samples/3nq9_Kdist9.0_Kmono6.0/psweep113_r5_20260328_171213/3nq9_ligand_samples.json,./penalty_sweep_qpu_v113/samples/3nq9_Kdist9.0_Kmono6.0/psweep113_r5_20260328_171213/result.json
3nq9,3nq9_Kdist9.0_Kmono7.0,psweep113_r5_20260328_171213,9.0,7.0,ok,5.3105885097628125,1000,1000,1000,0,0.0,1.0,0.0,0.21354,0.17894,Advantage2_system1.13,1998,23,./penalty_sweep_qpu_v113/samples/3nq9_Kdist9.0_Kmono7.0/psweep113_r5_20260328_171213/3nq9_ligand_report.csv,./penalty_sweep_qpu_v113/samples/3nq9_Kdist9.0_Kmono7.0/psweep113_r5_20260328_171213/3nq9_ligand_samples.json,./penalty_sweep_qpu_v113/samples/3nq9_Kdist9.0_Kmono7.0/psweep113_r5_20260328_171213/result.json
3nq9,3nq9_Kdist9.0_Kmono8.0,psweep113_r5_20260328_171213,9.0,8.0,ok,3.9994317519964726,1000,1000,1000,0,0.0,1.0,0.0,0.20813279999999998,0.17352,Advantage2_system1.13,2066,24,./penalty_sweep_qpu_v113/samples/3nq9_Kdist9.0_Kmono8.0/psweep113_r5_20260328_171213/3nq9_ligand_report.csv,./penalty_sweep_qpu_v113/samples/3nq9_Kdist9.0_Kmono8.0/psweep113_r5_20260328_171213/3nq9_ligand_samples.json,./penalty_sweep_qpu_v113/samples/3nq9_Kdist9.0_Kmono8.0/psweep113_r5_20260328_171213/result.json
3nq9,3nq9_Kdist9.0_Kmono9.0,psweep113_r5_20260328_171213,9.0,9.0,ok,4.200894661502433,1000,1000,1000,0,0.0,1.0,0.0,0.2050504,0.17044,Advantage2_system1.13,2092,24,./penalty_sweep_qpu_v113/samples/3nq9_Kdist9.0_Kmono9.0/psweep113_r5_20260328_171213/3nq9_ligand_report.csv,./penalty_sweep_qpu_v113/samples/3nq9_Kdist9.0_Kmono9.0/psweep113_r5_20260328_171213/3nq9_ligand_samples.json,./penalty_sweep_qpu_v113/samples/3nq9_Kdist9.0_Kmono9.0/psweep113_r5_20260328_171213/result.json
3nq9,3nq9_Kdist9.0_Kmono10.0,psweep113_r5_20260328_171213,9.0,10.0,ok,1.8940905315769465,1000,1000,1000,2,0.002,1.0,0.002,0.2073452,0.17274,Advantage2_system1.13,1966,22,./penalty_sweep_qpu_v113/samples/3nq9_Kdist9.0_Kmono10.0/psweep113_r5_20260328_171213/3nq9_ligand_report.csv,./penalty_sweep_qpu_v113/samples/3nq9_Kdist9.0_Kmono10.0/psweep113_r5_20260328_171213/3nq9_ligand_samples.json,./penalty_sweep_qpu_v113/samples/3nq9_Kdist9.0_Kmono10.0/psweep113_r5_20260328_171213/result.json
3nq9,3nq9_Kdist9.0_Kmono11.0,psweep113_r5_20260328_171213,9.0,11.0,ok,2.589559596280707,1000,1000,1000,0,0.0,1.0,0.0,0.2063524,0.17174,Advantage2_system1.13,2128,27,./penalty_sweep_qpu_v113/samples/3nq9_Kdist9.0_Kmono11.0/psweep113_r5_20260328_171213/3nq9_ligand_report.csv,./penalty_sweep_qpu_v113/samples/3nq9_Kdist9.0_Kmono11.0/psweep113_r5_20260328_171213/3nq9_ligand_samples.json,./penalty_sweep_qpu_v113/samples/3nq9_Kdist9.0_Kmono11.0/psweep113_r5_20260328_171213/result.json
3nq9,3nq9_Kdist9.0_Kmono12.0,psweep113_r5_20260328_171213,9.0,12.0,ok,3.013296364590992,1000,1000,1000,0,0.0,1.0,0.0,0.2066208,0.17202,Advantage2_system1.13,2134,25,./penalty_sweep_qpu_v113/samples/3nq9_Kdist9.0_Kmono12.0/psweep113_r5_20260328_171213/3nq9_ligand_report.csv,./penalty_sweep_qpu_v113/samples/3nq9_Kdist9.0_Kmono12.0/psweep113_r5_20260328_171213/3nq9_ligand_samples.json,./penalty_sweep_qpu_v113/samples/3nq9_Kdist9.0_Kmono12.0/psweep113_r5_20260328_171213/result.json
3nq9,3nq9_Kdist9.0_Kmono13.0,psweep113_r5_20260328_171213,9.0,13.0,ok,2.680034806090601,1000,1000,1000,0,0.0,1.0,0.0,0.207848,0.17324,Advantage2_system1.13,1974,23,./penalty_sweep_qpu_v113/samples/3nq9_Kdist9.0_Kmono13.0/psweep113_r5_20260328_171213/3nq9_ligand_report.csv,./penalty_sweep_qpu_v113/samples/3nq9_Kdist9.0_Kmono13.0/psweep113_r5_20260328_171213/3nq9_ligand_samples.json,./penalty_sweep_qpu_v113/samples/3nq9_Kdist9.0_Kmono13.0/psweep113_r5_20260328_171213/result.json
3nq9,3nq9_Kdist9.0_Kmono14.0,psweep113_r5_20260328_171213,9.0,14.0,ok,5.434692053025573,1000,1000,1000,0,0.0,1.0,0.0,0.20684360000000002,0.17224,Advantage2_system1.13,1949,22,./penalty_sweep_qpu_v113/samples/3nq9_Kdist9.0_Kmono14.0/psweep113_r5_20260328_171213/3nq9_ligand_report.csv,./penalty_sweep_qpu_v113/samples/3nq9_Kdist9.0_Kmono14.0/psweep113_r5_20260328_171213/3nq9_ligand_samples.json,./penalty_sweep_qpu_v113/samples/3nq9_Kdist9.0_Kmono14.0/psweep113_r5_20260328_171213/result.json
3nq9,3nq9_Kdist9.0_Kmono15.0,psweep113_r5_20260328_171213,9.0,15.0,ok,4.320357882361644,1000,1000,1000,0,0.0,1.0,0.0,0.211204,0.1766,Advantage2_system1.13,2037,24,./penalty_sweep_qpu_v113/samples/3nq9_Kdist9.0_Kmono15.0/psweep113_r5_20260328_171213/3nq9_ligand_report.csv,./penalty_sweep_qpu_v113/samples/3nq9_Kdist9.0_Kmono15.0/psweep113_r5_20260328_171213/3nq9_ligand_samples.json,./penalty_sweep_qpu_v113/samples/3nq9_Kdist9.0_Kmono15.0/psweep113_r5_20260328_171213/result.json
3nq9,3nq9_Kdist9.0_Kmono16.0,psweep113_r5_20260328_171213,9.0,16.0,ok,5.257505724749031,1000,1000,1000,0,0.0,1.0,0.0,0.21684679999999998,0.18224,Advantage2_system1.13,2404,28,./penalty_sweep_qpu_v113/samples/3nq9_Kdist9.0_Kmono16.0/psweep113_r5_20260328_171213/3nq9_ligand_report.csv,./penalty_sweep_qpu_v113/samples/3nq9_Kdist9.0_Kmono16.0/psweep113_r5_20260328_171213/3nq9_ligand_samples.json,./penalty_sweep_qpu_v113/samples/3nq9_Kdist9.0_Kmono16.0/psweep113_r5_20260328_171213/result.json
3nq9,3nq9_Kdist9.0_Kmono17.0,psweep113_r5_20260328_171213,9.0,17.0,ok,3.095478533948533,1000,1000,1000,0,0.0,1.0,0.0,0.2158148,0.1812,Advantage2_system1.13,2069,25,./penalty_sweep_qpu_v113/samples/3nq9_Kdist9.0_Kmono17.0/psweep113_r5_20260328_171213/3nq9_ligand_report.csv,./penalty_sweep_qpu_v113/samples/3nq9_Kdist9.0_Kmono17.0/psweep113_r5_20260328_171213/3nq9_ligand_samples.json,./penalty_sweep_qpu_v113/samples/3nq9_Kdist9.0_Kmono17.0/psweep113_r5_20260328_171213/result.json
3nq9,3nq9_Kdist9.0_Kmono18.0,psweep113_r5_20260328_171213,9.0,18.0,ok,1.9431621176209188,1000,1000,1000,1,0.001,1.0,0.001,0.20434839999999999,0.16974,Advantage2_system1.13,2369,30,./penalty_sweep_qpu_v113/samples/3nq9_Kdist9.0_Kmono18.0/psweep113_r5_20260328_171213/3nq9_ligand_report.csv,./penalty_sweep_qpu_v113/samples/3nq9_Kdist9.0_Kmono18.0/psweep113_r5_20260328_171213/3nq9_ligand_samples.json,./penalty_sweep_qpu_v113/samples/3nq9_Kdist9.0_Kmono18.0/psweep113_r5_20260328_171213/result.json
3nq9,3nq9_Kdist9.0_Kmono19.0,psweep113_r5_20260328_171213,9.0,19.0,ok,2.6712726753010028,1000,1000,1000,0,0.0,1.0,0.0,0.2144016,0.1798,Advantage2_system1.13,2079,24,./penalty_sweep_qpu_v113/samples/3nq9_Kdist9.0_Kmono19.0/psweep113_r5_20260328_171213/3nq9_ligand_report.csv,./penalty_sweep_qpu_v113/samples/3nq9_Kdist9.0_Kmono19.0/psweep113_r5_20260328_171213/3nq9_ligand_samples.json,./penalty_sweep_qpu_v113/samples/3nq9_Kdist9.0_Kmono19.0/psweep113_r5_20260328_171213/result.json
3nq9,3nq9_Kdist9.0_Kmono20.0,psweep113_r5_20260328_171213,9.0,20.0,ok,3.566606842042513,1000,1000,1000,0,0.0,1.0,0.0,0.2194024,0.1848,Advantage2_system1.13,2084,24,./penalty_sweep_qpu_v113/samples/3nq9_Kdist9.0_Kmono20.0/psweep113_r5_20260328_171213/3nq9_ligand_report.csv,./penalty_sweep_qpu_v113/samples/3nq9_Kdist9.0_Kmono20.0/psweep113_r5_20260328_171213/3nq9_ligand_samples.json,./penalty_sweep_qpu_v113/samples/3nq9_Kdist9.0_Kmono20.0/psweep113_r5_20260328_171213/result.json
3nq9,3nq9_Kdist9.5_Kmono1.0,psweep113_r5_20260328_171213,9.5,1.0,ok,4.70222856790342,1000,1000,1000,0,0.0,1.0,0.0,0.2124852,0.17788,Advantage2_system1.13,2226,26,./penalty_sweep_qpu_v113/samples/3nq9_Kdist9.5_Kmono1.0/psweep113_r5_20260328_171213/3nq9_ligand_report.csv,./penalty_sweep_qpu_v113/samples/3nq9_Kdist9.5_Kmono1.0/psweep113_r5_20260328_171213/3nq9_ligand_samples.json,./penalty_sweep_qpu_v113/samples/3nq9_Kdist9.5_Kmono1.0/psweep113_r5_20260328_171213/result.json
3nq9,3nq9_Kdist9.5_Kmono2.0,psweep113_r5_20260328_171213,9.5,2.0,ok,2.6013407150957026,1000,1000,1000,0,0.0,1.0,0.0,0.2109176,0.1763,Advantage2_system1.13,2104,26,./penalty_sweep_qpu_v113/samples/3nq9_Kdist9.5_Kmono2.0/psweep113_r5_20260328_171213/3nq9_ligand_report.csv,./penalty_sweep_qpu_v113/samples/3nq9_Kdist9.5_Kmono2.0/psweep113_r5_20260328_171213/3nq9_ligand_samples.json,./penalty_sweep_qpu_v113/samples/3nq9_Kdist9.5_Kmono2.0/psweep113_r5_20260328_171213/result.json
3nq9,3nq9_Kdist9.5_Kmono3.0,psweep113_r5_20260328_171213,9.5,3.0,ok,2.244579931425704,1000,1000,1000,0,0.0,1.0,0.0,0.2019032,0.1673,Advantage2_system1.13,2058,24,./penalty_sweep_qpu_v113/samples/3nq9_Kdist9.5_Kmono3.0/psweep113_r5_20260328_171213/3nq9_ligand_report.csv,./penalty_sweep_qpu_v113/samples/3nq9_Kdist9.5_Kmono3.0/psweep113_r5_20260328_171213/3nq9_ligand_samples.json,./penalty_sweep_qpu_v113/samples/3nq9_Kdist9.5_Kmono3.0/psweep113_r5_20260328_171213/result.json
3nq9,3nq9_Kdist9.5_Kmono4.0,psweep113_r5_20260328_171213,9.5,4.0,ok,4.1423837517251085,1000,1000,1000,0,0.0,1.0,0.0,0.2104492,0.17584,Advantage2_system1.13,2193,27,./penalty_sweep_qpu_v113/samples/3nq9_Kdist9.5_Kmono4.0/psweep113_r5_20260328_171213/3nq9_ligand_report.csv,./penalty_sweep_qpu_v113/samples/3nq9_Kdist9.5_Kmono4.0/psweep113_r5_20260328_171213/3nq9_ligand_samples.json,./penalty_sweep_qpu_v113/samples/3nq9_Kdist9.5_Kmono4.0/psweep113_r5_20260328_171213/result.json
3nq9,3nq9_Kdist9.5_Kmono5.0,psweep113_r5_20260328_171213,9.5,5.0,ok,2.6418922592739156,1000,1000,1000,0,0.0,1.0,0.0,0.2054528,0.17084,Advantage2_system1.13,2146,26,./penalty_sweep_qpu_v113/samples/3nq9_Kdist9.5_Kmono5.0/psweep113_r5_20260328_171213/3nq9_ligand_report.csv,./penalty_sweep_qpu_v113/samples/3nq9_Kdist9.5_Kmono5.0/psweep113_r5_20260328_171213/3nq9_ligand_samples.json,./penalty_sweep_qpu_v113/samples/3nq9_Kdist9.5_Kmono5.0/psweep113_r5_20260328_171213/result.json
3nq9,3nq9_Kdist9.5_Kmono6.0,psweep113_r5_20260328_171213,9.5,6.0,ok,4.030843444382804,1000,1000,1000,0,0.0,1.0,0.0,0.2086344,0.17402,Advantage2_system1.13,2273,28,./penalty_sweep_qpu_v113/samples/3nq9_Kdist9.5_Kmono6.0/psweep113_r5_20260328_171213/3nq9_ligand_report.csv,./penalty_sweep_qpu_v113/samples/3nq9_Kdist9.5_Kmono6.0/psweep113_r5_20260328_171213/3nq9_ligand_samples.json,./penalty_sweep_qpu_v113/samples/3nq9_Kdist9.5_Kmono6.0/psweep113_r5_20260328_171213/result.json
3nq9,3nq9_Kdist9.5_Kmono7.0,psweep113_r5_20260328_171213,9.5,7.0,ok,4.859276997010409,1000,1000,1000,0,0.0,1.0,0.0,0.2038056,0.1692,Advantage2_system1.13,2037,23,./penalty_sweep_qpu_v113/samples/3nq9_Kdist9.5_Kmono7.0/psweep113_r5_20260328_171213/3nq9_ligand_report.csv,./penalty_sweep_qpu_v113/samples/3nq9_Kdist9.5_Kmono7.0/psweep113_r5_20260328_171213/3nq9_ligand_samples.json,./penalty_sweep_qpu_v113/samples/3nq9_Kdist9.5_Kmono7.0/psweep113_r5_20260328_171213/result.json
3nq9,3nq9_Kdist9.5_Kmono8.0,psweep113_r5_20260328_171213,9.5,8.0,ok,2.56514366083851,1000,1000,1000,0,0.0,1.0,0.0,0.208666,0.17406,Advantage2_system1.13,2124,25,./penalty_sweep_qpu_v113/samples/3nq9_Kdist9.5_Kmono8.0/psweep113_r5_20260328_171213/3nq9_ligand_report.csv,./penalty_sweep_qpu_v113/samples/3nq9_Kdist9.5_Kmono8.0/psweep113_r5_20260328_171213/3nq9_ligand_samples.json,./penalty_sweep_qpu_v113/samples/3nq9_Kdist9.5_Kmono8.0/psweep113_r5_20260328_171213/result.json
3nq9,3nq9_Kdist9.5_Kmono9.0,psweep113_r5_20260328_171213,9.5,9.0,ok,3.1049414652303593,1000,1000,1000,0,0.0,1.0,0.0,0.2035264,0.16892,Advantage2_system1.13,2296,27,./penalty_sweep_qpu_v113/samples/3nq9_Kdist9.5_Kmono9.0/psweep113_r5_20260328_171213/3nq9_ligand_report.csv,./penalty_sweep_qpu_v113/samples/3nq9_Kdist9.5_Kmono9.0/psweep113_r5_20260328_171213/3nq9_ligand_samples.json,./penalty_sweep_qpu_v113/samples/3nq9_Kdist9.5_Kmono9.0/psweep113_r5_20260328_171213/result.json
3nq9,3nq9_Kdist9.5_Kmono10.0,psweep113_r5_20260328_171213,9.5,10.0,ok,4.161402929421072,1000,1000,1000,0,0.0,1.0,0.0,0.2129104,0.1783,Advantage2_system1.13,2199,26,./penalty_sweep_qpu_v113/samples/3nq9_Kdist9.5_Kmono10.0/psweep113_r5_20260328_171213/3nq9_ligand_report.csv,./penalty_sweep_qpu_v113/samples/3nq9_Kdist9.5_Kmono10.0/psweep113_r5_20260328_171213/3nq9_ligand_samples.json,./penalty_sweep_qpu_v113/samples/3nq9_Kdist9.5_Kmono10.0/psweep113_r5_20260328_171213/result.json
3nq9,3nq9_Kdist9.5_Kmono11.0,psweep113_r5_20260328_171213,9.5,11.0,ok,3.6731041085767697,1000,1000,1000,0,0.0,1.0,0.0,0.20945160000000002,0.17484,Advantage2_system1.13,2229,28,./penalty_sweep_qpu_v113/samples/3nq9_Kdist9.5_Kmono11.0/psweep113_r5_20260328_171213/3nq9_ligand_report.csv,./penalty_sweep_qpu_v113/samples/3nq9_Kdist9.5_Kmono11.0/psweep113_r5_20260328_171213/3nq9_ligand_samples.json,./penalty_sweep_qpu_v113/samples/3nq9_Kdist9.5_Kmono11.0/psweep113_r5_20260328_171213/result.json
3nq9,3nq9_Kdist9.5_Kmono12.0,psweep113_r5_20260328_171213,9.5,12.0,ok,2.89604957661348,1000,1000,1000,0,0.0,1.0,0.0,0.21317,0.17856,Advantage2_system1.13,2198,26,./penalty_sweep_qpu_v113/samples/3nq9_Kdist9.5_Kmono12.0/psweep113_r5_20260328_171213/3nq9_ligand_report.csv,./penalty_sweep_qpu_v113/samples/3nq9_Kdist9.5_Kmono12.0/psweep113_r5_20260328_171213/3nq9_ligand_samples.json,./penalty_sweep_qpu_v113/samples/3nq9_Kdist9.5_Kmono12.0/psweep113_r5_20260328_171213/result.json
3nq9,3nq9_Kdist9.5_Kmono13.0,psweep113_r5_20260328_171213,9.5,13.0,ok,1.584244666098265,1000,1000,1000,168,0.168,1.0,0.168,0.20848039999999998,0.17388,Advantage2_system1.13,2158,27,./penalty_sweep_qpu_v113/samples/3nq9_Kdist9.5_Kmono13.0/psweep113_r5_20260328_171213/3nq9_ligand_report.csv,./penalty_sweep_qpu_v113/samples/3nq9_Kdist9.5_Kmono13.0/psweep113_r5_20260328_171213/3nq9_ligand_samples.json,./penalty_sweep_qpu_v113/samples/3nq9_Kdist9.5_Kmono13.0/psweep113_r5_20260328_171213/result.json
3nq9,3nq9_Kdist9.5_Kmono14.0,psweep113_r5_20260328_171213,9.5,14.0,ok,5.697108771181399,1000,1000,1000,0,0.0,1.0,0.0,0.206996,0.17238,Advantage2_system1.13,2174,27,./penalty_sweep_qpu_v113/samples/3nq9_Kdist9.5_Kmono14.0/psweep113_r5_20260328_171213/3nq9_ligand_report.csv,./penalty_sweep_qpu_v113/samples/3nq9_Kdist9.5_Kmono14.0/psweep113_r5_20260328_171213/3nq9_ligand_samples.json,./penalty_sweep_qpu_v113/samples/3nq9_Kdist9.5_Kmono14.0/psweep113_r5_20260328_171213/result.json
3nq9,3nq9_Kdist9.5_Kmono15.0,psweep113_r5_20260328_171213,9.5,15.0,ok,3.438093005157724,1000,1000,1000,0,0.0,1.0,0.0,0.2089044,0.1743,Advantage2_system1.13,2244,27,./penalty_sweep_qpu_v113/samples/3nq9_Kdist9.5_Kmono15.0/psweep113_r5_20260328_171213/3nq9_ligand_report.csv,./penalty_sweep_qpu_v113/samples/3nq9_Kdist9.5_Kmono15.0/psweep113_r5_20260328_171213/3nq9_ligand_samples.json,./penalty_sweep_qpu_v113/samples/3nq9_Kdist9.5_Kmono15.0/psweep113_r5_20260328_171213/result.json
3nq9,3nq9_Kdist9.5_Kmono16.0,psweep113_r5_20260328_171213,9.5,16.0,ok,3.9295101526186618,1000,1000,1000,0,0.0,1.0,0.0,0.2012072,0.1666,Advantage2_system1.13,2093,24,./penalty_sweep_qpu_v113/samples/3nq9_Kdist9.5_Kmono16.0/psweep113_r5_20260328_171213/3nq9_ligand_report.csv,./penalty_sweep_qpu_v113/samples/3nq9_Kdist9.5_Kmono16.0/psweep113_r5_20260328_171213/3nq9_ligand_samples.json,./penalty_sweep_qpu_v113/samples/3nq9_Kdist9.5_Kmono16.0/psweep113_r5_20260328_171213/result.json
3nq9,3nq9_Kdist9.5_Kmono17.0,psweep113_r5_20260328_171213,9.5,17.0,ok,4.316521754243015,1000,1000,1000,0,0.0,1.0,0.0,0.21952639999999998,0.18492,Advantage2_system1.13,2340,28,./penalty_sweep_qpu_v113/samples/3nq9_Kdist9.5_Kmono17.0/psweep113_r5_20260328_171213/3nq9_ligand_report.csv,./penalty_sweep_qpu_v113/samples/3nq9_Kdist9.5_Kmono17.0/psweep113_r5_20260328_171213/3nq9_ligand_samples.json,./penalty_sweep_qpu_v113/samples/3nq9_Kdist9.5_Kmono17.0/psweep113_r5_20260328_171213/result.json
3nq9,3nq9_Kdist9.5_Kmono18.0,psweep113_r5_20260328_171213,9.5,18.0,ok,2.3620716010774117,1000,1000,1000,0,0.0,1.0,0.0,0.2102056,0.1756,Advantage2_system1.13,2021,23,./penalty_sweep_qpu_v113/samples/3nq9_Kdist9.5_Kmono18.0/psweep113_r5_20260328_171213/3nq9_ligand_report.csv,./penalty_sweep_qpu_v113/samples/3nq9_Kdist9.5_Kmono18.0/psweep113_r5_20260328_171213/3nq9_ligand_samples.json,./penalty_sweep_qpu_v113/samples/3nq9_Kdist9.5_Kmono18.0/psweep113_r5_20260328_171213/result.json
3nq9,3nq9_Kdist9.5_Kmono19.0,psweep113_r5_20260328_171213,9.5,19.0,ok,1.1037513172397497,1000,1000,1000,281,0.281,1.0,0.281,0.21089360000000001,0.17628,Advantage2_system1.13,2364,28,./penalty_sweep_qpu_v113/samples/3nq9_Kdist9.5_Kmono19.0/psweep113_r5_20260328_171213/3nq9_ligand_report.csv,./penalty_sweep_qpu_v113/samples/3nq9_Kdist9.5_Kmono19.0/psweep113_r5_20260328_171213/3nq9_ligand_samples.json,./penalty_sweep_qpu_v113/samples/3nq9_Kdist9.5_Kmono19.0/psweep113_r5_20260328_171213/result.json
3nq9,3nq9_Kdist9.5_Kmono20.0,psweep113_r5_20260328_171213,9.5,20.0,ok,3.3684289894731863,1000,1000,1000,0,0.0,1.0,0.0,0.2109076,0.1763,Advantage2_system1.13,2356,30,./penalty_sweep_qpu_v113/samples/3nq9_Kdist9.5_Kmono20.0/psweep113_r5_20260328_171213/3nq9_ligand_report.csv,./penalty_sweep_qpu_v113/samples/3nq9_Kdist9.5_Kmono20.0/psweep113_r5_20260328_171213/3nq9_ligand_samples.json,./penalty_sweep_qpu_v113/samples/3nq9_Kdist9.5_Kmono20.0/psweep113_r5_20260328_171213/result.json
3nq9,3nq9_Kdist10.0_Kmono1.0,psweep113_r5_20260328_171213,10.0,1.0,ok,2.7527752773339085,1000,1000,1000,0,0.0,1.0,0.0,0.2091244,0.17452,Advantage2_system1.13,2099,25,./penalty_sweep_qpu_v113/samples/3nq9_Kdist10.0_Kmono1.0/psweep113_r5_20260328_171213/3nq9_ligand_report.csv,./penalty_sweep_qpu_v113/samples/3nq9_Kdist10.0_Kmono1.0/psweep113_r5_20260328_171213/3nq9_ligand_samples.json,./penalty_sweep_qpu_v113/samples/3nq9_Kdist10.0_Kmono1.0/psweep113_r5_20260328_171213/result.json
3nq9,3nq9_Kdist10.0_Kmono2.0,psweep113_r5_20260328_171213,10.0,2.0,ok,3.543117432638127,1000,1000,1000,0,0.0,1.0,0.0,0.2035476,0.16894,Advantage2_system1.13,1951,22,./penalty_sweep_qpu_v113/samples/3nq9_Kdist10.0_Kmono2.0/psweep113_r5_20260328_171213/3nq9_ligand_report.csv,./penalty_sweep_qpu_v113/samples/3nq9_Kdist10.0_Kmono2.0/psweep113_r5_20260328_171213/3nq9_ligand_samples.json,./penalty_sweep_qpu_v113/samples/3nq9_Kdist10.0_Kmono2.0/psweep113_r5_20260328_171213/result.json
3nq9,3nq9_Kdist10.0_Kmono3.0,psweep113_r5_20260328_171213,10.0,3.0,ok,4.689661107962664,1000,1000,1000,0,0.0,1.0,0.0,0.2078088,0.1732,Advantage2_system1.13,2080,24,./penalty_sweep_qpu_v113/samples/3nq9_Kdist10.0_Kmono3.0/psweep113_r5_20260328_171213/3nq9_ligand_report.csv,./penalty_sweep_qpu_v113/samples/3nq9_Kdist10.0_Kmono3.0/psweep113_r5_20260328_171213/3nq9_ligand_samples.json,./penalty_sweep_qpu_v113/samples/3nq9_Kdist10.0_Kmono3.0/psweep113_r5_20260328_171213/result.json
3nq9,3nq9_Kdist10.0_Kmono4.0,psweep113_r5_20260328_171213,10.0,4.0,ok,3.5839401452925914,1000,1000,1000,0,0.0,1.0,0.0,0.20713120000000002,0.17252,Advantage2_system1.13,2174,26,./penalty_sweep_qpu_v113/samples/3nq9_Kdist10.0_Kmono4.0/psweep113_r5_20260328_171213/3nq9_ligand_report.csv,./penalty_sweep_qpu_v113/samples/3nq9_Kdist10.0_Kmono4.0/psweep113_r5_20260328_171213/3nq9_ligand_samples.json,./penalty_sweep_qpu_v113/samples/3nq9_Kdist10.0_Kmono4.0/psweep113_r5_20260328_171213/result.json
3nq9,3nq9_Kdist10.0_Kmono5.0,psweep113_r5_20260328_171213,10.0,5.0,ok,3.19239895089391,1000,1000,1000,0,0.0,1.0,0.0,0.21708239999999998,0.18248,Advantage2_system1.13,2201,27,./penalty_sweep_qpu_v113/samples/3nq9_Kdist10.0_Kmono5.0/psweep113_r5_20260328_171213/3nq9_ligand_report.csv,./penalty_sweep_qpu_v113/samples/3nq9_Kdist10.0_Kmono5.0/psweep113_r5_20260328_171213/3nq9_ligand_samples.json,./penalty_sweep_qpu_v113/samples/3nq9_Kdist10.0_Kmono5.0/psweep113_r5_20260328_171213/result.json
3nq9,3nq9_Kdist10.0_Kmono6.0,psweep113_r5_20260328_171213,10.0,6.0,ok,3.2141738208156214,1000,1000,1000,0,0.0,1.0,0.0,0.20231,0.1677,Advantage2_system1.13,2233,27,./penalty_sweep_qpu_v113/samples/3nq9_Kdist10.0_Kmono6.0/psweep113_r5_20260328_171213/3nq9_ligand_report.csv,./penalty_sweep_qpu_v113/samples/3nq9_Kdist10.0_Kmono6.0/psweep113_r5_20260328_171213/3nq9_ligand_samples.json,./penalty_sweep_qpu_v113/samples/3nq9_Kdist10.0_Kmono6.0/psweep113_r5_20260328_171213/result.json
3nq9,3nq9_Kdist10.0_Kmono7.0,psweep113_r5_20260328_171213,10.0,7.0,ok,4.482763931015841,1000,1000,1000,0,0.0,1.0,0.0,0.21848279999999998,0.18388,Advantage2_system1.13,2168,26,./penalty_sweep_qpu_v113/samples/3nq9_Kdist10.0_Kmono7.0/psweep113_r5_20260328_171213/3nq9_ligand_report.csv,./penalty_sweep_qpu_v113/samples/3nq9_Kdist10.0_Kmono7.0/psweep113_r5_20260328_171213/3nq9_ligand_samples.json,./penalty_sweep_qpu_v113/samples/3nq9_Kdist10.0_Kmono7.0/psweep113_r5_20260328_171213/result.json
3nq9,3nq9_Kdist10.0_Kmono8.0,psweep113_r5_20260328_171213,10.0,8.0,ok,2.291701030078736,1000,1000,1000,0,0.0,1.0,0.0,0.215704,0.1811,Advantage2_system1.13,2082,24,./penalty_sweep_qpu_v113/samples/3nq9_Kdist10.0_Kmono8.0/psweep113_r5_20260328_171213/3nq9_ligand_report.csv,./penalty_sweep_qpu_v113/samples/3nq9_Kdist10.0_Kmono8.0/psweep113_r5_20260328_171213/3nq9_ligand_samples.json,./penalty_sweep_qpu_v113/samples/3nq9_Kdist10.0_Kmono8.0/psweep113_r5_20260328_171213/result.json
3nq9,3nq9_Kdist10.0_Kmono9.0,psweep113_r5_20260328_171213,10.0,9.0,ok,4.581485473410622,1000,1000,1000,0,0.0,1.0,0.0,0.21598920000000002,0.18138,Advantage2_system1.13,2119,26,./penalty_sweep_qpu_v113/samples/3nq9_Kdist10.0_Kmono9.0/psweep113_r5_20260328_171213/3nq9_ligand_report.csv,./penalty_sweep_qpu_v113/samples/3nq9_Kdist10.0_Kmono9.0/psweep113_r5_20260328_171213/3nq9_ligand_samples.json,./penalty_sweep_qpu_v113/samples/3nq9_Kdist10.0_Kmono9.0/psweep113_r5_20260328_171213/result.json
3nq9,3nq9_Kdist10.0_Kmono10.0,psweep113_r5_20260328_171213,10.0,10.0,ok,2.7243582262028734,1000,1000,1000,0,0.0,1.0,0.0,0.20909160000000002,0.17448,Advantage2_system1.13,2162,26,./penalty_sweep_qpu_v113/samples/3nq9_Kdist10.0_Kmono10.0/psweep113_r5_20260328_171213/3nq9_ligand_report.csv,./penalty_sweep_qpu_v113/samples/3nq9_Kdist10.0_Kmono10.0/psweep113_r5_20260328_171213/3nq9_ligand_samples.json,./penalty_sweep_qpu_v113/samples/3nq9_Kdist10.0_Kmono10.0/psweep113_r5_20260328_171213/result.json
3nq9,3nq9_Kdist10.0_Kmono11.0,psweep113_r5_20260328_171213,10.0,11.0,ok,5.146022510761137,1000,1000,1000,0,0.0,1.0,0.0,0.2134788,0.17888,Advantage2_system1.13,2048,26,./penalty_sweep_qpu_v113/samples/3nq9_Kdist10.0_Kmono11.0/psweep113_r5_20260328_171213/3nq9_ligand_report.csv,./penalty_sweep_qpu_v113/samples/3nq9_Kdist10.0_Kmono11.0/psweep113_r5_20260328_171213/3nq9_ligand_samples.json,./penalty_sweep_qpu_v113/samples/3nq9_Kdist10.0_Kmono11.0/psweep113_r5_20260328_171213/result.json
3nq9,3nq9_Kdist10.0_Kmono12.0,psweep113_r5_20260328_171213,10.0,12.0,ok,5.23701650082292,1000,1000,1000,0,0.0,1.0,0.0,0.208588,0.17398,Advantage2_system1.13,1952,21,./penalty_sweep_qpu_v113/samples/3nq9_Kdist10.0_Kmono12.0/psweep113_r5_20260328_171213/3nq9_ligand_report.csv,./penalty_sweep_qpu_v113/samples/3nq9_Kdist10.0_Kmono12.0/psweep113_r5_20260328_171213/3nq9_ligand_samples.json,./penalty_sweep_qpu_v113/samples/3nq9_Kdist10.0_Kmono12.0/psweep113_r5_20260328_171213/result.json
3nq9,3nq9_Kdist10.0_Kmono13.0,psweep113_r5_20260328_171213,10.0,13.0,ok,4.9224401377083815,1000,1000,1000,0,0.0,1.0,0.0,0.208228,0.17362,Advantage2_system1.13,2206,27,./penalty_sweep_qpu_v113/samples/3nq9_Kdist10.0_Kmono13.0/psweep113_r5_20260328_171213/3nq9_ligand_report.csv,./penalty_sweep_qpu_v113/samples/3nq9_Kdist10.0_Kmono13.0/psweep113_r5_20260328_171213/3nq9_ligand_samples.json,./penalty_sweep_qpu_v113/samples/3nq9_Kdist10.0_Kmono13.0/psweep113_r5_20260328_171213/result.json
3nq9,3nq9_Kdist10.0_Kmono14.0,psweep113_r5_20260328_171213,10.0,14.0,ok,1.5429352360927473,1000,1000,1000,6,0.006,1.0,0.006,0.21708639999999998,0.18248,Advantage2_system1.13,1979,23,./penalty_sweep_qpu_v113/samples/3nq9_Kdist10.0_Kmono14.0/psweep113_r5_20260328_171213/3nq9_ligand_report.csv,./penalty_sweep_qpu_v113/samples/3nq9_Kdist10.0_Kmono14.0/psweep113_r5_20260328_171213/3nq9_ligand_samples.json,./penalty_sweep_qpu_v113/samples/3nq9_Kdist10.0_Kmono14.0/psweep113_r5_20260328_171213/result.json
3nq9,3nq9_Kdist10.0_Kmono15.0,psweep113_r5_20260328_171213,10.0,15.0,ok,2.251016776488505,1000,1000,1000,0,0.0,1.0,0.0,0.2083908,0.17378,Advantage2_system1.13,2301,28,./penalty_sweep_qpu_v113/samples/3nq9_Kdist10.0_Kmono15.0/psweep113_r5_20260328_171213/3nq9_ligand_report.csv,./penalty_sweep_qpu_v113/samples/3nq9_Kdist10.0_Kmono15.0/psweep113_r5_20260328_171213/3nq9_ligand_samples.json,./penalty_sweep_qpu_v113/samples/3nq9_Kdist10.0_Kmono15.0/psweep113_r5_20260328_171213/result.json
3nq9,3nq9_Kdist10.0_Kmono16.0,psweep113_r5_20260328_171213,10.0,16.0,ok,4.938787923417083,1000,1000,1000,0,0.0,1.0,0.0,0.2089404,0.17434,Advantage2_system1.13,2229,27,./penalty_sweep_qpu_v113/samples/3nq9_Kdist10.0_Kmono16.0/psweep113_r5_20260328_171213/3nq9_ligand_report.csv,./penalty_sweep_qpu_v113/samples/3nq9_Kdist10.0_Kmono16.0/psweep113_r5_20260328_171213/3nq9_ligand_samples.json,./penalty_sweep_qpu_v113/samples/3nq9_Kdist10.0_Kmono16.0/psweep113_r5_20260328_171213/result.json
3nq9,3nq9_Kdist10.0_Kmono17.0,psweep113_r5_20260328_171213,10.0,17.0,ok,5.139404629558959,1000,1000,1000,0,0.0,1.0,0.0,0.2030712,0.16848,Advantage2_system1.13,2209,27,./penalty_sweep_qpu_v113/samples/3nq9_Kdist10.0_Kmono17.0/psweep113_r5_20260328_171213/3nq9_ligand_report.csv,./penalty_sweep_qpu_v113/samples/3nq9_Kdist10.0_Kmono17.0/psweep113_r5_20260328_171213/3nq9_ligand_samples.json,./penalty_sweep_qpu_v113/samples/3nq9_Kdist10.0_Kmono17.0/psweep113_r5_20260328_171213/result.json
3nq9,3nq9_Kdist10.0_Kmono18.0,psweep113_r5_20260328_171213,10.0,18.0,ok,4.144550168593001,1000,1000,1000,0,0.0,1.0,0.0,0.21430839999999998,0.1797,Advantage2_system1.13,2184,26,./penalty_sweep_qpu_v113/samples/3nq9_Kdist10.0_Kmono18.0/psweep113_r5_20260328_171213/3nq9_ligand_report.csv,./penalty_sweep_qpu_v113/samples/3nq9_Kdist10.0_Kmono18.0/psweep113_r5_20260328_171213/3nq9_ligand_samples.json,./penalty_sweep_qpu_v113/samples/3nq9_Kdist10.0_Kmono18.0/psweep113_r5_20260328_171213/result.json
3nq9,3nq9_Kdist10.0_Kmono19.0,psweep113_r5_20260328_171213,10.0,19.0,ok,3.87266904612267,1000,1000,1000,0,0.0,1.0,0.0,0.2067108,0.1721,Advantage2_system1.13,2139,25,./penalty_sweep_qpu_v113/samples/3nq9_Kdist10.0_Kmono19.0/psweep113_r5_20260328_171213/3nq9_ligand_report.csv,./penalty_sweep_qpu_v113/samples/3nq9_Kdist10.0_Kmono19.0/psweep113_r5_20260328_171213/3nq9_ligand_samples.json,./penalty_sweep_qpu_v113/samples/3nq9_Kdist10.0_Kmono19.0/psweep113_r5_20260328_171213/result.json
3nq9,3nq9_Kdist10.0_Kmono20.0,psweep113_r5_20260328_171213,10.0,20.0,ok,1.9302638170468431,1000,1000,1000,2,0.002,1.0,0.002,0.2150328,0.18042,Advantage2_system1.13,2170,25,./penalty_sweep_qpu_v113/samples/3nq9_Kdist10.0_Kmono20.0/psweep113_r5_20260328_171213/3nq9_ligand_report.csv,./penalty_sweep_qpu_v113/samples/3nq9_Kdist10.0_Kmono20.0/psweep113_r5_20260328_171213/3nq9_ligand_samples.json,./penalty_sweep_qpu_v113/samples/3nq9_Kdist10.0_Kmono20.0/psweep113_r5_20260328_171213/result.json
4jsz,4jsz_Kdist0.5_Kmono1.0,psweep113_r5_20260328_171213,0.5,1.0,ok,1.8247606285330729,1000,1000,1000,13,0.013,1.0,0.013,0.2137064,0.1791,Advantage2_system1.13,2505,28,./penalty_sweep_qpu_v113/samples/4jsz_Kdist0.5_Kmono1.0/psweep113_r5_20260328_171213/4jsz_ligand_report.csv,./penalty_sweep_qpu_v113/samples/4jsz_Kdist0.5_Kmono1.0/psweep113_r5_20260328_171213/4jsz_ligand_samples.json,./penalty_sweep_qpu_v113/samples/4jsz_Kdist0.5_Kmono1.0/psweep113_r5_20260328_171213/result.json
4jsz,4jsz_Kdist0.5_Kmono2.0,psweep113_r5_20260328_171213,0.5,2.0,ok,2.2761888587322976,1000,1000,1000,0,0.0,1.0,0.0,0.2132696,0.17866,Advantage2_system1.13,2486,26,./penalty_sweep_qpu_v113/samples/4jsz_Kdist0.5_Kmono2.0/psweep113_r5_20260328_171213/4jsz_ligand_report.csv,./penalty_sweep_qpu_v113/samples/4jsz_Kdist0.5_Kmono2.0/psweep113_r5_20260328_171213/4jsz_ligand_samples.json,./penalty_sweep_qpu_v113/samples/4jsz_Kdist0.5_Kmono2.0/psweep113_r5_20260328_171213/result.json
4jsz,4jsz_Kdist0.5_Kmono3.0,psweep113_r5_20260328_171213,0.5,3.0,ok,1.4055327371310686,1000,1000,1000,8,0.008,1.0,0.008,0.2096596,0.17506,Advantage2_system1.13,2388,25,./penalty_sweep_qpu_v113/samples/4jsz_Kdist0.5_Kmono3.0/psweep113_r5_20260328_171213/4jsz_ligand_report.csv,./penalty_sweep_qpu_v113/samples/4jsz_Kdist0.5_Kmono3.0/psweep113_r5_20260328_171213/4jsz_ligand_samples.json,./penalty_sweep_qpu_v113/samples/4jsz_Kdist0.5_Kmono3.0/psweep113_r5_20260328_171213/result.json
4jsz,4jsz_Kdist0.5_Kmono4.0,psweep113_r5_20260328_171213,0.5,4.0,ok,2.5330590008459573,1000,1000,1000,0,0.0,1.0,0.0,0.21141320000000002,0.1768,Advantage2_system1.13,2492,28,./penalty_sweep_qpu_v113/samples/4jsz_Kdist0.5_Kmono4.0/psweep113_r5_20260328_171213/4jsz_ligand_report.csv,./penalty_sweep_qpu_v113/samples/4jsz_Kdist0.5_Kmono4.0/psweep113_r5_20260328_171213/4jsz_ligand_samples.json,./penalty_sweep_qpu_v113/samples/4jsz_Kdist0.5_Kmono4.0/psweep113_r5_20260328_171213/result.json
4jsz,4jsz_Kdist0.5_Kmono5.0,psweep113_r5_20260328_171213,0.5,5.0,ok,1.2608280936744343,1000,1000,1000,24,0.024,1.0,0.024,0.21152320000000002,0.17692,Advantage2_system1.13,2445,26,./penalty_sweep_qpu_v113/samples/4jsz_Kdist0.5_Kmono5.0/psweep113_r5_20260328_171213/4jsz_ligand_report.csv,./penalty_sweep_qpu_v113/samples/4jsz_Kdist0.5_Kmono5.0/psweep113_r5_20260328_171213/4jsz_ligand_samples.json,./penalty_sweep_qpu_v113/samples/4jsz_Kdist0.5_Kmono5.0/psweep113_r5_20260328_171213/result.json
4jsz,4jsz_Kdist0.5_Kmono6.0,psweep113_r5_20260328_171213,0.5,6.0,ok,2.0183696783881966,1000,1000,1000,0,0.0,1.0,0.0,0.21217439999999999,0.17756,Advantage2_system1.13,2518,26,./penalty_sweep_qpu_v113/samples/4jsz_Kdist0.5_Kmono6.0/psweep113_r5_20260328_171213/4jsz_ligand_report.csv,./penalty_sweep_qpu_v113/samples/4jsz_Kdist0.5_Kmono6.0/psweep113_r5_20260328_171213/4jsz_ligand_samples.json,./penalty_sweep_qpu_v113/samples/4jsz_Kdist0.5_Kmono6.0/psweep113_r5_20260328_171213/result.json
4jsz,4jsz_Kdist0.5_Kmono7.0,psweep113_r5_20260328_171213,0.5,7.0,ok,1.202401590384881,1000,1000,1000,16,0.016,1.0,0.016,0.2097632,0.17516,Advantage2_system1.13,2460,27,./penalty_sweep_qpu_v113/samples/4jsz_Kdist0.5_Kmono7.0/psweep113_r5_20260328_171213/4jsz_ligand_report.csv,./penalty_sweep_qpu_v113/samples/4jsz_Kdist0.5_Kmono7.0/psweep113_r5_20260328_171213/4jsz_ligand_samples.json,./penalty_sweep_qpu_v113/samples/4jsz_Kdist0.5_Kmono7.0/psweep113_r5_20260328_171213/result.json
4jsz,4jsz_Kdist0.5_Kmono8.0,psweep113_r5_20260328_171213,0.5,8.0,ok,1.390944858942939,1000,1000,1000,328,0.328,1.0,0.328,0.21544760000000002,0.18084,Advantage2_system1.13,2542,28,./penalty_sweep_qpu_v113/samples/4jsz_Kdist0.5_Kmono8.0/psweep113_r5_20260328_171213/4jsz_ligand_report.csv,./penalty_sweep_qpu_v113/samples/4jsz_Kdist0.5_Kmono8.0/psweep113_r5_20260328_171213/4jsz_ligand_samples.json,./penalty_sweep_qpu_v113/samples/4jsz_Kdist0.5_Kmono8.0/psweep113_r5_20260328_171213/result.json
4jsz,4jsz_Kdist0.5_Kmono9.0,psweep113_r5_20260328_171213,0.5,9.0,ok,1.6825935065253679,1000,1000,1000,1,0.001,1.0,0.001,0.20954920000000002,0.17494,Advantage2_system1.13,2884,31,./penalty_sweep_qpu_v113/samples/4jsz_Kdist0.5_Kmono9.0/psweep113_r5_20260328_171213/4jsz_ligand_report.csv,./penalty_sweep_qpu_v113/samples/4jsz_Kdist0.5_Kmono9.0/psweep113_r5_20260328_171213/4jsz_ligand_samples.json,./penalty_sweep_qpu_v113/samples/4jsz_Kdist0.5_Kmono9.0/psweep113_r5_20260328_171213/result.json
4jsz,4jsz_Kdist0.5_Kmono10.0,psweep113_r5_20260328_171213,0.5,10.0,ok,1.485308159842306,1000,1000,1000,4,0.004,1.0,0.004,0.2063448,0.17174,Advantage2_system1.13,2552,27,./penalty_sweep_qpu_v113/samples/4jsz_Kdist0.5_Kmono10.0/psweep113_r5_20260328_171213/4jsz_ligand_report.csv,./penalty_sweep_qpu_v113/samples/4jsz_Kdist0.5_Kmono10.0/psweep113_r5_20260328_171213/4jsz_ligand_samples.json,./penalty_sweep_qpu_v113/samples/4jsz_Kdist0.5_Kmono10.0/psweep113_r5_20260328_171213/result.json
4jsz,4jsz_Kdist0.5_Kmono11.0,psweep113_r5_20260328_171213,0.5,11.0,ok,1.688742869792096,1000,1000,1000,1,0.001,1.0,0.001,0.20899279999999998,0.17438,Advantage2_system1.13,2413,27,./penalty_sweep_qpu_v113/samples/4jsz_Kdist0.5_Kmono11.0/psweep113_r5_20260328_171213/4jsz_ligand_report.csv,./penalty_sweep_qpu_v113/samples/4jsz_Kdist0.5_Kmono11.0/psweep113_r5_20260328_171213/4jsz_ligand_samples.json,./penalty_sweep_qpu_v113/samples/4jsz_Kdist0.5_Kmono11.0/psweep113_r5_20260328_171213/result.json
4jsz,4jsz_Kdist0.5_Kmono12.0,psweep113_r5_20260328_171213,0.5,12.0,ok,2.0334316641485266,1000,1000,1000,0,0.0,1.0,0.0,0.21458839999999998,0.17998,Advantage2_system1.13,2483,28,./penalty_sweep_qpu_v113/samples/4jsz_Kdist0.5_Kmono12.0/psweep113_r5_20260328_171213/4jsz_ligand_report.csv,./penalty_sweep_qpu_v113/samples/4jsz_Kdist0.5_Kmono12.0/psweep113_r5_20260328_171213/4jsz_ligand_samples.json,./penalty_sweep_qpu_v113/samples/4jsz_Kdist0.5_Kmono12.0/psweep113_r5_20260328_171213/result.json
4jsz,4jsz_Kdist0.5_Kmono13.0,psweep113_r5_20260328_171213,0.5,13.0,ok,1.2368898611212515,1000,1000,1000,5,0.005,1.0,0.005,0.21035320000000002,0.17574,Advantage2_system1.13,2522,28,./penalty_sweep_qpu_v113/samples/4jsz_Kdist0.5_Kmono13.0/psweep113_r5_20260328_171213/4jsz_ligand_report.csv,./penalty_sweep_qpu_v113/samples/4jsz_Kdist0.5_Kmono13.0/psweep113_r5_20260328_171213/4jsz_ligand_samples.json,./penalty_sweep_qpu_v113/samples/4jsz_Kdist0.5_Kmono13.0/psweep113_r5_20260328_171213/result.json
4jsz,4jsz_Kdist0.5_Kmono14.0,psweep113_r5_20260328_171213,0.5,14.0,ok,1.3143509697989928,1000,1000,1000,59,0.059,1.0,0.059,0.2048396,0.17024,Advantage2_system1.13,2490,26,./penalty_sweep_qpu_v113/samples/4jsz_Kdist0.5_Kmono14.0/psweep113_r5_20260328_171213/4jsz_ligand_report.csv,./penalty_sweep_qpu_v113/samples/4jsz_Kdist0.5_Kmono14.0/psweep113_r5_20260328_171213/4jsz_ligand_samples.json,./penalty_sweep_qpu_v113/samples/4jsz_Kdist0.5_Kmono14.0/psweep113_r5_20260328_171213/result.json
4jsz,4jsz_Kdist0.5_Kmono15.0,psweep113_r5_20260328_171213,0.5,15.0,ok,1.5263055653807298,1000,1000,1000,16,0.016,1.0,0.016,0.20721679999999998,0.1726,Advantage2_system1.13,2266,24,./penalty_sweep_qpu_v113/samples/4jsz_Kdist0.5_Kmono15.0/psweep113_r5_20260328_171213/4jsz_ligand_report.csv,./penalty_sweep_qpu_v113/samples/4jsz_Kdist0.5_Kmono15.0/psweep113_r5_20260328_171213/4jsz_ligand_samples.json,./penalty_sweep_qpu_v113/samples/4jsz_Kdist0.5_Kmono15.0/psweep113_r5_20260328_171213/result.json
4jsz,4jsz_Kdist0.5_Kmono16.0,psweep113_r5_20260328_171213,0.5,16.0,ok,1.9508444263878728,1000,1000,1000,1,0.001,1.0,0.001,0.2178536,0.18324,Advantage2_system1.13,2426,26,./penalty_sweep_qpu_v113/samples/4jsz_Kdist0.5_Kmono16.0/psweep113_r5_20260328_171213/4jsz_ligand_report.csv,./penalty_sweep_qpu_v113/samples/4jsz_Kdist0.5_Kmono16.0/psweep113_r5_20260328_171213/4jsz_ligand_samples.json,./penalty_sweep_qpu_v113/samples/4jsz_Kdist0.5_Kmono16.0/psweep113_r5_20260328_171213/result.json
4jsz,4jsz_Kdist0.5_Kmono17.0,psweep113_r5_20260328_171213,0.5,17.0,ok,1.3375068009056261,1000,1000,1000,41,0.041,1.0,0.041,0.2190236,0.18442,Advantage2_system1.13,2275,23,./penalty_sweep_qpu_v113/samples/4jsz_Kdist0.5_Kmono17.0/psweep113_r5_20260328_171213/4jsz_ligand_report.csv,./penalty_sweep_qpu_v113/samples/4jsz_Kdist0.5_Kmono17.0/psweep113_r5_20260328_171213/4jsz_ligand_samples.json,./penalty_sweep_qpu_v113/samples/4jsz_Kdist0.5_Kmono17.0/psweep113_r5_20260328_171213/result.json
4jsz,4jsz_Kdist0.5_Kmono18.0,psweep113_r5_20260328_171213,0.5,18.0,ok,0.9154463696537456,1000,1000,1000,57,0.057,1.0,0.057,0.2174836,0.18288,Advantage2_system1.13,2670,30,./penalty_sweep_qpu_v113/samples/4jsz_Kdist0.5_Kmono18.0/psweep113_r5_20260328_171213/4jsz_ligand_report.csv,./penalty_sweep_qpu_v113/samples/4jsz_Kdist0.5_Kmono18.0/psweep113_r5_20260328_171213/4jsz_ligand_samples.json,./penalty_sweep_qpu_v113/samples/4jsz_Kdist0.5_Kmono18.0/psweep113_r5_20260328_171213/result.json
4jsz,4jsz_Kdist0.5_Kmono19.0,psweep113_r5_20260328_171213,0.5,19.0,ok,1.2828745791979335,1000,1000,1000,13,0.013,1.0,0.013,0.213308,0.1787,Advantage2_system1.13,2728,31,./penalty_sweep_qpu_v113/samples/4jsz_Kdist0.5_Kmono19.0/psweep113_r5_20260328_171213/4jsz_ligand_report.csv,./penalty_sweep_qpu_v113/samples/4jsz_Kdist0.5_Kmono19.0/psweep113_r5_20260328_171213/4jsz_ligand_samples.json,./penalty_sweep_qpu_v113/samples/4jsz_Kdist0.5_Kmono19.0/psweep113_r5_20260328_171213/result.json
4jsz,4jsz_Kdist0.5_Kmono20.0,psweep113_r5_20260328_171213,0.5,20.0,ok,1.7963806341653326,1000,1000,1000,2,0.002,1.0,0.002,0.217494,0.18288,Advantage2_system1.13,3067,32,./penalty_sweep_qpu_v113/samples/4jsz_Kdist0.5_Kmono20.0/psweep113_r5_20260328_171213/4jsz_ligand_report.csv,./penalty_sweep_qpu_v113/samples/4jsz_Kdist0.5_Kmono20.0/psweep113_r5_20260328_171213/4jsz_ligand_samples.json,./penalty_sweep_qpu_v113/samples/4jsz_Kdist0.5_Kmono20.0/psweep113_r5_20260328_171213/result.json
4jsz,4jsz_Kdist1.0_Kmono1.0,psweep113_r5_20260328_171213,1.0,1.0,ok,1.482899515822381,1000,1000,1000,895,0.895,1.0,0.895,0.21190479999999998,0.1773,Advantage2_system1.13,2351,25,./penalty_sweep_qpu_v113/samples/4jsz_Kdist1.0_Kmono1.0/psweep113_r5_20260328_171213/4jsz_ligand_report.csv,./penalty_sweep_qpu_v113/samples/4jsz_Kdist1.0_Kmono1.0/psweep113_r5_20260328_171213/4jsz_ligand_samples.json,./penalty_sweep_qpu_v113/samples/4jsz_Kdist1.0_Kmono1.0/psweep113_r5_20260328_171213/result.json
4jsz,4jsz_Kdist1.0_Kmono2.0,psweep113_r5_20260328_171213,1.0,2.0,ok,1.4503085844311008,1000,1000,1000,11,0.011,1.0,0.011,0.214268,0.17966,Advantage2_system1.13,2611,29,./penalty_sweep_qpu_v113/samples/4jsz_Kdist1.0_Kmono2.0/psweep113_r5_20260328_171213/4jsz_ligand_report.csv,./penalty_sweep_qpu_v113/samples/4jsz_Kdist1.0_Kmono2.0/psweep113_r5_20260328_171213/4jsz_ligand_samples.json,./penalty_sweep_qpu_v113/samples/4jsz_Kdist1.0_Kmono2.0/psweep113_r5_20260328_171213/result.json
4jsz,4jsz_Kdist1.0_Kmono3.0,psweep113_r5_20260328_171213,1.0,3.0,ok,1.78951031649289,1000,1000,1000,5,0.005,1.0,0.005,0.212312,0.1777,Advantage2_system1.13,2481,28,./penalty_sweep_qpu_v113/samples/4jsz_Kdist1.0_Kmono3.0/psweep113_r5_20260328_171213/4jsz_ligand_report.csv,./penalty_sweep_qpu_v113/samples/4jsz_Kdist1.0_Kmono3.0/psweep113_r5_20260328_171213/4jsz_ligand_samples.json,./penalty_sweep_qpu_v113/samples/4jsz_Kdist1.0_Kmono3.0/psweep113_r5_20260328_171213/result.json
4jsz,4jsz_Kdist1.0_Kmono4.0,psweep113_r5_20260328_171213,1.0,4.0,ok,2.7248459502349425,1000,1000,1000,0,0.0,1.0,0.0,0.21104520000000002,0.17644,Advantage2_system1.13,2452,26,./penalty_sweep_qpu_v113/samples/4jsz_Kdist1.0_Kmono4.0/psweep113_r5_20260328_171213/4jsz_ligand_report.csv,./penalty_sweep_qpu_v113/samples/4jsz_Kdist1.0_Kmono4.0/psweep113_r5_20260328_171213/4jsz_ligand_samples.json,./penalty_sweep_qpu_v113/samples/4jsz_Kdist1.0_Kmono4.0/psweep113_r5_20260328_171213/result.json
4jsz,4jsz_Kdist1.0_Kmono5.0,psweep113_r5_20260328_171213,1.0,5.0,ok,0.8319969573350089,1000,1000,1000,16,0.016,1.0,0.016,0.21344960000000002,0.17884,Advantage2_system1.13,2743,30,./penalty_sweep_qpu_v113/samples/4jsz_Kdist1.0_Kmono5.0/psweep113_r5_20260328_171213/4jsz_ligand_report.csv,./penalty_sweep_qpu_v113/samples/4jsz_Kdist1.0_Kmono5.0/psweep113_r5_20260328_171213/4jsz_ligand_samples.json,./penalty_sweep_qpu_v113/samples/4jsz_Kdist1.0_Kmono5.0/psweep113_r5_20260328_171213/result.json
4jsz,4jsz_Kdist1.0_Kmono6.0,psweep113_r5_20260328_171213,1.0,6.0,ok,2.0135189975564765,1000,1000,1000,0,0.0,1.0,0.0,0.2154084,0.1808,Advantage2_system1.13,2502,28,./penalty_sweep_qpu_v113/samples/4jsz_Kdist1.0_Kmono6.0/psweep113_r5_20260328_171213/4jsz_ligand_report.csv,./penalty_sweep_qpu_v113/samples/4jsz_Kdist1.0_Kmono6.0/psweep113_r5_20260328_171213/4jsz_ligand_samples.json,./penalty_sweep_qpu_v113/samples/4jsz_Kdist1.0_Kmono6.0/psweep113_r5_20260328_171213/result.json
4jsz,4jsz_Kdist1.0_Kmono7.0,psweep113_r5_20260328_171213,1.0,7.0,ok,2.9443378147339647,1000,1000,1000,0,0.0,1.0,0.0,0.2157076,0.1811,Advantage2_system1.13,2335,27,./penalty_sweep_qpu_v113/samples/4jsz_Kdist1.0_Kmono7.0/psweep113_r5_20260328_171213/4jsz_ligand_report.csv,./penalty_sweep_qpu_v113/samples/4jsz_Kdist1.0_Kmono7.0/psweep113_r5_20260328_171213/4jsz_ligand_samples.json,./penalty_sweep_qpu_v113/samples/4jsz_Kdist1.0_Kmono7.0/psweep113_r5_20260328_171213/result.json
4jsz,4jsz_Kdist1.0_Kmono8.0,psweep113_r5_20260328_171213,1.0,8.0,ok,0.8694855993493511,1000,1000,1000,23,0.023,1.0,0.023,0.2117632,0.17716,Advantage2_system1.13,2361,24,./penalty_sweep_qpu_v113/samples/4jsz_Kdist1.0_Kmono8.0/psweep113_r5_20260328_171213/4jsz_ligand_report.csv,./penalty_sweep_qpu_v113/samples/4jsz_Kdist1.0_Kmono8.0/psweep113_r5_20260328_171213/4jsz_ligand_samples.json,./penalty_sweep_qpu_v113/samples/4jsz_Kdist1.0_Kmono8.0/psweep113_r5_20260328_171213/result.json
4jsz,4jsz_Kdist1.0_Kmono9.0,psweep113_r5_20260328_171213,1.0,9.0,ok,1.5798502779765462,1000,1000,1000,11,0.011,1.0,0.011,0.2165896,0.18198,Advantage2_system1.13,2424,26,./penalty_sweep_qpu_v113/samples/4jsz_Kdist1.0_Kmono9.0/psweep113_r5_20260328_171213/4jsz_ligand_report.csv,./penalty_sweep_qpu_v113/samples/4jsz_Kdist1.0_Kmono9.0/psweep113_r5_20260328_171213/4jsz_ligand_samples.json,./penalty_sweep_qpu_v113/samples/4jsz_Kdist1.0_Kmono9.0/psweep113_r5_20260328_171213/result.json
4jsz,4jsz_Kdist1.0_Kmono10.0,psweep113_r5_20260328_171213,1.0,10.0,ok,0.8407469040844507,1000,1000,1000,18,0.018,1.0,0.018,0.2169488,0.18234,Advantage2_system1.13,2621,29,./penalty_sweep_qpu_v113/samples/4jsz_Kdist1.0_Kmono10.0/psweep113_r5_20260328_171213/4jsz_ligand_report.csv,./penalty_sweep_qpu_v113/samples/4jsz_Kdist1.0_Kmono10.0/psweep113_r5_20260328_171213/4jsz_ligand_samples.json,./penalty_sweep_qpu_v113/samples/4jsz_Kdist1.0_Kmono10.0/psweep113_r5_20260328_171213/result.json
4jsz,4jsz_Kdist1.0_Kmono11.0,psweep113_r5_20260328_171213,1.0,11.0,ok,1.8925811375087658,1000,1000,1000,1,0.001,1.0,0.001,0.2103456,0.17574,Advantage2_system1.13,2565,28,./penalty_sweep_qpu_v113/samples/4jsz_Kdist1.0_Kmono11.0/psweep113_r5_20260328_171213/4jsz_ligand_report.csv,./penalty_sweep_qpu_v113/samples/4jsz_Kdist1.0_Kmono11.0/psweep113_r5_20260328_171213/4jsz_ligand_samples.json,./penalty_sweep_qpu_v113/samples/4jsz_Kdist1.0_Kmono11.0/psweep113_r5_20260328_171213/result.json
4jsz,4jsz_Kdist1.0_Kmono12.0,psweep113_r5_20260328_171213,1.0,12.0,ok,1.4721710450290753,1000,1000,1000,2,0.002,1.0,0.002,0.216348,0.18174,Advantage2_system1.13,2488,28,./penalty_sweep_qpu_v113/samples/4jsz_Kdist1.0_Kmono12.0/psweep113_r5_20260328_171213/4jsz_ligand_report.csv,./penalty_sweep_qpu_v113/samples/4jsz_Kdist1.0_Kmono12.0/psweep113_r5_20260328_171213/4jsz_ligand_samples.json,./penalty_sweep_qpu_v113/samples/4jsz_Kdist1.0_Kmono12.0/psweep113_r5_20260328_171213/result.json
4jsz,4jsz_Kdist1.0_Kmono13.0,psweep113_r5_20260328_171213,1.0,13.0,ok,1.832197476149598,1000,1000,1000,5,0.005,1.0,0.005,0.2131708,0.17856,Advantage2_system1.13,2562,29,./penalty_sweep_qpu_v113/samples/4jsz_Kdist1.0_Kmono13.0/psweep113_r5_20260328_171213/4jsz_ligand_report.csv,./penalty_sweep_qpu_v113/samples/4jsz_Kdist1.0_Kmono13.0/psweep113_r5_20260328_171213/4jsz_ligand_samples.json,./penalty_sweep_qpu_v113/samples/4jsz_Kdist1.0_Kmono13.0/psweep113_r5_20260328_171213/result.json
4jsz,4jsz_Kdist1.0_Kmono14.0,psweep113_r5_20260328_171213,1.0,14.0,ok,1.9706022711664484,1000,1000,1000,1,0.001,1.0,0.001,0.21331920000000001,0.1787,Advantage2_system1.13,2849,31,./penalty_sweep_qpu_v113/samples/4jsz_Kdist1.0_Kmono14.0/psweep113_r5_20260328_171213/4jsz_ligand_report.csv,./penalty_sweep_qpu_v113/samples/4jsz_Kdist1.0_Kmono14.0/psweep113_r5_20260328_171213/4jsz_ligand_samples.json,./penalty_sweep_qpu_v113/samples/4jsz_Kdist1.0_Kmono14.0/psweep113_r5_20260328_171213/result.json
4jsz,4jsz_Kdist1.0_Kmono15.0,psweep113_r5_20260328_171213,1.0,15.0,ok,2.0585070706980706,1000,1000,1000,0,0.0,1.0,0.0,0.2122696,0.17766,Advantage2_system1.13,2552,28,./penalty_sweep_qpu_v113/samples/4jsz_Kdist1.0_Kmono15.0/psweep113_r5_20260328_171213/4jsz_ligand_report.csv,./penalty_sweep_qpu_v113/samples/4jsz_Kdist1.0_Kmono15.0/psweep113_r5_20260328_171213/4jsz_ligand_samples.json,./penalty_sweep_qpu_v113/samples/4jsz_Kdist1.0_Kmono15.0/psweep113_r5_20260328_171213/result.json
4jsz,4jsz_Kdist1.0_Kmono16.0,psweep113_r5_20260328_171213,1.0,16.0,ok,1.4107444521664483,1000,1000,1000,22,0.022,1.0,0.022,0.21604479999999998,0.18144,Advantage2_system1.13,2548,28,./penalty_sweep_qpu_v113/samples/4jsz_Kdist1.0_Kmono16.0/psweep113_r5_20260328_171213/4jsz_ligand_report.csv,./penalty_sweep_qpu_v113/samples/4jsz_Kdist1.0_Kmono16.0/psweep113_r5_20260328_171213/4jsz_ligand_samples.json,./penalty_sweep_qpu_v113/samples/4jsz_Kdist1.0_Kmono16.0/psweep113_r5_20260328_171213/result.json
4jsz,4jsz_Kdist1.0_Kmono17.0,psweep113_r5_20260328_171213,1.0,17.0,ok,1.2350827278828371,1000,1000,1000,26,0.026,1.0,0.026,0.2099464,0.17534,Advantage2_system1.13,2575,28,./penalty_sweep_qpu_v113/samples/4jsz_Kdist1.0_Kmono17.0/psweep113_r5_20260328_171213/4jsz_ligand_report.csv,./penalty_sweep_qpu_v113/samples/4jsz_Kdist1.0_Kmono17.0/psweep113_r5_20260328_171213/4jsz_ligand_samples.json,./penalty_sweep_qpu_v113/samples/4jsz_Kdist1.0_Kmono17.0/psweep113_r5_20260328_171213/result.json
4jsz,4jsz_Kdist1.0_Kmono18.0,psweep113_r5_20260328_171213,1.0,18.0,ok,1.4216955496726058,1000,1000,1000,5,0.005,1.0,0.005,0.2053452,0.17074,Advantage2_system1.13,2517,28,./penalty_sweep_qpu_v113/samples/4jsz_Kdist1.0_Kmono18.0/psweep113_r5_20260328_171213/4jsz_ligand_report.csv,./penalty_sweep_qpu_v113/samples/4jsz_Kdist1.0_Kmono18.0/psweep113_r5_20260328_171213/4jsz_ligand_samples.json,./penalty_sweep_qpu_v113/samples/4jsz_Kdist1.0_Kmono18.0/psweep113_r5_20260328_171213/result.json
4jsz,4jsz_Kdist1.0_Kmono19.0,psweep113_r5_20260328_171213,1.0,19.0,ok,2.476798507485982,1000,1000,1000,0,0.0,1.0,0.0,0.2140244,0.17942,Advantage2_system1.13,2643,29,./penalty_sweep_qpu_v113/samples/4jsz_Kdist1.0_Kmono19.0/psweep113_r5_20260328_171213/4jsz_ligand_report.csv,./penalty_sweep_qpu_v113/samples/4jsz_Kdist1.0_Kmono19.0/psweep113_r5_20260328_171213/4jsz_ligand_samples.json,./penalty_sweep_qpu_v113/samples/4jsz_Kdist1.0_Kmono19.0/psweep113_r5_20260328_171213/result.json
4jsz,4jsz_Kdist1.0_Kmono20.0,psweep113_r5_20260328_171213,1.0,20.0,ok,1.4658744412126867,1000,1000,1000,93,0.093,1.0,0.093,0.2156784,0.18106,Advantage2_system1.13,2806,31,./penalty_sweep_qpu_v113/samples/4jsz_Kdist1.0_Kmono20.0/psweep113_r5_20260328_171213/4jsz_ligand_report.csv,./penalty_sweep_qpu_v113/samples/4jsz_Kdist1.0_Kmono20.0/psweep113_r5_20260328_171213/4jsz_ligand_samples.json,./penalty_sweep_qpu_v113/samples/4jsz_Kdist1.0_Kmono20.0/psweep113_r5_20260328_171213/result.json
4jsz,4jsz_Kdist1.5_Kmono1.0,psweep113_r5_20260328_171213,1.5,1.0,ok,1.8254830410412357,1000,1000,1000,23,0.023,1.0,0.023,0.2192712,0.18466,Advantage2_system1.13,2900,33,./penalty_sweep_qpu_v113/samples/4jsz_Kdist1.5_Kmono1.0/psweep113_r5_20260328_171213/4jsz_ligand_report.csv,./penalty_sweep_qpu_v113/samples/4jsz_Kdist1.5_Kmono1.0/psweep113_r5_20260328_171213/4jsz_ligand_samples.json,./penalty_sweep_qpu_v113/samples/4jsz_Kdist1.5_Kmono1.0/psweep113_r5_20260328_171213/result.json
4jsz,4jsz_Kdist1.5_Kmono2.0,psweep113_r5_20260328_171213,1.5,2.0,ok,3.677726351699013,1000,1000,1000,0,0.0,1.0,0.0,0.2142196,0.1796,Advantage2_system1.13,2638,29,./penalty_sweep_qpu_v113/samples/4jsz_Kdist1.5_Kmono2.0/psweep113_r5_20260328_171213/4jsz_ligand_report.csv,./penalty_sweep_qpu_v113/samples/4jsz_Kdist1.5_Kmono2.0/psweep113_r5_20260328_171213/4jsz_ligand_samples.json,./penalty_sweep_qpu_v113/samples/4jsz_Kdist1.5_Kmono2.0/psweep113_r5_20260328_171213/result.json
4jsz,4jsz_Kdist1.5_Kmono3.0,psweep113_r5_20260328_171213,1.5,3.0,ok,2.4858321063976496,1000,1000,1000,0,0.0,1.0,0.0,0.2105352,0.17592,Advantage2_system1.13,2542,29,./penalty_sweep_qpu_v113/samples/4jsz_Kdist1.5_Kmono3.0/psweep113_r5_20260328_171213/4jsz_ligand_report.csv,./penalty_sweep_qpu_v113/samples/4jsz_Kdist1.5_Kmono3.0/psweep113_r5_20260328_171213/4jsz_ligand_samples.json,./penalty_sweep_qpu_v113/samples/4jsz_Kdist1.5_Kmono3.0/psweep113_r5_20260328_171213/result.json
4jsz,4jsz_Kdist1.5_Kmono4.0,psweep113_r5_20260328_171213,1.5,4.0,ok,1.582405886961311,1000,1000,1000,60,0.06,1.0,0.06,0.214208,0.1796,Advantage2_system1.13,2656,29,./penalty_sweep_qpu_v113/samples/4jsz_Kdist1.5_Kmono4.0/psweep113_r5_20260328_171213/4jsz_ligand_report.csv,./penalty_sweep_qpu_v113/samples/4jsz_Kdist1.5_Kmono4.0/psweep113_r5_20260328_171213/4jsz_ligand_samples.json,./penalty_sweep_qpu_v113/samples/4jsz_Kdist1.5_Kmono4.0/psweep113_r5_20260328_171213/result.json
4jsz,4jsz_Kdist1.5_Kmono5.0,psweep113_r5_20260328_171213,1.5,5.0,ok,2.3808229192395456,1000,1000,1000,0,0.0,1.0,0.0,0.2134564,0.17884,Advantage2_system1.13,2668,28,./penalty_sweep_qpu_v113/samples/4jsz_Kdist1.5_Kmono5.0/psweep113_r5_20260328_171213/4jsz_ligand_report.csv,./penalty_sweep_qpu_v113/samples/4jsz_Kdist1.5_Kmono5.0/psweep113_r5_20260328_171213/4jsz_ligand_samples.json,./penalty_sweep_qpu_v113/samples/4jsz_Kdist1.5_Kmono5.0/psweep113_r5_20260328_171213/result.json
4jsz,4jsz_Kdist1.5_Kmono6.0,psweep113_r5_20260328_171213,1.5,6.0,ok,3.7610883340647048,1000,1000,1000,0,0.0,1.0,0.0,0.20534560000000002,0.17074,Advantage2_system1.13,2579,27,./penalty_sweep_qpu_v113/samples/4jsz_Kdist1.5_Kmono6.0/psweep113_r5_20260328_171213/4jsz_ligand_report.csv,./penalty_sweep_qpu_v113/samples/4jsz_Kdist1.5_Kmono6.0/psweep113_r5_20260328_171213/4jsz_ligand_samples.json,./penalty_sweep_qpu_v113/samples/4jsz_Kdist1.5_Kmono6.0/psweep113_r5_20260328_171213/result.json
4jsz,4jsz_Kdist1.5_Kmono7.0,psweep113_r5_20260328_171213,1.5,7.0,ok,2.675237527391712,1000,1000,1000,0,0.0,1.0,0.0,0.2191224,0.18452,Advantage2_system1.13,2512,27,./penalty_sweep_qpu_v113/samples/4jsz_Kdist1.5_Kmono7.0/psweep113_r5_20260328_171213/4jsz_ligand_report.csv,./penalty_sweep_qpu_v113/samples/4jsz_Kdist1.5_Kmono7.0/psweep113_r5_20260328_171213/4jsz_ligand_samples.json,./penalty_sweep_qpu_v113/samples/4jsz_Kdist1.5_Kmono7.0/psweep113_r5_20260328_171213/result.json
4jsz,4jsz_Kdist1.5_Kmono8.0,psweep113_r5_20260328_171213,1.5,8.0,ok,1.218894307710775,1000,1000,1000,8,0.008,1.0,0.008,0.21699079999999998,0.18238,Advantage2_system1.13,2510,28,./penalty_sweep_qpu_v113/samples/4jsz_Kdist1.5_Kmono8.0/psweep113_r5_20260328_171213/4jsz_ligand_report.csv,./penalty_sweep_qpu_v113/samples/4jsz_Kdist1.5_Kmono8.0/psweep113_r5_20260328_171213/4jsz_ligand_samples.json,./penalty_sweep_qpu_v113/samples/4jsz_Kdist1.5_Kmono8.0/psweep113_r5_20260328_171213/result.json
4jsz,4jsz_Kdist1.5_Kmono9.0,psweep113_r5_20260328_171213,1.5,9.0,ok,1.5131996542375732,1000,1000,1000,37,0.037,1.0,0.037,0.214592,0.17998,Advantage2_system1.13,2848,33,./penalty_sweep_qpu_v113/samples/4jsz_Kdist1.5_Kmono9.0/psweep113_r5_20260328_171213/4jsz_ligand_report.csv,./penalty_sweep_qpu_v113/samples/4jsz_Kdist1.5_Kmono9.0/psweep113_r5_20260328_171213/4jsz_ligand_samples.json,./penalty_sweep_qpu_v113/samples/4jsz_Kdist1.5_Kmono9.0/psweep113_r5_20260328_171213/result.json
4jsz,4jsz_Kdist1.5_Kmono10.0,psweep113_r5_20260328_171213,1.5,10.0,ok,2.691009184790999,1000,1000,1000,0,0.0,1.0,0.0,0.2144532,0.17984,Advantage2_system1.13,2618,29,./penalty_sweep_qpu_v113/samples/4jsz_Kdist1.5_Kmono10.0/psweep113_r5_20260328_171213/4jsz_ligand_report.csv,./penalty_sweep_qpu_v113/samples/4jsz_Kdist1.5_Kmono10.0/psweep113_r5_20260328_171213/4jsz_ligand_samples.json,./penalty_sweep_qpu_v113/samples/4jsz_Kdist1.5_Kmono10.0/psweep113_r5_20260328_171213/result.json
4jsz,4jsz_Kdist1.5_Kmono11.0,psweep113_r5_20260328_171213,1.5,11.0,ok,1.8328401349492476,1000,1000,1000,5,0.005,1.0,0.005,0.21204,0.17742,Advantage2_system1.13,2574,27,./penalty_sweep_qpu_v113/samples/4jsz_Kdist1.5_Kmono11.0/psweep113_r5_20260328_171213/4jsz_ligand_report.csv,./penalty_sweep_qpu_v113/samples/4jsz_Kdist1.5_Kmono11.0/psweep113_r5_20260328_171213/4jsz_ligand_samples.json,./penalty_sweep_qpu_v113/samples/4jsz_Kdist1.5_Kmono11.0/psweep113_r5_20260328_171213/result.json
4jsz,4jsz_Kdist1.5_Kmono12.0,psweep113_r5_20260328_171213,1.5,12.0,ok,2.4079330892692354,1000,1000,1000,0,0.0,1.0,0.0,0.2111684,0.17656,Advantage2_system1.13,2463,26,./penalty_sweep_qpu_v113/samples/4jsz_Kdist1.5_Kmono12.0/psweep113_r5_20260328_171213/4jsz_ligand_report.csv,./penalty_sweep_qpu_v113/samples/4jsz_Kdist1.5_Kmono12.0/psweep113_r5_20260328_171213/4jsz_ligand_samples.json,./penalty_sweep_qpu_v113/samples/4jsz_Kdist1.5_Kmono12.0/psweep113_r5_20260328_171213/result.json
4jsz,4jsz_Kdist1.5_Kmono13.0,psweep113_r5_20260328_171213,1.5,13.0,ok,2.0523834380081896,1000,1000,1000,0,0.0,1.0,0.0,0.2160932,0.18148,Advantage2_system1.13,2948,33,./penalty_sweep_qpu_v113/samples/4jsz_Kdist1.5_Kmono13.0/psweep113_r5_20260328_171213/4jsz_ligand_report.csv,./penalty_sweep_qpu_v113/samples/4jsz_Kdist1.5_Kmono13.0/psweep113_r5_20260328_171213/4jsz_ligand_samples.json,./penalty_sweep_qpu_v113/samples/4jsz_Kdist1.5_Kmono13.0/psweep113_r5_20260328_171213/result.json
4jsz,4jsz_Kdist1.5_Kmono14.0,psweep113_r5_20260328_171213,1.5,14.0,ok,1.7392753685099471,1000,1000,1000,4,0.004,1.0,0.004,0.21302320000000002,0.17842,Advantage2_system1.13,2788,29,./penalty_sweep_qpu_v113/samples/4jsz_Kdist1.5_Kmono14.0/psweep113_r5_20260328_171213/4jsz_ligand_report.csv,./penalty_sweep_qpu_v113/samples/4jsz_Kdist1.5_Kmono14.0/psweep113_r5_20260328_171213/4jsz_ligand_samples.json,./penalty_sweep_qpu_v113/samples/4jsz_Kdist1.5_Kmono14.0/psweep113_r5_20260328_171213/result.json
4jsz,4jsz_Kdist1.5_Kmono15.0,psweep113_r5_20260328_171213,1.5,15.0,ok,1.7858322196222087,1000,1000,1000,3,0.003,1.0,0.003,0.217878,0.18328,Advantage2_system1.13,2271,24,./penalty_sweep_qpu_v113/samples/4jsz_Kdist1.5_Kmono15.0/psweep113_r5_20260328_171213/4jsz_ligand_report.csv,./penalty_sweep_qpu_v113/samples/4jsz_Kdist1.5_Kmono15.0/psweep113_r5_20260328_171213/4jsz_ligand_samples.json,./penalty_sweep_qpu_v113/samples/4jsz_Kdist1.5_Kmono15.0/psweep113_r5_20260328_171213/result.json
4jsz,4jsz_Kdist1.5_Kmono16.0,psweep113_r5_20260328_171213,1.5,16.0,ok,2.0995791978428304,1000,1000,1000,0,0.0,1.0,0.0,0.2099856,0.17538,Advantage2_system1.13,2359,24,./penalty_sweep_qpu_v113/samples/4jsz_Kdist1.5_Kmono16.0/psweep113_r5_20260328_171213/4jsz_ligand_report.csv,./penalty_sweep_qpu_v113/samples/4jsz_Kdist1.5_Kmono16.0/psweep113_r5_20260328_171213/4jsz_ligand_samples.json,./penalty_sweep_qpu_v113/samples/4jsz_Kdist1.5_Kmono16.0/psweep113_r5_20260328_171213/result.json
4jsz,4jsz_Kdist1.5_Kmono17.0,psweep113_r5_20260328_171213,1.5,17.0,ok,2.7719353856533737,1000,1000,1000,0,0.0,1.0,0.0,0.21723,0.18262,Advantage2_system1.13,2569,28,./penalty_sweep_qpu_v113/samples/4jsz_Kdist1.5_Kmono17.0/psweep113_r5_20260328_171213/4jsz_ligand_report.csv,./penalty_sweep_qpu_v113/samples/4jsz_Kdist1.5_Kmono17.0/psweep113_r5_20260328_171213/4jsz_ligand_samples.json,./penalty_sweep_qpu_v113/samples/4jsz_Kdist1.5_Kmono17.0/psweep113_r5_20260328_171213/result.json
4jsz,4jsz_Kdist1.5_Kmono18.0,psweep113_r5_20260328_171213,1.5,18.0,ok,1.7403937640314027,1000,1000,1000,10,0.01,1.0,0.01,0.2171048,0.18248,Advantage2_system1.13,2912,32,./penalty_sweep_qpu_v113/samples/4jsz_Kdist1.5_Kmono18.0/psweep113_r5_20260328_171213/4jsz_ligand_report.csv,./penalty_sweep_qpu_v113/samples/4jsz_Kdist1.5_Kmono18.0/psweep113_r5_20260328_171213/4jsz_ligand_samples.json,./penalty_sweep_qpu_v113/samples/4jsz_Kdist1.5_Kmono18.0/psweep113_r5_20260328_171213/result.json
4jsz,4jsz_Kdist1.5_Kmono19.0,psweep113_r5_20260328_171213,1.5,19.0,ok,1.5215988341894942,1000,1000,1000,4,0.004,1.0,0.004,0.2204076,0.1858,Advantage2_system1.13,2797,31,./penalty_sweep_qpu_v113/samples/4jsz_Kdist1.5_Kmono19.0/psweep113_r5_20260328_171213/4jsz_ligand_report.csv,./penalty_sweep_qpu_v113/samples/4jsz_Kdist1.5_Kmono19.0/psweep113_r5_20260328_171213/4jsz_ligand_samples.json,./penalty_sweep_qpu_v113/samples/4jsz_Kdist1.5_Kmono19.0/psweep113_r5_20260328_171213/result.json
4jsz,4jsz_Kdist1.5_Kmono20.0,psweep113_r5_20260328_171213,1.5,20.0,ok,1.0368349119417157,1000,1000,1000,560,0.56,1.0,0.56,0.21669760000000002,0.1821,Advantage2_system1.13,2254,23,./penalty_sweep_qpu_v113/samples/4jsz_Kdist1.5_Kmono20.0/psweep113_r5_20260328_171213/4jsz_ligand_report.csv,./penalty_sweep_qpu_v113/samples/4jsz_Kdist1.5_Kmono20.0/psweep113_r5_20260328_171213/4jsz_ligand_samples.json,./penalty_sweep_qpu_v113/samples/4jsz_Kdist1.5_Kmono20.0/psweep113_r5_20260328_171213/result.json
4jsz,4jsz_Kdist2.0_Kmono1.0,psweep113_r5_20260328_171213,2.0,1.0,ok,1.358070747875051,1000,1000,1000,818,0.818,1.0,0.818,0.2108444,0.17624,Advantage2_system1.13,2479,26,./penalty_sweep_qpu_v113/samples/4jsz_Kdist2.0_Kmono1.0/psweep113_r5_20260328_171213/4jsz_ligand_report.csv,./penalty_sweep_qpu_v113/samples/4jsz_Kdist2.0_Kmono1.0/psweep113_r5_20260328_171213/4jsz_ligand_samples.json,./penalty_sweep_qpu_v113/samples/4jsz_Kdist2.0_Kmono1.0/psweep113_r5_20260328_171213/result.json
4jsz,4jsz_Kdist2.0_Kmono2.0,psweep113_r5_20260328_171213,2.0,2.0,ok,2.324894195322509,1000,1000,1000,0,0.0,1.0,0.0,0.21318120000000002,0.17856,Advantage2_system1.13,2635,28,./penalty_sweep_qpu_v113/samples/4jsz_Kdist2.0_Kmono2.0/psweep113_r5_20260328_171213/4jsz_ligand_report.csv,./penalty_sweep_qpu_v113/samples/4jsz_Kdist2.0_Kmono2.0/psweep113_r5_20260328_171213/4jsz_ligand_samples.json,./penalty_sweep_qpu_v113/samples/4jsz_Kdist2.0_Kmono2.0/psweep113_r5_20260328_171213/result.json
4jsz,4jsz_Kdist2.0_Kmono3.0,psweep113_r5_20260328_171213,2.0,3.0,ok,2.463832363631045,1000,1000,1000,0,0.0,1.0,0.0,0.213672,0.17906,Advantage2_system1.13,2625,29,./penalty_sweep_qpu_v113/samples/4jsz_Kdist2.0_Kmono3.0/psweep113_r5_20260328_171213/4jsz_ligand_report.csv,./penalty_sweep_qpu_v113/samples/4jsz_Kdist2.0_Kmono3.0/psweep113_r5_20260328_171213/4jsz_ligand_samples.json,./penalty_sweep_qpu_v113/samples/4jsz_Kdist2.0_Kmono3.0/psweep113_r5_20260328_171213/result.json
4jsz,4jsz_Kdist2.0_Kmono4.0,psweep113_r5_20260328_171213,2.0,4.0,ok,1.8028319670146742,1000,1000,1000,16,0.016,1.0,0.016,0.2133224,0.1787,Advantage2_system1.13,2836,30,./penalty_sweep_qpu_v113/samples/4jsz_Kdist2.0_Kmono4.0/psweep113_r5_20260328_171213/4jsz_ligand_report.csv,./penalty_sweep_qpu_v113/samples/4jsz_Kdist2.0_Kmono4.0/psweep113_r5_20260328_171213/4jsz_ligand_samples.json,./penalty_sweep_qpu_v113/samples/4jsz_Kdist2.0_Kmono4.0/psweep113_r5_20260328_171213/result.json
4jsz,4jsz_Kdist2.0_Kmono5.0,psweep113_r5_20260328_171213,2.0,5.0,ok,2.3489737773828243,1000,1000,1000,0,0.0,1.0,0.0,0.21341079999999998,0.1788,Advantage2_system1.13,2508,27,./penalty_sweep_qpu_v113/samples/4jsz_Kdist2.0_Kmono5.0/psweep113_r5_20260328_171213/4jsz_ligand_report.csv,./penalty_sweep_qpu_v113/samples/4jsz_Kdist2.0_Kmono5.0/psweep113_r5_20260328_171213/4jsz_ligand_samples.json,./penalty_sweep_qpu_v113/samples/4jsz_Kdist2.0_Kmono5.0/psweep113_r5_20260328_171213/result.json
4jsz,4jsz_Kdist2.0_Kmono6.0,psweep113_r5_20260328_171213,2.0,6.0,ok,3.7275975464459754,1000,1000,1000,0,0.0,1.0,0.0,0.2133236,0.1787,Advantage2_system1.13,2708,28,./penalty_sweep_qpu_v113/samples/4jsz_Kdist2.0_Kmono6.0/psweep113_r5_20260328_171213/4jsz_ligand_report.csv,./penalty_sweep_qpu_v113/samples/4jsz_Kdist2.0_Kmono6.0/psweep113_r5_20260328_171213/4jsz_ligand_samples.json,./penalty_sweep_qpu_v113/samples/4jsz_Kdist2.0_Kmono6.0/psweep113_r5_20260328_171213/result.json
4jsz,4jsz_Kdist2.0_Kmono7.0,psweep113_r5_20260328_171213,2.0,7.0,ok,2.513500794321697,1000,1000,1000,0,0.0,1.0,0.0,0.2108092,0.1762,Advantage2_system1.13,2450,26,./penalty_sweep_qpu_v113/samples/4jsz_Kdist2.0_Kmono7.0/psweep113_r5_20260328_171213/4jsz_ligand_report.csv,./penalty_sweep_qpu_v113/samples/4jsz_Kdist2.0_Kmono7.0/psweep113_r5_20260328_171213/4jsz_ligand_samples.json,./penalty_sweep_qpu_v113/samples/4jsz_Kdist2.0_Kmono7.0/psweep113_r5_20260328_171213/result.json
4jsz,4jsz_Kdist2.0_Kmono8.0,psweep113_r5_20260328_171213,2.0,8.0,ok,1.4971572750200692,1000,1000,1000,7,0.007,1.0,0.007,0.2164408,0.18184,Advantage2_system1.13,2535,26,./penalty_sweep_qpu_v113/samples/4jsz_Kdist2.0_Kmono8.0/psweep113_r5_20260328_171213/4jsz_ligand_report.csv,./penalty_sweep_qpu_v113/samples/4jsz_Kdist2.0_Kmono8.0/psweep113_r5_20260328_171213/4jsz_ligand_samples.json,./penalty_sweep_qpu_v113/samples/4jsz_Kdist2.0_Kmono8.0/psweep113_r5_20260328_171213/result.json
4jsz,4jsz_Kdist2.0_Kmono9.0,psweep113_r5_20260328_171213,2.0,9.0,ok,1.258185090817426,1000,1000,1000,32,0.032,1.0,0.032,0.214168,0.17956,Advantage2_system1.13,2327,25,./penalty_sweep_qpu_v113/samples/4jsz_Kdist2.0_Kmono9.0/psweep113_r5_20260328_171213/4jsz_ligand_report.csv,./penalty_sweep_qpu_v113/samples/4jsz_Kdist2.0_Kmono9.0/psweep113_r5_20260328_171213/4jsz_ligand_samples.json,./penalty_sweep_qpu_v113/samples/4jsz_Kdist2.0_Kmono9.0/psweep113_r5_20260328_171213/result.json
4jsz,4jsz_Kdist2.0_Kmono10.0,psweep113_r5_20260328_171213,2.0,10.0,ok,3.0572020474872774,1000,1000,1000,0,0.0,1.0,0.0,0.21608560000000002,0.18148,Advantage2_system1.13,2330,24,./penalty_sweep_qpu_v113/samples/4jsz_Kdist2.0_Kmono10.0/psweep113_r5_20260328_171213/4jsz_ligand_report.csv,./penalty_sweep_qpu_v113/samples/4jsz_Kdist2.0_Kmono10.0/psweep113_r5_20260328_171213/4jsz_ligand_samples.json,./penalty_sweep_qpu_v113/samples/4jsz_Kdist2.0_Kmono10.0/psweep113_r5_20260328_171213/result.json
4jsz,4jsz_Kdist2.0_Kmono11.0,psweep113_r5_20260328_171213,2.0,11.0,ok,1.1403014074280917,1000,1000,1000,26,0.026,1.0,0.026,0.2158596,0.18124,Advantage2_system1.13,3104,35,./penalty_sweep_qpu_v113/samples/4jsz_Kdist2.0_Kmono11.0/psweep113_r5_20260328_171213/4jsz_ligand_report.csv,./penalty_sweep_qpu_v113/samples/4jsz_Kdist2.0_Kmono11.0/psweep113_r5_20260328_171213/4jsz_ligand_samples.json,./penalty_sweep_qpu_v113/samples/4jsz_Kdist2.0_Kmono11.0/psweep113_r5_20260328_171213/result.json
4jsz,4jsz_Kdist2.0_Kmono12.0,psweep113_r5_20260328_171213,2.0,12.0,ok,3.4051029721372164,1000,1000,1000,0,0.0,1.0,0.0,0.2143156,0.1797,Advantage2_system1.13,2656,29,./penalty_sweep_qpu_v113/samples/4jsz_Kdist2.0_Kmono12.0/psweep113_r5_20260328_171213/4jsz_ligand_report.csv,./penalty_sweep_qpu_v113/samples/4jsz_Kdist2.0_Kmono12.0/psweep113_r5_20260328_171213/4jsz_ligand_samples.json,./penalty_sweep_qpu_v113/samples/4jsz_Kdist2.0_Kmono12.0/psweep113_r5_20260328_171213/result.json
4jsz,4jsz_Kdist2.0_Kmono13.0,psweep113_r5_20260328_171213,2.0,13.0,ok,1.4336583002523045,1000,1000,1000,35,0.035,1.0,0.035,0.2165868,0.18198,Advantage2_system1.13,2430,26,./penalty_sweep_qpu_v113/samples/4jsz_Kdist2.0_Kmono13.0/psweep113_r5_20260328_171213/4jsz_ligand_report.csv,./penalty_sweep_qpu_v113/samples/4jsz_Kdist2.0_Kmono13.0/psweep113_r5_20260328_171213/4jsz_ligand_samples.json,./penalty_sweep_qpu_v113/samples/4jsz_Kdist2.0_Kmono13.0/psweep113_r5_20260328_171213/result.json
4jsz,4jsz_Kdist2.0_Kmono14.0,psweep113_r5_20260328_171213,2.0,14.0,ok,2.8060895985493777,1000,1000,1000,0,0.0,1.0,0.0,0.21140920000000002,0.1768,Advantage2_system1.13,2482,27,./penalty_sweep_qpu_v113/samples/4jsz_Kdist2.0_Kmono14.0/psweep113_r5_20260328_171213/4jsz_ligand_report.csv,./penalty_sweep_qpu_v113/samples/4jsz_Kdist2.0_Kmono14.0/psweep113_r5_20260328_171213/4jsz_ligand_samples.json,./penalty_sweep_qpu_v113/samples/4jsz_Kdist2.0_Kmono14.0/psweep113_r5_20260328_171213/result.json
4jsz,4jsz_Kdist2.0_Kmono15.0,psweep113_r5_20260328_171213,2.0,15.0,ok,0.8976093868426847,1000,1000,1000,342,0.342,1.0,0.342,0.2119488,0.17734,Advantage2_system1.13,2637,27,./penalty_sweep_qpu_v113/samples/4jsz_Kdist2.0_Kmono15.0/psweep113_r5_20260328_171213/4jsz_ligand_report.csv,./penalty_sweep_qpu_v113/samples/4jsz_Kdist2.0_Kmono15.0/psweep113_r5_20260328_171213/4jsz_ligand_samples.json,./penalty_sweep_qpu_v113/samples/4jsz_Kdist2.0_Kmono15.0/psweep113_r5_20260328_171213/result.json
4jsz,4jsz_Kdist2.0_Kmono16.0,psweep113_r5_20260328_171213,2.0,16.0,ok,1.449167413730903,1000,1000,1000,9,0.009,1.0,0.009,0.2109864,0.17638,Advantage2_system1.13,2829,32,./penalty_sweep_qpu_v113/samples/4jsz_Kdist2.0_Kmono16.0/psweep113_r5_20260328_171213/4jsz_ligand_report.csv,./penalty_sweep_qpu_v113/samples/4jsz_Kdist2.0_Kmono16.0/psweep113_r5_20260328_171213/4jsz_ligand_samples.json,./penalty_sweep_qpu_v113/samples/4jsz_Kdist2.0_Kmono16.0/psweep113_r5_20260328_171213/result.json
4jsz,4jsz_Kdist2.0_Kmono17.0,psweep113_r5_20260328_171213,2.0,17.0,ok,1.648675889270968,1000,1000,1000,16,0.016,1.0,0.016,0.209768,0.17516,Advantage2_system1.13,2437,27,./penalty_sweep_qpu_v113/samples/4jsz_Kdist2.0_Kmono17.0/psweep113_r5_20260328_171213/4jsz_ligand_report.csv,./penalty_sweep_qpu_v113/samples/4jsz_Kdist2.0_Kmono17.0/psweep113_r5_20260328_171213/4jsz_ligand_samples.json,./penalty_sweep_qpu_v113/samples/4jsz_Kdist2.0_Kmono17.0/psweep113_r5_20260328_171213/result.json
4jsz,4jsz_Kdist2.0_Kmono18.0,psweep113_r5_20260328_171213,2.0,18.0,ok,1.1782266502610055,1000,1000,1000,176,0.176,1.0,0.176,0.2099476,0.17534,Advantage2_system1.13,2786,29,./penalty_sweep_qpu_v113/samples/4jsz_Kdist2.0_Kmono18.0/psweep113_r5_20260328_171213/4jsz_ligand_report.csv,./penalty_sweep_qpu_v113/samples/4jsz_Kdist2.0_Kmono18.0/psweep113_r5_20260328_171213/4jsz_ligand_samples.json,./penalty_sweep_qpu_v113/samples/4jsz_Kdist2.0_Kmono18.0/psweep113_r5_20260328_171213/result.json
4jsz,4jsz_Kdist2.0_Kmono19.0,psweep113_r5_20260328_171213,2.0,19.0,ok,1.7629447809078171,1000,1000,1000,2,0.002,1.0,0.002,0.2102056,0.1756,Advantage2_system1.13,2441,28,./penalty_sweep_qpu_v113/samples/4jsz_Kdist2.0_Kmono19.0/psweep113_r5_20260328_171213/4jsz_ligand_report.csv,./penalty_sweep_qpu_v113/samples/4jsz_Kdist2.0_Kmono19.0/psweep113_r5_20260328_171213/4jsz_ligand_samples.json,./penalty_sweep_qpu_v113/samples/4jsz_Kdist2.0_Kmono19.0/psweep113_r5_20260328_171213/result.json
4jsz,4jsz_Kdist2.0_Kmono20.0,psweep113_r5_20260328_171213,2.0,20.0,ok,1.4489047560078905,1000,1000,1000,18,0.018,1.0,0.018,0.2178956,0.18328,Advantage2_system1.13,2692,29,./penalty_sweep_qpu_v113/samples/4jsz_Kdist2.0_Kmono20.0/psweep113_r5_20260328_171213/4jsz_ligand_report.csv,./penalty_sweep_qpu_v113/samples/4jsz_Kdist2.0_Kmono20.0/psweep113_r5_20260328_171213/4jsz_ligand_samples.json,./penalty_sweep_qpu_v113/samples/4jsz_Kdist2.0_Kmono20.0/psweep113_r5_20260328_171213/result.json
4jsz,4jsz_Kdist2.5_Kmono1.0,psweep113_r5_20260328_171213,2.5,1.0,ok,1.952313255258636,1000,1000,1000,1,0.001,1.0,0.001,0.21534920000000002,0.18074,Advantage2_system1.13,2516,27,./penalty_sweep_qpu_v113/samples/4jsz_Kdist2.5_Kmono1.0/psweep113_r5_20260328_171213/4jsz_ligand_report.csv,./penalty_sweep_qpu_v113/samples/4jsz_Kdist2.5_Kmono1.0/psweep113_r5_20260328_171213/4jsz_ligand_samples.json,./penalty_sweep_qpu_v113/samples/4jsz_Kdist2.5_Kmono1.0/psweep113_r5_20260328_171213/result.json
4jsz,4jsz_Kdist2.5_Kmono2.0,psweep113_r5_20260328_171213,2.5,2.0,ok,3.7272069328683206,1000,1000,1000,0,0.0,1.0,0.0,0.20848039999999998,0.17388,Advantage2_system1.13,2485,26,./penalty_sweep_qpu_v113/samples/4jsz_Kdist2.5_Kmono2.0/psweep113_r5_20260328_171213/4jsz_ligand_report.csv,./penalty_sweep_qpu_v113/samples/4jsz_Kdist2.5_Kmono2.0/psweep113_r5_20260328_171213/4jsz_ligand_samples.json,./penalty_sweep_qpu_v113/samples/4jsz_Kdist2.5_Kmono2.0/psweep113_r5_20260328_171213/result.json
4jsz,4jsz_Kdist2.5_Kmono3.0,psweep113_r5_20260328_171213,2.5,3.0,ok,2.0473664564251344,1000,1000,1000,0,0.0,1.0,0.0,0.21290879999999998,0.1783,Advantage2_system1.13,2565,27,./penalty_sweep_qpu_v113/samples/4jsz_Kdist2.5_Kmono3.0/psweep113_r5_20260328_171213/4jsz_ligand_report.csv,./penalty_sweep_qpu_v113/samples/4jsz_Kdist2.5_Kmono3.0/psweep113_r5_20260328_171213/4jsz_ligand_samples.json,./penalty_sweep_qpu_v113/samples/4jsz_Kdist2.5_Kmono3.0/psweep113_r5_20260328_171213/result.json
4jsz,4jsz_Kdist2.5_Kmono4.0,psweep113_r5_20260328_171213,2.5,4.0,ok,2.8043514387974247,1000,1000,1000,0,0.0,1.0,0.0,0.21191,0.1773,Advantage2_system1.13,2445,25,./penalty_sweep_qpu_v113/samples/4jsz_Kdist2.5_Kmono4.0/psweep113_r5_20260328_171213/4jsz_ligand_report.csv,./penalty_sweep_qpu_v113/samples/4jsz_Kdist2.5_Kmono4.0/psweep113_r5_20260328_171213/4jsz_ligand_samples.json,./penalty_sweep_qpu_v113/samples/4jsz_Kdist2.5_Kmono4.0/psweep113_r5_20260328_171213/result.json
4jsz,4jsz_Kdist2.5_Kmono5.0,psweep113_r5_20260328_171213,2.5,5.0,ok,2.134435370015926,1000,1000,1000,0,0.0,1.0,0.0,0.2118064,0.1772,Advantage2_system1.13,2262,23,./penalty_sweep_qpu_v113/samples/4jsz_Kdist2.5_Kmono5.0/psweep113_r5_20260328_171213/4jsz_ligand_report.csv,./penalty_sweep_qpu_v113/samples/4jsz_Kdist2.5_Kmono5.0/psweep113_r5_20260328_171213/4jsz_ligand_samples.json,./penalty_sweep_qpu_v113/samples/4jsz_Kdist2.5_Kmono5.0/psweep113_r5_20260328_171213/result.json
4jsz,4jsz_Kdist2.5_Kmono6.0,psweep113_r5_20260328_171213,2.5,6.0,ok,3.2984467637547126,1000,1000,1000,0,0.0,1.0,0.0,0.2104904,0.17588,Advantage2_system1.13,2522,27,./penalty_sweep_qpu_v113/samples/4jsz_Kdist2.5_Kmono6.0/psweep113_r5_20260328_171213/4jsz_ligand_report.csv,./penalty_sweep_qpu_v113/samples/4jsz_Kdist2.5_Kmono6.0/psweep113_r5_20260328_171213/4jsz_ligand_samples.json,./penalty_sweep_qpu_v113/samples/4jsz_Kdist2.5_Kmono6.0/psweep113_r5_20260328_171213/result.json
4jsz,4jsz_Kdist2.5_Kmono7.0,psweep113_r5_20260328_171213,2.5,7.0,ok,1.5233930372711533,1000,1000,1000,7,0.007,1.0,0.007,0.21453,0.17992,Advantage2_system1.13,2522,26,./penalty_sweep_qpu_v113/samples/4jsz_Kdist2.5_Kmono7.0/psweep113_r5_20260328_171213/4jsz_ligand_report.csv,./penalty_sweep_qpu_v113/samples/4jsz_Kdist2.5_Kmono7.0/psweep113_r5_20260328_171213/4jsz_ligand_samples.json,./penalty_sweep_qpu_v113/samples/4jsz_Kdist2.5_Kmono7.0/psweep113_r5_20260328_171213/result.json
4jsz,4jsz_Kdist2.5_Kmono8.0,psweep113_r5_20260328_171213,2.5,8.0,ok,3.3902416993386684,1000,1000,1000,0,0.0,1.0,0.0,0.2145436,0.17994,Advantage2_system1.13,2524,27,./penalty_sweep_qpu_v113/samples/4jsz_Kdist2.5_Kmono8.0/psweep113_r5_20260328_171213/4jsz_ligand_report.csv,./penalty_sweep_qpu_v113/samples/4jsz_Kdist2.5_Kmono8.0/psweep113_r5_20260328_171213/4jsz_ligand_samples.json,./penalty_sweep_qpu_v113/samples/4jsz_Kdist2.5_Kmono8.0/psweep113_r5_20260328_171213/result.json
4jsz,4jsz_Kdist2.5_Kmono9.0,psweep113_r5_20260328_171213,2.5,9.0,ok,1.457509872034354,1000,1000,1000,14,0.014,1.0,0.014,0.2106228,0.17602,Advantage2_system1.13,2352,25,./penalty_sweep_qpu_v113/samples/4jsz_Kdist2.5_Kmono9.0/psweep113_r5_20260328_171213/4jsz_ligand_report.csv,./penalty_sweep_qpu_v113/samples/4jsz_Kdist2.5_Kmono9.0/psweep113_r5_20260328_171213/4jsz_ligand_samples.json,./penalty_sweep_qpu_v113/samples/4jsz_Kdist2.5_Kmono9.0/psweep113_r5_20260328_171213/result.json
4jsz,4jsz_Kdist2.5_Kmono10.0,psweep113_r5_20260328_171213,2.5,10.0,ok,1.7311973370011635,1000,1000,1000,4,0.004,1.0,0.004,0.21217160000000002,0.17756,Advantage2_system1.13,2654,30,./penalty_sweep_qpu_v113/samples/4jsz_Kdist2.5_Kmono10.0/psweep113_r5_20260328_171213/4jsz_ligand_report.csv,./penalty_sweep_qpu_v113/samples/4jsz_Kdist2.5_Kmono10.0/psweep113_r5_20260328_171213/4jsz_ligand_samples.json,./penalty_sweep_qpu_v113/samples/4jsz_Kdist2.5_Kmono10.0/psweep113_r5_20260328_171213/result.json
4jsz,4jsz_Kdist2.5_Kmono11.0,psweep113_r5_20260328_171213,2.5,11.0,ok,1.4535514613856089,1000,1000,1000,19,0.019,1.0,0.019,0.214268,0.17966,Advantage2_system1.13,2615,28,./penalty_sweep_qpu_v113/samples/4jsz_Kdist2.5_Kmono11.0/psweep113_r5_20260328_171213/4jsz_ligand_report.csv,./penalty_sweep_qpu_v113/samples/4jsz_Kdist2.5_Kmono11.0/psweep113_r5_20260328_171213/4jsz_ligand_samples.json,./penalty_sweep_qpu_v113/samples/4jsz_Kdist2.5_Kmono11.0/psweep113_r5_20260328_171213/result.json
4jsz,4jsz_Kdist2.5_Kmono12.0,psweep113_r5_20260328_171213,2.5,12.0,ok,1.934282929747618,1000,1000,1000,1,0.001,1.0,0.001,0.2081664,0.17356,Advantage2_system1.13,2704,29,./penalty_sweep_qpu_v113/samples/4jsz_Kdist2.5_Kmono12.0/psweep113_r5_20260328_171213/4jsz_ligand_report.csv,./penalty_sweep_qpu_v113/samples/4jsz_Kdist2.5_Kmono12.0/psweep113_r5_20260328_171213/4jsz_ligand_samples.json,./penalty_sweep_qpu_v113/samples/4jsz_Kdist2.5_Kmono12.0/psweep113_r5_20260328_171213/result.json
4jsz,4jsz_Kdist2.5_Kmono13.0,psweep113_r5_20260328_171213,2.5,13.0,ok,1.4451501422129318,1000,1000,1000,2,0.002,1.0,0.002,0.2177636,0.18316,Advantage2_system1.13,2519,27,./penalty_sweep_qpu_v113/samples/4jsz_Kdist2.5_Kmono13.0/psweep113_r5_20260328_171213/4jsz_ligand_report.csv,./penalty_sweep_qpu_v113/samples/4jsz_Kdist2.5_Kmono13.0/psweep113_r5_20260328_171213/4jsz_ligand_samples.json,./penalty_sweep_qpu_v113/samples/4jsz_Kdist2.5_Kmono13.0/psweep113_r5_20260328_171213/result.json
4jsz,4jsz_Kdist2.5_Kmono14.0,psweep113_r5_20260328_171213,2.5,14.0,ok,2.012889969528365,1000,1000,1000,0,0.0,1.0,0.0,0.2130284,0.17842,Advantage2_system1.13,2778,28,./penalty_sweep_qpu_v113/samples/4jsz_Kdist2.5_Kmono14.0/psweep113_r5_20260328_171213/4jsz_ligand_report.csv,./penalty_sweep_qpu_v113/samples/4jsz_Kdist2.5_Kmono14.0/psweep113_r5_20260328_171213/4jsz_ligand_samples.json,./penalty_sweep_qpu_v113/samples/4jsz_Kdist2.5_Kmono14.0/psweep113_r5_20260328_171213/result.json
4jsz,4jsz_Kdist2.5_Kmono15.0,psweep113_r5_20260328_171213,2.5,15.0,ok,1.037673208252886,1000,1000,1000,27,0.027,1.0,0.027,0.21017239999999998,0.17556,Advantage2_system1.13,2461,25,./penalty_sweep_qpu_v113/samples/4jsz_Kdist2.5_Kmono15.0/psweep113_r5_20260328_171213/4jsz_ligand_report.csv,./penalty_sweep_qpu_v113/samples/4jsz_Kdist2.5_Kmono15.0/psweep113_r5_20260328_171213/4jsz_ligand_samples.json,./penalty_sweep_qpu_v113/samples/4jsz_Kdist2.5_Kmono15.0/psweep113_r5_20260328_171213/result.json
4jsz,4jsz_Kdist2.5_Kmono16.0,psweep113_r5_20260328_171213,2.5,16.0,ok,3.6349171524020325,1000,1000,1000,0,0.0,1.0,0.0,0.2084056,0.1738,Advantage2_system1.13,2595,29,./penalty_sweep_qpu_v113/samples/4jsz_Kdist2.5_Kmono16.0/psweep113_r5_20260328_171213/4jsz_ligand_report.csv,./penalty_sweep_qpu_v113/samples/4jsz_Kdist2.5_Kmono16.0/psweep113_r5_20260328_171213/4jsz_ligand_samples.json,./penalty_sweep_qpu_v113/samples/4jsz_Kdist2.5_Kmono16.0/psweep113_r5_20260328_171213/result.json
4jsz,4jsz_Kdist2.5_Kmono17.0,psweep113_r5_20260328_171213,2.5,17.0,ok,1.5422119436839101,1000,1000,1000,14,0.014,1.0,0.014,0.244472,0.1858,Advantage2_system1.13,2784,30,./penalty_sweep_qpu_v113/samples/4jsz_Kdist2.5_Kmono17.0/psweep113_r5_20260328_171213/4jsz_ligand_report.csv,./penalty_sweep_qpu_v113/samples/4jsz_Kdist2.5_Kmono17.0/psweep113_r5_20260328_171213/4jsz_ligand_samples.json,./penalty_sweep_qpu_v113/samples/4jsz_Kdist2.5_Kmono17.0/psweep113_r5_20260328_171213/result.json
4jsz,4jsz_Kdist2.5_Kmono18.0,psweep113_r5_20260328_171213,2.5,18.0,ok,1.1482543999417945,1000,1000,1000,1,0.001,1.0,0.001,0.21258760000000002,0.17798,Advantage2_system1.13,2537,27,./penalty_sweep_qpu_v113/samples/4jsz_Kdist2.5_Kmono18.0/psweep113_r5_20260328_171213/4jsz_ligand_report.csv,./penalty_sweep_qpu_v113/samples/4jsz_Kdist2.5_Kmono18.0/psweep113_r5_20260328_171213/4jsz_ligand_samples.json,./penalty_sweep_qpu_v113/samples/4jsz_Kdist2.5_Kmono18.0/psweep113_r5_20260328_171213/result.json
4jsz,4jsz_Kdist2.5_Kmono19.0,psweep113_r5_20260328_171213,2.5,19.0,ok,1.6922467242991697,1000,1000,1000,3,0.003,1.0,0.003,0.206842,0.17224,Advantage2_system1.13,2363,26,./penalty_sweep_qpu_v113/samples/4jsz_Kdist2.5_Kmono19.0/psweep113_r5_20260328_171213/4jsz_ligand_report.csv,./penalty_sweep_qpu_v113/samples/4jsz_Kdist2.5_Kmono19.0/psweep113_r5_20260328_171213/4jsz_ligand_samples.json,./penalty_sweep_qpu_v113/samples/4jsz_Kdist2.5_Kmono19.0/psweep113_r5_20260328_171213/result.json
4jsz,4jsz_Kdist2.5_Kmono20.0,psweep113_r5_20260328_171213,2.5,20.0,ok,1.3294965102220984,1000,1000,1000,29,0.029,1.0,0.029,0.21735079999999998,0.18274,Advantage2_system1.13,2702,28,./penalty_sweep_qpu_v113/samples/4jsz_Kdist2.5_Kmono20.0/psweep113_r5_20260328_171213/4jsz_ligand_report.csv,./penalty_sweep_qpu_v113/samples/4jsz_Kdist2.5_Kmono20.0/psweep113_r5_20260328_171213/4jsz_ligand_samples.json,./penalty_sweep_qpu_v113/samples/4jsz_Kdist2.5_Kmono20.0/psweep113_r5_20260328_171213/result.json
4jsz,4jsz_Kdist3.0_Kmono1.0,psweep113_r5_20260328_171213,3.0,1.0,ok,2.373487754346572,1000,1000,1000,0,0.0,1.0,0.0,0.20766279999999998,0.17306,Advantage2_system1.13,2307,24,./penalty_sweep_qpu_v113/samples/4jsz_Kdist3.0_Kmono1.0/psweep113_r5_20260328_171213/4jsz_ligand_report.csv,./penalty_sweep_qpu_v113/samples/4jsz_Kdist3.0_Kmono1.0/psweep113_r5_20260328_171213/4jsz_ligand_samples.json,./penalty_sweep_qpu_v113/samples/4jsz_Kdist3.0_Kmono1.0/psweep113_r5_20260328_171213/result.json
4jsz,4jsz_Kdist3.0_Kmono2.0,psweep113_r5_20260328_171213,3.0,2.0,ok,2.3635735796954944,1000,1000,1000,0,0.0,1.0,0.0,0.2183816,0.18378,Advantage2_system1.13,2596,28,./penalty_sweep_qpu_v113/samples/4jsz_Kdist3.0_Kmono2.0/psweep113_r5_20260328_171213/4jsz_ligand_report.csv,./penalty_sweep_qpu_v113/samples/4jsz_Kdist3.0_Kmono2.0/psweep113_r5_20260328_171213/4jsz_ligand_samples.json,./penalty_sweep_qpu_v113/samples/4jsz_Kdist3.0_Kmono2.0/psweep113_r5_20260328_171213/result.json
4jsz,4jsz_Kdist3.0_Kmono3.0,psweep113_r5_20260328_171213,3.0,3.0,ok,1.086171269327096,1000,1000,1000,87,0.087,1.0,0.087,0.21377079999999998,0.17916,Advantage2_system1.13,2505,26,./penalty_sweep_qpu_v113/samples/4jsz_Kdist3.0_Kmono3.0/psweep113_r5_20260328_171213/4jsz_ligand_report.csv,./penalty_sweep_qpu_v113/samples/4jsz_Kdist3.0_Kmono3.0/psweep113_r5_20260328_171213/4jsz_ligand_samples.json,./penalty_sweep_qpu_v113/samples/4jsz_Kdist3.0_Kmono3.0/psweep113_r5_20260328_171213/result.json
4jsz,4jsz_Kdist3.0_Kmono4.0,psweep113_r5_20260328_171213,3.0,4.0,ok,1.4373147280713827,1000,1000,1000,2,0.002,1.0,0.002,0.21748720000000002,0.18288,Advantage2_system1.13,2416,27,./penalty_sweep_qpu_v113/samples/4jsz_Kdist3.0_Kmono4.0/psweep113_r5_20260328_171213/4jsz_ligand_report.csv,./penalty_sweep_qpu_v113/samples/4jsz_Kdist3.0_Kmono4.0/psweep113_r5_20260328_171213/4jsz_ligand_samples.json,./penalty_sweep_qpu_v113/samples/4jsz_Kdist3.0_Kmono4.0/psweep113_r5_20260328_171213/result.json
4jsz,4jsz_Kdist3.0_Kmono5.0,psweep113_r5_20260328_171213,3.0,5.0,ok,2.8138559688562155,1000,1000,1000,0,0.0,1.0,0.0,0.21181160000000002,0.1772,Advantage2_system1.13,2515,27,./penalty_sweep_qpu_v113/samples/4jsz_Kdist3.0_Kmono5.0/psweep113_r5_20260328_171213/4jsz_ligand_report.csv,./penalty_sweep_qpu_v113/samples/4jsz_Kdist3.0_Kmono5.0/psweep113_r5_20260328_171213/4jsz_ligand_samples.json,./penalty_sweep_qpu_v113/samples/4jsz_Kdist3.0_Kmono5.0/psweep113_r5_20260328_171213/result.json
4jsz,4jsz_Kdist3.0_Kmono6.0,psweep113_r5_20260328_171213,3.0,6.0,ok,3.471144888812044,1000,1000,1000,0,0.0,1.0,0.0,0.215446,0.18084,Advantage2_system1.13,2366,26,./penalty_sweep_qpu_v113/samples/4jsz_Kdist3.0_Kmono6.0/psweep113_r5_20260328_171213/4jsz_ligand_report.csv,./penalty_sweep_qpu_v113/samples/4jsz_Kdist3.0_Kmono6.0/psweep113_r5_20260328_171213/4jsz_ligand_samples.json,./penalty_sweep_qpu_v113/samples/4jsz_Kdist3.0_Kmono6.0/psweep113_r5_20260328_171213/result.json
4jsz,4jsz_Kdist3.0_Kmono7.0,psweep113_r5_20260328_171213,3.0,7.0,ok,2.3426685265108804,1000,1000,1000,0,0.0,1.0,0.0,0.2113472,0.17674,Advantage2_system1.13,2390,26,./penalty_sweep_qpu_v113/samples/4jsz_Kdist3.0_Kmono7.0/psweep113_r5_20260328_171213/4jsz_ligand_report.csv,./penalty_sweep_qpu_v113/samples/4jsz_Kdist3.0_Kmono7.0/psweep113_r5_20260328_171213/4jsz_ligand_samples.json,./penalty_sweep_qpu_v113/samples/4jsz_Kdist3.0_Kmono7.0/psweep113_r5_20260328_171213/result.json
4jsz,4jsz_Kdist3.0_Kmono8.0,psweep113_r5_20260328_171213,3.0,8.0,ok,1.7975101635566313,1000,1000,1000,2,0.002,1.0,0.002,0.21394960000000002,0.17934,Advantage2_system1.13,2485,26,./penalty_sweep_qpu_v113/samples/4jsz_Kdist3.0_Kmono8.0/psweep113_r5_20260328_171213/4jsz_ligand_report.csv,./penalty_sweep_qpu_v113/samples/4jsz_Kdist3.0_Kmono8.0/psweep113_r5_20260328_171213/4jsz_ligand_samples.json,./penalty_sweep_qpu_v113/samples/4jsz_Kdist3.0_Kmono8.0/psweep113_r5_20260328_171213/result.json
4jsz,4jsz_Kdist3.0_Kmono9.0,psweep113_r5_20260328_171213,3.0,9.0,ok,1.4237720943467913,1000,1000,1000,3,0.003,1.0,0.003,0.2142016,0.1796,Advantage2_system1.13,2525,29,./penalty_sweep_qpu_v113/samples/4jsz_Kdist3.0_Kmono9.0/psweep113_r5_20260328_171213/4jsz_ligand_report.csv,./penalty_sweep_qpu_v113/samples/4jsz_Kdist3.0_Kmono9.0/psweep113_r5_20260328_171213/4jsz_ligand_samples.json,./penalty_sweep_qpu_v113/samples/4jsz_Kdist3.0_Kmono9.0/psweep113_r5_20260328_171213/result.json
4jsz,4jsz_Kdist3.0_Kmono10.0,psweep113_r5_20260328_171213,3.0,10.0,ok,1.7037249601992912,1000,1000,1000,2,0.002,1.0,0.002,0.21052079999999998,0.17592,Advantage2_system1.13,2449,26,./penalty_sweep_qpu_v113/samples/4jsz_Kdist3.0_Kmono10.0/psweep113_r5_20260328_171213/4jsz_ligand_report.csv,./penalty_sweep_qpu_v113/samples/4jsz_Kdist3.0_Kmono10.0/psweep113_r5_20260328_171213/4jsz_ligand_samples.json,./penalty_sweep_qpu_v113/samples/4jsz_Kdist3.0_Kmono10.0/psweep113_r5_20260328_171213/result.json
4jsz,4jsz_Kdist3.0_Kmono11.0,psweep113_r5_20260328_171213,3.0,11.0,ok,1.4533815896423696,1000,1000,1000,36,0.036,1.0,0.036,0.214456,0.17984,Advantage2_system1.13,2654,29,./penalty_sweep_qpu_v113/samples/4jsz_Kdist3.0_Kmono11.0/psweep113_r5_20260328_171213/4jsz_ligand_report.csv,./penalty_sweep_qpu_v113/samples/4jsz_Kdist3.0_Kmono11.0/psweep113_r5_20260328_171213/4jsz_ligand_samples.json,./penalty_sweep_qpu_v113/samples/4jsz_Kdist3.0_Kmono11.0/psweep113_r5_20260328_171213/result.json
4jsz,4jsz_Kdist3.0_Kmono12.0,psweep113_r5_20260328_171213,3.0,12.0,ok,3.7230712612457513,1000,1000,1000,0,0.0,1.0,0.0,0.215306,0.1807,Advantage2_system1.13,2621,28,./penalty_sweep_qpu_v113/samples/4jsz_Kdist3.0_Kmono12.0/psweep113_r5_20260328_171213/4jsz_ligand_report.csv,./penalty_sweep_qpu_v113/samples/4jsz_Kdist3.0_Kmono12.0/psweep113_r5_20260328_171213/4jsz_ligand_samples.json,./penalty_sweep_qpu_v113/samples/4jsz_Kdist3.0_Kmono12.0/psweep113_r5_20260328_171213/result.json
4jsz,4jsz_Kdist3.0_Kmono13.0,psweep113_r5_20260328_171213,3.0,13.0,ok,1.416047754701622,1000,1000,1000,15,0.015,1.0,0.015,0.21838839999999998,0.18378,Advantage2_system1.13,2830,32,./penalty_sweep_qpu_v113/samples/4jsz_Kdist3.0_Kmono13.0/psweep113_r5_20260328_171213/4jsz_ligand_report.csv,./penalty_sweep_qpu_v113/samples/4jsz_Kdist3.0_Kmono13.0/psweep113_r5_20260328_171213/4jsz_ligand_samples.json,./penalty_sweep_qpu_v113/samples/4jsz_Kdist3.0_Kmono13.0/psweep113_r5_20260328_171213/result.json
4jsz,4jsz_Kdist3.0_Kmono14.0,psweep113_r5_20260328_171213,3.0,14.0,ok,1.9615756065442154,1000,1000,1000,2,0.002,1.0,0.002,0.21508960000000002,0.18048,Advantage2_system1.13,2613,27,./penalty_sweep_qpu_v113/samples/4jsz_Kdist3.0_Kmono14.0/psweep113_r5_20260328_171213/4jsz_ligand_report.csv,./penalty_sweep_qpu_v113/samples/4jsz_Kdist3.0_Kmono14.0/psweep113_r5_20260328_171213/4jsz_ligand_samples.json,./penalty_sweep_qpu_v113/samples/4jsz_Kdist3.0_Kmono14.0/psweep113_r5_20260328_171213/result.json
4jsz,4jsz_Kdist3.0_Kmono15.0,psweep113_r5_20260328_171213,3.0,15.0,ok,2.9716681663394047,1000,1000,1000,0,0.0,1.0,0.0,0.218132,0.18352,Advantage2_system1.13,2645,30,./penalty_sweep_qpu_v113/samples/4jsz_Kdist3.0_Kmono15.0/psweep113_r5_20260328_171213/4jsz_ligand_report.csv,./penalty_sweep_qpu_v113/samples/4jsz_Kdist3.0_Kmono15.0/psweep113_r5_20260328_171213/4jsz_ligand_samples.json,./penalty_sweep_qpu_v113/samples/4jsz_Kdist3.0_Kmono15.0/psweep113_r5_20260328_171213/result.json
4jsz,4jsz_Kdist3.0_Kmono16.0,psweep113_r5_20260328_171213,3.0,16.0,ok,0.8660248885532849,1000,1000,1000,59,0.059,1.0,0.059,0.2176332,0.18302,Advantage2_system1.13,2397,26,./penalty_sweep_qpu_v113/samples/4jsz_Kdist3.0_Kmono16.0/psweep113_r5_20260328_171213/4jsz_ligand_report.csv,./penalty_sweep_qpu_v113/samples/4jsz_Kdist3.0_Kmono16.0/psweep113_r5_20260328_171213/4jsz_ligand_samples.json,./penalty_sweep_qpu_v113/samples/4jsz_Kdist3.0_Kmono16.0/psweep113_r5_20260328_171213/result.json
4jsz,4jsz_Kdist3.0_Kmono17.0,psweep113_r5_20260328_171213,3.0,17.0,ok,1.223032556869227,1000,1000,1000,51,0.051,1.0,0.051,0.2182728,0.18366,Advantage2_system1.13,3077,33,./penalty_sweep_qpu_v113/samples/4jsz_Kdist3.0_Kmono17.0/psweep113_r5_20260328_171213/4jsz_ligand_report.csv,./penalty_sweep_qpu_v113/samples/4jsz_Kdist3.0_Kmono17.0/psweep113_r5_20260328_171213/4jsz_ligand_samples.json,./penalty_sweep_qpu_v113/samples/4jsz_Kdist3.0_Kmono17.0/psweep113_r5_20260328_171213/result.json
4jsz,4jsz_Kdist3.0_Kmono18.0,psweep113_r5_20260328_171213,3.0,18.0,ok,2.324611651542362,1000,1000,1000,0,0.0,1.0,0.0,0.212222,0.17762,Advantage2_system1.13,2493,27,./penalty_sweep_qpu_v113/samples/4jsz_Kdist3.0_Kmono18.0/psweep113_r5_20260328_171213/4jsz_ligand_report.csv,./penalty_sweep_qpu_v113/samples/4jsz_Kdist3.0_Kmono18.0/psweep113_r5_20260328_171213/4jsz_ligand_samples.json,./penalty_sweep_qpu_v113/samples/4jsz_Kdist3.0_Kmono18.0/psweep113_r5_20260328_171213/result.json
4jsz,4jsz_Kdist3.0_Kmono19.0,psweep113_r5_20260328_171213,3.0,19.0,ok,1.4558529403171578,1000,1000,1000,4,0.004,1.0,0.004,0.20419720000000002,0.1696,Advantage2_system1.13,2502,25,./penalty_sweep_qpu_v113/samples/4jsz_Kdist3.0_Kmono19.0/psweep113_r5_20260328_171213/4jsz_ligand_report.csv,./penalty_sweep_qpu_v113/samples/4jsz_Kdist3.0_Kmono19.0/psweep113_r5_20260328_171213/4jsz_ligand_samples.json,./penalty_sweep_qpu_v113/samples/4jsz_Kdist3.0_Kmono19.0/psweep113_r5_20260328_171213/result.json
4jsz,4jsz_Kdist3.0_Kmono20.0,psweep113_r5_20260328_171213,3.0,20.0,ok,1.4958851077704902,1000,1000,1000,19,0.019,1.0,0.019,0.21658439999999998,0.18198,Advantage2_system1.13,2401,26,./penalty_sweep_qpu_v113/samples/4jsz_Kdist3.0_Kmono20.0/psweep113_r5_20260328_171213/4jsz_ligand_report.csv,./penalty_sweep_qpu_v113/samples/4jsz_Kdist3.0_Kmono20.0/psweep113_r5_20260328_171213/4jsz_ligand_samples.json,./penalty_sweep_qpu_v113/samples/4jsz_Kdist3.0_Kmono20.0/psweep113_r5_20260328_171213/result.json
4jsz,4jsz_Kdist3.5_Kmono1.0,psweep113_r5_20260328_171213,3.5,1.0,ok,3.2529017317501823,1000,1000,1000,0,0.0,1.0,0.0,0.2108408,0.17624,Advantage2_system1.13,2283,23,./penalty_sweep_qpu_v113/samples/4jsz_Kdist3.5_Kmono1.0/psweep113_r5_20260328_171213/4jsz_ligand_report.csv,./penalty_sweep_qpu_v113/samples/4jsz_Kdist3.5_Kmono1.0/psweep113_r5_20260328_171213/4jsz_ligand_samples.json,./penalty_sweep_qpu_v113/samples/4jsz_Kdist3.5_Kmono1.0/psweep113_r5_20260328_171213/result.json
4jsz,4jsz_Kdist3.5_Kmono2.0,psweep113_r5_20260328_171213,3.5,2.0,ok,1.671445180109817,1000,1000,1000,7,0.007,1.0,0.007,0.20809,0.17348,Advantage2_system1.13,2358,25,./penalty_sweep_qpu_v113/samples/4jsz_Kdist3.5_Kmono2.0/psweep113_r5_20260328_171213/4jsz_ligand_report.csv,./penalty_sweep_qpu_v113/samples/4jsz_Kdist3.5_Kmono2.0/psweep113_r5_20260328_171213/4jsz_ligand_samples.json,./penalty_sweep_qpu_v113/samples/4jsz_Kdist3.5_Kmono2.0/psweep113_r5_20260328_171213/result.json
4jsz,4jsz_Kdist3.5_Kmono3.0,psweep113_r5_20260328_171213,3.5,3.0,ok,2.4754784387181332,1000,1000,1000,0,0.0,1.0,0.0,0.208406,0.1738,Advantage2_system1.13,2667,29,./penalty_sweep_qpu_v113/samples/4jsz_Kdist3.5_Kmono3.0/psweep113_r5_20260328_171213/4jsz_ligand_report.csv,./penalty_sweep_qpu_v113/samples/4jsz_Kdist3.5_Kmono3.0/psweep113_r5_20260328_171213/4jsz_ligand_samples.json,./penalty_sweep_qpu_v113/samples/4jsz_Kdist3.5_Kmono3.0/psweep113_r5_20260328_171213/result.json
4jsz,4jsz_Kdist3.5_Kmono4.0,psweep113_r5_20260328_171213,3.5,4.0,ok,1.4005288165112613,1000,1000,1000,68,0.068,1.0,0.068,0.210772,0.17616,Advantage2_system1.13,2665,29,./penalty_sweep_qpu_v113/samples/4jsz_Kdist3.5_Kmono4.0/psweep113_r5_20260328_171213/4jsz_ligand_report.csv,./penalty_sweep_qpu_v113/samples/4jsz_Kdist3.5_Kmono4.0/psweep113_r5_20260328_171213/4jsz_ligand_samples.json,./penalty_sweep_qpu_v113/samples/4jsz_Kdist3.5_Kmono4.0/psweep113_r5_20260328_171213/result.json
4jsz,4jsz_Kdist3.5_Kmono5.0,psweep113_r5_20260328_171213,3.5,5.0,ok,1.7991925942883489,1000,1000,1000,93,0.093,1.0,0.093,0.2104488,0.17584,Advantage2_system1.13,2426,27,./penalty_sweep_qpu_v113/samples/4jsz_Kdist3.5_Kmono5.0/psweep113_r5_20260328_171213/4jsz_ligand_report.csv,./penalty_sweep_qpu_v113/samples/4jsz_Kdist3.5_Kmono5.0/psweep113_r5_20260328_171213/4jsz_ligand_samples.json,./penalty_sweep_qpu_v113/samples/4jsz_Kdist3.5_Kmono5.0/psweep113_r5_20260328_171213/result.json
4jsz,4jsz_Kdist3.5_Kmono6.0,psweep113_r5_20260328_171213,3.5,6.0,ok,4.158349925018893,1000,1000,1000,0,0.0,1.0,0.0,0.21345039999999998,0.17884,Advantage2_system1.13,2535,28,./penalty_sweep_qpu_v113/samples/4jsz_Kdist3.5_Kmono6.0/psweep113_r5_20260328_171213/4jsz_ligand_report.csv,./penalty_sweep_qpu_v113/samples/4jsz_Kdist3.5_Kmono6.0/psweep113_r5_20260328_171213/4jsz_ligand_samples.json,./penalty_sweep_qpu_v113/samples/4jsz_Kdist3.5_Kmono6.0/psweep113_r5_20260328_171213/result.json
4jsz,4jsz_Kdist3.5_Kmono7.0,psweep113_r5_20260328_171213,3.5,7.0,ok,2.3050789872423127,1000,1000,1000,0,0.0,1.0,0.0,0.2161692,0.18156,Advantage2_system1.13,2484,28,./penalty_sweep_qpu_v113/samples/4jsz_Kdist3.5_Kmono7.0/psweep113_r5_20260328_171213/4jsz_ligand_report.csv,./penalty_sweep_qpu_v113/samples/4jsz_Kdist3.5_Kmono7.0/psweep113_r5_20260328_171213/4jsz_ligand_samples.json,./penalty_sweep_qpu_v113/samples/4jsz_Kdist3.5_Kmono7.0/psweep113_r5_20260328_171213/result.json
4jsz,4jsz_Kdist3.5_Kmono8.0,psweep113_r5_20260328_171213,3.5,8.0,ok,2.8551628139840255,1000,1000,1000,0,0.0,1.0,0.0,0.2154512,0.18084,Advantage2_system1.13,2430,28,./penalty_sweep_qpu_v113/samples/4jsz_Kdist3.5_Kmono8.0/psweep113_r5_20260328_171213/4jsz_ligand_report.csv,./penalty_sweep_qpu_v113/samples/4jsz_Kdist3.5_Kmono8.0/psweep113_r5_20260328_171213/4jsz_ligand_samples.json,./penalty_sweep_qpu_v113/samples/4jsz_Kdist3.5_Kmono8.0/psweep113_r5_20260328_171213/result.json
4jsz,4jsz_Kdist3.5_Kmono9.0,psweep113_r5_20260328_171213,3.5,9.0,ok,1.6332634426478667,1000,1000,1000,52,0.052,1.0,0.052,0.2139492,0.17934,Advantage2_system1.13,2454,27,./penalty_sweep_qpu_v113/samples/4jsz_Kdist3.5_Kmono9.0/psweep113_r5_20260328_171213/4jsz_ligand_report.csv,./penalty_sweep_qpu_v113/samples/4jsz_Kdist3.5_Kmono9.0/psweep113_r5_20260328_171213/4jsz_ligand_samples.json,./penalty_sweep_qpu_v113/samples/4jsz_Kdist3.5_Kmono9.0/psweep113_r5_20260328_171213/result.json
4jsz,4jsz_Kdist3.5_Kmono10.0,psweep113_r5_20260328_171213,3.5,10.0,ok,1.674759839383867,1000,1000,1000,4,0.004,1.0,0.004,0.2140536,0.17944,Advantage2_system1.13,2775,31,./penalty_sweep_qpu_v113/samples/4jsz_Kdist3.5_Kmono10.0/psweep113_r5_20260328_171213/4jsz_ligand_report.csv,./penalty_sweep_qpu_v113/samples/4jsz_Kdist3.5_Kmono10.0/psweep113_r5_20260328_171213/4jsz_ligand_samples.json,./penalty_sweep_qpu_v113/samples/4jsz_Kdist3.5_Kmono10.0/psweep113_r5_20260328_171213/result.json
4jsz,4jsz_Kdist3.5_Kmono11.0,psweep113_r5_20260328_171213,3.5,11.0,ok,1.530001528170352,1000,1000,1000,1,0.001,1.0,0.001,0.21512520000000002,0.18052,Advantage2_system1.13,2519,27,./penalty_sweep_qpu_v113/samples/4jsz_Kdist3.5_Kmono11.0/psweep113_r5_20260328_171213/4jsz_ligand_report.csv,./penalty_sweep_qpu_v113/samples/4jsz_Kdist3.5_Kmono11.0/psweep113_r5_20260328_171213/4jsz_ligand_samples.json,./penalty_sweep_qpu_v113/samples/4jsz_Kdist3.5_Kmono11.0/psweep113_r5_20260328_171213/result.json
4jsz,4jsz_Kdist3.5_Kmono12.0,psweep113_r5_20260328_171213,3.5,12.0,ok,1.4578105891429654,1000,1000,1000,348,0.348,1.0,0.348,0.2123172,0.1777,Advantage2_system1.13,2634,30,./penalty_sweep_qpu_v113/samples/4jsz_Kdist3.5_Kmono12.0/psweep113_r5_20260328_171213/4jsz_ligand_report.csv,./penalty_sweep_qpu_v113/samples/4jsz_Kdist3.5_Kmono12.0/psweep113_r5_20260328_171213/4jsz_ligand_samples.json,./penalty_sweep_qpu_v113/samples/4jsz_Kdist3.5_Kmono12.0/psweep113_r5_20260328_171213/result.json
4jsz,4jsz_Kdist3.5_Kmono13.0,psweep113_r5_20260328_171213,3.5,13.0,ok,2.9361629004111554,1000,1000,1000,0,0.0,1.0,0.0,0.2136636,0.17906,Advantage2_system1.13,2634,26,./penalty_sweep_qpu_v113/samples/4jsz_Kdist3.5_Kmono13.0/psweep113_r5_20260328_171213/4jsz_ligand_report.csv,./penalty_sweep_qpu_v113/samples/4jsz_Kdist3.5_Kmono13.0/psweep113_r5_20260328_171213/4jsz_ligand_samples.json,./penalty_sweep_qpu_v113/samples/4jsz_Kdist3.5_Kmono13.0/psweep113_r5_20260328_171213/result.json
4jsz,4jsz_Kdist3.5_Kmono14.0,psweep113_r5_20260328_171213,3.5,14.0,ok,1.3977196649212873,1000,1000,1000,70,0.07,1.0,0.07,0.21331,0.1787,Advantage2_system1.13,2612,28,./penalty_sweep_qpu_v113/samples/4jsz_Kdist3.5_Kmono14.0/psweep113_r5_20260328_171213/4jsz_ligand_report.csv,./penalty_sweep_qpu_v113/samples/4jsz_Kdist3.5_Kmono14.0/psweep113_r5_20260328_171213/4jsz_ligand_samples.json,./penalty_sweep_qpu_v113/samples/4jsz_Kdist3.5_Kmono14.0/psweep113_r5_20260328_171213/result.json
4jsz,4jsz_Kdist3.5_Kmono15.0,psweep113_r5_20260328_171213,3.5,15.0,ok,3.147004465554364,1000,1000,1000,0,0.0,1.0,0.0,0.2144,0.1798,Advantage2_system1.13,2389,26,./penalty_sweep_qpu_v113/samples/4jsz_Kdist3.5_Kmono15.0/psweep113_r5_20260328_171213/4jsz_ligand_report.csv,./penalty_sweep_qpu_v113/samples/4jsz_Kdist3.5_Kmono15.0/psweep113_r5_20260328_171213/4jsz_ligand_samples.json,./penalty_sweep_qpu_v113/samples/4jsz_Kdist3.5_Kmono15.0/psweep113_r5_20260328_171213/result.json
4jsz,4jsz_Kdist3.5_Kmono16.0,psweep113_r5_20260328_171213,3.5,16.0,ok,2.100184934513372,1000,1000,1000,0,0.0,1.0,0.0,0.2127736,0.17816,Advantage2_system1.13,2628,29,./penalty_sweep_qpu_v113/samples/4jsz_Kdist3.5_Kmono16.0/psweep113_r5_20260328_171213/4jsz_ligand_report.csv,./penalty_sweep_qpu_v113/samples/4jsz_Kdist3.5_Kmono16.0/psweep113_r5_20260328_171213/4jsz_ligand_samples.json,./penalty_sweep_qpu_v113/samples/4jsz_Kdist3.5_Kmono16.0/psweep113_r5_20260328_171213/result.json
4jsz,4jsz_Kdist3.5_Kmono17.0,psweep113_r5_20260328_171213,3.5,17.0,ok,1.2243478023684804,1000,1000,1000,37,0.037,1.0,0.037,0.2114144,0.1768,Advantage2_system1.13,2477,25,./penalty_sweep_qpu_v113/samples/4jsz_Kdist3.5_Kmono17.0/psweep113_r5_20260328_171213/4jsz_ligand_report.csv,./penalty_sweep_qpu_v113/samples/4jsz_Kdist3.5_Kmono17.0/psweep113_r5_20260328_171213/4jsz_ligand_samples.json,./penalty_sweep_qpu_v113/samples/4jsz_Kdist3.5_Kmono17.0/psweep113_r5_20260328_171213/result.json
4jsz,4jsz_Kdist3.5_Kmono18.0,psweep113_r5_20260328_171213,3.5,18.0,ok,1.176253533333558,1000,1000,1000,39,0.039,1.0,0.039,0.2114924,0.17688,Advantage2_system1.13,2501,27,./penalty_sweep_qpu_v113/samples/4jsz_Kdist3.5_Kmono18.0/psweep113_r5_20260328_171213/4jsz_ligand_report.csv,./penalty_sweep_qpu_v113/samples/4jsz_Kdist3.5_Kmono18.0/psweep113_r5_20260328_171213/4jsz_ligand_samples.json,./penalty_sweep_qpu_v113/samples/4jsz_Kdist3.5_Kmono18.0/psweep113_r5_20260328_171213/result.json
4jsz,4jsz_Kdist3.5_Kmono19.0,psweep113_r5_20260328_171213,3.5,19.0,ok,1.5864999676065694,1000,1000,1000,3,0.003,1.0,0.003,0.2123088,0.1777,Advantage2_system1.13,2481,26,./penalty_sweep_qpu_v113/samples/4jsz_Kdist3.5_Kmono19.0/psweep113_r5_20260328_171213/4jsz_ligand_report.csv,./penalty_sweep_qpu_v113/samples/4jsz_Kdist3.5_Kmono19.0/psweep113_r5_20260328_171213/4jsz_ligand_samples.json,./penalty_sweep_qpu_v113/samples/4jsz_Kdist3.5_Kmono19.0/psweep113_r5_20260328_171213/result.json
4jsz,4jsz_Kdist3.5_Kmono20.0,psweep113_r5_20260328_171213,3.5,20.0,ok,1.6988213128417955,1000,1000,1000,11,0.011,1.0,0.011,0.2133868,0.17878,Advantage2_system1.13,2389,24,./penalty_sweep_qpu_v113/samples/4jsz_Kdist3.5_Kmono20.0/psweep113_r5_20260328_171213/4jsz_ligand_report.csv,./penalty_sweep_qpu_v113/samples/4jsz_Kdist3.5_Kmono20.0/psweep113_r5_20260328_171213/4jsz_ligand_samples.json,./penalty_sweep_qpu_v113/samples/4jsz_Kdist3.5_Kmono20.0/psweep113_r5_20260328_171213/result.json
4jsz,4jsz_Kdist4.0_Kmono1.0,psweep113_r5_20260328_171213,4.0,1.0,ok,1.4733141989681369,1000,1000,1000,106,0.106,1.0,0.106,0.2136324,0.17902,Advantage2_system1.13,2480,26,./penalty_sweep_qpu_v113/samples/4jsz_Kdist4.0_Kmono1.0/psweep113_r5_20260328_171213/4jsz_ligand_report.csv,./penalty_sweep_qpu_v113/samples/4jsz_Kdist4.0_Kmono1.0/psweep113_r5_20260328_171213/4jsz_ligand_samples.json,./penalty_sweep_qpu_v113/samples/4jsz_Kdist4.0_Kmono1.0/psweep113_r5_20260328_171213/result.json
4jsz,4jsz_Kdist4.0_Kmono2.0,psweep113_r5_20260328_171213,4.0,2.0,ok,2.461114021089019,1000,1000,1000,0,0.0,1.0,0.0,0.21238279999999998,0.17778,Advantage2_system1.13,2786,29,./penalty_sweep_qpu_v113/samples/4jsz_Kdist4.0_Kmono2.0/psweep113_r5_20260328_171213/4jsz_ligand_report.csv,./penalty_sweep_qpu_v113/samples/4jsz_Kdist4.0_Kmono2.0/psweep113_r5_20260328_171213/4jsz_ligand_samples.json,./penalty_sweep_qpu_v113/samples/4jsz_Kdist4.0_Kmono2.0/psweep113_r5_20260328_171213/result.json
4jsz,4jsz_Kdist4.0_Kmono3.0,psweep113_r5_20260328_171213,4.0,3.0,ok,1.7648402006731636,1000,1000,1000,11,0.011,1.0,0.011,0.21304879999999998,0.17844,Advantage2_system1.13,2681,28,./penalty_sweep_qpu_v113/samples/4jsz_Kdist4.0_Kmono3.0/psweep113_r5_20260328_171213/4jsz_ligand_report.csv,./penalty_sweep_qpu_v113/samples/4jsz_Kdist4.0_Kmono3.0/psweep113_r5_20260328_171213/4jsz_ligand_samples.json,./penalty_sweep_qpu_v113/samples/4jsz_Kdist4.0_Kmono3.0/psweep113_r5_20260328_171213/result.json
4jsz,4jsz_Kdist4.0_Kmono4.0,psweep113_r5_20260328_171213,4.0,4.0,ok,1.302641259841763,1000,1000,1000,33,0.033,1.0,0.033,0.2116696,0.17706,Advantage2_system1.13,2529,28,./penalty_sweep_qpu_v113/samples/4jsz_Kdist4.0_Kmono4.0/psweep113_r5_20260328_171213/4jsz_ligand_report.csv,./penalty_sweep_qpu_v113/samples/4jsz_Kdist4.0_Kmono4.0/psweep113_r5_20260328_171213/4jsz_ligand_samples.json,./penalty_sweep_qpu_v113/samples/4jsz_Kdist4.0_Kmono4.0/psweep113_r5_20260328_171213/result.json
4jsz,4jsz_Kdist4.0_Kmono5.0,psweep113_r5_20260328_171213,4.0,5.0,ok,2.1508133167916026,1000,1000,1000,0,0.0,1.0,0.0,0.2136708,0.17906,Advantage2_system1.13,2581,28,./penalty_sweep_qpu_v113/samples/4jsz_Kdist4.0_Kmono5.0/psweep113_r5_20260328_171213/4jsz_ligand_report.csv,./penalty_sweep_qpu_v113/samples/4jsz_Kdist4.0_Kmono5.0/psweep113_r5_20260328_171213/4jsz_ligand_samples.json,./penalty_sweep_qpu_v113/samples/4jsz_Kdist4.0_Kmono5.0/psweep113_r5_20260328_171213/result.json
4jsz,4jsz_Kdist4.0_Kmono6.0,psweep113_r5_20260328_171213,4.0,6.0,ok,4.183475897125538,1000,1000,1000,0,0.0,1.0,0.0,0.2192724,0.18466,Advantage2_system1.13,2511,27,./penalty_sweep_qpu_v113/samples/4jsz_Kdist4.0_Kmono6.0/psweep113_r5_20260328_171213/4jsz_ligand_report.csv,./penalty_sweep_qpu_v113/samples/4jsz_Kdist4.0_Kmono6.0/psweep113_r5_20260328_171213/4jsz_ligand_samples.json,./penalty_sweep_qpu_v113/samples/4jsz_Kdist4.0_Kmono6.0/psweep113_r5_20260328_171213/result.json
4jsz,4jsz_Kdist4.0_Kmono7.0,psweep113_r5_20260328_171213,4.0,7.0,ok,0.9915061722484289,1000,1000,1000,228,0.228,1.0,0.228,0.21508639999999998,0.18048,Advantage2_system1.13,2777,31,./penalty_sweep_qpu_v113/samples/4jsz_Kdist4.0_Kmono7.0/psweep113_r5_20260328_171213/4jsz_ligand_report.csv,./penalty_sweep_qpu_v113/samples/4jsz_Kdist4.0_Kmono7.0/psweep113_r5_20260328_171213/4jsz_ligand_samples.json,./penalty_sweep_qpu_v113/samples/4jsz_Kdist4.0_Kmono7.0/psweep113_r5_20260328_171213/result.json
4jsz,4jsz_Kdist4.0_Kmono8.0,psweep113_r5_20260328_171213,4.0,8.0,ok,1.2103452500360892,1000,1000,1000,194,0.194,1.0,0.194,0.2108836,0.17628,Advantage2_system1.13,2372,25,./penalty_sweep_qpu_v113/samples/4jsz_Kdist4.0_Kmono8.0/psweep113_r5_20260328_171213/4jsz_ligand_report.csv,./penalty_sweep_qpu_v113/samples/4jsz_Kdist4.0_Kmono8.0/psweep113_r5_20260328_171213/4jsz_ligand_samples.json,./penalty_sweep_qpu_v113/samples/4jsz_Kdist4.0_Kmono8.0/psweep113_r5_20260328_171213/result.json
4jsz,4jsz_Kdist4.0_Kmono9.0,psweep113_r5_20260328_171213,4.0,9.0,ok,1.7495501665202944,1000,1000,1000,4,0.004,1.0,0.004,0.2153072,0.1807,Advantage2_system1.13,2853,31,./penalty_sweep_qpu_v113/samples/4jsz_Kdist4.0_Kmono9.0/psweep113_r5_20260328_171213/4jsz_ligand_report.csv,./penalty_sweep_qpu_v113/samples/4jsz_Kdist4.0_Kmono9.0/psweep113_r5_20260328_171213/4jsz_ligand_samples.json,./penalty_sweep_qpu_v113/samples/4jsz_Kdist4.0_Kmono9.0/psweep113_r5_20260328_171213/result.json
4jsz,4jsz_Kdist4.0_Kmono10.0,psweep113_r5_20260328_171213,4.0,10.0,ok,2.210234511365607,1000,1000,1000,0,0.0,1.0,0.0,0.2104484,0.17584,Advantage2_system1.13,2534,27,./penalty_sweep_qpu_v113/samples/4jsz_Kdist4.0_Kmono10.0/psweep113_r5_20260328_171213/4jsz_ligand_report.csv,./penalty_sweep_qpu_v113/samples/4jsz_Kdist4.0_Kmono10.0/psweep113_r5_20260328_171213/4jsz_ligand_samples.json,./penalty_sweep_qpu_v113/samples/4jsz_Kdist4.0_Kmono10.0/psweep113_r5_20260328_171213/result.json
4jsz,4jsz_Kdist4.0_Kmono11.0,psweep113_r5_20260328_171213,4.0,11.0,ok,4.10589014392936,1000,1000,1000,0,0.0,1.0,0.0,0.21571079999999998,0.1811,Advantage2_system1.13,2441,27,./penalty_sweep_qpu_v113/samples/4jsz_Kdist4.0_Kmono11.0/psweep113_r5_20260328_171213/4jsz_ligand_report.csv,./penalty_sweep_qpu_v113/samples/4jsz_Kdist4.0_Kmono11.0/psweep113_r5_20260328_171213/4jsz_ligand_samples.json,./penalty_sweep_qpu_v113/samples/4jsz_Kdist4.0_Kmono11.0/psweep113_r5_20260328_171213/result.json
4jsz,4jsz_Kdist4.0_Kmono12.0,psweep113_r5_20260328_171213,4.0,12.0,ok,2.1813764884592186,1000,1000,1000,0,0.0,1.0,0.0,0.2123128,0.1777,Advantage2_system1.13,2537,27,./penalty_sweep_qpu_v113/samples/4jsz_Kdist4.0_Kmono12.0/psweep113_r5_20260328_171213/4jsz_ligand_report.csv,./penalty_sweep_qpu_v113/samples/4jsz_Kdist4.0_Kmono12.0/psweep113_r5_20260328_171213/4jsz_ligand_samples.json,./penalty_sweep_qpu_v113/samples/4jsz_Kdist4.0_Kmono12.0/psweep113_r5_20260328_171213/result.json
4jsz,4jsz_Kdist4.0_Kmono13.0,psweep113_r5_20260328_171213,4.0,13.0,ok,2.769626490621528,1000,1000,1000,0,0.0,1.0,0.0,0.2076708,0.17306,Advantage2_system1.13,2690,29,./penalty_sweep_qpu_v113/samples/4jsz_Kdist4.0_Kmono13.0/psweep113_r5_20260328_171213/4jsz_ligand_report.csv,./penalty_sweep_qpu_v113/samples/4jsz_Kdist4.0_Kmono13.0/psweep113_r5_20260328_171213/4jsz_ligand_samples.json,./penalty_sweep_qpu_v113/samples/4jsz_Kdist4.0_Kmono13.0/psweep113_r5_20260328_171213/result.json
4jsz,4jsz_Kdist4.0_Kmono14.0,psweep113_r5_20260328_171213,4.0,14.0,ok,0.8554152108430588,1000,1000,1000,96,0.096,1.0,0.096,0.213668,0.17906,Advantage2_system1.13,2231,24,./penalty_sweep_qpu_v113/samples/4jsz_Kdist4.0_Kmono14.0/psweep113_r5_20260328_171213/4jsz_ligand_report.csv,./penalty_sweep_qpu_v113/samples/4jsz_Kdist4.0_Kmono14.0/psweep113_r5_20260328_171213/4jsz_ligand_samples.json,./penalty_sweep_qpu_v113/samples/4jsz_Kdist4.0_Kmono14.0/psweep113_r5_20260328_171213/result.json
4jsz,4jsz_Kdist4.0_Kmono15.0,psweep113_r5_20260328_171213,4.0,15.0,ok,1.5869569112348507,1000,1000,1000,112,0.112,1.0,0.112,0.21734920000000002,0.18274,Advantage2_system1.13,2214,23,./penalty_sweep_qpu_v113/samples/4jsz_Kdist4.0_Kmono15.0/psweep113_r5_20260328_171213/4jsz_ligand_report.csv,./penalty_sweep_qpu_v113/samples/4jsz_Kdist4.0_Kmono15.0/psweep113_r5_20260328_171213/4jsz_ligand_samples.json,./penalty_sweep_qpu_v113/samples/4jsz_Kdist4.0_Kmono15.0/psweep113_r5_20260328_171213/result.json
4jsz,4jsz_Kdist4.0_Kmono16.0,psweep113_r5_20260328_171213,4.0,16.0,ok,3.658019683471437,1000,1000,1000,0,0.0,1.0,0.0,0.2096284,0.17502,Advantage2_system1.13,2351,25,./penalty_sweep_qpu_v113/samples/4jsz_Kdist4.0_Kmono16.0/psweep113_r5_20260328_171213/4jsz_ligand_report.csv,./penalty_sweep_qpu_v113/samples/4jsz_Kdist4.0_Kmono16.0/psweep113_r5_20260328_171213/4jsz_ligand_samples.json,./penalty_sweep_qpu_v113/samples/4jsz_Kdist4.0_Kmono16.0/psweep113_r5_20260328_171213/result.json
4jsz,4jsz_Kdist4.0_Kmono17.0,psweep113_r5_20260328_171213,4.0,17.0,ok,3.6098665772310063,1000,1000,1000,0,0.0,1.0,0.0,0.20862160000000002,0.17402,Advantage2_system1.13,2528,27,./penalty_sweep_qpu_v113/samples/4jsz_Kdist4.0_Kmono17.0/psweep113_r5_20260328_171213/4jsz_ligand_report.csv,./penalty_sweep_qpu_v113/samples/4jsz_Kdist4.0_Kmono17.0/psweep113_r5_20260328_171213/4jsz_ligand_samples.json,./penalty_sweep_qpu_v113/samples/4jsz_Kdist4.0_Kmono17.0/psweep113_r5_20260328_171213/result.json
4jsz,4jsz_Kdist4.0_Kmono18.0,psweep113_r5_20260328_171213,4.0,18.0,ok,1.6147666281402218,1000,1000,1000,15,0.015,1.0,0.015,0.21813079999999999,0.18352,Advantage2_system1.13,2697,29,./penalty_sweep_qpu_v113/samples/4jsz_Kdist4.0_Kmono18.0/psweep113_r5_20260328_171213/4jsz_ligand_report.csv,./penalty_sweep_qpu_v113/samples/4jsz_Kdist4.0_Kmono18.0/psweep113_r5_20260328_171213/4jsz_ligand_samples.json,./penalty_sweep_qpu_v113/samples/4jsz_Kdist4.0_Kmono18.0/psweep113_r5_20260328_171213/result.json
4jsz,4jsz_Kdist4.0_Kmono19.0,psweep113_r5_20260328_171213,4.0,19.0,ok,2.4914177310135748,1000,1000,1000,0,0.0,1.0,0.0,0.21126679999999998,0.17666,Advantage2_system1.13,2594,30,./penalty_sweep_qpu_v113/samples/4jsz_Kdist4.0_Kmono19.0/psweep113_r5_20260328_171213/4jsz_ligand_report.csv,./penalty_sweep_qpu_v113/samples/4jsz_Kdist4.0_Kmono19.0/psweep113_r5_20260328_171213/4jsz_ligand_samples.json,./penalty_sweep_qpu_v113/samples/4jsz_Kdist4.0_Kmono19.0/psweep113_r5_20260328_171213/result.json
4jsz,4jsz_Kdist4.0_Kmono20.0,psweep113_r5_20260328_171213,4.0,20.0,ok,1.2857590173641764,1000,1000,1000,6,0.006,1.0,0.006,0.21508960000000002,0.18048,Advantage2_system1.13,2761,31,./penalty_sweep_qpu_v113/samples/4jsz_Kdist4.0_Kmono20.0/psweep113_r5_20260328_171213/4jsz_ligand_report.csv,./penalty_sweep_qpu_v113/samples/4jsz_Kdist4.0_Kmono20.0/psweep113_r5_20260328_171213/4jsz_ligand_samples.json,./penalty_sweep_qpu_v113/samples/4jsz_Kdist4.0_Kmono20.0/psweep113_r5_20260328_171213/result.json
4jsz,4jsz_Kdist4.5_Kmono1.0,psweep113_r5_20260328_171213,4.5,1.0,ok,1.4148721055635047,1000,1000,1000,68,0.068,1.0,0.068,0.2146688,0.18006,Advantage2_system1.13,2380,26,./penalty_sweep_qpu_v113/samples/4jsz_Kdist4.5_Kmono1.0/psweep113_r5_20260328_171213/4jsz_ligand_report.csv,./penalty_sweep_qpu_v113/samples/4jsz_Kdist4.5_Kmono1.0/psweep113_r5_20260328_171213/4jsz_ligand_samples.json,./penalty_sweep_qpu_v113/samples/4jsz_Kdist4.5_Kmono1.0/psweep113_r5_20260328_171213/result.json
4jsz,4jsz_Kdist4.5_Kmono2.0,psweep113_r5_20260328_171213,4.5,2.0,ok,1.4149123630035936,1000,1000,1000,22,0.022,1.0,0.022,0.2181296,0.18352,Advantage2_system1.13,2603,29,./penalty_sweep_qpu_v113/samples/4jsz_Kdist4.5_Kmono2.0/psweep113_r5_20260328_171213/4jsz_ligand_report.csv,./penalty_sweep_qpu_v113/samples/4jsz_Kdist4.5_Kmono2.0/psweep113_r5_20260328_171213/4jsz_ligand_samples.json,./penalty_sweep_qpu_v113/samples/4jsz_Kdist4.5_Kmono2.0/psweep113_r5_20260328_171213/result.json
4jsz,4jsz_Kdist4.5_Kmono3.0,psweep113_r5_20260328_171213,4.5,3.0,ok,1.8059182509159866,1000,1000,1000,6,0.006,1.0,0.006,0.2138128,0.1792,Advantage2_system1.13,2618,28,./penalty_sweep_qpu_v113/samples/4jsz_Kdist4.5_Kmono3.0/psweep113_r5_20260328_171213/4jsz_ligand_report.csv,./penalty_sweep_qpu_v113/samples/4jsz_Kdist4.5_Kmono3.0/psweep113_r5_20260328_171213/4jsz_ligand_samples.json,./penalty_sweep_qpu_v113/samples/4jsz_Kdist4.5_Kmono3.0/psweep113_r5_20260328_171213/result.json
4jsz,4jsz_Kdist4.5_Kmono4.0,psweep113_r5_20260328_171213,4.5,4.0,ok,2.7324082200489044,1000,1000,1000,0,0.0,1.0,0.0,0.2139084,0.1793,Advantage2_system1.13,2690,29,./penalty_sweep_qpu_v113/samples/4jsz_Kdist4.5_Kmono4.0/psweep113_r5_20260328_171213/4jsz_ligand_report.csv,./penalty_sweep_qpu_v113/samples/4jsz_Kdist4.5_Kmono4.0/psweep113_r5_20260328_171213/4jsz_ligand_samples.json,./penalty_sweep_qpu_v113/samples/4jsz_Kdist4.5_Kmono4.0/psweep113_r5_20260328_171213/result.json
4jsz,4jsz_Kdist4.5_Kmono5.0,psweep113_r5_20260328_171213,4.5,5.0,ok,3.9335094389259,1000,1000,1000,0,0.0,1.0,0.0,0.20948879999999998,0.17488,Advantage2_system1.13,2376,26,./penalty_sweep_qpu_v113/samples/4jsz_Kdist4.5_Kmono5.0/psweep113_r5_20260328_171213/4jsz_ligand_report.csv,./penalty_sweep_qpu_v113/samples/4jsz_Kdist4.5_Kmono5.0/psweep113_r5_20260328_171213/4jsz_ligand_samples.json,./penalty_sweep_qpu_v113/samples/4jsz_Kdist4.5_Kmono5.0/psweep113_r5_20260328_171213/result.json
4jsz,4jsz_Kdist4.5_Kmono6.0,psweep113_r5_20260328_171213,4.5,6.0,ok,2.084666680985345,1000,1000,1000,0,0.0,1.0,0.0,0.21153,0.17692,Advantage2_system1.13,2529,27,./penalty_sweep_qpu_v113/samples/4jsz_Kdist4.5_Kmono6.0/psweep113_r5_20260328_171213/4jsz_ligand_report.csv,./penalty_sweep_qpu_v113/samples/4jsz_Kdist4.5_Kmono6.0/psweep113_r5_20260328_171213/4jsz_ligand_samples.json,./penalty_sweep_qpu_v113/samples/4jsz_Kdist4.5_Kmono6.0/psweep113_r5_20260328_171213/result.json
4jsz,4jsz_Kdist4.5_Kmono7.0,psweep113_r5_20260328_171213,4.5,7.0,ok,3.6063418174596684,1000,1000,1000,0,0.0,1.0,0.0,0.2191328,0.18452,Advantage2_system1.13,2747,30,./penalty_sweep_qpu_v113/samples/4jsz_Kdist4.5_Kmono7.0/psweep113_r5_20260328_171213/4jsz_ligand_report.csv,./penalty_sweep_qpu_v113/samples/4jsz_Kdist4.5_Kmono7.0/psweep113_r5_20260328_171213/4jsz_ligand_samples.json,./penalty_sweep_qpu_v113/samples/4jsz_Kdist4.5_Kmono7.0/psweep113_r5_20260328_171213/result.json
4jsz,4jsz_Kdist4.5_Kmono8.0,psweep113_r5_20260328_171213,4.5,8.0,ok,1.9327392673415946,1000,1000,1000,5,0.005,1.0,0.005,0.2129512,0.17834,Advantage2_system1.13,2591,28,./penalty_sweep_qpu_v113/samples/4jsz_Kdist4.5_Kmono8.0/psweep113_r5_20260328_171213/4jsz_ligand_report.csv,./penalty_sweep_qpu_v113/samples/4jsz_Kdist4.5_Kmono8.0/psweep113_r5_20260328_171213/4jsz_ligand_samples.json,./penalty_sweep_qpu_v113/samples/4jsz_Kdist4.5_Kmono8.0/psweep113_r5_20260328_171213/result.json
4jsz,4jsz_Kdist4.5_Kmono9.0,psweep113_r5_20260328_171213,4.5,9.0,ok,2.054177820223398,1000,1000,1000,0,0.0,1.0,0.0,0.2121204,0.17752,Advantage2_system1.13,2490,25,./penalty_sweep_qpu_v113/samples/4jsz_Kdist4.5_Kmono9.0/psweep113_r5_20260328_171213/4jsz_ligand_report.csv,./penalty_sweep_qpu_v113/samples/4jsz_Kdist4.5_Kmono9.0/psweep113_r5_20260328_171213/4jsz_ligand_samples.json,./penalty_sweep_qpu_v113/samples/4jsz_Kdist4.5_Kmono9.0/psweep113_r5_20260328_171213/result.json
4jsz,4jsz_Kdist4.5_Kmono10.0,psweep113_r5_20260328_171213,4.5,10.0,ok,1.5431092424763595,1000,1000,1000,16,0.016,1.0,0.016,0.21149320000000002,0.17688,Advantage2_system1.13,3007,31,./penalty_sweep_qpu_v113/samples/4jsz_Kdist4.5_Kmono10.0/psweep113_r5_20260328_171213/4jsz_ligand_report.csv,./penalty_sweep_qpu_v113/samples/4jsz_Kdist4.5_Kmono10.0/psweep113_r5_20260328_171213/4jsz_ligand_samples.json,./penalty_sweep_qpu_v113/samples/4jsz_Kdist4.5_Kmono10.0/psweep113_r5_20260328_171213/result.json
4jsz,4jsz_Kdist4.5_Kmono11.0,psweep113_r5_20260328_171213,4.5,11.0,ok,2.9472433069332635,1000,1000,1000,0,0.0,1.0,0.0,0.2133156,0.1787,Advantage2_system1.13,2448,25,./penalty_sweep_qpu_v113/samples/4jsz_Kdist4.5_Kmono11.0/psweep113_r5_20260328_171213/4jsz_ligand_report.csv,./penalty_sweep_qpu_v113/samples/4jsz_Kdist4.5_Kmono11.0/psweep113_r5_20260328_171213/4jsz_ligand_samples.json,./penalty_sweep_qpu_v113/samples/4jsz_Kdist4.5_Kmono11.0/psweep113_r5_20260328_171213/result.json
4jsz,4jsz_Kdist4.5_Kmono12.0,psweep113_r5_20260328_171213,4.5,12.0,ok,2.363888941487883,1000,1000,1000,0,0.0,1.0,0.0,0.20407679999999997,0.16948,Advantage2_system1.13,2438,26,./penalty_sweep_qpu_v113/samples/4jsz_Kdist4.5_Kmono12.0/psweep113_r5_20260328_171213/4jsz_ligand_report.csv,./penalty_sweep_qpu_v113/samples/4jsz_Kdist4.5_Kmono12.0/psweep113_r5_20260328_171213/4jsz_ligand_samples.json,./penalty_sweep_qpu_v113/samples/4jsz_Kdist4.5_Kmono12.0/psweep113_r5_20260328_171213/result.json
4jsz,4jsz_Kdist4.5_Kmono13.0,psweep113_r5_20260328_171213,4.5,13.0,ok,1.7041451646536923,1000,1000,1000,2,0.002,1.0,0.002,0.2192696,0.18466,Advantage2_system1.13,2910,29,./penalty_sweep_qpu_v113/samples/4jsz_Kdist4.5_Kmono13.0/psweep113_r5_20260328_171213/4jsz_ligand_report.csv,./penalty_sweep_qpu_v113/samples/4jsz_Kdist4.5_Kmono13.0/psweep113_r5_20260328_171213/4jsz_ligand_samples.json,./penalty_sweep_qpu_v113/samples/4jsz_Kdist4.5_Kmono13.0/psweep113_r5_20260328_171213/result.json
4jsz,4jsz_Kdist4.5_Kmono14.0,psweep113_r5_20260328_171213,4.5,14.0,ok,2.29014460193958,1000,1000,1000,0,0.0,1.0,0.0,0.2089868,0.17438,Advantage2_system1.13,2353,25,./penalty_sweep_qpu_v113/samples/4jsz_Kdist4.5_Kmono14.0/psweep113_r5_20260328_171213/4jsz_ligand_report.csv,./penalty_sweep_qpu_v113/samples/4jsz_Kdist4.5_Kmono14.0/psweep113_r5_20260328_171213/4jsz_ligand_samples.json,./penalty_sweep_qpu_v113/samples/4jsz_Kdist4.5_Kmono14.0/psweep113_r5_20260328_171213/result.json
4jsz,4jsz_Kdist4.5_Kmono15.0,psweep113_r5_20260328_171213,4.5,15.0,ok,2.237339359420519,1000,1000,1000,0,0.0,1.0,0.0,0.21331,0.1787,Advantage2_system1.13,2480,26,./penalty_sweep_qpu_v113/samples/4jsz_Kdist4.5_Kmono15.0/psweep113_r5_20260328_171213/4jsz_ligand_report.csv,./penalty_sweep_qpu_v113/samples/4jsz_Kdist4.5_Kmono15.0/psweep113_r5_20260328_171213/4jsz_ligand_samples.json,./penalty_sweep_qpu_v113/samples/4jsz_Kdist4.5_Kmono15.0/psweep113_r5_20260328_171213/result.json
4jsz,4jsz_Kdist4.5_Kmono16.0,psweep113_r5_20260328_171213,4.5,16.0,ok,1.9209251890498362,1000,1000,1000,2,0.002,1.0,0.002,0.2112644,0.17666,Advantage2_system1.13,2653,29,./penalty_sweep_qpu_v113/samples/4jsz_Kdist4.5_Kmono16.0/psweep113_r5_20260328_171213/4jsz_ligand_report.csv,./penalty_sweep_qpu_v113/samples/4jsz_Kdist4.5_Kmono16.0/psweep113_r5_20260328_171213/4jsz_ligand_samples.json,./penalty_sweep_qpu_v113/samples/4jsz_Kdist4.5_Kmono16.0/psweep113_r5_20260328_171213/result.json
4jsz,4jsz_Kdist4.5_Kmono17.0,psweep113_r5_20260328_171213,4.5,17.0,ok,2.9733536530801334,1000,1000,1000,0,0.0,1.0,0.0,0.20538279999999998,0.17078,Advantage2_system1.13,2480,25,./penalty_sweep_qpu_v113/samples/4jsz_Kdist4.5_Kmono17.0/psweep113_r5_20260328_171213/4jsz_ligand_report.csv,./penalty_sweep_qpu_v113/samples/4jsz_Kdist4.5_Kmono17.0/psweep113_r5_20260328_171213/4jsz_ligand_samples.json,./penalty_sweep_qpu_v113/samples/4jsz_Kdist4.5_Kmono17.0/psweep113_r5_20260328_171213/result.json
4jsz,4jsz_Kdist4.5_Kmono18.0,psweep113_r5_20260328_171213,4.5,18.0,ok,1.888496703943399,1000,1000,1000,1,0.001,1.0,0.001,0.215702,0.1811,Advantage2_system1.13,2292,25,./penalty_sweep_qpu_v113/samples/4jsz_Kdist4.5_Kmono18.0/psweep113_r5_20260328_171213/4jsz_ligand_report.csv,./penalty_sweep_qpu_v113/samples/4jsz_Kdist4.5_Kmono18.0/psweep113_r5_20260328_171213/4jsz_ligand_samples.json,./penalty_sweep_qpu_v113/samples/4jsz_Kdist4.5_Kmono18.0/psweep113_r5_20260328_171213/result.json
4jsz,4jsz_Kdist4.5_Kmono19.0,psweep113_r5_20260328_171213,4.5,19.0,ok,2.442469128368634,1000,1000,1000,0,0.0,1.0,0.0,0.2023812,0.16778,Advantage2_system1.13,2297,23,./penalty_sweep_qpu_v113/samples/4jsz_Kdist4.5_Kmono19.0/psweep113_r5_20260328_171213/4jsz_ligand_report.csv,./penalty_sweep_qpu_v113/samples/4jsz_Kdist4.5_Kmono19.0/psweep113_r5_20260328_171213/4jsz_ligand_samples.json,./penalty_sweep_qpu_v113/samples/4jsz_Kdist4.5_Kmono19.0/psweep113_r5_20260328_171213/result.json
4jsz,4jsz_Kdist4.5_Kmono20.0,psweep113_r5_20260328_171213,4.5,20.0,ok,0.6503508215122106,1000,1000,1000,13,0.013,1.0,0.013,0.2149472,0.18034,Advantage2_system1.13,2360,26,./penalty_sweep_qpu_v113/samples/4jsz_Kdist4.5_Kmono20.0/psweep113_r5_20260328_171213/4jsz_ligand_report.csv,./penalty_sweep_qpu_v113/samples/4jsz_Kdist4.5_Kmono20.0/psweep113_r5_20260328_171213/4jsz_ligand_samples.json,./penalty_sweep_qpu_v113/samples/4jsz_Kdist4.5_Kmono20.0/psweep113_r5_20260328_171213/result.json
4jsz,4jsz_Kdist5.0_Kmono1.0,psweep113_r5_20260328_171213,5.0,1.0,ok,3.866368034646979,1000,1000,1000,0,0.0,1.0,0.0,0.212488,0.17788,Advantage2_system1.13,2595,29,./penalty_sweep_qpu_v113/samples/4jsz_Kdist5.0_Kmono1.0/psweep113_r5_20260328_171213/4jsz_ligand_report.csv,./penalty_sweep_qpu_v113/samples/4jsz_Kdist5.0_Kmono1.0/psweep113_r5_20260328_171213/4jsz_ligand_samples.json,./penalty_sweep_qpu_v113/samples/4jsz_Kdist5.0_Kmono1.0/psweep113_r5_20260328_171213/result.json
4jsz,4jsz_Kdist5.0_Kmono2.0,psweep113_r5_20260328_171213,5.0,2.0,ok,1.2144662937584427,1000,1000,1000,14,0.014,1.0,0.014,0.2074136,0.1728,Advantage2_system1.13,2856,32,./penalty_sweep_qpu_v113/samples/4jsz_Kdist5.0_Kmono2.0/psweep113_r5_20260328_171213/4jsz_ligand_report.csv,./penalty_sweep_qpu_v113/samples/4jsz_Kdist5.0_Kmono2.0/psweep113_r5_20260328_171213/4jsz_ligand_samples.json,./penalty_sweep_qpu_v113/samples/4jsz_Kdist5.0_Kmono2.0/psweep113_r5_20260328_171213/result.json
4jsz,4jsz_Kdist5.0_Kmono3.0,psweep113_r5_20260328_171213,5.0,3.0,ok,1.59082690619197,1000,1000,1000,3,0.003,1.0,0.003,0.216354,0.18174,Advantage2_system1.13,2995,34,./penalty_sweep_qpu_v113/samples/4jsz_Kdist5.0_Kmono3.0/psweep113_r5_20260328_171213/4jsz_ligand_report.csv,./penalty_sweep_qpu_v113/samples/4jsz_Kdist5.0_Kmono3.0/psweep113_r5_20260328_171213/4jsz_ligand_samples.json,./penalty_sweep_qpu_v113/samples/4jsz_Kdist5.0_Kmono3.0/psweep113_r5_20260328_171213/result.json
4jsz,4jsz_Kdist5.0_Kmono4.0,psweep113_r5_20260328_171213,5.0,4.0,ok,1.442204860718021,1000,1000,1000,44,0.044,1.0,0.044,0.21084879999999998,0.17624,Advantage2_system1.13,2500,27,./penalty_sweep_qpu_v113/samples/4jsz_Kdist5.0_Kmono4.0/psweep113_r5_20260328_171213/4jsz_ligand_report.csv,./penalty_sweep_qpu_v113/samples/4jsz_Kdist5.0_Kmono4.0/psweep113_r5_20260328_171213/4jsz_ligand_samples.json,./penalty_sweep_qpu_v113/samples/4jsz_Kdist5.0_Kmono4.0/psweep113_r5_20260328_171213/result.json
4jsz,4jsz_Kdist5.0_Kmono5.0,psweep113_r5_20260328_171213,5.0,5.0,ok,2.353247811419058,1000,1000,1000,0,0.0,1.0,0.0,0.21504279999999998,0.18044,Advantage2_system1.13,2359,27,./penalty_sweep_qpu_v113/samples/4jsz_Kdist5.0_Kmono5.0/psweep113_r5_20260328_171213/4jsz_ligand_report.csv,./penalty_sweep_qpu_v113/samples/4jsz_Kdist5.0_Kmono5.0/psweep113_r5_20260328_171213/4jsz_ligand_samples.json,./penalty_sweep_qpu_v113/samples/4jsz_Kdist5.0_Kmono5.0/psweep113_r5_20260328_171213/result.json
4jsz,4jsz_Kdist5.0_Kmono6.0,psweep113_r5_20260328_171213,5.0,6.0,ok,2.6509533724913497,1000,1000,1000,0,0.0,1.0,0.0,0.2154396,0.18084,Advantage2_system1.13,2441,27,./penalty_sweep_qpu_v113/samples/4jsz_Kdist5.0_Kmono6.0/psweep113_r5_20260328_171213/4jsz_ligand_report.csv,./penalty_sweep_qpu_v113/samples/4jsz_Kdist5.0_Kmono6.0/psweep113_r5_20260328_171213/4jsz_ligand_samples.json,./penalty_sweep_qpu_v113/samples/4jsz_Kdist5.0_Kmono6.0/psweep113_r5_20260328_171213/result.json
4jsz,4jsz_Kdist5.0_Kmono7.0,psweep113_r5_20260328_171213,5.0,7.0,ok,4.284122298854249,1000,1000,1000,0,0.0,1.0,0.0,0.2127644,0.17816,Advantage2_system1.13,2499,27,./penalty_sweep_qpu_v113/samples/4jsz_Kdist5.0_Kmono7.0/psweep113_r5_20260328_171213/4jsz_ligand_report.csv,./penalty_sweep_qpu_v113/samples/4jsz_Kdist5.0_Kmono7.0/psweep113_r5_20260328_171213/4jsz_ligand_samples.json,./penalty_sweep_qpu_v113/samples/4jsz_Kdist5.0_Kmono7.0/psweep113_r5_20260328_171213/result.json
4jsz,4jsz_Kdist5.0_Kmono8.0,psweep113_r5_20260328_171213,5.0,8.0,ok,1.5965836458196296,1000,1000,1000,91,0.091,1.0,0.091,0.216498,0.18188,Advantage2_system1.13,2738,29,./penalty_sweep_qpu_v113/samples/4jsz_Kdist5.0_Kmono8.0/psweep113_r5_20260328_171213/4jsz_ligand_report.csv,./penalty_sweep_qpu_v113/samples/4jsz_Kdist5.0_Kmono8.0/psweep113_r5_20260328_171213/4jsz_ligand_samples.json,./penalty_sweep_qpu_v113/samples/4jsz_Kdist5.0_Kmono8.0/psweep113_r5_20260328_171213/result.json
4jsz,4jsz_Kdist5.0_Kmono9.0,psweep113_r5_20260328_171213,5.0,9.0,ok,1.5384229577918105,1000,1000,1000,130,0.13,1.0,0.13,0.2182304,0.18362,Advantage2_system1.13,2502,27,./penalty_sweep_qpu_v113/samples/4jsz_Kdist5.0_Kmono9.0/psweep113_r5_20260328_171213/4jsz_ligand_report.csv,./penalty_sweep_qpu_v113/samples/4jsz_Kdist5.0_Kmono9.0/psweep113_r5_20260328_171213/4jsz_ligand_samples.json,./penalty_sweep_qpu_v113/samples/4jsz_Kdist5.0_Kmono9.0/psweep113_r5_20260328_171213/result.json
4jsz,4jsz_Kdist5.0_Kmono10.0,psweep113_r5_20260328_171213,5.0,10.0,ok,2.274233369945302,1000,1000,1000,0,0.0,1.0,0.0,0.21021279999999998,0.1756,Advantage2_system1.13,2422,26,./penalty_sweep_qpu_v113/samples/4jsz_Kdist5.0_Kmono10.0/psweep113_r5_20260328_171213/4jsz_ligand_report.csv,./penalty_sweep_qpu_v113/samples/4jsz_Kdist5.0_Kmono10.0/psweep113_r5_20260328_171213/4jsz_ligand_samples.json,./penalty_sweep_qpu_v113/samples/4jsz_Kdist5.0_Kmono10.0/psweep113_r5_20260328_171213/result.json
4jsz,4jsz_Kdist5.0_Kmono11.0,psweep113_r5_20260328_171213,5.0,11.0,ok,1.2975023490586706,1000,1000,1000,4,0.004,1.0,0.004,0.21231239999999998,0.1777,Advantage2_system1.13,2690,30,./penalty_sweep_qpu_v113/samples/4jsz_Kdist5.0_Kmono11.0/psweep113_r5_20260328_171213/4jsz_ligand_report.csv,./penalty_sweep_qpu_v113/samples/4jsz_Kdist5.0_Kmono11.0/psweep113_r5_20260328_171213/4jsz_ligand_samples.json,./penalty_sweep_qpu_v113/samples/4jsz_Kdist5.0_Kmono11.0/psweep113_r5_20260328_171213/result.json
4jsz,4jsz_Kdist5.0_Kmono12.0,psweep113_r5_20260328_171213,5.0,12.0,ok,2.703813000595215,1000,1000,1000,0,0.0,1.0,0.0,0.2155944,0.18098,Advantage2_system1.13,2465,28,./penalty_sweep_qpu_v113/samples/4jsz_Kdist5.0_Kmono12.0/psweep113_r5_20260328_171213/4jsz_ligand_report.csv,./penalty_sweep_qpu_v113/samples/4jsz_Kdist5.0_Kmono12.0/psweep113_r5_20260328_171213/4jsz_ligand_samples.json,./penalty_sweep_qpu_v113/samples/4jsz_Kdist5.0_Kmono12.0/psweep113_r5_20260328_171213/result.json
4jsz,4jsz_Kdist5.0_Kmono13.0,psweep113_r5_20260328_171213,5.0,13.0,ok,2.1102365946513135,1000,1000,1000,0,0.0,1.0,0.0,0.21078,0.17616,Advantage2_system1.13,2702,29,./penalty_sweep_qpu_v113/samples/4jsz_Kdist5.0_Kmono13.0/psweep113_r5_20260328_171213/4jsz_ligand_report.csv,./penalty_sweep_qpu_v113/samples/4jsz_Kdist5.0_Kmono13.0/psweep113_r5_20260328_171213/4jsz_ligand_samples.json,./penalty_sweep_qpu_v113/samples/4jsz_Kdist5.0_Kmono13.0/psweep113_r5_20260328_171213/result.json
4jsz,4jsz_Kdist5.0_Kmono14.0,psweep113_r5_20260328_171213,5.0,14.0,ok,2.30540694937118,1000,1000,1000,0,0.0,1.0,0.0,0.21771279999999998,0.1831,Advantage2_system1.13,2518,27,./penalty_sweep_qpu_v113/samples/4jsz_Kdist5.0_Kmono14.0/psweep113_r5_20260328_171213/4jsz_ligand_report.csv,./penalty_sweep_qpu_v113/samples/4jsz_Kdist5.0_Kmono14.0/psweep113_r5_20260328_171213/4jsz_ligand_samples.json,./penalty_sweep_qpu_v113/samples/4jsz_Kdist5.0_Kmono14.0/psweep113_r5_20260328_171213/result.json
4jsz,4jsz_Kdist5.0_Kmono15.0,psweep113_r5_20260328_171213,5.0,15.0,ok,1.7430064436693327,1000,1000,1000,10,0.01,1.0,0.01,0.21466760000000001,0.18006,Advantage2_system1.13,2403,26,./penalty_sweep_qpu_v113/samples/4jsz_Kdist5.0_Kmono15.0/psweep113_r5_20260328_171213/4jsz_ligand_report.csv,./penalty_sweep_qpu_v113/samples/4jsz_Kdist5.0_Kmono15.0/psweep113_r5_20260328_171213/4jsz_ligand_samples.json,./penalty_sweep_qpu_v113/samples/4jsz_Kdist5.0_Kmono15.0/psweep113_r5_20260328_171213/result.json
4jsz,4jsz_Kdist5.0_Kmono16.0,psweep113_r5_20260328_171213,5.0,16.0,ok,1.879971505032552,1000,1000,1000,3,0.003,1.0,0.003,0.2157248,0.18112,Advantage2_system1.13,2504,26,./penalty_sweep_qpu_v113/samples/4jsz_Kdist5.0_Kmono16.0/psweep113_r5_20260328_171213/4jsz_ligand_report.csv,./penalty_sweep_qpu_v113/samples/4jsz_Kdist5.0_Kmono16.0/psweep113_r5_20260328_171213/4jsz_ligand_samples.json,./penalty_sweep_qpu_v113/samples/4jsz_Kdist5.0_Kmono16.0/psweep113_r5_20260328_171213/result.json
4jsz,4jsz_Kdist5.0_Kmono17.0,psweep113_r5_20260328_171213,5.0,17.0,ok,2.9434533443758895,1000,1000,1000,0,0.0,1.0,0.0,0.212808,0.1782,Advantage2_system1.13,2426,26,./penalty_sweep_qpu_v113/samples/4jsz_Kdist5.0_Kmono17.0/psweep113_r5_20260328_171213/4jsz_ligand_report.csv,./penalty_sweep_qpu_v113/samples/4jsz_Kdist5.0_Kmono17.0/psweep113_r5_20260328_171213/4jsz_ligand_samples.json,./penalty_sweep_qpu_v113/samples/4jsz_Kdist5.0_Kmono17.0/psweep113_r5_20260328_171213/result.json
4jsz,4jsz_Kdist5.0_Kmono18.0,psweep113_r5_20260328_171213,5.0,18.0,ok,1.2959437994203633,1000,1000,1000,12,0.012,1.0,0.012,0.21326479999999998,0.17866,Advantage2_system1.13,2579,29,./penalty_sweep_qpu_v113/samples/4jsz_Kdist5.0_Kmono18.0/psweep113_r5_20260328_171213/4jsz_ligand_report.csv,./penalty_sweep_qpu_v113/samples/4jsz_Kdist5.0_Kmono18.0/psweep113_r5_20260328_171213/4jsz_ligand_samples.json,./penalty_sweep_qpu_v113/samples/4jsz_Kdist5.0_Kmono18.0/psweep113_r5_20260328_171213/result.json
4jsz,4jsz_Kdist5.0_Kmono19.0,psweep113_r5_20260328_171213,5.0,19.0,ok,1.5057130135637273,1000,1000,1000,1,0.001,1.0,0.001,0.214444,0.17984,Advantage2_system1.13,2457,26,./penalty_sweep_qpu_v113/samples/4jsz_Kdist5.0_Kmono19.0/psweep113_r5_20260328_171213/4jsz_ligand_report.csv,./penalty_sweep_qpu_v113/samples/4jsz_Kdist5.0_Kmono19.0/psweep113_r5_20260328_171213/4jsz_ligand_samples.json,./penalty_sweep_qpu_v113/samples/4jsz_Kdist5.0_Kmono19.0/psweep113_r5_20260328_171213/result.json
4jsz,4jsz_Kdist5.0_Kmono20.0,psweep113_r5_20260328_171213,5.0,20.0,ok,1.8589777482119691,1000,1000,1000,2,0.002,1.0,0.002,0.2165996,0.18198,Advantage2_system1.13,2932,31,./penalty_sweep_qpu_v113/samples/4jsz_Kdist5.0_Kmono20.0/psweep113_r5_20260328_171213/4jsz_ligand_report.csv,./penalty_sweep_qpu_v113/samples/4jsz_Kdist5.0_Kmono20.0/psweep113_r5_20260328_171213/4jsz_ligand_samples.json,./penalty_sweep_qpu_v113/samples/4jsz_Kdist5.0_Kmono20.0/psweep113_r5_20260328_171213/result.json
4jsz,4jsz_Kdist5.5_Kmono1.0,psweep113_r5_20260328_171213,5.5,1.0,ok,2.359416369592622,1000,1000,1000,0,0.0,1.0,0.0,0.21708439999999998,0.18248,Advantage2_system1.13,2326,25,./penalty_sweep_qpu_v113/samples/4jsz_Kdist5.5_Kmono1.0/psweep113_r5_20260328_171213/4jsz_ligand_report.csv,./penalty_sweep_qpu_v113/samples/4jsz_Kdist5.5_Kmono1.0/psweep113_r5_20260328_171213/4jsz_ligand_samples.json,./penalty_sweep_qpu_v113/samples/4jsz_Kdist5.5_Kmono1.0/psweep113_r5_20260328_171213/result.json
4jsz,4jsz_Kdist5.5_Kmono2.0,psweep113_r5_20260328_171213,5.5,2.0,ok,0.6853052320581133,1000,1000,1000,284,0.284,1.0,0.284,0.21240720000000002,0.1778,Advantage2_system1.13,2554,27,./penalty_sweep_qpu_v113/samples/4jsz_Kdist5.5_Kmono2.0/psweep113_r5_20260328_171213/4jsz_ligand_report.csv,./penalty_sweep_qpu_v113/samples/4jsz_Kdist5.5_Kmono2.0/psweep113_r5_20260328_171213/4jsz_ligand_samples.json,./penalty_sweep_qpu_v113/samples/4jsz_Kdist5.5_Kmono2.0/psweep113_r5_20260328_171213/result.json
4jsz,4jsz_Kdist5.5_Kmono3.0,psweep113_r5_20260328_171213,5.5,3.0,ok,2.987883009886291,1000,1000,1000,0,0.0,1.0,0.0,0.21453239999999998,0.17992,Advantage2_system1.13,2463,26,./penalty_sweep_qpu_v113/samples/4jsz_Kdist5.5_Kmono3.0/psweep113_r5_20260328_171213/4jsz_ligand_report.csv,./penalty_sweep_qpu_v113/samples/4jsz_Kdist5.5_Kmono3.0/psweep113_r5_20260328_171213/4jsz_ligand_samples.json,./penalty_sweep_qpu_v113/samples/4jsz_Kdist5.5_Kmono3.0/psweep113_r5_20260328_171213/result.json
4jsz,4jsz_Kdist5.5_Kmono4.0,psweep113_r5_20260328_171213,5.5,4.0,ok,1.9851712314120824,1000,1000,1000,1,0.001,1.0,0.001,0.2091624,0.17456,Advantage2_system1.13,2444,26,./penalty_sweep_qpu_v113/samples/4jsz_Kdist5.5_Kmono4.0/psweep113_r5_20260328_171213/4jsz_ligand_report.csv,./penalty_sweep_qpu_v113/samples/4jsz_Kdist5.5_Kmono4.0/psweep113_r5_20260328_171213/4jsz_ligand_samples.json,./penalty_sweep_qpu_v113/samples/4jsz_Kdist5.5_Kmono4.0/psweep113_r5_20260328_171213/result.json
4jsz,4jsz_Kdist5.5_Kmono5.0,psweep113_r5_20260328_171213,5.5,5.0,ok,1.424875147345932,1000,1000,1000,13,0.013,1.0,0.013,0.2127596,0.17816,Advantage2_system1.13,2257,23,./penalty_sweep_qpu_v113/samples/4jsz_Kdist5.5_Kmono5.0/psweep113_r5_20260328_171213/4jsz_ligand_report.csv,./penalty_sweep_qpu_v113/samples/4jsz_Kdist5.5_Kmono5.0/psweep113_r5_20260328_171213/4jsz_ligand_samples.json,./penalty_sweep_qpu_v113/samples/4jsz_Kdist5.5_Kmono5.0/psweep113_r5_20260328_171213/result.json
4jsz,4jsz_Kdist5.5_Kmono6.0,psweep113_r5_20260328_171213,5.5,6.0,ok,2.4999199693058927,1000,1000,1000,0,0.0,1.0,0.0,0.2174896,0.18288,Advantage2_system1.13,2344,26,./penalty_sweep_qpu_v113/samples/4jsz_Kdist5.5_Kmono6.0/psweep113_r5_20260328_171213/4jsz_ligand_report.csv,./penalty_sweep_qpu_v113/samples/4jsz_Kdist5.5_Kmono6.0/psweep113_r5_20260328_171213/4jsz_ligand_samples.json,./penalty_sweep_qpu_v113/samples/4jsz_Kdist5.5_Kmono6.0/psweep113_r5_20260328_171213/result.json
4jsz,4jsz_Kdist5.5_Kmono7.0,psweep113_r5_20260328_171213,5.5,7.0,ok,2.2622467921816347,1000,1000,1000,0,0.0,1.0,0.0,0.2155892,0.18098,Advantage2_system1.13,2532,27,./penalty_sweep_qpu_v113/samples/4jsz_Kdist5.5_Kmono7.0/psweep113_r5_20260328_171213/4jsz_ligand_report.csv,./penalty_sweep_qpu_v113/samples/4jsz_Kdist5.5_Kmono7.0/psweep113_r5_20260328_171213/4jsz_ligand_samples.json,./penalty_sweep_qpu_v113/samples/4jsz_Kdist5.5_Kmono7.0/psweep113_r5_20260328_171213/result.json
4jsz,4jsz_Kdist5.5_Kmono8.0,psweep113_r5_20260328_171213,5.5,8.0,ok,2.362502974044607,1000,1000,1000,0,0.0,1.0,0.0,0.213316,0.1787,Advantage2_system1.13,2690,30,./penalty_sweep_qpu_v113/samples/4jsz_Kdist5.5_Kmono8.0/psweep113_r5_20260328_171213/4jsz_ligand_report.csv,./penalty_sweep_qpu_v113/samples/4jsz_Kdist5.5_Kmono8.0/psweep113_r5_20260328_171213/4jsz_ligand_samples.json,./penalty_sweep_qpu_v113/samples/4jsz_Kdist5.5_Kmono8.0/psweep113_r5_20260328_171213/result.json
4jsz,4jsz_Kdist5.5_Kmono9.0,psweep113_r5_20260328_171213,5.5,9.0,ok,1.894489603576513,1000,1000,1000,2,0.002,1.0,0.002,0.21435320000000002,0.17974,Advantage2_system1.13,2855,31,./penalty_sweep_qpu_v113/samples/4jsz_Kdist5.5_Kmono9.0/psweep113_r5_20260328_171213/4jsz_ligand_report.csv,./penalty_sweep_qpu_v113/samples/4jsz_Kdist5.5_Kmono9.0/psweep113_r5_20260328_171213/4jsz_ligand_samples.json,./penalty_sweep_qpu_v113/samples/4jsz_Kdist5.5_Kmono9.0/psweep113_r5_20260328_171213/result.json
4jsz,4jsz_Kdist5.5_Kmono10.0,psweep113_r5_20260328_171213,5.5,10.0,ok,1.2764813905103523,1000,1000,1000,10,0.01,1.0,0.01,0.21612920000000002,0.18152,Advantage2_system1.13,2532,29,./penalty_sweep_qpu_v113/samples/4jsz_Kdist5.5_Kmono10.0/psweep113_r5_20260328_171213/4jsz_ligand_report.csv,./penalty_sweep_qpu_v113/samples/4jsz_Kdist5.5_Kmono10.0/psweep113_r5_20260328_171213/4jsz_ligand_samples.json,./penalty_sweep_qpu_v113/samples/4jsz_Kdist5.5_Kmono10.0/psweep113_r5_20260328_171213/result.json
4jsz,4jsz_Kdist5.5_Kmono11.0,psweep113_r5_20260328_171213,5.5,11.0,ok,2.4128459030479994,1000,1000,1000,0,0.0,1.0,0.0,0.21317239999999998,0.17856,Advantage2_system1.13,2689,29,./penalty_sweep_qpu_v113/samples/4jsz_Kdist5.5_Kmono11.0/psweep113_r5_20260328_171213/4jsz_ligand_report.csv,./penalty_sweep_qpu_v113/samples/4jsz_Kdist5.5_Kmono11.0/psweep113_r5_20260328_171213/4jsz_ligand_samples.json,./penalty_sweep_qpu_v113/samples/4jsz_Kdist5.5_Kmono11.0/psweep113_r5_20260328_171213/result.json
4jsz,4jsz_Kdist5.5_Kmono12.0,psweep113_r5_20260328_171213,5.5,12.0,ok,2.453982678495134,1000,1000,1000,0,0.0,1.0,0.0,0.210226,0.17562,Advantage2_system1.13,2462,27,./penalty_sweep_qpu_v113/samples/4jsz_Kdist5.5_Kmono12.0/psweep113_r5_20260328_171213/4jsz_ligand_report.csv,./penalty_sweep_qpu_v113/samples/4jsz_Kdist5.5_Kmono12.0/psweep113_r5_20260328_171213/4jsz_ligand_samples.json,./penalty_sweep_qpu_v113/samples/4jsz_Kdist5.5_Kmono12.0/psweep113_r5_20260328_171213/result.json
4jsz,4jsz_Kdist5.5_Kmono13.0,psweep113_r5_20260328_171213,5.5,13.0,ok,3.2576330568079186,1000,1000,1000,0,0.0,1.0,0.0,0.21117,0.17656,Advantage2_system1.13,2617,28,./penalty_sweep_qpu_v113/samples/4jsz_Kdist5.5_Kmono13.0/psweep113_r5_20260328_171213/4jsz_ligand_report.csv,./penalty_sweep_qpu_v113/samples/4jsz_Kdist5.5_Kmono13.0/psweep113_r5_20260328_171213/4jsz_ligand_samples.json,./penalty_sweep_qpu_v113/samples/4jsz_Kdist5.5_Kmono13.0/psweep113_r5_20260328_171213/result.json
4jsz,4jsz_Kdist5.5_Kmono14.0,psweep113_r5_20260328_171213,5.5,14.0,ok,1.5069748536622667,1000,1000,1000,25,0.025,1.0,0.025,0.2173476,0.18274,Advantage2_system1.13,2442,25,./penalty_sweep_qpu_v113/samples/4jsz_Kdist5.5_Kmono14.0/psweep113_r5_20260328_171213/4jsz_ligand_report.csv,./penalty_sweep_qpu_v113/samples/4jsz_Kdist5.5_Kmono14.0/psweep113_r5_20260328_171213/4jsz_ligand_samples.json,./penalty_sweep_qpu_v113/samples/4jsz_Kdist5.5_Kmono14.0/psweep113_r5_20260328_171213/result.json
4jsz,4jsz_Kdist5.5_Kmono15.0,psweep113_r5_20260328_171213,5.5,15.0,ok,1.1483039102032206,1000,1000,1000,66,0.066,1.0,0.066,0.21559679999999998,0.18098,Advantage2_system1.13,2803,30,./penalty_sweep_qpu_v113/samples/4jsz_Kdist5.5_Kmono15.0/psweep113_r5_20260328_171213/4jsz_ligand_report.csv,./penalty_sweep_qpu_v113/samples/4jsz_Kdist5.5_Kmono15.0/psweep113_r5_20260328_171213/4jsz_ligand_samples.json,./penalty_sweep_qpu_v113/samples/4jsz_Kdist5.5_Kmono15.0/psweep113_r5_20260328_171213/result.json
4jsz,4jsz_Kdist5.5_Kmono16.0,psweep113_r5_20260328_171213,5.5,16.0,ok,1.3907903957196335,1000,1000,1000,42,0.042,1.0,0.042,0.216988,0.18238,Advantage2_system1.13,2560,27,./penalty_sweep_qpu_v113/samples/4jsz_Kdist5.5_Kmono16.0/psweep113_r5_20260328_171213/4jsz_ligand_report.csv,./penalty_sweep_qpu_v113/samples/4jsz_Kdist5.5_Kmono16.0/psweep113_r5_20260328_171213/4jsz_ligand_samples.json,./penalty_sweep_qpu_v113/samples/4jsz_Kdist5.5_Kmono16.0/psweep113_r5_20260328_171213/result.json
4jsz,4jsz_Kdist5.5_Kmono17.0,psweep113_r5_20260328_171213,5.5,17.0,ok,2.070035619048432,1000,1000,1000,0,0.0,1.0,0.0,0.21621479999999998,0.1816,Advantage2_system1.13,2711,29,./penalty_sweep_qpu_v113/samples/4jsz_Kdist5.5_Kmono17.0/psweep113_r5_20260328_171213/4jsz_ligand_report.csv,./penalty_sweep_qpu_v113/samples/4jsz_Kdist5.5_Kmono17.0/psweep113_r5_20260328_171213/4jsz_ligand_samples.json,./penalty_sweep_qpu_v113/samples/4jsz_Kdist5.5_Kmono17.0/psweep113_r5_20260328_171213/result.json
4jsz,4jsz_Kdist5.5_Kmono18.0,psweep113_r5_20260328_171213,5.5,18.0,ok,1.682493770025112,1000,1000,1000,43,0.043,1.0,0.043,0.2130268,0.17842,Advantage2_system1.13,2676,32,./penalty_sweep_qpu_v113/samples/4jsz_Kdist5.5_Kmono18.0/psweep113_r5_20260328_171213/4jsz_ligand_report.csv,./penalty_sweep_qpu_v113/samples/4jsz_Kdist5.5_Kmono18.0/psweep113_r5_20260328_171213/4jsz_ligand_samples.json,./penalty_sweep_qpu_v113/samples/4jsz_Kdist5.5_Kmono18.0/psweep113_r5_20260328_171213/result.json
4jsz,4jsz_Kdist5.5_Kmono19.0,psweep113_r5_20260328_171213,5.5,19.0,ok,1.5473138519489043,1000,1000,1000,22,0.022,1.0,0.022,0.2170796,0.18248,Advantage2_system1.13,2464,25,./penalty_sweep_qpu_v113/samples/4jsz_Kdist5.5_Kmono19.0/psweep113_r5_20260328_171213/4jsz_ligand_report.csv,./penalty_sweep_qpu_v113/samples/4jsz_Kdist5.5_Kmono19.0/psweep113_r5_20260328_171213/4jsz_ligand_samples.json,./penalty_sweep_qpu_v113/samples/4jsz_Kdist5.5_Kmono19.0/psweep113_r5_20260328_171213/result.json
4jsz,4jsz_Kdist5.5_Kmono20.0,psweep113_r5_20260328_171213,5.5,20.0,ok,1.0666438478370468,1000,1000,1000,31,0.031,1.0,0.031,0.2052292,0.17062,Advantage2_system1.13,2401,25,./penalty_sweep_qpu_v113/samples/4jsz_Kdist5.5_Kmono20.0/psweep113_r5_20260328_171213/4jsz_ligand_report.csv,./penalty_sweep_qpu_v113/samples/4jsz_Kdist5.5_Kmono20.0/psweep113_r5_20260328_171213/4jsz_ligand_samples.json,./penalty_sweep_qpu_v113/samples/4jsz_Kdist5.5_Kmono20.0/psweep113_r5_20260328_171213/result.json
4jsz,4jsz_Kdist6.0_Kmono1.0,psweep113_r5_20260328_171213,6.0,1.0,ok,1.5072599874482178,1000,1000,1000,2,0.002,1.0,0.002,0.2146708,0.18006,Advantage2_system1.13,2681,29,./penalty_sweep_qpu_v113/samples/4jsz_Kdist6.0_Kmono1.0/psweep113_r5_20260328_171213/4jsz_ligand_report.csv,./penalty_sweep_qpu_v113/samples/4jsz_Kdist6.0_Kmono1.0/psweep113_r5_20260328_171213/4jsz_ligand_samples.json,./penalty_sweep_qpu_v113/samples/4jsz_Kdist6.0_Kmono1.0/psweep113_r5_20260328_171213/result.json
4jsz,4jsz_Kdist6.0_Kmono2.0,psweep113_r5_20260328_171213,6.0,2.0,ok,2.6760727617510995,1000,1000,1000,0,0.0,1.0,0.0,0.21352279999999998,0.17892,Advantage2_system1.13,2604,28,./penalty_sweep_qpu_v113/samples/4jsz_Kdist6.0_Kmono2.0/psweep113_r5_20260328_171213/4jsz_ligand_report.csv,./penalty_sweep_qpu_v113/samples/4jsz_Kdist6.0_Kmono2.0/psweep113_r5_20260328_171213/4jsz_ligand_samples.json,./penalty_sweep_qpu_v113/samples/4jsz_Kdist6.0_Kmono2.0/psweep113_r5_20260328_171213/result.json
4jsz,4jsz_Kdist6.0_Kmono3.0,psweep113_r5_20260328_171213,6.0,3.0,ok,2.6233991791943274,1000,1000,1000,0,0.0,1.0,0.0,0.213662,0.17906,Advantage2_system1.13,2334,26,./penalty_sweep_qpu_v113/samples/4jsz_Kdist6.0_Kmono3.0/psweep113_r5_20260328_171213/4jsz_ligand_report.csv,./penalty_sweep_qpu_v113/samples/4jsz_Kdist6.0_Kmono3.0/psweep113_r5_20260328_171213/4jsz_ligand_samples.json,./penalty_sweep_qpu_v113/samples/4jsz_Kdist6.0_Kmono3.0/psweep113_r5_20260328_171213/result.json
4jsz,4jsz_Kdist6.0_Kmono4.0,psweep113_r5_20260328_171213,6.0,4.0,ok,3.319280440907654,1000,1000,1000,0,0.0,1.0,0.0,0.2145464,0.17994,Advantage2_system1.13,2319,24,./penalty_sweep_qpu_v113/samples/4jsz_Kdist6.0_Kmono4.0/psweep113_r5_20260328_171213/4jsz_ligand_report.csv,./penalty_sweep_qpu_v113/samples/4jsz_Kdist6.0_Kmono4.0/psweep113_r5_20260328_171213/4jsz_ligand_samples.json,./penalty_sweep_qpu_v113/samples/4jsz_Kdist6.0_Kmono4.0/psweep113_r5_20260328_171213/result.json
4jsz,4jsz_Kdist6.0_Kmono5.0,psweep113_r5_20260328_171213,6.0,5.0,ok,1.6312150129721366,1000,1000,1000,5,0.005,1.0,0.005,0.2175888,0.18298,Advantage2_system1.13,2741,30,./penalty_sweep_qpu_v113/samples/4jsz_Kdist6.0_Kmono5.0/psweep113_r5_20260328_171213/4jsz_ligand_report.csv,./penalty_sweep_qpu_v113/samples/4jsz_Kdist6.0_Kmono5.0/psweep113_r5_20260328_171213/4jsz_ligand_samples.json,./penalty_sweep_qpu_v113/samples/4jsz_Kdist6.0_Kmono5.0/psweep113_r5_20260328_171213/result.json
4jsz,4jsz_Kdist6.0_Kmono6.0,psweep113_r5_20260328_171213,6.0,6.0,ok,1.969298997275849,1000,1000,1000,1,0.001,1.0,0.001,0.2137636,0.17916,Advantage2_system1.13,2379,25,./penalty_sweep_qpu_v113/samples/4jsz_Kdist6.0_Kmono6.0/psweep113_r5_20260328_171213/4jsz_ligand_report.csv,./penalty_sweep_qpu_v113/samples/4jsz_Kdist6.0_Kmono6.0/psweep113_r5_20260328_171213/4jsz_ligand_samples.json,./penalty_sweep_qpu_v113/samples/4jsz_Kdist6.0_Kmono6.0/psweep113_r5_20260328_171213/result.json
4jsz,4jsz_Kdist6.0_Kmono7.0,psweep113_r5_20260328_171213,6.0,7.0,ok,1.332646883086781,1000,1000,1000,976,0.976,1.0,0.976,0.2029848,0.16838,Advantage2_system1.13,2413,27,./penalty_sweep_qpu_v113/samples/4jsz_Kdist6.0_Kmono7.0/psweep113_r5_20260328_171213/4jsz_ligand_report.csv,./penalty_sweep_qpu_v113/samples/4jsz_Kdist6.0_Kmono7.0/psweep113_r5_20260328_171213/4jsz_ligand_samples.json,./penalty_sweep_qpu_v113/samples/4jsz_Kdist6.0_Kmono7.0/psweep113_r5_20260328_171213/result.json
4jsz,4jsz_Kdist6.0_Kmono8.0,psweep113_r5_20260328_171213,6.0,8.0,ok,1.420717887396042,1000,1000,1000,29,0.029,1.0,0.029,0.21698879999999998,0.18238,Advantage2_system1.13,2586,27,./penalty_sweep_qpu_v113/samples/4jsz_Kdist6.0_Kmono8.0/psweep113_r5_20260328_171213/4jsz_ligand_report.csv,./penalty_sweep_qpu_v113/samples/4jsz_Kdist6.0_Kmono8.0/psweep113_r5_20260328_171213/4jsz_ligand_samples.json,./penalty_sweep_qpu_v113/samples/4jsz_Kdist6.0_Kmono8.0/psweep113_r5_20260328_171213/result.json
4jsz,4jsz_Kdist6.0_Kmono9.0,psweep113_r5_20260328_171213,6.0,9.0,ok,1.660760861822676,1000,1000,1000,253,0.253,1.0,0.253,0.2133872,0.17878,Advantage2_system1.13,2434,26,./penalty_sweep_qpu_v113/samples/4jsz_Kdist6.0_Kmono9.0/psweep113_r5_20260328_171213/4jsz_ligand_report.csv,./penalty_sweep_qpu_v113/samples/4jsz_Kdist6.0_Kmono9.0/psweep113_r5_20260328_171213/4jsz_ligand_samples.json,./penalty_sweep_qpu_v113/samples/4jsz_Kdist6.0_Kmono9.0/psweep113_r5_20260328_171213/result.json
4jsz,4jsz_Kdist6.0_Kmono10.0,psweep113_r5_20260328_171213,6.0,10.0,ok,1.990386283766594,1000,1000,1000,1,0.001,1.0,0.001,0.21570679999999998,0.1811,Advantage2_system1.13,2722,28,./penalty_sweep_qpu_v113/samples/4jsz_Kdist6.0_Kmono10.0/psweep113_r5_20260328_171213/4jsz_ligand_report.csv,./penalty_sweep_qpu_v113/samples/4jsz_Kdist6.0_Kmono10.0/psweep113_r5_20260328_171213/4jsz_ligand_samples.json,./penalty_sweep_qpu_v113/samples/4jsz_Kdist6.0_Kmono10.0/psweep113_r5_20260328_171213/result.json
4jsz,4jsz_Kdist6.0_Kmono11.0,psweep113_r5_20260328_171213,6.0,11.0,ok,1.4478412637987654,1000,1000,1000,1,0.001,1.0,0.001,0.2157268,0.18112,Advantage2_system1.13,2465,28,./penalty_sweep_qpu_v113/samples/4jsz_Kdist6.0_Kmono11.0/psweep113_r5_20260328_171213/4jsz_ligand_report.csv,./penalty_sweep_qpu_v113/samples/4jsz_Kdist6.0_Kmono11.0/psweep113_r5_20260328_171213/4jsz_ligand_samples.json,./penalty_sweep_qpu_v113/samples/4jsz_Kdist6.0_Kmono11.0/psweep113_r5_20260328_171213/result.json
4jsz,4jsz_Kdist6.0_Kmono12.0,psweep113_r5_20260328_171213,6.0,12.0,ok,1.5465438312149042,1000,1000,1000,40,0.04,1.0,0.04,0.219386,0.18478,Advantage2_system1.13,2425,26,./penalty_sweep_qpu_v113/samples/4jsz_Kdist6.0_Kmono12.0/psweep113_r5_20260328_171213/4jsz_ligand_report.csv,./penalty_sweep_qpu_v113/samples/4jsz_Kdist6.0_Kmono12.0/psweep113_r5_20260328_171213/4jsz_ligand_samples.json,./penalty_sweep_qpu_v113/samples/4jsz_Kdist6.0_Kmono12.0/psweep113_r5_20260328_171213/result.json
4jsz,4jsz_Kdist6.0_Kmono13.0,psweep113_r5_20260328_171213,6.0,13.0,ok,1.861627083729491,1000,1000,1000,1,0.001,1.0,0.001,0.20977479999999998,0.17516,Advantage2_system1.13,2367,25,./penalty_sweep_qpu_v113/samples/4jsz_Kdist6.0_Kmono13.0/psweep113_r5_20260328_171213/4jsz_ligand_report.csv,./penalty_sweep_qpu_v113/samples/4jsz_Kdist6.0_Kmono13.0/psweep113_r5_20260328_171213/4jsz_ligand_samples.json,./penalty_sweep_qpu_v113/samples/4jsz_Kdist6.0_Kmono13.0/psweep113_r5_20260328_171213/result.json
4jsz,4jsz_Kdist6.0_Kmono14.0,psweep113_r5_20260328_171213,6.0,14.0,ok,2.5260635541420386,1000,1000,1000,0,0.0,1.0,0.0,0.2175924,0.18298,Advantage2_system1.13,2649,29,./penalty_sweep_qpu_v113/samples/4jsz_Kdist6.0_Kmono14.0/psweep113_r5_20260328_171213/4jsz_ligand_report.csv,./penalty_sweep_qpu_v113/samples/4jsz_Kdist6.0_Kmono14.0/psweep113_r5_20260328_171213/4jsz_ligand_samples.json,./penalty_sweep_qpu_v113/samples/4jsz_Kdist6.0_Kmono14.0/psweep113_r5_20260328_171213/result.json
4jsz,4jsz_Kdist6.0_Kmono15.0,psweep113_r5_20260328_171213,6.0,15.0,ok,1.5373456450095018,1000,1000,1000,24,0.024,1.0,0.024,0.21462479999999998,0.18002,Advantage2_system1.13,2676,30,./penalty_sweep_qpu_v113/samples/4jsz_Kdist6.0_Kmono15.0/psweep113_r5_20260328_171213/4jsz_ligand_report.csv,./penalty_sweep_qpu_v113/samples/4jsz_Kdist6.0_Kmono15.0/psweep113_r5_20260328_171213/4jsz_ligand_samples.json,./penalty_sweep_qpu_v113/samples/4jsz_Kdist6.0_Kmono15.0/psweep113_r5_20260328_171213/result.json
4jsz,4jsz_Kdist6.0_Kmono16.0,psweep113_r5_20260328_171213,6.0,16.0,ok,2.0511591572665715,1000,1000,1000,0,0.0,1.0,0.0,0.2138156,0.1792,Advantage2_system1.13,2607,27,./penalty_sweep_qpu_v113/samples/4jsz_Kdist6.0_Kmono16.0/psweep113_r5_20260328_171213/4jsz_ligand_report.csv,./penalty_sweep_qpu_v113/samples/4jsz_Kdist6.0_Kmono16.0/psweep113_r5_20260328_171213/4jsz_ligand_samples.json,./penalty_sweep_qpu_v113/samples/4jsz_Kdist6.0_Kmono16.0/psweep113_r5_20260328_171213/result.json
4jsz,4jsz_Kdist6.0_Kmono17.0,psweep113_r5_20260328_171213,6.0,17.0,ok,2.368422232249137,1000,1000,1000,0,0.0,1.0,0.0,0.213168,0.17856,Advantage2_system1.13,2473,25,./penalty_sweep_qpu_v113/samples/4jsz_Kdist6.0_Kmono17.0/psweep113_r5_20260328_171213/4jsz_ligand_report.csv,./penalty_sweep_qpu_v113/samples/4jsz_Kdist6.0_Kmono17.0/psweep113_r5_20260328_171213/4jsz_ligand_samples.json,./penalty_sweep_qpu_v113/samples/4jsz_Kdist6.0_Kmono17.0/psweep113_r5_20260328_171213/result.json
4jsz,4jsz_Kdist6.0_Kmono18.0,psweep113_r5_20260328_171213,6.0,18.0,ok,0.9285512769328852,1000,1000,1000,60,0.06,1.0,0.06,0.21534920000000002,0.18074,Advantage2_system1.13,2499,26,./penalty_sweep_qpu_v113/samples/4jsz_Kdist6.0_Kmono18.0/psweep113_r5_20260328_171213/4jsz_ligand_report.csv,./penalty_sweep_qpu_v113/samples/4jsz_Kdist6.0_Kmono18.0/psweep113_r5_20260328_171213/4jsz_ligand_samples.json,./penalty_sweep_qpu_v113/samples/4jsz_Kdist6.0_Kmono18.0/psweep113_r5_20260328_171213/result.json
4jsz,4jsz_Kdist6.0_Kmono19.0,psweep113_r5_20260328_171213,6.0,19.0,ok,1.9259608173725127,1000,1000,1000,2,0.002,1.0,0.002,0.20997960000000002,0.17538,Advantage2_system1.13,2327,24,./penalty_sweep_qpu_v113/samples/4jsz_Kdist6.0_Kmono19.0/psweep113_r5_20260328_171213/4jsz_ligand_report.csv,./penalty_sweep_qpu_v113/samples/4jsz_Kdist6.0_Kmono19.0/psweep113_r5_20260328_171213/4jsz_ligand_samples.json,./penalty_sweep_qpu_v113/samples/4jsz_Kdist6.0_Kmono19.0/psweep113_r5_20260328_171213/result.json
4jsz,4jsz_Kdist6.0_Kmono20.0,psweep113_r5_20260328_171213,6.0,20.0,ok,1.231837222517335,1000,1000,1000,227,0.227,1.0,0.227,0.2101244,0.17552,Advantage2_system1.13,2789,31,./penalty_sweep_qpu_v113/samples/4jsz_Kdist6.0_Kmono20.0/psweep113_r5_20260328_171213/4jsz_ligand_report.csv,./penalty_sweep_qpu_v113/samples/4jsz_Kdist6.0_Kmono20.0/psweep113_r5_20260328_171213/4jsz_ligand_samples.json,./penalty_sweep_qpu_v113/samples/4jsz_Kdist6.0_Kmono20.0/psweep113_r5_20260328_171213/result.json
4jsz,4jsz_Kdist6.5_Kmono1.0,psweep113_r5_20260328_171213,6.5,1.0,ok,1.425950600975604,1000,1000,1000,112,0.112,1.0,0.112,0.21735279999999998,0.18274,Advantage2_system1.13,2484,27,./penalty_sweep_qpu_v113/samples/4jsz_Kdist6.5_Kmono1.0/psweep113_r5_20260328_171213/4jsz_ligand_report.csv,./penalty_sweep_qpu_v113/samples/4jsz_Kdist6.5_Kmono1.0/psweep113_r5_20260328_171213/4jsz_ligand_samples.json,./penalty_sweep_qpu_v113/samples/4jsz_Kdist6.5_Kmono1.0/psweep113_r5_20260328_171213/result.json
4jsz,4jsz_Kdist6.5_Kmono2.0,psweep113_r5_20260328_171213,6.5,2.0,ok,1.3527750038128907,1000,1000,1000,68,0.068,1.0,0.068,0.2114076,0.1768,Advantage2_system1.13,2483,27,./penalty_sweep_qpu_v113/samples/4jsz_Kdist6.5_Kmono2.0/psweep113_r5_20260328_171213/4jsz_ligand_report.csv,./penalty_sweep_qpu_v113/samples/4jsz_Kdist6.5_Kmono2.0/psweep113_r5_20260328_171213/4jsz_ligand_samples.json,./penalty_sweep_qpu_v113/samples/4jsz_Kdist6.5_Kmono2.0/psweep113_r5_20260328_171213/result.json
4jsz,4jsz_Kdist6.5_Kmono3.0,psweep113_r5_20260328_171213,6.5,3.0,ok,1.465439148709578,1000,1000,1000,538,0.538,1.0,0.538,0.2095944,0.17498,Advantage2_system1.13,2854,32,./penalty_sweep_qpu_v113/samples/4jsz_Kdist6.5_Kmono3.0/psweep113_r5_20260328_171213/4jsz_ligand_report.csv,./penalty_sweep_qpu_v113/samples/4jsz_Kdist6.5_Kmono3.0/psweep113_r5_20260328_171213/4jsz_ligand_samples.json,./penalty_sweep_qpu_v113/samples/4jsz_Kdist6.5_Kmono3.0/psweep113_r5_20260328_171213/result.json
4jsz,4jsz_Kdist6.5_Kmono4.0,psweep113_r5_20260328_171213,6.5,4.0,ok,2.4287280028847644,1000,1000,1000,0,0.0,1.0,0.0,0.212408,0.1778,Advantage2_system1.13,2500,27,./penalty_sweep_qpu_v113/samples/4jsz_Kdist6.5_Kmono4.0/psweep113_r5_20260328_171213/4jsz_ligand_report.csv,./penalty_sweep_qpu_v113/samples/4jsz_Kdist6.5_Kmono4.0/psweep113_r5_20260328_171213/4jsz_ligand_samples.json,./penalty_sweep_qpu_v113/samples/4jsz_Kdist6.5_Kmono4.0/psweep113_r5_20260328_171213/result.json
4jsz,4jsz_Kdist6.5_Kmono5.0,psweep113_r5_20260328_171213,6.5,5.0,ok,2.0306437242126103,1000,1000,1000,0,0.0,1.0,0.0,0.2173888,0.18278,Advantage2_system1.13,2453,27,./penalty_sweep_qpu_v113/samples/4jsz_Kdist6.5_Kmono5.0/psweep113_r5_20260328_171213/4jsz_ligand_report.csv,./penalty_sweep_qpu_v113/samples/4jsz_Kdist6.5_Kmono5.0/psweep113_r5_20260328_171213/4jsz_ligand_samples.json,./penalty_sweep_qpu_v113/samples/4jsz_Kdist6.5_Kmono5.0/psweep113_r5_20260328_171213/result.json
4jsz,4jsz_Kdist6.5_Kmono6.0,psweep113_r5_20260328_171213,6.5,6.0,ok,1.7386368481811023,1000,1000,1000,2,0.002,1.0,0.002,0.21570920000000002,0.1811,Advantage2_system1.13,2520,27,./penalty_sweep_qpu_v113/samples/4jsz_Kdist6.5_Kmono6.0/psweep113_r5_20260328_171213/4jsz_ligand_report.csv,./penalty_sweep_qpu_v113/samples/4jsz_Kdist6.5_Kmono6.0/psweep113_r5_20260328_171213/4jsz_ligand_samples.json,./penalty_sweep_qpu_v113/samples/4jsz_Kdist6.5_Kmono6.0/psweep113_r5_20260328_171213/result.json
4jsz,4jsz_Kdist6.5_Kmono7.0,psweep113_r5_20260328_171213,6.5,7.0,ok,2.064980924178136,1000,1000,1000,0,0.0,1.0,0.0,0.21148879999999998,0.17688,Advantage2_system1.13,2389,26,./penalty_sweep_qpu_v113/samples/4jsz_Kdist6.5_Kmono7.0/psweep113_r5_20260328_171213/4jsz_ligand_report.csv,./penalty_sweep_qpu_v113/samples/4jsz_Kdist6.5_Kmono7.0/psweep113_r5_20260328_171213/4jsz_ligand_samples.json,./penalty_sweep_qpu_v113/samples/4jsz_Kdist6.5_Kmono7.0/psweep113_r5_20260328_171213/result.json
4jsz,4jsz_Kdist6.5_Kmono8.0,psweep113_r5_20260328_171213,6.5,8.0,ok,2.450607532807212,1000,1000,1000,0,0.0,1.0,0.0,0.2131276,0.17852,Advantage2_system1.13,2812,30,./penalty_sweep_qpu_v113/samples/4jsz_Kdist6.5_Kmono8.0/psweep113_r5_20260328_171213/4jsz_ligand_report.csv,./penalty_sweep_qpu_v113/samples/4jsz_Kdist6.5_Kmono8.0/psweep113_r5_20260328_171213/4jsz_ligand_samples.json,./penalty_sweep_qpu_v113/samples/4jsz_Kdist6.5_Kmono8.0/psweep113_r5_20260328_171213/result.json
4jsz,4jsz_Kdist6.5_Kmono9.0,psweep113_r5_20260328_171213,6.5,9.0,ok,3.921126493776996,1000,1000,1000,0,0.0,1.0,0.0,0.2110288,0.17642,Advantage2_system1.13,2553,28,./penalty_sweep_qpu_v113/samples/4jsz_Kdist6.5_Kmono9.0/psweep113_r5_20260328_171213/4jsz_ligand_report.csv,./penalty_sweep_qpu_v113/samples/4jsz_Kdist6.5_Kmono9.0/psweep113_r5_20260328_171213/4jsz_ligand_samples.json,./penalty_sweep_qpu_v113/samples/4jsz_Kdist6.5_Kmono9.0/psweep113_r5_20260328_171213/result.json
4jsz,4jsz_Kdist6.5_Kmono10.0,psweep113_r5_20260328_171213,6.5,10.0,ok,2.427774640173809,1000,1000,1000,0,0.0,1.0,0.0,0.21735079999999998,0.18274,Advantage2_system1.13,2581,27,./penalty_sweep_qpu_v113/samples/4jsz_Kdist6.5_Kmono10.0/psweep113_r5_20260328_171213/4jsz_ligand_report.csv,./penalty_sweep_qpu_v113/samples/4jsz_Kdist6.5_Kmono10.0/psweep113_r5_20260328_171213/4jsz_ligand_samples.json,./penalty_sweep_qpu_v113/samples/4jsz_Kdist6.5_Kmono10.0/psweep113_r5_20260328_171213/result.json
4jsz,4jsz_Kdist6.5_Kmono11.0,psweep113_r5_20260328_171213,6.5,11.0,ok,2.735759137612598,1000,1000,1000,0,0.0,1.0,0.0,0.217624,0.18302,Advantage2_system1.13,2363,27,./penalty_sweep_qpu_v113/samples/4jsz_Kdist6.5_Kmono11.0/psweep113_r5_20260328_171213/4jsz_ligand_report.csv,./penalty_sweep_qpu_v113/samples/4jsz_Kdist6.5_Kmono11.0/psweep113_r5_20260328_171213/4jsz_ligand_samples.json,./penalty_sweep_qpu_v113/samples/4jsz_Kdist6.5_Kmono11.0/psweep113_r5_20260328_171213/result.json
4jsz,4jsz_Kdist6.5_Kmono12.0,psweep113_r5_20260328_171213,6.5,12.0,ok,1.4862942935558585,1000,1000,1000,18,0.018,1.0,0.018,0.2192704,0.18466,Advantage2_system1.13,3177,35,./penalty_sweep_qpu_v113/samples/4jsz_Kdist6.5_Kmono12.0/psweep113_r5_20260328_171213/4jsz_ligand_report.csv,./penalty_sweep_qpu_v113/samples/4jsz_Kdist6.5_Kmono12.0/psweep113_r5_20260328_171213/4jsz_ligand_samples.json,./penalty_sweep_qpu_v113/samples/4jsz_Kdist6.5_Kmono12.0/psweep113_r5_20260328_171213/result.json
4jsz,4jsz_Kdist6.5_Kmono13.0,psweep113_r5_20260328_171213,6.5,13.0,ok,1.499599531670024,1000,1000,1000,2,0.002,1.0,0.002,0.211948,0.17734,Advantage2_system1.13,2786,31,./penalty_sweep_qpu_v113/samples/4jsz_Kdist6.5_Kmono13.0/psweep113_r5_20260328_171213/4jsz_ligand_report.csv,./penalty_sweep_qpu_v113/samples/4jsz_Kdist6.5_Kmono13.0/psweep113_r5_20260328_171213/4jsz_ligand_samples.json,./penalty_sweep_qpu_v113/samples/4jsz_Kdist6.5_Kmono13.0/psweep113_r5_20260328_171213/result.json
4jsz,4jsz_Kdist6.5_Kmono14.0,psweep113_r5_20260328_171213,6.5,14.0,ok,2.1924590695192876,1000,1000,1000,0,0.0,1.0,0.0,0.215348,0.18074,Advantage2_system1.13,2860,32,./penalty_sweep_qpu_v113/samples/4jsz_Kdist6.5_Kmono14.0/psweep113_r5_20260328_171213/4jsz_ligand_report.csv,./penalty_sweep_qpu_v113/samples/4jsz_Kdist6.5_Kmono14.0/psweep113_r5_20260328_171213/4jsz_ligand_samples.json,./penalty_sweep_qpu_v113/samples/4jsz_Kdist6.5_Kmono14.0/psweep113_r5_20260328_171213/result.json
4jsz,4jsz_Kdist6.5_Kmono15.0,psweep113_r5_20260328_171213,6.5,15.0,ok,1.5877987578598174,1000,1000,1000,49,0.049,1.0,0.049,0.211128,0.17652,Advantage2_system1.13,2565,29,./penalty_sweep_qpu_v113/samples/4jsz_Kdist6.5_Kmono15.0/psweep113_r5_20260328_171213/4jsz_ligand_report.csv,./penalty_sweep_qpu_v113/samples/4jsz_Kdist6.5_Kmono15.0/psweep113_r5_20260328_171213/4jsz_ligand_samples.json,./penalty_sweep_qpu_v113/samples/4jsz_Kdist6.5_Kmono15.0/psweep113_r5_20260328_171213/result.json
4jsz,4jsz_Kdist6.5_Kmono16.0,psweep113_r5_20260328_171213,6.5,16.0,ok,3.7714575282497003,1000,1000,1000,0,0.0,1.0,0.0,0.2093412,0.17474,Advantage2_system1.13,2588,28,./penalty_sweep_qpu_v113/samples/4jsz_Kdist6.5_Kmono16.0/psweep113_r5_20260328_171213/4jsz_ligand_report.csv,./penalty_sweep_qpu_v113/samples/4jsz_Kdist6.5_Kmono16.0/psweep113_r5_20260328_171213/4jsz_ligand_samples.json,./penalty_sweep_qpu_v113/samples/4jsz_Kdist6.5_Kmono16.0/psweep113_r5_20260328_171213/result.json
4jsz,4jsz_Kdist6.5_Kmono17.0,psweep113_r5_20260328_171213,6.5,17.0,ok,1.6797485719316199,1000,1000,1000,5,0.005,1.0,0.005,0.2163476,0.18174,Advantage2_system1.13,2305,25,./penalty_sweep_qpu_v113/samples/4jsz_Kdist6.5_Kmono17.0/psweep113_r5_20260328_171213/4jsz_ligand_report.csv,./penalty_sweep_qpu_v113/samples/4jsz_Kdist6.5_Kmono17.0/psweep113_r5_20260328_171213/4jsz_ligand_samples.json,./penalty_sweep_qpu_v113/samples/4jsz_Kdist6.5_Kmono17.0/psweep113_r5_20260328_171213/result.json
4jsz,4jsz_Kdist6.5_Kmono18.0,psweep113_r5_20260328_171213,6.5,18.0,ok,1.1528642929394466,1000,1000,1000,177,0.177,1.0,0.177,0.21962679999999998,0.18502,Advantage2_system1.13,2622,28,./penalty_sweep_qpu_v113/samples/4jsz_Kdist6.5_Kmono18.0/psweep113_r5_20260328_171213/4jsz_ligand_report.csv,./penalty_sweep_qpu_v113/samples/4jsz_Kdist6.5_Kmono18.0/psweep113_r5_20260328_171213/4jsz_ligand_samples.json,./penalty_sweep_qpu_v113/samples/4jsz_Kdist6.5_Kmono18.0/psweep113_r5_20260328_171213/result.json
4jsz,4jsz_Kdist6.5_Kmono19.0,psweep113_r5_20260328_171213,6.5,19.0,ok,3.3520036304193974,1000,1000,1000,0,0.0,1.0,0.0,0.21734279999999997,0.18274,Advantage2_system1.13,2369,25,./penalty_sweep_qpu_v113/samples/4jsz_Kdist6.5_Kmono19.0/psweep113_r5_20260328_171213/4jsz_ligand_report.csv,./penalty_sweep_qpu_v113/samples/4jsz_Kdist6.5_Kmono19.0/psweep113_r5_20260328_171213/4jsz_ligand_samples.json,./penalty_sweep_qpu_v113/samples/4jsz_Kdist6.5_Kmono19.0/psweep113_r5_20260328_171213/result.json
4jsz,4jsz_Kdist6.5_Kmono20.0,psweep113_r5_20260328_171213,6.5,20.0,ok,1.3754436591790515,1000,1000,1000,660,0.66,1.0,0.66,0.2146652,0.18006,Advantage2_system1.13,2329,24,./penalty_sweep_qpu_v113/samples/4jsz_Kdist6.5_Kmono20.0/psweep113_r5_20260328_171213/4jsz_ligand_report.csv,./penalty_sweep_qpu_v113/samples/4jsz_Kdist6.5_Kmono20.0/psweep113_r5_20260328_171213/4jsz_ligand_samples.json,./penalty_sweep_qpu_v113/samples/4jsz_Kdist6.5_Kmono20.0/psweep113_r5_20260328_171213/result.json
4jsz,4jsz_Kdist7.0_Kmono1.0,psweep113_r5_20260328_171213,7.0,1.0,ok,3.2911793895743324,1000,1000,1000,0,0.0,1.0,0.0,0.21127120000000002,0.17666,Advantage2_system1.13,2465,27,./penalty_sweep_qpu_v113/samples/4jsz_Kdist7.0_Kmono1.0/psweep113_r5_20260328_171213/4jsz_ligand_report.csv,./penalty_sweep_qpu_v113/samples/4jsz_Kdist7.0_Kmono1.0/psweep113_r5_20260328_171213/4jsz_ligand_samples.json,./penalty_sweep_qpu_v113/samples/4jsz_Kdist7.0_Kmono1.0/psweep113_r5_20260328_171213/result.json
4jsz,4jsz_Kdist7.0_Kmono2.0,psweep113_r5_20260328_171213,7.0,2.0,ok,1.956812496933595,1000,1000,1000,1,0.001,1.0,0.001,0.2119876,0.17738,Advantage2_system1.13,2603,28,./penalty_sweep_qpu_v113/samples/4jsz_Kdist7.0_Kmono2.0/psweep113_r5_20260328_171213/4jsz_ligand_report.csv,./penalty_sweep_qpu_v113/samples/4jsz_Kdist7.0_Kmono2.0/psweep113_r5_20260328_171213/4jsz_ligand_samples.json,./penalty_sweep_qpu_v113/samples/4jsz_Kdist7.0_Kmono2.0/psweep113_r5_20260328_171213/result.json
4jsz,4jsz_Kdist7.0_Kmono3.0,psweep113_r5_20260328_171213,7.0,3.0,ok,2.0664760743864172,1000,1000,1000,0,0.0,1.0,0.0,0.2156064,0.18098,Advantage2_system1.13,2849,29,./penalty_sweep_qpu_v113/samples/4jsz_Kdist7.0_Kmono3.0/psweep113_r5_20260328_171213/4jsz_ligand_report.csv,./penalty_sweep_qpu_v113/samples/4jsz_Kdist7.0_Kmono3.0/psweep113_r5_20260328_171213/4jsz_ligand_samples.json,./penalty_sweep_qpu_v113/samples/4jsz_Kdist7.0_Kmono3.0/psweep113_r5_20260328_171213/result.json
4jsz,4jsz_Kdist7.0_Kmono4.0,psweep113_r5_20260328_171213,7.0,4.0,ok,1.8358299565838256,1000,1000,1000,1,0.001,1.0,0.001,0.2145536,0.17994,Advantage2_system1.13,2525,28,./penalty_sweep_qpu_v113/samples/4jsz_Kdist7.0_Kmono4.0/psweep113_r5_20260328_171213/4jsz_ligand_report.csv,./penalty_sweep_qpu_v113/samples/4jsz_Kdist7.0_Kmono4.0/psweep113_r5_20260328_171213/4jsz_ligand_samples.json,./penalty_sweep_qpu_v113/samples/4jsz_Kdist7.0_Kmono4.0/psweep113_r5_20260328_171213/result.json
4jsz,4jsz_Kdist7.0_Kmono5.0,psweep113_r5_20260328_171213,7.0,5.0,ok,1.4893410166763412,1000,1000,1000,7,0.007,1.0,0.007,0.2121688,0.17756,Advantage2_system1.13,2513,28,./penalty_sweep_qpu_v113/samples/4jsz_Kdist7.0_Kmono5.0/psweep113_r5_20260328_171213/4jsz_ligand_report.csv,./penalty_sweep_qpu_v113/samples/4jsz_Kdist7.0_Kmono5.0/psweep113_r5_20260328_171213/4jsz_ligand_samples.json,./penalty_sweep_qpu_v113/samples/4jsz_Kdist7.0_Kmono5.0/psweep113_r5_20260328_171213/result.json
4jsz,4jsz_Kdist7.0_Kmono6.0,psweep113_r5_20260328_171213,7.0,6.0,ok,1.669684562464407,1000,1000,1000,14,0.014,1.0,0.014,0.210528,0.17592,Advantage2_system1.13,2582,28,./penalty_sweep_qpu_v113/samples/4jsz_Kdist7.0_Kmono6.0/psweep113_r5_20260328_171213/4jsz_ligand_report.csv,./penalty_sweep_qpu_v113/samples/4jsz_Kdist7.0_Kmono6.0/psweep113_r5_20260328_171213/4jsz_ligand_samples.json,./penalty_sweep_qpu_v113/samples/4jsz_Kdist7.0_Kmono6.0/psweep113_r5_20260328_171213/result.json
4jsz,4jsz_Kdist7.0_Kmono7.0,psweep113_r5_20260328_171213,7.0,7.0,ok,2.0782902416509264,1000,1000,1000,0,0.0,1.0,0.0,0.2087796,0.17416,Advantage2_system1.13,2483,27,./penalty_sweep_qpu_v113/samples/4jsz_Kdist7.0_Kmono7.0/psweep113_r5_20260328_171213/4jsz_ligand_report.csv,./penalty_sweep_qpu_v113/samples/4jsz_Kdist7.0_Kmono7.0/psweep113_r5_20260328_171213/4jsz_ligand_samples.json,./penalty_sweep_qpu_v113/samples/4jsz_Kdist7.0_Kmono7.0/psweep113_r5_20260328_171213/result.json
4jsz,4jsz_Kdist7.0_Kmono8.0,psweep113_r5_20260328_171213,7.0,8.0,ok,1.8444754979796854,1000,1000,1000,4,0.004,1.0,0.004,0.2127636,0.17816,Advantage2_system1.13,2477,26,./penalty_sweep_qpu_v113/samples/4jsz_Kdist7.0_Kmono8.0/psweep113_r5_20260328_171213/4jsz_ligand_report.csv,./penalty_sweep_qpu_v113/samples/4jsz_Kdist7.0_Kmono8.0/psweep113_r5_20260328_171213/4jsz_ligand_samples.json,./penalty_sweep_qpu_v113/samples/4jsz_Kdist7.0_Kmono8.0/psweep113_r5_20260328_171213/result.json
4jsz,4jsz_Kdist7.0_Kmono9.0,psweep113_r5_20260328_171213,7.0,9.0,ok,2.113204676249092,1000,1000,1000,0,0.0,1.0,0.0,0.21826679999999998,0.18366,Advantage2_system1.13,2902,31,./penalty_sweep_qpu_v113/samples/4jsz_Kdist7.0_Kmono9.0/psweep113_r5_20260328_171213/4jsz_ligand_report.csv,./penalty_sweep_qpu_v113/samples/4jsz_Kdist7.0_Kmono9.0/psweep113_r5_20260328_171213/4jsz_ligand_samples.json,./penalty_sweep_qpu_v113/samples/4jsz_Kdist7.0_Kmono9.0/psweep113_r5_20260328_171213/result.json
4jsz,4jsz_Kdist7.0_Kmono10.0,psweep113_r5_20260328_171213,7.0,10.0,ok,3.359340860268421,1000,1000,1000,0,0.0,1.0,0.0,0.2181412,0.18352,Advantage2_system1.13,3075,34,./penalty_sweep_qpu_v113/samples/4jsz_Kdist7.0_Kmono10.0/psweep113_r5_20260328_171213/4jsz_ligand_report.csv,./penalty_sweep_qpu_v113/samples/4jsz_Kdist7.0_Kmono10.0/psweep113_r5_20260328_171213/4jsz_ligand_samples.json,./penalty_sweep_qpu_v113/samples/4jsz_Kdist7.0_Kmono10.0/psweep113_r5_20260328_171213/result.json
4jsz,4jsz_Kdist7.0_Kmono11.0,psweep113_r5_20260328_171213,7.0,11.0,ok,3.170540349526238,1000,1000,1000,0,0.0,1.0,0.0,0.21571520000000002,0.1811,Advantage2_system1.13,2749,31,./penalty_sweep_qpu_v113/samples/4jsz_Kdist7.0_Kmono11.0/psweep113_r5_20260328_171213/4jsz_ligand_report.csv,./penalty_sweep_qpu_v113/samples/4jsz_Kdist7.0_Kmono11.0/psweep113_r5_20260328_171213/4jsz_ligand_samples.json,./penalty_sweep_qpu_v113/samples/4jsz_Kdist7.0_Kmono11.0/psweep113_r5_20260328_171213/result.json
4jsz,4jsz_Kdist7.0_Kmono12.0,psweep113_r5_20260328_171213,7.0,12.0,ok,2.8380962354023005,1000,1000,1000,0,0.0,1.0,0.0,0.21053439999999998,0.17592,Advantage2_system1.13,2610,27,./penalty_sweep_qpu_v113/samples/4jsz_Kdist7.0_Kmono12.0/psweep113_r5_20260328_171213/4jsz_ligand_report.csv,./penalty_sweep_qpu_v113/samples/4jsz_Kdist7.0_Kmono12.0/psweep113_r5_20260328_171213/4jsz_ligand_samples.json,./penalty_sweep_qpu_v113/samples/4jsz_Kdist7.0_Kmono12.0/psweep113_r5_20260328_171213/result.json
4jsz,4jsz_Kdist7.0_Kmono13.0,psweep113_r5_20260328_171213,7.0,13.0,ok,0.9027789107161615,1000,1000,1000,70,0.07,1.0,0.07,0.211812,0.1772,Advantage2_system1.13,2657,28,./penalty_sweep_qpu_v113/samples/4jsz_Kdist7.0_Kmono13.0/psweep113_r5_20260328_171213/4jsz_ligand_report.csv,./penalty_sweep_qpu_v113/samples/4jsz_Kdist7.0_Kmono13.0/psweep113_r5_20260328_171213/4jsz_ligand_samples.json,./penalty_sweep_qpu_v113/samples/4jsz_Kdist7.0_Kmono13.0/psweep113_r5_20260328_171213/result.json
4jsz,4jsz_Kdist7.0_Kmono14.0,psweep113_r5_20260328_171213,7.0,14.0,ok,2.199676980567586,1000,1000,1000,0,0.0,1.0,0.0,0.21723720000000002,0.18262,Advantage2_system1.13,2985,33,./penalty_sweep_qpu_v113/samples/4jsz_Kdist7.0_Kmono14.0/psweep113_r5_20260328_171213/4jsz_ligand_report.csv,./penalty_sweep_qpu_v113/samples/4jsz_Kdist7.0_Kmono14.0/psweep113_r5_20260328_171213/4jsz_ligand_samples.json,./penalty_sweep_qpu_v113/samples/4jsz_Kdist7.0_Kmono14.0/psweep113_r5_20260328_171213/result.json
4jsz,4jsz_Kdist7.0_Kmono15.0,psweep113_r5_20260328_171213,7.0,15.0,ok,1.6123640584764674,1000,1000,1000,11,0.011,1.0,0.011,0.21149320000000002,0.17688,Advantage2_system1.13,2605,29,./penalty_sweep_qpu_v113/samples/4jsz_Kdist7.0_Kmono15.0/psweep113_r5_20260328_171213/4jsz_ligand_report.csv,./penalty_sweep_qpu_v113/samples/4jsz_Kdist7.0_Kmono15.0/psweep113_r5_20260328_171213/4jsz_ligand_samples.json,./penalty_sweep_qpu_v113/samples/4jsz_Kdist7.0_Kmono15.0/psweep113_r5_20260328_171213/result.json
4jsz,4jsz_Kdist7.0_Kmono16.0,psweep113_r5_20260328_171213,7.0,16.0,ok,1.7563150483494334,1000,1000,1000,2,0.002,1.0,0.002,0.2173412,0.18274,Advantage2_system1.13,2447,26,./penalty_sweep_qpu_v113/samples/4jsz_Kdist7.0_Kmono16.0/psweep113_r5_20260328_171213/4jsz_ligand_report.csv,./penalty_sweep_qpu_v113/samples/4jsz_Kdist7.0_Kmono16.0/psweep113_r5_20260328_171213/4jsz_ligand_samples.json,./penalty_sweep_qpu_v113/samples/4jsz_Kdist7.0_Kmono16.0/psweep113_r5_20260328_171213/result.json
4jsz,4jsz_Kdist7.0_Kmono17.0,psweep113_r5_20260328_171213,7.0,17.0,ok,2.5872998035684303,1000,1000,1000,0,0.0,1.0,0.0,0.2183892,0.18378,Advantage2_system1.13,2753,28,./penalty_sweep_qpu_v113/samples/4jsz_Kdist7.0_Kmono17.0/psweep113_r5_20260328_171213/4jsz_ligand_report.csv,./penalty_sweep_qpu_v113/samples/4jsz_Kdist7.0_Kmono17.0/psweep113_r5_20260328_171213/4jsz_ligand_samples.json,./penalty_sweep_qpu_v113/samples/4jsz_Kdist7.0_Kmono17.0/psweep113_r5_20260328_171213/result.json
4jsz,4jsz_Kdist7.0_Kmono18.0,psweep113_r5_20260328_171213,7.0,18.0,ok,1.6496874119295164,1000,1000,1000,21,0.021,1.0,0.021,0.2139436,0.17934,Advantage2_system1.13,2483,26,./penalty_sweep_qpu_v113/samples/4jsz_Kdist7.0_Kmono18.0/psweep113_r5_20260328_171213/4jsz_ligand_report.csv,./penalty_sweep_qpu_v113/samples/4jsz_Kdist7.0_Kmono18.0/psweep113_r5_20260328_171213/4jsz_ligand_samples.json,./penalty_sweep_qpu_v113/samples/4jsz_Kdist7.0_Kmono18.0/psweep113_r5_20260328_171213/result.json
4jsz,4jsz_Kdist7.0_Kmono19.0,psweep113_r5_20260328_171213,7.0,19.0,ok,1.3006186027684754,1000,1000,1000,363,0.363,1.0,0.363,0.211908,0.1773,Advantage2_system1.13,2482,26,./penalty_sweep_qpu_v113/samples/4jsz_Kdist7.0_Kmono19.0/psweep113_r5_20260328_171213/4jsz_ligand_report.csv,./penalty_sweep_qpu_v113/samples/4jsz_Kdist7.0_Kmono19.0/psweep113_r5_20260328_171213/4jsz_ligand_samples.json,./penalty_sweep_qpu_v113/samples/4jsz_Kdist7.0_Kmono19.0/psweep113_r5_20260328_171213/result.json
4jsz,4jsz_Kdist7.0_Kmono20.0,psweep113_r5_20260328_171213,7.0,20.0,ok,2.199934272033844,1000,1000,1000,0,0.0,1.0,0.0,0.2143432,0.17974,Advantage2_system1.13,2537,27,./penalty_sweep_qpu_v113/samples/4jsz_Kdist7.0_Kmono20.0/psweep113_r5_20260328_171213/4jsz_ligand_report.csv,./penalty_sweep_qpu_v113/samples/4jsz_Kdist7.0_Kmono20.0/psweep113_r5_20260328_171213/4jsz_ligand_samples.json,./penalty_sweep_qpu_v113/samples/4jsz_Kdist7.0_Kmono20.0/psweep113_r5_20260328_171213/result.json
4jsz,4jsz_Kdist7.5_Kmono1.0,psweep113_r5_20260328_171213,7.5,1.0,ok,1.177752824585181,1000,1000,1000,355,0.355,1.0,0.355,0.210804,0.1762,Advantage2_system1.13,2548,28,./penalty_sweep_qpu_v113/samples/4jsz_Kdist7.5_Kmono1.0/psweep113_r5_20260328_171213/4jsz_ligand_report.csv,./penalty_sweep_qpu_v113/samples/4jsz_Kdist7.5_Kmono1.0/psweep113_r5_20260328_171213/4jsz_ligand_samples.json,./penalty_sweep_qpu_v113/samples/4jsz_Kdist7.5_Kmono1.0/psweep113_r5_20260328_171213/result.json
4jsz,4jsz_Kdist7.5_Kmono2.0,psweep113_r5_20260328_171213,7.5,2.0,ok,1.915461390513202,1000,1000,1000,3,0.003,1.0,0.003,0.2145904,0.17998,Advantage2_system1.13,3145,34,./penalty_sweep_qpu_v113/samples/4jsz_Kdist7.5_Kmono2.0/psweep113_r5_20260328_171213/4jsz_ligand_report.csv,./penalty_sweep_qpu_v113/samples/4jsz_Kdist7.5_Kmono2.0/psweep113_r5_20260328_171213/4jsz_ligand_samples.json,./penalty_sweep_qpu_v113/samples/4jsz_Kdist7.5_Kmono2.0/psweep113_r5_20260328_171213/result.json
4jsz,4jsz_Kdist7.5_Kmono3.0,psweep113_r5_20260328_171213,7.5,3.0,ok,1.8481190015842432,1000,1000,1000,1,0.001,1.0,0.001,0.2064048,0.1718,Advantage2_system1.13,2586,28,./penalty_sweep_qpu_v113/samples/4jsz_Kdist7.5_Kmono3.0/psweep113_r5_20260328_171213/4jsz_ligand_report.csv,./penalty_sweep_qpu_v113/samples/4jsz_Kdist7.5_Kmono3.0/psweep113_r5_20260328_171213/4jsz_ligand_samples.json,./penalty_sweep_qpu_v113/samples/4jsz_Kdist7.5_Kmono3.0/psweep113_r5_20260328_171213/result.json
4jsz,4jsz_Kdist7.5_Kmono4.0,psweep113_r5_20260328_171213,7.5,4.0,ok,2.1482738629433324,1000,1000,1000,0,0.0,1.0,0.0,0.21305120000000002,0.17844,Advantage2_system1.13,2602,26,./penalty_sweep_qpu_v113/samples/4jsz_Kdist7.5_Kmono4.0/psweep113_r5_20260328_171213/4jsz_ligand_report.csv,./penalty_sweep_qpu_v113/samples/4jsz_Kdist7.5_Kmono4.0/psweep113_r5_20260328_171213/4jsz_ligand_samples.json,./penalty_sweep_qpu_v113/samples/4jsz_Kdist7.5_Kmono4.0/psweep113_r5_20260328_171213/result.json
4jsz,4jsz_Kdist7.5_Kmono5.0,psweep113_r5_20260328_171213,7.5,5.0,ok,1.0880398345897075,1000,1000,1000,154,0.154,1.0,0.154,0.2140288,0.17942,Advantage2_system1.13,2650,29,./penalty_sweep_qpu_v113/samples/4jsz_Kdist7.5_Kmono5.0/psweep113_r5_20260328_171213/4jsz_ligand_report.csv,./penalty_sweep_qpu_v113/samples/4jsz_Kdist7.5_Kmono5.0/psweep113_r5_20260328_171213/4jsz_ligand_samples.json,./penalty_sweep_qpu_v113/samples/4jsz_Kdist7.5_Kmono5.0/psweep113_r5_20260328_171213/result.json
4jsz,4jsz_Kdist7.5_Kmono6.0,psweep113_r5_20260328_171213,7.5,6.0,ok,1.2655485954793022,1000,1000,1000,17,0.017,1.0,0.017,0.2122244,0.17762,Advantage2_system1.13,2596,29,./penalty_sweep_qpu_v113/samples/4jsz_Kdist7.5_Kmono6.0/psweep113_r5_20260328_171213/4jsz_ligand_report.csv,./penalty_sweep_qpu_v113/samples/4jsz_Kdist7.5_Kmono6.0/psweep113_r5_20260328_171213/4jsz_ligand_samples.json,./penalty_sweep_qpu_v113/samples/4jsz_Kdist7.5_Kmono6.0/psweep113_r5_20260328_171213/result.json
4jsz,4jsz_Kdist7.5_Kmono7.0,psweep113_r5_20260328_171213,7.5,7.0,ok,3.1174873717853986,1000,1000,1000,0,0.0,1.0,0.0,0.2154988,0.18088,Advantage2_system1.13,2801,29,./penalty_sweep_qpu_v113/samples/4jsz_Kdist7.5_Kmono7.0/psweep113_r5_20260328_171213/4jsz_ligand_report.csv,./penalty_sweep_qpu_v113/samples/4jsz_Kdist7.5_Kmono7.0/psweep113_r5_20260328_171213/4jsz_ligand_samples.json,./penalty_sweep_qpu_v113/samples/4jsz_Kdist7.5_Kmono7.0/psweep113_r5_20260328_171213/result.json
4jsz,4jsz_Kdist7.5_Kmono8.0,psweep113_r5_20260328_171213,7.5,8.0,ok,2.302094768159253,1000,1000,1000,0,0.0,1.0,0.0,0.21698679999999998,0.18238,Advantage2_system1.13,2344,24,./penalty_sweep_qpu_v113/samples/4jsz_Kdist7.5_Kmono8.0/psweep113_r5_20260328_171213/4jsz_ligand_report.csv,./penalty_sweep_qpu_v113/samples/4jsz_Kdist7.5_Kmono8.0/psweep113_r5_20260328_171213/4jsz_ligand_samples.json,./penalty_sweep_qpu_v113/samples/4jsz_Kdist7.5_Kmono8.0/psweep113_r5_20260328_171213/result.json
4jsz,4jsz_Kdist7.5_Kmono9.0,psweep113_r5_20260328_171213,7.5,9.0,ok,0.7878705314476798,1000,1000,1000,220,0.22,1.0,0.22,0.2097648,0.17516,Advantage2_system1.13,2451,25,./penalty_sweep_qpu_v113/samples/4jsz_Kdist7.5_Kmono9.0/psweep113_r5_20260328_171213/4jsz_ligand_report.csv,./penalty_sweep_qpu_v113/samples/4jsz_Kdist7.5_Kmono9.0/psweep113_r5_20260328_171213/4jsz_ligand_samples.json,./penalty_sweep_qpu_v113/samples/4jsz_Kdist7.5_Kmono9.0/psweep113_r5_20260328_171213/result.json
4jsz,4jsz_Kdist7.5_Kmono10.0,psweep113_r5_20260328_171213,7.5,10.0,ok,1.8343727158097396,1000,1000,1000,11,0.011,1.0,0.011,0.210732,0.17612,Advantage2_system1.13,2245,23,./penalty_sweep_qpu_v113/samples/4jsz_Kdist7.5_Kmono10.0/psweep113_r5_20260328_171213/4jsz_ligand_report.csv,./penalty_sweep_qpu_v113/samples/4jsz_Kdist7.5_Kmono10.0/psweep113_r5_20260328_171213/4jsz_ligand_samples.json,./penalty_sweep_qpu_v113/samples/4jsz_Kdist7.5_Kmono10.0/psweep113_r5_20260328_171213/result.json
4jsz,4jsz_Kdist7.5_Kmono11.0,psweep113_r5_20260328_171213,7.5,11.0,ok,1.2407403369548795,1000,1000,1000,81,0.081,1.0,0.081,0.212054,0.17744,Advantage2_system1.13,2551,28,./penalty_sweep_qpu_v113/samples/4jsz_Kdist7.5_Kmono11.0/psweep113_r5_20260328_171213/4jsz_ligand_report.csv,./penalty_sweep_qpu_v113/samples/4jsz_Kdist7.5_Kmono11.0/psweep113_r5_20260328_171213/4jsz_ligand_samples.json,./penalty_sweep_qpu_v113/samples/4jsz_Kdist7.5_Kmono11.0/psweep113_r5_20260328_171213/result.json
4jsz,4jsz_Kdist7.5_Kmono12.0,psweep113_r5_20260328_171213,7.5,12.0,ok,1.4219569497997833,1000,1000,1000,8,0.008,1.0,0.008,0.2141656,0.17956,Advantage2_system1.13,2607,29,./penalty_sweep_qpu_v113/samples/4jsz_Kdist7.5_Kmono12.0/psweep113_r5_20260328_171213/4jsz_ligand_report.csv,./penalty_sweep_qpu_v113/samples/4jsz_Kdist7.5_Kmono12.0/psweep113_r5_20260328_171213/4jsz_ligand_samples.json,./penalty_sweep_qpu_v113/samples/4jsz_Kdist7.5_Kmono12.0/psweep113_r5_20260328_171213/result.json
4jsz,4jsz_Kdist7.5_Kmono13.0,psweep113_r5_20260328_171213,7.5,13.0,ok,0.8903144082387108,1000,1000,1000,64,0.064,1.0,0.064,0.21202,0.17742,Advantage2_system1.13,2523,28,./penalty_sweep_qpu_v113/samples/4jsz_Kdist7.5_Kmono13.0/psweep113_r5_20260328_171213/4jsz_ligand_report.csv,./penalty_sweep_qpu_v113/samples/4jsz_Kdist7.5_Kmono13.0/psweep113_r5_20260328_171213/4jsz_ligand_samples.json,./penalty_sweep_qpu_v113/samples/4jsz_Kdist7.5_Kmono13.0/psweep113_r5_20260328_171213/result.json
4jsz,4jsz_Kdist7.5_Kmono14.0,psweep113_r5_20260328_171213,7.5,14.0,ok,2.741122222995829,1000,1000,1000,0,0.0,1.0,0.0,0.2183828,0.18378,Advantage2_system1.13,2752,31,./penalty_sweep_qpu_v113/samples/4jsz_Kdist7.5_Kmono14.0/psweep113_r5_20260328_171213/4jsz_ligand_report.csv,./penalty_sweep_qpu_v113/samples/4jsz_Kdist7.5_Kmono14.0/psweep113_r5_20260328_171213/4jsz_ligand_samples.json,./penalty_sweep_qpu_v113/samples/4jsz_Kdist7.5_Kmono14.0/psweep113_r5_20260328_171213/result.json
4jsz,4jsz_Kdist7.5_Kmono15.0,psweep113_r5_20260328_171213,7.5,15.0,ok,2.30117929269491,1000,1000,1000,0,0.0,1.0,0.0,0.210476,0.17588,Advantage2_system1.13,2597,28,./penalty_sweep_qpu_v113/samples/4jsz_Kdist7.5_Kmono15.0/psweep113_r5_20260328_171213/4jsz_ligand_report.csv,./penalty_sweep_qpu_v113/samples/4jsz_Kdist7.5_Kmono15.0/psweep113_r5_20260328_171213/4jsz_ligand_samples.json,./penalty_sweep_qpu_v113/samples/4jsz_Kdist7.5_Kmono15.0/psweep113_r5_20260328_171213/result.json
4jsz,4jsz_Kdist7.5_Kmono16.0,psweep113_r5_20260328_171213,7.5,16.0,ok,1.7099025634045106,1000,1000,1000,9,0.009,1.0,0.009,0.2194056,0.1848,Advantage2_system1.13,2411,25,./penalty_sweep_qpu_v113/samples/4jsz_Kdist7.5_Kmono16.0/psweep113_r5_20260328_171213/4jsz_ligand_report.csv,./penalty_sweep_qpu_v113/samples/4jsz_Kdist7.5_Kmono16.0/psweep113_r5_20260328_171213/4jsz_ligand_samples.json,./penalty_sweep_qpu_v113/samples/4jsz_Kdist7.5_Kmono16.0/psweep113_r5_20260328_171213/result.json
4jsz,4jsz_Kdist7.5_Kmono17.0,psweep113_r5_20260328_171213,7.5,17.0,ok,1.1631234532472263,1000,1000,1000,10,0.01,1.0,0.01,0.2158524,0.18124,Advantage2_system1.13,2596,28,./penalty_sweep_qpu_v113/samples/4jsz_Kdist7.5_Kmono17.0/psweep113_r5_20260328_171213/4jsz_ligand_report.csv,./penalty_sweep_qpu_v113/samples/4jsz_Kdist7.5_Kmono17.0/psweep113_r5_20260328_171213/4jsz_ligand_samples.json,./penalty_sweep_qpu_v113/samples/4jsz_Kdist7.5_Kmono17.0/psweep113_r5_20260328_171213/result.json
4jsz,4jsz_Kdist7.5_Kmono18.0,psweep113_r5_20260328_171213,7.5,18.0,ok,1.381412067208943,1000,1000,1000,49,0.049,1.0,0.049,0.2181224,0.18352,Advantage2_system1.13,2787,30,./penalty_sweep_qpu_v113/samples/4jsz_Kdist7.5_Kmono18.0/psweep113_r5_20260328_171213/4jsz_ligand_report.csv,./penalty_sweep_qpu_v113/samples/4jsz_Kdist7.5_Kmono18.0/psweep113_r5_20260328_171213/4jsz_ligand_samples.json,./penalty_sweep_qpu_v113/samples/4jsz_Kdist7.5_Kmono18.0/psweep113_r5_20260328_171213/result.json
4jsz,4jsz_Kdist7.5_Kmono19.0,psweep113_r5_20260328_171213,7.5,19.0,ok,3.6410859940397153,1000,1000,1000,0,0.0,1.0,0.0,0.2082068,0.1736,Advantage2_system1.13,2752,29,./penalty_sweep_qpu_v113/samples/4jsz_Kdist7.5_Kmono19.0/psweep113_r5_20260328_171213/4jsz_ligand_report.csv,./penalty_sweep_qpu_v113/samples/4jsz_Kdist7.5_Kmono19.0/psweep113_r5_20260328_171213/4jsz_ligand_samples.json,./penalty_sweep_qpu_v113/samples/4jsz_Kdist7.5_Kmono19.0/psweep113_r5_20260328_171213/result.json
4jsz,4jsz_Kdist7.5_Kmono20.0,psweep113_r5_20260328_171213,7.5,20.0,ok,1.6858409551988718,1000,1000,1000,6,0.006,1.0,0.006,0.210224,0.17562,Advantage2_system1.13,2477,27,./penalty_sweep_qpu_v113/samples/4jsz_Kdist7.5_Kmono20.0/psweep113_r5_20260328_171213/4jsz_ligand_report.csv,./penalty_sweep_qpu_v113/samples/4jsz_Kdist7.5_Kmono20.0/psweep113_r5_20260328_171213/4jsz_ligand_samples.json,./penalty_sweep_qpu_v113/samples/4jsz_Kdist7.5_Kmono20.0/psweep113_r5_20260328_171213/result.json
4jsz,4jsz_Kdist8.0_Kmono1.0,psweep113_r5_20260328_171213,8.0,1.0,ok,1.3190324618542641,1000,1000,1000,10,0.01,1.0,0.01,0.21635120000000002,0.18174,Advantage2_system1.13,2929,34,./penalty_sweep_qpu_v113/samples/4jsz_Kdist8.0_Kmono1.0/psweep113_r5_20260328_171213/4jsz_ligand_report.csv,./penalty_sweep_qpu_v113/samples/4jsz_Kdist8.0_Kmono1.0/psweep113_r5_20260328_171213/4jsz_ligand_samples.json,./penalty_sweep_qpu_v113/samples/4jsz_Kdist8.0_Kmono1.0/psweep113_r5_20260328_171213/result.json
4jsz,4jsz_Kdist8.0_Kmono2.0,psweep113_r5_20260328_171213,8.0,2.0,ok,1.9534442688553215,1000,1000,1000,2,0.002,1.0,0.002,0.2138028,0.1792,Advantage2_system1.13,2419,27,./penalty_sweep_qpu_v113/samples/4jsz_Kdist8.0_Kmono2.0/psweep113_r5_20260328_171213/4jsz_ligand_report.csv,./penalty_sweep_qpu_v113/samples/4jsz_Kdist8.0_Kmono2.0/psweep113_r5_20260328_171213/4jsz_ligand_samples.json,./penalty_sweep_qpu_v113/samples/4jsz_Kdist8.0_Kmono2.0/psweep113_r5_20260328_171213/result.json
4jsz,4jsz_Kdist8.0_Kmono3.0,psweep113_r5_20260328_171213,8.0,3.0,ok,2.525575116901829,1000,1000,1000,0,0.0,1.0,0.0,0.2121712,0.17756,Advantage2_system1.13,2432,26,./penalty_sweep_qpu_v113/samples/4jsz_Kdist8.0_Kmono3.0/psweep113_r5_20260328_171213/4jsz_ligand_report.csv,./penalty_sweep_qpu_v113/samples/4jsz_Kdist8.0_Kmono3.0/psweep113_r5_20260328_171213/4jsz_ligand_samples.json,./penalty_sweep_qpu_v113/samples/4jsz_Kdist8.0_Kmono3.0/psweep113_r5_20260328_171213/result.json
4jsz,4jsz_Kdist8.0_Kmono4.0,psweep113_r5_20260328_171213,8.0,4.0,ok,1.9287662196229627,1000,1000,1000,1,0.001,1.0,0.001,0.2155256,0.18092,Advantage2_system1.13,2606,30,./penalty_sweep_qpu_v113/samples/4jsz_Kdist8.0_Kmono4.0/psweep113_r5_20260328_171213/4jsz_ligand_report.csv,./penalty_sweep_qpu_v113/samples/4jsz_Kdist8.0_Kmono4.0/psweep113_r5_20260328_171213/4jsz_ligand_samples.json,./penalty_sweep_qpu_v113/samples/4jsz_Kdist8.0_Kmono4.0/psweep113_r5_20260328_171213/result.json
4jsz,4jsz_Kdist8.0_Kmono5.0,psweep113_r5_20260328_171213,8.0,5.0,ok,1.6079410875403448,1000,1000,1000,43,0.043,1.0,0.043,0.2172252,0.18262,Advantage2_system1.13,2479,27,./penalty_sweep_qpu_v113/samples/4jsz_Kdist8.0_Kmono5.0/psweep113_r5_20260328_171213/4jsz_ligand_report.csv,./penalty_sweep_qpu_v113/samples/4jsz_Kdist8.0_Kmono5.0/psweep113_r5_20260328_171213/4jsz_ligand_samples.json,./penalty_sweep_qpu_v113/samples/4jsz_Kdist8.0_Kmono5.0/psweep113_r5_20260328_171213/result.json
4jsz,4jsz_Kdist8.0_Kmono6.0,psweep113_r5_20260328_171213,8.0,6.0,ok,2.7399654255662247,1000,1000,1000,0,0.0,1.0,0.0,0.2074048,0.1728,Advantage2_system1.13,2724,31,./penalty_sweep_qpu_v113/samples/4jsz_Kdist8.0_Kmono6.0/psweep113_r5_20260328_171213/4jsz_ligand_report.csv,./penalty_sweep_qpu_v113/samples/4jsz_Kdist8.0_Kmono6.0/psweep113_r5_20260328_171213/4jsz_ligand_samples.json,./penalty_sweep_qpu_v113/samples/4jsz_Kdist8.0_Kmono6.0/psweep113_r5_20260328_171213/result.json
4jsz,4jsz_Kdist8.0_Kmono7.0,psweep113_r5_20260328_171213,8.0,7.0,ok,3.8373996449961734,1000,1000,1000,0,0.0,1.0,0.0,0.21252520000000003,0.17792,Advantage2_system1.13,2465,27,./penalty_sweep_qpu_v113/samples/4jsz_Kdist8.0_Kmono7.0/psweep113_r5_20260328_171213/4jsz_ligand_report.csv,./penalty_sweep_qpu_v113/samples/4jsz_Kdist8.0_Kmono7.0/psweep113_r5_20260328_171213/4jsz_ligand_samples.json,./penalty_sweep_qpu_v113/samples/4jsz_Kdist8.0_Kmono7.0/psweep113_r5_20260328_171213/result.json
4jsz,4jsz_Kdist8.0_Kmono8.0,psweep113_r5_20260328_171213,8.0,8.0,ok,1.7485769427774367,1000,1000,1000,1,0.001,1.0,0.001,0.20658079999999998,0.17198,Advantage2_system1.13,2624,28,./penalty_sweep_qpu_v113/samples/4jsz_Kdist8.0_Kmono8.0/psweep113_r5_20260328_171213/4jsz_ligand_report.csv,./penalty_sweep_qpu_v113/samples/4jsz_Kdist8.0_Kmono8.0/psweep113_r5_20260328_171213/4jsz_ligand_samples.json,./penalty_sweep_qpu_v113/samples/4jsz_Kdist8.0_Kmono8.0/psweep113_r5_20260328_171213/result.json
4jsz,4jsz_Kdist8.0_Kmono9.0,psweep113_r5_20260328_171213,8.0,9.0,ok,4.146943943575068,1000,1000,1000,0,0.0,1.0,0.0,0.2163524,0.18174,Advantage2_system1.13,2450,27,./penalty_sweep_qpu_v113/samples/4jsz_Kdist8.0_Kmono9.0/psweep113_r5_20260328_171213/4jsz_ligand_report.csv,./penalty_sweep_qpu_v113/samples/4jsz_Kdist8.0_Kmono9.0/psweep113_r5_20260328_171213/4jsz_ligand_samples.json,./penalty_sweep_qpu_v113/samples/4jsz_Kdist8.0_Kmono9.0/psweep113_r5_20260328_171213/result.json
4jsz,4jsz_Kdist8.0_Kmono10.0,psweep113_r5_20260328_171213,8.0,10.0,ok,1.8220492433922546,1000,1000,1000,2,0.002,1.0,0.002,0.2045392,0.16994,Advantage2_system1.13,2538,27,./penalty_sweep_qpu_v113/samples/4jsz_Kdist8.0_Kmono10.0/psweep113_r5_20260328_171213/4jsz_ligand_report.csv,./penalty_sweep_qpu_v113/samples/4jsz_Kdist8.0_Kmono10.0/psweep113_r5_20260328_171213/4jsz_ligand_samples.json,./penalty_sweep_qpu_v113/samples/4jsz_Kdist8.0_Kmono10.0/psweep113_r5_20260328_171213/result.json
4jsz,4jsz_Kdist8.0_Kmono11.0,psweep113_r5_20260328_171213,8.0,11.0,ok,1.0482684144230863,1000,1000,1000,65,0.065,1.0,0.065,0.216346,0.18174,Advantage2_system1.13,2638,31,./penalty_sweep_qpu_v113/samples/4jsz_Kdist8.0_Kmono11.0/psweep113_r5_20260328_171213/4jsz_ligand_report.csv,./penalty_sweep_qpu_v113/samples/4jsz_Kdist8.0_Kmono11.0/psweep113_r5_20260328_171213/4jsz_ligand_samples.json,./penalty_sweep_qpu_v113/samples/4jsz_Kdist8.0_Kmono11.0/psweep113_r5_20260328_171213/result.json
4jsz,4jsz_Kdist8.0_Kmono12.0,psweep113_r5_20260328_171213,8.0,12.0,ok,1.5728160619302312,1000,1000,1000,4,0.004,1.0,0.004,0.21367,0.17906,Advantage2_system1.13,2592,27,./penalty_sweep_qpu_v113/samples/4jsz_Kdist8.0_Kmono12.0/psweep113_r5_20260328_171213/4jsz_ligand_report.csv,./penalty_sweep_qpu_v113/samples/4jsz_Kdist8.0_Kmono12.0/psweep113_r5_20260328_171213/4jsz_ligand_samples.json,./penalty_sweep_qpu_v113/samples/4jsz_Kdist8.0_Kmono12.0/psweep113_r5_20260328_171213/result.json
4jsz,4jsz_Kdist8.0_Kmono13.0,psweep113_r5_20260328_171213,8.0,13.0,ok,1.9736060597854583,1000,1000,1000,1,0.001,1.0,0.001,0.2131648,0.17856,Advantage2_system1.13,2500,27,./penalty_sweep_qpu_v113/samples/4jsz_Kdist8.0_Kmono13.0/psweep113_r5_20260328_171213/4jsz_ligand_report.csv,./penalty_sweep_qpu_v113/samples/4jsz_Kdist8.0_Kmono13.0/psweep113_r5_20260328_171213/4jsz_ligand_samples.json,./penalty_sweep_qpu_v113/samples/4jsz_Kdist8.0_Kmono13.0/psweep113_r5_20260328_171213/result.json
4jsz,4jsz_Kdist8.0_Kmono14.0,psweep113_r5_20260328_171213,8.0,14.0,ok,1.4630647551857034,1000,1000,1000,20,0.02,1.0,0.02,0.2099484,0.17534,Advantage2_system1.13,2536,26,./penalty_sweep_qpu_v113/samples/4jsz_Kdist8.0_Kmono14.0/psweep113_r5_20260328_171213/4jsz_ligand_report.csv,./penalty_sweep_qpu_v113/samples/4jsz_Kdist8.0_Kmono14.0/psweep113_r5_20260328_171213/4jsz_ligand_samples.json,./penalty_sweep_qpu_v113/samples/4jsz_Kdist8.0_Kmono14.0/psweep113_r5_20260328_171213/result.json
4jsz,4jsz_Kdist8.0_Kmono15.0,psweep113_r5_20260328_171213,8.0,15.0,ok,1.128706603949397,1000,1000,1000,507,0.507,1.0,0.507,0.2094456,0.17484,Advantage2_system1.13,2578,30,./penalty_sweep_qpu_v113/samples/4jsz_Kdist8.0_Kmono15.0/psweep113_r5_20260328_171213/4jsz_ligand_report.csv,./penalty_sweep_qpu_v113/samples/4jsz_Kdist8.0_Kmono15.0/psweep113_r5_20260328_171213/4jsz_ligand_samples.json,./penalty_sweep_qpu_v113/samples/4jsz_Kdist8.0_Kmono15.0/psweep113_r5_20260328_171213/result.json
4jsz,4jsz_Kdist8.0_Kmono16.0,psweep113_r5_20260328_171213,8.0,16.0,ok,1.7343334396030343,1000,1000,1000,1,0.001,1.0,0.001,0.2085204,0.17392,Advantage2_system1.13,2810,31,./penalty_sweep_qpu_v113/samples/4jsz_Kdist8.0_Kmono16.0/psweep113_r5_20260328_171213/4jsz_ligand_report.csv,./penalty_sweep_qpu_v113/samples/4jsz_Kdist8.0_Kmono16.0/psweep113_r5_20260328_171213/4jsz_ligand_samples.json,./penalty_sweep_qpu_v113/samples/4jsz_Kdist8.0_Kmono16.0/psweep113_r5_20260328_171213/result.json
4jsz,4jsz_Kdist8.0_Kmono17.0,psweep113_r5_20260328_171213,8.0,17.0,ok,1.6384405922082055,1000,1000,1000,12,0.012,1.0,0.012,0.2183824,0.18378,Advantage2_system1.13,2555,27,./penalty_sweep_qpu_v113/samples/4jsz_Kdist8.0_Kmono17.0/psweep113_r5_20260328_171213/4jsz_ligand_report.csv,./penalty_sweep_qpu_v113/samples/4jsz_Kdist8.0_Kmono17.0/psweep113_r5_20260328_171213/4jsz_ligand_samples.json,./penalty_sweep_qpu_v113/samples/4jsz_Kdist8.0_Kmono17.0/psweep113_r5_20260328_171213/result.json
4jsz,4jsz_Kdist8.0_Kmono18.0,psweep113_r5_20260328_171213,8.0,18.0,ok,1.3314788839639278,1000,1000,1000,19,0.019,1.0,0.019,0.2102256,0.17562,Advantage2_system1.13,3019,34,./penalty_sweep_qpu_v113/samples/4jsz_Kdist8.0_Kmono18.0/psweep113_r5_20260328_171213/4jsz_ligand_report.csv,./penalty_sweep_qpu_v113/samples/4jsz_Kdist8.0_Kmono18.0/psweep113_r5_20260328_171213/4jsz_ligand_samples.json,./penalty_sweep_qpu_v113/samples/4jsz_Kdist8.0_Kmono18.0/psweep113_r5_20260328_171213/result.json
4jsz,4jsz_Kdist8.0_Kmono19.0,psweep113_r5_20260328_171213,8.0,19.0,ok,1.128672615205759,1000,1000,1000,43,0.043,1.0,0.043,0.20876920000000002,0.17416,Advantage2_system1.13,2412,26,./penalty_sweep_qpu_v113/samples/4jsz_Kdist8.0_Kmono19.0/psweep113_r5_20260328_171213/4jsz_ligand_report.csv,./penalty_sweep_qpu_v113/samples/4jsz_Kdist8.0_Kmono19.0/psweep113_r5_20260328_171213/4jsz_ligand_samples.json,./penalty_sweep_qpu_v113/samples/4jsz_Kdist8.0_Kmono19.0/psweep113_r5_20260328_171213/result.json
4jsz,4jsz_Kdist8.0_Kmono20.0,psweep113_r5_20260328_171213,8.0,20.0,ok,2.580705199086043,1000,1000,1000,0,0.0,1.0,0.0,0.2157164,0.1811,Advantage2_system1.13,2765,30,./penalty_sweep_qpu_v113/samples/4jsz_Kdist8.0_Kmono20.0/psweep113_r5_20260328_171213/4jsz_ligand_report.csv,./penalty_sweep_qpu_v113/samples/4jsz_Kdist8.0_Kmono20.0/psweep113_r5_20260328_171213/4jsz_ligand_samples.json,./penalty_sweep_qpu_v113/samples/4jsz_Kdist8.0_Kmono20.0/psweep113_r5_20260328_171213/result.json
4jsz,4jsz_Kdist8.5_Kmono1.0,psweep113_r5_20260328_171213,8.5,1.0,ok,2.7298407885121176,1000,1000,1000,0,0.0,1.0,0.0,0.2109904,0.17638,Advantage2_system1.13,2397,25,./penalty_sweep_qpu_v113/samples/4jsz_Kdist8.5_Kmono1.0/psweep113_r5_20260328_171213/4jsz_ligand_report.csv,./penalty_sweep_qpu_v113/samples/4jsz_Kdist8.5_Kmono1.0/psweep113_r5_20260328_171213/4jsz_ligand_samples.json,./penalty_sweep_qpu_v113/samples/4jsz_Kdist8.5_Kmono1.0/psweep113_r5_20260328_171213/result.json
4jsz,4jsz_Kdist8.5_Kmono2.0,psweep113_r5_20260328_171213,8.5,2.0,ok,3.1167827226520908,1000,1000,1000,0,0.0,1.0,0.0,0.2099884,0.17538,Advantage2_system1.13,2453,26,./penalty_sweep_qpu_v113/samples/4jsz_Kdist8.5_Kmono2.0/psweep113_r5_20260328_171213/4jsz_ligand_report.csv,./penalty_sweep_qpu_v113/samples/4jsz_Kdist8.5_Kmono2.0/psweep113_r5_20260328_171213/4jsz_ligand_samples.json,./penalty_sweep_qpu_v113/samples/4jsz_Kdist8.5_Kmono2.0/psweep113_r5_20260328_171213/result.json
4jsz,4jsz_Kdist8.5_Kmono3.0,psweep113_r5_20260328_171213,8.5,3.0,ok,2.089290967362311,1000,1000,1000,0,0.0,1.0,0.0,0.21217439999999999,0.17756,Advantage2_system1.13,2652,28,./penalty_sweep_qpu_v113/samples/4jsz_Kdist8.5_Kmono3.0/psweep113_r5_20260328_171213/4jsz_ligand_report.csv,./penalty_sweep_qpu_v113/samples/4jsz_Kdist8.5_Kmono3.0/psweep113_r5_20260328_171213/4jsz_ligand_samples.json,./penalty_sweep_qpu_v113/samples/4jsz_Kdist8.5_Kmono3.0/psweep113_r5_20260328_171213/result.json
4jsz,4jsz_Kdist8.5_Kmono4.0,psweep113_r5_20260328_171213,8.5,4.0,ok,4.489471594655634,1000,1000,1000,0,0.0,1.0,0.0,0.215206,0.1806,Advantage2_system1.13,2328,24,./penalty_sweep_qpu_v113/samples/4jsz_Kdist8.5_Kmono4.0/psweep113_r5_20260328_171213/4jsz_ligand_report.csv,./penalty_sweep_qpu_v113/samples/4jsz_Kdist8.5_Kmono4.0/psweep113_r5_20260328_171213/4jsz_ligand_samples.json,./penalty_sweep_qpu_v113/samples/4jsz_Kdist8.5_Kmono4.0/psweep113_r5_20260328_171213/result.json
4jsz,4jsz_Kdist8.5_Kmono5.0,psweep113_r5_20260328_171213,8.5,5.0,ok,1.6931204133038291,1000,1000,1000,51,0.051,1.0,0.051,0.2187768,0.18416,Advantage2_system1.13,2853,33,./penalty_sweep_qpu_v113/samples/4jsz_Kdist8.5_Kmono5.0/psweep113_r5_20260328_171213/4jsz_ligand_report.csv,./penalty_sweep_qpu_v113/samples/4jsz_Kdist8.5_Kmono5.0/psweep113_r5_20260328_171213/4jsz_ligand_samples.json,./penalty_sweep_qpu_v113/samples/4jsz_Kdist8.5_Kmono5.0/psweep113_r5_20260328_171213/result.json
4jsz,4jsz_Kdist8.5_Kmono6.0,psweep113_r5_20260328_171213,8.5,6.0,ok,1.795170785470147,1000,1000,1000,1,0.001,1.0,0.001,0.21152079999999998,0.17692,Advantage2_system1.13,2302,24,./penalty_sweep_qpu_v113/samples/4jsz_Kdist8.5_Kmono6.0/psweep113_r5_20260328_171213/4jsz_ligand_report.csv,./penalty_sweep_qpu_v113/samples/4jsz_Kdist8.5_Kmono6.0/psweep113_r5_20260328_171213/4jsz_ligand_samples.json,./penalty_sweep_qpu_v113/samples/4jsz_Kdist8.5_Kmono6.0/psweep113_r5_20260328_171213/result.json
4jsz,4jsz_Kdist8.5_Kmono7.0,psweep113_r5_20260328_171213,8.5,7.0,ok,1.8202001556801477,1000,1000,1000,1,0.001,1.0,0.001,0.215586,0.18098,Advantage2_system1.13,2376,26,./penalty_sweep_qpu_v113/samples/4jsz_Kdist8.5_Kmono7.0/psweep113_r5_20260328_171213/4jsz_ligand_report.csv,./penalty_sweep_qpu_v113/samples/4jsz_Kdist8.5_Kmono7.0/psweep113_r5_20260328_171213/4jsz_ligand_samples.json,./penalty_sweep_qpu_v113/samples/4jsz_Kdist8.5_Kmono7.0/psweep113_r5_20260328_171213/result.json
4jsz,4jsz_Kdist8.5_Kmono8.0,psweep113_r5_20260328_171213,8.5,8.0,ok,1.5179131344145074,1000,1000,1000,68,0.068,1.0,0.068,0.21127,0.17666,Advantage2_system1.13,2411,25,./penalty_sweep_qpu_v113/samples/4jsz_Kdist8.5_Kmono8.0/psweep113_r5_20260328_171213/4jsz_ligand_report.csv,./penalty_sweep_qpu_v113/samples/4jsz_Kdist8.5_Kmono8.0/psweep113_r5_20260328_171213/4jsz_ligand_samples.json,./penalty_sweep_qpu_v113/samples/4jsz_Kdist8.5_Kmono8.0/psweep113_r5_20260328_171213/result.json
4jsz,4jsz_Kdist8.5_Kmono9.0,psweep113_r5_20260328_171213,8.5,9.0,ok,4.022307502034183,1000,1000,1000,0,0.0,1.0,0.0,0.209168,0.17456,Advantage2_system1.13,2415,27,./penalty_sweep_qpu_v113/samples/4jsz_Kdist8.5_Kmono9.0/psweep113_r5_20260328_171213/4jsz_ligand_report.csv,./penalty_sweep_qpu_v113/samples/4jsz_Kdist8.5_Kmono9.0/psweep113_r5_20260328_171213/4jsz_ligand_samples.json,./penalty_sweep_qpu_v113/samples/4jsz_Kdist8.5_Kmono9.0/psweep113_r5_20260328_171213/result.json
4jsz,4jsz_Kdist8.5_Kmono10.0,psweep113_r5_20260328_171213,8.5,10.0,ok,1.164267217225247,1000,1000,1000,72,0.072,1.0,0.072,0.211672,0.17706,Advantage2_system1.13,2619,29,./penalty_sweep_qpu_v113/samples/4jsz_Kdist8.5_Kmono10.0/psweep113_r5_20260328_171213/4jsz_ligand_report.csv,./penalty_sweep_qpu_v113/samples/4jsz_Kdist8.5_Kmono10.0/psweep113_r5_20260328_171213/4jsz_ligand_samples.json,./penalty_sweep_qpu_v113/samples/4jsz_Kdist8.5_Kmono10.0/psweep113_r5_20260328_171213/result.json
4jsz,4jsz_Kdist8.5_Kmono11.0,psweep113_r5_20260328_171213,8.5,11.0,ok,2.6143115979323013,1000,1000,1000,0,0.0,1.0,0.0,0.2132156,0.1786,Advantage2_system1.13,2676,30,./penalty_sweep_qpu_v113/samples/4jsz_Kdist8.5_Kmono11.0/psweep113_r5_20260328_171213/4jsz_ligand_report.csv,./penalty_sweep_qpu_v113/samples/4jsz_Kdist8.5_Kmono11.0/psweep113_r5_20260328_171213/4jsz_ligand_samples.json,./penalty_sweep_qpu_v113/samples/4jsz_Kdist8.5_Kmono11.0/psweep113_r5_20260328_171213/result.json
4jsz,4jsz_Kdist8.5_Kmono12.0,psweep113_r5_20260328_171213,8.5,12.0,ok,2.380142740720905,1000,1000,1000,0,0.0,1.0,0.0,0.20540879999999997,0.1708,Advantage2_system1.13,2615,29,./penalty_sweep_qpu_v113/samples/4jsz_Kdist8.5_Kmono12.0/psweep113_r5_20260328_171213/4jsz_ligand_report.csv,./penalty_sweep_qpu_v113/samples/4jsz_Kdist8.5_Kmono12.0/psweep113_r5_20260328_171213/4jsz_ligand_samples.json,./penalty_sweep_qpu_v113/samples/4jsz_Kdist8.5_Kmono12.0/psweep113_r5_20260328_171213/result.json
4jsz,4jsz_Kdist8.5_Kmono13.0,psweep113_r5_20260328_171213,8.5,13.0,ok,1.3158497825111983,1000,1000,1000,28,0.028,1.0,0.028,0.21108760000000001,0.17648,Advantage2_system1.13,2647,28,./penalty_sweep_qpu_v113/samples/4jsz_Kdist8.5_Kmono13.0/psweep113_r5_20260328_171213/4jsz_ligand_report.csv,./penalty_sweep_qpu_v113/samples/4jsz_Kdist8.5_Kmono13.0/psweep113_r5_20260328_171213/4jsz_ligand_samples.json,./penalty_sweep_qpu_v113/samples/4jsz_Kdist8.5_Kmono13.0/psweep113_r5_20260328_171213/result.json
4jsz,4jsz_Kdist8.5_Kmono14.0,psweep113_r5_20260328_171213,8.5,14.0,ok,3.0508803627596905,1000,1000,1000,0,0.0,1.0,0.0,0.21862520000000002,0.18402,Advantage2_system1.13,2570,30,./penalty_sweep_qpu_v113/samples/4jsz_Kdist8.5_Kmono14.0/psweep113_r5_20260328_171213/4jsz_ligand_report.csv,./penalty_sweep_qpu_v113/samples/4jsz_Kdist8.5_Kmono14.0/psweep113_r5_20260328_171213/4jsz_ligand_samples.json,./penalty_sweep_qpu_v113/samples/4jsz_Kdist8.5_Kmono14.0/psweep113_r5_20260328_171213/result.json
4jsz,4jsz_Kdist8.5_Kmono15.0,psweep113_r5_20260328_171213,8.5,15.0,ok,2.034971494650655,1000,1000,1000,0,0.0,1.0,0.0,0.21495039999999999,0.18034,Advantage2_system1.13,2735,29,./penalty_sweep_qpu_v113/samples/4jsz_Kdist8.5_Kmono15.0/psweep113_r5_20260328_171213/4jsz_ligand_report.csv,./penalty_sweep_qpu_v113/samples/4jsz_Kdist8.5_Kmono15.0/psweep113_r5_20260328_171213/4jsz_ligand_samples.json,./penalty_sweep_qpu_v113/samples/4jsz_Kdist8.5_Kmono15.0/psweep113_r5_20260328_171213/result.json
4jsz,4jsz_Kdist8.5_Kmono16.0,psweep113_r5_20260328_171213,8.5,16.0,ok,1.4376221739526918,1000,1000,1000,44,0.044,1.0,0.044,0.2121252,0.17752,Advantage2_system1.13,2691,30,./penalty_sweep_qpu_v113/samples/4jsz_Kdist8.5_Kmono16.0/psweep113_r5_20260328_171213/4jsz_ligand_report.csv,./penalty_sweep_qpu_v113/samples/4jsz_Kdist8.5_Kmono16.0/psweep113_r5_20260328_171213/4jsz_ligand_samples.json,./penalty_sweep_qpu_v113/samples/4jsz_Kdist8.5_Kmono16.0/psweep113_r5_20260328_171213/result.json
4jsz,4jsz_Kdist8.5_Kmono17.0,psweep113_r5_20260328_171213,8.5,17.0,ok,2.858853957452567,1000,1000,1000,0,0.0,1.0,0.0,0.21241320000000002,0.1778,Advantage2_system1.13,2402,28,./penalty_sweep_qpu_v113/samples/4jsz_Kdist8.5_Kmono17.0/psweep113_r5_20260328_171213/4jsz_ligand_report.csv,./penalty_sweep_qpu_v113/samples/4jsz_Kdist8.5_Kmono17.0/psweep113_r5_20260328_171213/4jsz_ligand_samples.json,./penalty_sweep_qpu_v113/samples/4jsz_Kdist8.5_Kmono17.0/psweep113_r5_20260328_171213/result.json
4jsz,4jsz_Kdist8.5_Kmono18.0,psweep113_r5_20260328_171213,8.5,18.0,ok,4.011061568041674,1000,1000,1000,0,0.0,1.0,0.0,0.2104788,0.17588,Advantage2_system1.13,2441,27,./penalty_sweep_qpu_v113/samples/4jsz_Kdist8.5_Kmono18.0/psweep113_r5_20260328_171213/4jsz_ligand_report.csv,./penalty_sweep_qpu_v113/samples/4jsz_Kdist8.5_Kmono18.0/psweep113_r5_20260328_171213/4jsz_ligand_samples.json,./penalty_sweep_qpu_v113/samples/4jsz_Kdist8.5_Kmono18.0/psweep113_r5_20260328_171213/result.json
4jsz,4jsz_Kdist8.5_Kmono19.0,psweep113_r5_20260328_171213,8.5,19.0,ok,3.9172133182864055,1000,1000,1000,0,0.0,1.0,0.0,0.2140396,0.17944,Advantage2_system1.13,2419,26,./penalty_sweep_qpu_v113/samples/4jsz_Kdist8.5_Kmono19.0/psweep113_r5_20260328_171213/4jsz_ligand_report.csv,./penalty_sweep_qpu_v113/samples/4jsz_Kdist8.5_Kmono19.0/psweep113_r5_20260328_171213/4jsz_ligand_samples.json,./penalty_sweep_qpu_v113/samples/4jsz_Kdist8.5_Kmono19.0/psweep113_r5_20260328_171213/result.json
4jsz,4jsz_Kdist8.5_Kmono20.0,psweep113_r5_20260328_171213,8.5,20.0,ok,2.1967459969204186,1000,1000,1000,0,0.0,1.0,0.0,0.21421079999999998,0.1796,Advantage2_system1.13,2761,29,./penalty_sweep_qpu_v113/samples/4jsz_Kdist8.5_Kmono20.0/psweep113_r5_20260328_171213/4jsz_ligand_report.csv,./penalty_sweep_qpu_v113/samples/4jsz_Kdist8.5_Kmono20.0/psweep113_r5_20260328_171213/4jsz_ligand_samples.json,./penalty_sweep_qpu_v113/samples/4jsz_Kdist8.5_Kmono20.0/psweep113_r5_20260328_171213/result.json
4jsz,4jsz_Kdist9.0_Kmono1.0,psweep113_r5_20260328_171213,9.0,1.0,ok,1.2394581262333917,1000,1000,1000,2,0.002,1.0,0.002,0.211268,0.17666,Advantage2_system1.13,2443,26,./penalty_sweep_qpu_v113/samples/4jsz_Kdist9.0_Kmono1.0/psweep113_r5_20260328_171213/4jsz_ligand_report.csv,./penalty_sweep_qpu_v113/samples/4jsz_Kdist9.0_Kmono1.0/psweep113_r5_20260328_171213/4jsz_ligand_samples.json,./penalty_sweep_qpu_v113/samples/4jsz_Kdist9.0_Kmono1.0/psweep113_r5_20260328_171213/result.json
4jsz,4jsz_Kdist9.0_Kmono2.0,psweep113_r5_20260328_171213,9.0,2.0,ok,2.631178192418551,1000,1000,1000,0,0.0,1.0,0.0,0.2123816,0.17778,Advantage2_system1.13,2384,24,./penalty_sweep_qpu_v113/samples/4jsz_Kdist9.0_Kmono2.0/psweep113_r5_20260328_171213/4jsz_ligand_report.csv,./penalty_sweep_qpu_v113/samples/4jsz_Kdist9.0_Kmono2.0/psweep113_r5_20260328_171213/4jsz_ligand_samples.json,./penalty_sweep_qpu_v113/samples/4jsz_Kdist9.0_Kmono2.0/psweep113_r5_20260328_171213/result.json
4jsz,4jsz_Kdist9.0_Kmono3.0,psweep113_r5_20260328_171213,9.0,3.0,ok,3.005418591069077,1000,1000,1000,0,0.0,1.0,0.0,0.2150516,0.18044,Advantage2_system1.13,2544,28,./penalty_sweep_qpu_v113/samples/4jsz_Kdist9.0_Kmono3.0/psweep113_r5_20260328_171213/4jsz_ligand_report.csv,./penalty_sweep_qpu_v113/samples/4jsz_Kdist9.0_Kmono3.0/psweep113_r5_20260328_171213/4jsz_ligand_samples.json,./penalty_sweep_qpu_v113/samples/4jsz_Kdist9.0_Kmono3.0/psweep113_r5_20260328_171213/result.json
4jsz,4jsz_Kdist9.0_Kmono4.0,psweep113_r5_20260328_171213,9.0,4.0,ok,1.8229996093484533,1000,1000,1000,1,0.001,1.0,0.001,0.2177248,0.18312,Advantage2_system1.13,2606,29,./penalty_sweep_qpu_v113/samples/4jsz_Kdist9.0_Kmono4.0/psweep113_r5_20260328_171213/4jsz_ligand_report.csv,./penalty_sweep_qpu_v113/samples/4jsz_Kdist9.0_Kmono4.0/psweep113_r5_20260328_171213/4jsz_ligand_samples.json,./penalty_sweep_qpu_v113/samples/4jsz_Kdist9.0_Kmono4.0/psweep113_r5_20260328_171213/result.json
4jsz,4jsz_Kdist9.0_Kmono5.0,psweep113_r5_20260328_171213,9.0,5.0,ok,2.5204931855011927,1000,1000,1000,0,0.0,1.0,0.0,0.2182292,0.18362,Advantage2_system1.13,2461,26,./penalty_sweep_qpu_v113/samples/4jsz_Kdist9.0_Kmono5.0/psweep113_r5_20260328_171213/4jsz_ligand_report.csv,./penalty_sweep_qpu_v113/samples/4jsz_Kdist9.0_Kmono5.0/psweep113_r5_20260328_171213/4jsz_ligand_samples.json,./penalty_sweep_qpu_v113/samples/4jsz_Kdist9.0_Kmono5.0/psweep113_r5_20260328_171213/result.json
4jsz,4jsz_Kdist9.0_Kmono6.0,psweep113_r5_20260328_171213,9.0,6.0,ok,3.98182650530313,1000,1000,1000,0,0.0,1.0,0.0,0.2102068,0.1756,Advantage2_system1.13,2420,26,./penalty_sweep_qpu_v113/samples/4jsz_Kdist9.0_Kmono6.0/psweep113_r5_20260328_171213/4jsz_ligand_report.csv,./penalty_sweep_qpu_v113/samples/4jsz_Kdist9.0_Kmono6.0/psweep113_r5_20260328_171213/4jsz_ligand_samples.json,./penalty_sweep_qpu_v113/samples/4jsz_Kdist9.0_Kmono6.0/psweep113_r5_20260328_171213/result.json
4jsz,4jsz_Kdist9.0_Kmono7.0,psweep113_r5_20260328_171213,9.0,7.0,ok,2.9648829677513926,1000,1000,1000,0,0.0,1.0,0.0,0.210914,0.1763,Advantage2_system1.13,2479,25,./penalty_sweep_qpu_v113/samples/4jsz_Kdist9.0_Kmono7.0/psweep113_r5_20260328_171213/4jsz_ligand_report.csv,./penalty_sweep_qpu_v113/samples/4jsz_Kdist9.0_Kmono7.0/psweep113_r5_20260328_171213/4jsz_ligand_samples.json,./penalty_sweep_qpu_v113/samples/4jsz_Kdist9.0_Kmono7.0/psweep113_r5_20260328_171213/result.json
4jsz,4jsz_Kdist9.0_Kmono8.0,psweep113_r5_20260328_171213,9.0,8.0,ok,1.7868892625342248,1000,1000,1000,2,0.002,1.0,0.002,0.214806,0.1802,Advantage2_system1.13,2602,28,./penalty_sweep_qpu_v113/samples/4jsz_Kdist9.0_Kmono8.0/psweep113_r5_20260328_171213/4jsz_ligand_report.csv,./penalty_sweep_qpu_v113/samples/4jsz_Kdist9.0_Kmono8.0/psweep113_r5_20260328_171213/4jsz_ligand_samples.json,./penalty_sweep_qpu_v113/samples/4jsz_Kdist9.0_Kmono8.0/psweep113_r5_20260328_171213/result.json
4jsz,4jsz_Kdist9.0_Kmono9.0,psweep113_r5_20260328_171213,9.0,9.0,ok,1.0865570520202406,1000,1000,1000,851,0.851,1.0,0.851,0.2164504,0.18184,Advantage2_system1.13,2707,30,./penalty_sweep_qpu_v113/samples/4jsz_Kdist9.0_Kmono9.0/psweep113_r5_20260328_171213/4jsz_ligand_report.csv,./penalty_sweep_qpu_v113/samples/4jsz_Kdist9.0_Kmono9.0/psweep113_r5_20260328_171213/4jsz_ligand_samples.json,./penalty_sweep_qpu_v113/samples/4jsz_Kdist9.0_Kmono9.0/psweep113_r5_20260328_171213/result.json
4jsz,4jsz_Kdist9.0_Kmono10.0,psweep113_r5_20260328_171213,9.0,10.0,ok,1.394165190112378,1000,1000,1000,65,0.065,1.0,0.065,0.21367039999999998,0.17906,Advantage2_system1.13,2415,25,./penalty_sweep_qpu_v113/samples/4jsz_Kdist9.0_Kmono10.0/psweep113_r5_20260328_171213/4jsz_ligand_report.csv,./penalty_sweep_qpu_v113/samples/4jsz_Kdist9.0_Kmono10.0/psweep113_r5_20260328_171213/4jsz_ligand_samples.json,./penalty_sweep_qpu_v113/samples/4jsz_Kdist9.0_Kmono10.0/psweep113_r5_20260328_171213/result.json
4jsz,4jsz_Kdist9.0_Kmono11.0,psweep113_r5_20260328_171213,9.0,11.0,ok,1.549582236468314,1000,1000,1000,60,0.06,1.0,0.06,0.2090336,0.17442,Advantage2_system1.13,2415,25,./penalty_sweep_qpu_v113/samples/4jsz_Kdist9.0_Kmono11.0/psweep113_r5_20260328_171213/4jsz_ligand_report.csv,./penalty_sweep_qpu_v113/samples/4jsz_Kdist9.0_Kmono11.0/psweep113_r5_20260328_171213/4jsz_ligand_samples.json,./penalty_sweep_qpu_v113/samples/4jsz_Kdist9.0_Kmono11.0/psweep113_r5_20260328_171213/result.json
4jsz,4jsz_Kdist9.0_Kmono12.0,psweep113_r5_20260328_171213,9.0,12.0,ok,3.690347730256075,1000,1000,1000,0,0.0,1.0,0.0,0.2160828,0.18148,Advantage2_system1.13,2490,26,./penalty_sweep_qpu_v113/samples/4jsz_Kdist9.0_Kmono12.0/psweep113_r5_20260328_171213/4jsz_ligand_report.csv,./penalty_sweep_qpu_v113/samples/4jsz_Kdist9.0_Kmono12.0/psweep113_r5_20260328_171213/4jsz_ligand_samples.json,./penalty_sweep_qpu_v113/samples/4jsz_Kdist9.0_Kmono12.0/psweep113_r5_20260328_171213/result.json
4jsz,4jsz_Kdist9.0_Kmono13.0,psweep113_r5_20260328_171213,9.0,13.0,ok,3.6896371505459387,1000,1000,1000,0,0.0,1.0,0.0,0.213814,0.1792,Advantage2_system1.13,2558,27,./penalty_sweep_qpu_v113/samples/4jsz_Kdist9.0_Kmono13.0/psweep113_r5_20260328_171213/4jsz_ligand_report.csv,./penalty_sweep_qpu_v113/samples/4jsz_Kdist9.0_Kmono13.0/psweep113_r5_20260328_171213/4jsz_ligand_samples.json,./penalty_sweep_qpu_v113/samples/4jsz_Kdist9.0_Kmono13.0/psweep113_r5_20260328_171213/result.json
4jsz,4jsz_Kdist9.0_Kmono14.0,psweep113_r5_20260328_171213,9.0,14.0,ok,1.6671505870174261,1000,1000,1000,10,0.01,1.0,0.01,0.2150544,0.18044,Advantage2_system1.13,2578,27,./penalty_sweep_qpu_v113/samples/4jsz_Kdist9.0_Kmono14.0/psweep113_r5_20260328_171213/4jsz_ligand_report.csv,./penalty_sweep_qpu_v113/samples/4jsz_Kdist9.0_Kmono14.0/psweep113_r5_20260328_171213/4jsz_ligand_samples.json,./penalty_sweep_qpu_v113/samples/4jsz_Kdist9.0_Kmono14.0/psweep113_r5_20260328_171213/result.json
4jsz,4jsz_Kdist9.0_Kmono15.0,psweep113_r5_20260328_171213,9.0,15.0,ok,2.2775046857085424,1000,1000,1000,0,0.0,1.0,0.0,0.2170868,0.18248,Advantage2_system1.13,2676,29,./penalty_sweep_qpu_v113/samples/4jsz_Kdist9.0_Kmono15.0/psweep113_r5_20260328_171213/4jsz_ligand_report.csv,./penalty_sweep_qpu_v113/samples/4jsz_Kdist9.0_Kmono15.0/psweep113_r5_20260328_171213/4jsz_ligand_samples.json,./penalty_sweep_qpu_v113/samples/4jsz_Kdist9.0_Kmono15.0/psweep113_r5_20260328_171213/result.json
4jsz,4jsz_Kdist9.0_Kmono16.0,psweep113_r5_20260328_171213,9.0,16.0,ok,1.2616015230047233,1000,1000,1000,116,0.116,1.0,0.116,0.2129596,0.17834,Advantage2_system1.13,2653,29,./penalty_sweep_qpu_v113/samples/4jsz_Kdist9.0_Kmono16.0/psweep113_r5_20260328_171213/4jsz_ligand_report.csv,./penalty_sweep_qpu_v113/samples/4jsz_Kdist9.0_Kmono16.0/psweep113_r5_20260328_171213/4jsz_ligand_samples.json,./penalty_sweep_qpu_v113/samples/4jsz_Kdist9.0_Kmono16.0/psweep113_r5_20260328_171213/result.json
4jsz,4jsz_Kdist9.0_Kmono17.0,psweep113_r5_20260328_171213,9.0,17.0,ok,2.2645410441457083,1000,1000,1000,0,0.0,1.0,0.0,0.215548,0.18094,Advantage2_system1.13,2225,23,./penalty_sweep_qpu_v113/samples/4jsz_Kdist9.0_Kmono17.0/psweep113_r5_20260328_171213/4jsz_ligand_report.csv,./penalty_sweep_qpu_v113/samples/4jsz_Kdist9.0_Kmono17.0/psweep113_r5_20260328_171213/4jsz_ligand_samples.json,./penalty_sweep_qpu_v113/samples/4jsz_Kdist9.0_Kmono17.0/psweep113_r5_20260328_171213/result.json
4jsz,4jsz_Kdist9.0_Kmono18.0,psweep113_r5_20260328_171213,9.0,18.0,ok,2.6992606330410527,1000,1000,1000,0,0.0,1.0,0.0,0.2169508,0.18234,Advantage2_system1.13,2568,28,./penalty_sweep_qpu_v113/samples/4jsz_Kdist9.0_Kmono18.0/psweep113_r5_20260328_171213/4jsz_ligand_report.csv,./penalty_sweep_qpu_v113/samples/4jsz_Kdist9.0_Kmono18.0/psweep113_r5_20260328_171213/4jsz_ligand_samples.json,./penalty_sweep_qpu_v113/samples/4jsz_Kdist9.0_Kmono18.0/psweep113_r5_20260328_171213/result.json
4jsz,4jsz_Kdist9.0_Kmono19.0,psweep113_r5_20260328_171213,9.0,19.0,ok,4.080706564029603,1000,1000,1000,0,0.0,1.0,0.0,0.2144064,0.1798,Advantage2_system1.13,2666,29,./penalty_sweep_qpu_v113/samples/4jsz_Kdist9.0_Kmono19.0/psweep113_r5_20260328_171213/4jsz_ligand_report.csv,./penalty_sweep_qpu_v113/samples/4jsz_Kdist9.0_Kmono19.0/psweep113_r5_20260328_171213/4jsz_ligand_samples.json,./penalty_sweep_qpu_v113/samples/4jsz_Kdist9.0_Kmono19.0/psweep113_r5_20260328_171213/result.json
4jsz,4jsz_Kdist9.0_Kmono20.0,psweep113_r5_20260328_171213,9.0,20.0,ok,1.4270055978053868,1000,1000,1000,9,0.009,1.0,0.009,0.2118168,0.1772,Advantage2_system1.13,2504,26,./penalty_sweep_qpu_v113/samples/4jsz_Kdist9.0_Kmono20.0/psweep113_r5_20260328_171213/4jsz_ligand_report.csv,./penalty_sweep_qpu_v113/samples/4jsz_Kdist9.0_Kmono20.0/psweep113_r5_20260328_171213/4jsz_ligand_samples.json,./penalty_sweep_qpu_v113/samples/4jsz_Kdist9.0_Kmono20.0/psweep113_r5_20260328_171213/result.json
4jsz,4jsz_Kdist9.5_Kmono1.0,psweep113_r5_20260328_171213,9.5,1.0,ok,2.3690723568716576,1000,1000,1000,0,0.0,1.0,0.0,0.2124152,0.1778,Advantage2_system1.13,2481,27,./penalty_sweep_qpu_v113/samples/4jsz_Kdist9.5_Kmono1.0/psweep113_r5_20260328_171213/4jsz_ligand_report.csv,./penalty_sweep_qpu_v113/samples/4jsz_Kdist9.5_Kmono1.0/psweep113_r5_20260328_171213/4jsz_ligand_samples.json,./penalty_sweep_qpu_v113/samples/4jsz_Kdist9.5_Kmono1.0/psweep113_r5_20260328_171213/result.json
4jsz,4jsz_Kdist9.5_Kmono2.0,psweep113_r5_20260328_171213,9.5,2.0,ok,2.1295210983469386,1000,1000,1000,0,0.0,1.0,0.0,0.21834720000000002,0.18374,Advantage2_system1.13,2435,26,./penalty_sweep_qpu_v113/samples/4jsz_Kdist9.5_Kmono2.0/psweep113_r5_20260328_171213/4jsz_ligand_report.csv,./penalty_sweep_qpu_v113/samples/4jsz_Kdist9.5_Kmono2.0/psweep113_r5_20260328_171213/4jsz_ligand_samples.json,./penalty_sweep_qpu_v113/samples/4jsz_Kdist9.5_Kmono2.0/psweep113_r5_20260328_171213/result.json
4jsz,4jsz_Kdist9.5_Kmono3.0,psweep113_r5_20260328_171213,9.5,3.0,ok,3.142664842678808,1000,1000,1000,0,0.0,1.0,0.0,0.214452,0.17984,Advantage2_system1.13,2753,29,./penalty_sweep_qpu_v113/samples/4jsz_Kdist9.5_Kmono3.0/psweep113_r5_20260328_171213/4jsz_ligand_report.csv,./penalty_sweep_qpu_v113/samples/4jsz_Kdist9.5_Kmono3.0/psweep113_r5_20260328_171213/4jsz_ligand_samples.json,./penalty_sweep_qpu_v113/samples/4jsz_Kdist9.5_Kmono3.0/psweep113_r5_20260328_171213/result.json
4jsz,4jsz_Kdist9.5_Kmono4.0,psweep113_r5_20260328_171213,9.5,4.0,ok,2.669854707749325,1000,1000,1000,0,0.0,1.0,0.0,0.2171316,0.18252,Advantage2_system1.13,2862,31,./penalty_sweep_qpu_v113/samples/4jsz_Kdist9.5_Kmono4.0/psweep113_r5_20260328_171213/4jsz_ligand_report.csv,./penalty_sweep_qpu_v113/samples/4jsz_Kdist9.5_Kmono4.0/psweep113_r5_20260328_171213/4jsz_ligand_samples.json,./penalty_sweep_qpu_v113/samples/4jsz_Kdist9.5_Kmono4.0/psweep113_r5_20260328_171213/result.json
4jsz,4jsz_Kdist9.5_Kmono5.0,psweep113_r5_20260328_171213,9.5,5.0,ok,3.9368473416177396,1000,1000,1000,0,0.0,1.0,0.0,0.2162008,0.1816,Advantage2_system1.13,2330,26,./penalty_sweep_qpu_v113/samples/4jsz_Kdist9.5_Kmono5.0/psweep113_r5_20260328_171213/4jsz_ligand_report.csv,./penalty_sweep_qpu_v113/samples/4jsz_Kdist9.5_Kmono5.0/psweep113_r5_20260328_171213/4jsz_ligand_samples.json,./penalty_sweep_qpu_v113/samples/4jsz_Kdist9.5_Kmono5.0/psweep113_r5_20260328_171213/result.json
4jsz,4jsz_Kdist9.5_Kmono6.0,psweep113_r5_20260328_171213,9.5,6.0,ok,1.6505423407457707,1000,1000,1000,4,0.004,1.0,0.004,0.215272,0.18066,Advantage2_system1.13,2537,28,./penalty_sweep_qpu_v113/samples/4jsz_Kdist9.5_Kmono6.0/psweep113_r5_20260328_171213/4jsz_ligand_report.csv,./penalty_sweep_qpu_v113/samples/4jsz_Kdist9.5_Kmono6.0/psweep113_r5_20260328_171213/4jsz_ligand_samples.json,./penalty_sweep_qpu_v113/samples/4jsz_Kdist9.5_Kmono6.0/psweep113_r5_20260328_171213/result.json
4jsz,4jsz_Kdist9.5_Kmono7.0,psweep113_r5_20260328_171213,9.5,7.0,ok,2.0833251019296783,1000,1000,1000,0,0.0,1.0,0.0,0.21708560000000002,0.18248,Advantage2_system1.13,2547,27,./penalty_sweep_qpu_v113/samples/4jsz_Kdist9.5_Kmono7.0/psweep113_r5_20260328_171213/4jsz_ligand_report.csv,./penalty_sweep_qpu_v113/samples/4jsz_Kdist9.5_Kmono7.0/psweep113_r5_20260328_171213/4jsz_ligand_samples.json,./penalty_sweep_qpu_v113/samples/4jsz_Kdist9.5_Kmono7.0/psweep113_r5_20260328_171213/result.json
4jsz,4jsz_Kdist9.5_Kmono8.0,psweep113_r5_20260328_171213,9.5,8.0,ok,4.0783947124804305,1000,1000,1000,0,0.0,1.0,0.0,0.2107684,0.17616,Advantage2_system1.13,2436,26,./penalty_sweep_qpu_v113/samples/4jsz_Kdist9.5_Kmono8.0/psweep113_r5_20260328_171213/4jsz_ligand_report.csv,./penalty_sweep_qpu_v113/samples/4jsz_Kdist9.5_Kmono8.0/psweep113_r5_20260328_171213/4jsz_ligand_samples.json,./penalty_sweep_qpu_v113/samples/4jsz_Kdist9.5_Kmono8.0/psweep113_r5_20260328_171213/result.json
4jsz,4jsz_Kdist9.5_Kmono9.0,psweep113_r5_20260328_171213,9.5,9.0,ok,2.680721155808143,1000,1000,1000,0,0.0,1.0,0.0,0.217086,0.18248,Advantage2_system1.13,2744,30,./penalty_sweep_qpu_v113/samples/4jsz_Kdist9.5_Kmono9.0/psweep113_r5_20260328_171213/4jsz_ligand_report.csv,./penalty_sweep_qpu_v113/samples/4jsz_Kdist9.5_Kmono9.0/psweep113_r5_20260328_171213/4jsz_ligand_samples.json,./penalty_sweep_qpu_v113/samples/4jsz_Kdist9.5_Kmono9.0/psweep113_r5_20260328_171213/result.json
4jsz,4jsz_Kdist9.5_Kmono10.0,psweep113_r5_20260328_171213,9.5,10.0,ok,3.224661398201102,1000,1000,1000,0,0.0,1.0,0.0,0.2100332,0.17542,Advantage2_system1.13,2502,28,./penalty_sweep_qpu_v113/samples/4jsz_Kdist9.5_Kmono10.0/psweep113_r5_20260328_171213/4jsz_ligand_report.csv,./penalty_sweep_qpu_v113/samples/4jsz_Kdist9.5_Kmono10.0/psweep113_r5_20260328_171213/4jsz_ligand_samples.json,./penalty_sweep_qpu_v113/samples/4jsz_Kdist9.5_Kmono10.0/psweep113_r5_20260328_171213/result.json
4jsz,4jsz_Kdist9.5_Kmono11.0,psweep113_r5_20260328_171213,9.5,11.0,ok,2.87697256095079,1000,1000,1000,0,0.0,1.0,0.0,0.209482,0.17488,Advantage2_system1.13,2369,26,./penalty_sweep_qpu_v113/samples/4jsz_Kdist9.5_Kmono11.0/psweep113_r5_20260328_171213/4jsz_ligand_report.csv,./penalty_sweep_qpu_v113/samples/4jsz_Kdist9.5_Kmono11.0/psweep113_r5_20260328_171213/4jsz_ligand_samples.json,./penalty_sweep_qpu_v113/samples/4jsz_Kdist9.5_Kmono11.0/psweep113_r5_20260328_171213/result.json
4jsz,4jsz_Kdist9.5_Kmono12.0,psweep113_r5_20260328_171213,9.5,12.0,ok,1.7949310030627965,1000,1000,1000,1,0.001,1.0,0.001,0.21248920000000002,0.17788,Advantage2_system1.13,2485,26,./penalty_sweep_qpu_v113/samples/4jsz_Kdist9.5_Kmono12.0/psweep113_r5_20260328_171213/4jsz_ligand_report.csv,./penalty_sweep_qpu_v113/samples/4jsz_Kdist9.5_Kmono12.0/psweep113_r5_20260328_171213/4jsz_ligand_samples.json,./penalty_sweep_qpu_v113/samples/4jsz_Kdist9.5_Kmono12.0/psweep113_r5_20260328_171213/result.json
4jsz,4jsz_Kdist9.5_Kmono13.0,psweep113_r5_20260328_171213,9.5,13.0,ok,3.5357661499785995,1000,1000,1000,0,0.0,1.0,0.0,0.216722,0.18212,Advantage2_system1.13,2542,28,./penalty_sweep_qpu_v113/samples/4jsz_Kdist9.5_Kmono13.0/psweep113_r5_20260328_171213/4jsz_ligand_report.csv,./penalty_sweep_qpu_v113/samples/4jsz_Kdist9.5_Kmono13.0/psweep113_r5_20260328_171213/4jsz_ligand_samples.json,./penalty_sweep_qpu_v113/samples/4jsz_Kdist9.5_Kmono13.0/psweep113_r5_20260328_171213/result.json
4jsz,4jsz_Kdist9.5_Kmono14.0,psweep113_r5_20260328_171213,9.5,14.0,ok,3.067051006991039,1000,1000,1000,0,0.0,1.0,0.0,0.2103096,0.1757,Advantage2_system1.13,2629,28,./penalty_sweep_qpu_v113/samples/4jsz_Kdist9.5_Kmono14.0/psweep113_r5_20260328_171213/4jsz_ligand_report.csv,./penalty_sweep_qpu_v113/samples/4jsz_Kdist9.5_Kmono14.0/psweep113_r5_20260328_171213/4jsz_ligand_samples.json,./penalty_sweep_qpu_v113/samples/4jsz_Kdist9.5_Kmono14.0/psweep113_r5_20260328_171213/result.json
4jsz,4jsz_Kdist9.5_Kmono15.0,psweep113_r5_20260328_171213,9.5,15.0,ok,2.6479993155102344,1000,1000,1000,0,0.0,1.0,0.0,0.21645,0.18184,Advantage2_system1.13,2817,31,./penalty_sweep_qpu_v113/samples/4jsz_Kdist9.5_Kmono15.0/psweep113_r5_20260328_171213/4jsz_ligand_report.csv,./penalty_sweep_qpu_v113/samples/4jsz_Kdist9.5_Kmono15.0/psweep113_r5_20260328_171213/4jsz_ligand_samples.json,./penalty_sweep_qpu_v113/samples/4jsz_Kdist9.5_Kmono15.0/psweep113_r5_20260328_171213/result.json
4jsz,4jsz_Kdist9.5_Kmono16.0,psweep113_r5_20260328_171213,9.5,16.0,ok,1.1871247203625237,1000,1000,1000,24,0.024,1.0,0.024,0.2133172,0.1787,Advantage2_system1.13,2684,28,./penalty_sweep_qpu_v113/samples/4jsz_Kdist9.5_Kmono16.0/psweep113_r5_20260328_171213/4jsz_ligand_report.csv,./penalty_sweep_qpu_v113/samples/4jsz_Kdist9.5_Kmono16.0/psweep113_r5_20260328_171213/4jsz_ligand_samples.json,./penalty_sweep_qpu_v113/samples/4jsz_Kdist9.5_Kmono16.0/psweep113_r5_20260328_171213/result.json
4jsz,4jsz_Kdist9.5_Kmono17.0,psweep113_r5_20260328_171213,9.5,17.0,ok,1.904872614194897,1000,1000,1000,2,0.002,1.0,0.002,0.20991279999999998,0.1753,Advantage2_system1.13,2378,25,./penalty_sweep_qpu_v113/samples/4jsz_Kdist9.5_Kmono17.0/psweep113_r5_20260328_171213/4jsz_ligand_report.csv,./penalty_sweep_qpu_v113/samples/4jsz_Kdist9.5_Kmono17.0/psweep113_r5_20260328_171213/4jsz_ligand_samples.json,./penalty_sweep_qpu_v113/samples/4jsz_Kdist9.5_Kmono17.0/psweep113_r5_20260328_171213/result.json
4jsz,4jsz_Kdist9.5_Kmono18.0,psweep113_r5_20260328_171213,9.5,18.0,ok,1.9497503634996296,1000,1000,1000,1,0.001,1.0,0.001,0.2089864,0.17438,Advantage2_system1.13,2793,30,./penalty_sweep_qpu_v113/samples/4jsz_Kdist9.5_Kmono18.0/psweep113_r5_20260328_171213/4jsz_ligand_report.csv,./penalty_sweep_qpu_v113/samples/4jsz_Kdist9.5_Kmono18.0/psweep113_r5_20260328_171213/4jsz_ligand_samples.json,./penalty_sweep_qpu_v113/samples/4jsz_Kdist9.5_Kmono18.0/psweep113_r5_20260328_171213/result.json
4jsz,4jsz_Kdist9.5_Kmono19.0,psweep113_r5_20260328_171213,9.5,19.0,ok,1.9332972596504427,1000,1000,1000,1,0.001,1.0,0.001,0.21452320000000002,0.17992,Advantage2_system1.13,2451,26,./penalty_sweep_qpu_v113/samples/4jsz_Kdist9.5_Kmono19.0/psweep113_r5_20260328_171213/4jsz_ligand_report.csv,./penalty_sweep_qpu_v113/samples/4jsz_Kdist9.5_Kmono19.0/psweep113_r5_20260328_171213/4jsz_ligand_samples.json,./penalty_sweep_qpu_v113/samples/4jsz_Kdist9.5_Kmono19.0/psweep113_r5_20260328_171213/result.json
4jsz,4jsz_Kdist9.5_Kmono20.0,psweep113_r5_20260328_171213,9.5,20.0,ok,2.4387804075619863,1000,1000,1000,0,0.0,1.0,0.0,0.21198920000000002,0.17738,Advantage2_system1.13,2563,27,./penalty_sweep_qpu_v113/samples/4jsz_Kdist9.5_Kmono20.0/psweep113_r5_20260328_171213/4jsz_ligand_report.csv,./penalty_sweep_qpu_v113/samples/4jsz_Kdist9.5_Kmono20.0/psweep113_r5_20260328_171213/4jsz_ligand_samples.json,./penalty_sweep_qpu_v113/samples/4jsz_Kdist9.5_Kmono20.0/psweep113_r5_20260328_171213/result.json
4jsz,4jsz_Kdist10.0_Kmono1.0,psweep113_r5_20260328_171213,10.0,1.0,ok,2.3530498868003997,1000,1000,1000,0,0.0,1.0,0.0,0.2141636,0.17956,Advantage2_system1.13,2442,26,./penalty_sweep_qpu_v113/samples/4jsz_Kdist10.0_Kmono1.0/psweep113_r5_20260328_171213/4jsz_ligand_report.csv,./penalty_sweep_qpu_v113/samples/4jsz_Kdist10.0_Kmono1.0/psweep113_r5_20260328_171213/4jsz_ligand_samples.json,./penalty_sweep_qpu_v113/samples/4jsz_Kdist10.0_Kmono1.0/psweep113_r5_20260328_171213/result.json
4jsz,4jsz_Kdist10.0_Kmono2.0,psweep113_r5_20260328_171213,10.0,2.0,ok,2.2084047742432,1000,1000,1000,0,0.0,1.0,0.0,0.2152156,0.1806,Advantage2_system1.13,2686,30,./penalty_sweep_qpu_v113/samples/4jsz_Kdist10.0_Kmono2.0/psweep113_r5_20260328_171213/4jsz_ligand_report.csv,./penalty_sweep_qpu_v113/samples/4jsz_Kdist10.0_Kmono2.0/psweep113_r5_20260328_171213/4jsz_ligand_samples.json,./penalty_sweep_qpu_v113/samples/4jsz_Kdist10.0_Kmono2.0/psweep113_r5_20260328_171213/result.json
4jsz,4jsz_Kdist10.0_Kmono3.0,psweep113_r5_20260328_171213,10.0,3.0,ok,1.63470436707254,1000,1000,1000,7,0.007,1.0,0.007,0.2164448,0.18184,Advantage2_system1.13,2692,29,./penalty_sweep_qpu_v113/samples/4jsz_Kdist10.0_Kmono3.0/psweep113_r5_20260328_171213/4jsz_ligand_report.csv,./penalty_sweep_qpu_v113/samples/4jsz_Kdist10.0_Kmono3.0/psweep113_r5_20260328_171213/4jsz_ligand_samples.json,./penalty_sweep_qpu_v113/samples/4jsz_Kdist10.0_Kmono3.0/psweep113_r5_20260328_171213/result.json
4jsz,4jsz_Kdist10.0_Kmono4.0,psweep113_r5_20260328_171213,10.0,4.0,ok,3.137005732402363,1000,1000,1000,0,0.0,1.0,0.0,0.2135424,0.17894,Advantage2_system1.13,2474,26,./penalty_sweep_qpu_v113/samples/4jsz_Kdist10.0_Kmono4.0/psweep113_r5_20260328_171213/4jsz_ligand_report.csv,./penalty_sweep_qpu_v113/samples/4jsz_Kdist10.0_Kmono4.0/psweep113_r5_20260328_171213/4jsz_ligand_samples.json,./penalty_sweep_qpu_v113/samples/4jsz_Kdist10.0_Kmono4.0/psweep113_r5_20260328_171213/result.json
4jsz,4jsz_Kdist10.0_Kmono5.0,psweep113_r5_20260328_171213,10.0,5.0,ok,1.3964396642119443,1000,1000,1000,18,0.018,1.0,0.018,0.212312,0.1777,Advantage2_system1.13,2488,27,./penalty_sweep_qpu_v113/samples/4jsz_Kdist10.0_Kmono5.0/psweep113_r5_20260328_171213/4jsz_ligand_report.csv,./penalty_sweep_qpu_v113/samples/4jsz_Kdist10.0_Kmono5.0/psweep113_r5_20260328_171213/4jsz_ligand_samples.json,./penalty_sweep_qpu_v113/samples/4jsz_Kdist10.0_Kmono5.0/psweep113_r5_20260328_171213/result.json
4jsz,4jsz_Kdist10.0_Kmono6.0,psweep113_r5_20260328_171213,10.0,6.0,ok,2.0246599581998095,1000,1000,1000,0,0.0,1.0,0.0,0.21317239999999998,0.17856,Advantage2_system1.13,2548,26,./penalty_sweep_qpu_v113/samples/4jsz_Kdist10.0_Kmono6.0/psweep113_r5_20260328_171213/4jsz_ligand_report.csv,./penalty_sweep_qpu_v113/samples/4jsz_Kdist10.0_Kmono6.0/psweep113_r5_20260328_171213/4jsz_ligand_samples.json,./penalty_sweep_qpu_v113/samples/4jsz_Kdist10.0_Kmono6.0/psweep113_r5_20260328_171213/result.json
4jsz,4jsz_Kdist10.0_Kmono7.0,psweep113_r5_20260328_171213,10.0,7.0,ok,2.488812457387402,1000,1000,1000,0,0.0,1.0,0.0,0.2132684,0.17866,Advantage2_system1.13,2346,25,./penalty_sweep_qpu_v113/samples/4jsz_Kdist10.0_Kmono7.0/psweep113_r5_20260328_171213/4jsz_ligand_report.csv,./penalty_sweep_qpu_v113/samples/4jsz_Kdist10.0_Kmono7.0/psweep113_r5_20260328_171213/4jsz_ligand_samples.json,./penalty_sweep_qpu_v113/samples/4jsz_Kdist10.0_Kmono7.0/psweep113_r5_20260328_171213/result.json
4jsz,4jsz_Kdist10.0_Kmono8.0,psweep113_r5_20260328_171213,10.0,8.0,ok,2.1834011448493458,1000,1000,1000,0,0.0,1.0,0.0,0.2099508,0.17534,Advantage2_system1.13,3071,34,./penalty_sweep_qpu_v113/samples/4jsz_Kdist10.0_Kmono8.0/psweep113_r5_20260328_171213/4jsz_ligand_report.csv,./penalty_sweep_qpu_v113/samples/4jsz_Kdist10.0_Kmono8.0/psweep113_r5_20260328_171213/4jsz_ligand_samples.json,./penalty_sweep_qpu_v113/samples/4jsz_Kdist10.0_Kmono8.0/psweep113_r5_20260328_171213/result.json
4jsz,4jsz_Kdist10.0_Kmono9.0,psweep113_r5_20260328_171213,10.0,9.0,ok,1.834102757153762,1000,1000,1000,9,0.009,1.0,0.009,0.211766,0.17716,Advantage2_system1.13,2395,24,./penalty_sweep_qpu_v113/samples/4jsz_Kdist10.0_Kmono9.0/psweep113_r5_20260328_171213/4jsz_ligand_report.csv,./penalty_sweep_qpu_v113/samples/4jsz_Kdist10.0_Kmono9.0/psweep113_r5_20260328_171213/4jsz_ligand_samples.json,./penalty_sweep_qpu_v113/samples/4jsz_Kdist10.0_Kmono9.0/psweep113_r5_20260328_171213/result.json
4jsz,4jsz_Kdist10.0_Kmono10.0,psweep113_r5_20260328_171213,10.0,10.0,ok,2.3629339958384588,1000,1000,1000,0,0.0,1.0,0.0,0.2089936,0.17438,Advantage2_system1.13,2375,24,./penalty_sweep_qpu_v113/samples/4jsz_Kdist10.0_Kmono10.0/psweep113_r5_20260328_171213/4jsz_ligand_report.csv,./penalty_sweep_qpu_v113/samples/4jsz_Kdist10.0_Kmono10.0/psweep113_r5_20260328_171213/4jsz_ligand_samples.json,./penalty_sweep_qpu_v113/samples/4jsz_Kdist10.0_Kmono10.0/psweep113_r5_20260328_171213/result.json
4jsz,4jsz_Kdist10.0_Kmono11.0,psweep113_r5_20260328_171213,10.0,11.0,ok,1.799076549957218,1000,1000,1000,4,0.004,1.0,0.004,0.2114096,0.1768,Advantage2_system1.13,2460,26,./penalty_sweep_qpu_v113/samples/4jsz_Kdist10.0_Kmono11.0/psweep113_r5_20260328_171213/4jsz_ligand_report.csv,./penalty_sweep_qpu_v113/samples/4jsz_Kdist10.0_Kmono11.0/psweep113_r5_20260328_171213/4jsz_ligand_samples.json,./penalty_sweep_qpu_v113/samples/4jsz_Kdist10.0_Kmono11.0/psweep113_r5_20260328_171213/result.json
4jsz,4jsz_Kdist10.0_Kmono12.0,psweep113_r5_20260328_171213,10.0,12.0,ok,2.0216471426806666,1000,1000,1000,0,0.0,1.0,0.0,0.2159972,0.18138,Advantage2_system1.13,2770,32,./penalty_sweep_qpu_v113/samples/4jsz_Kdist10.0_Kmono12.0/psweep113_r5_20260328_171213/4jsz_ligand_report.csv,./penalty_sweep_qpu_v113/samples/4jsz_Kdist10.0_Kmono12.0/psweep113_r5_20260328_171213/4jsz_ligand_samples.json,./penalty_sweep_qpu_v113/samples/4jsz_Kdist10.0_Kmono12.0/psweep113_r5_20260328_171213/result.json
4jsz,4jsz_Kdist10.0_Kmono13.0,psweep113_r5_20260328_171213,10.0,13.0,ok,3.348017776837596,1000,1000,1000,0,0.0,1.0,0.0,0.2192716,0.18466,Advantage2_system1.13,2539,27,./penalty_sweep_qpu_v113/samples/4jsz_Kdist10.0_Kmono13.0/psweep113_r5_20260328_171213/4jsz_ligand_report.csv,./penalty_sweep_qpu_v113/samples/4jsz_Kdist10.0_Kmono13.0/psweep113_r5_20260328_171213/4jsz_ligand_samples.json,./penalty_sweep_qpu_v113/samples/4jsz_Kdist10.0_Kmono13.0/psweep113_r5_20260328_171213/result.json
4jsz,4jsz_Kdist10.0_Kmono14.0,psweep113_r5_20260328_171213,10.0,14.0,ok,2.9557789945248922,1000,1000,1000,0,0.0,1.0,0.0,0.2134524,0.17884,Advantage2_system1.13,2586,28,./penalty_sweep_qpu_v113/samples/4jsz_Kdist10.0_Kmono14.0/psweep113_r5_20260328_171213/4jsz_ligand_report.csv,./penalty_sweep_qpu_v113/samples/4jsz_Kdist10.0_Kmono14.0/psweep113_r5_20260328_171213/4jsz_ligand_samples.json,./penalty_sweep_qpu_v113/samples/4jsz_Kdist10.0_Kmono14.0/psweep113_r5_20260328_171213/result.json
4jsz,4jsz_Kdist10.0_Kmono15.0,psweep113_r5_20260328_171213,10.0,15.0,ok,3.9480690958157063,1000,1000,1000,0,0.0,1.0,0.0,0.216846,0.18224,Advantage2_system1.13,2325,24,./penalty_sweep_qpu_v113/samples/4jsz_Kdist10.0_Kmono15.0/psweep113_r5_20260328_171213/4jsz_ligand_report.csv,./penalty_sweep_qpu_v113/samples/4jsz_Kdist10.0_Kmono15.0/psweep113_r5_20260328_171213/4jsz_ligand_samples.json,./penalty_sweep_qpu_v113/samples/4jsz_Kdist10.0_Kmono15.0/psweep113_r5_20260328_171213/result.json
4jsz,4jsz_Kdist10.0_Kmono16.0,psweep113_r5_20260328_171213,10.0,16.0,ok,1.8309211543179018,1000,1000,1000,6,0.006,1.0,0.006,0.211176,0.17656,Advantage2_system1.13,2593,27,./penalty_sweep_qpu_v113/samples/4jsz_Kdist10.0_Kmono16.0/psweep113_r5_20260328_171213/4jsz_ligand_report.csv,./penalty_sweep_qpu_v113/samples/4jsz_Kdist10.0_Kmono16.0/psweep113_r5_20260328_171213/4jsz_ligand_samples.json,./penalty_sweep_qpu_v113/samples/4jsz_Kdist10.0_Kmono16.0/psweep113_r5_20260328_171213/result.json
4jsz,4jsz_Kdist10.0_Kmono17.0,psweep113_r5_20260328_171213,10.0,17.0,ok,3.0788425043885352,1000,1000,1000,0,0.0,1.0,0.0,0.217632,0.18302,Advantage2_system1.13,2874,33,./penalty_sweep_qpu_v113/samples/4jsz_Kdist10.0_Kmono17.0/psweep113_r5_20260328_171213/4jsz_ligand_report.csv,./penalty_sweep_qpu_v113/samples/4jsz_Kdist10.0_Kmono17.0/psweep113_r5_20260328_171213/4jsz_ligand_samples.json,./penalty_sweep_qpu_v113/samples/4jsz_Kdist10.0_Kmono17.0/psweep113_r5_20260328_171213/result.json
4jsz,4jsz_Kdist10.0_Kmono18.0,psweep113_r5_20260328_171213,10.0,18.0,ok,1.7491558366031474,1000,1000,1000,18,0.018,1.0,0.018,0.20927479999999998,0.17466,Advantage2_system1.13,2448,25,./penalty_sweep_qpu_v113/samples/4jsz_Kdist10.0_Kmono18.0/psweep113_r5_20260328_171213/4jsz_ligand_report.csv,./penalty_sweep_qpu_v113/samples/4jsz_Kdist10.0_Kmono18.0/psweep113_r5_20260328_171213/4jsz_ligand_samples.json,./penalty_sweep_qpu_v113/samples/4jsz_Kdist10.0_Kmono18.0/psweep113_r5_20260328_171213/result.json
4jsz,4jsz_Kdist10.0_Kmono19.0,psweep113_r5_20260328_171213,10.0,19.0,ok,3.36199364579763,1000,1000,1000,0,0.0,1.0,0.0,0.2095908,0.17498,Advantage2_system1.13,2384,26,./penalty_sweep_qpu_v113/samples/4jsz_Kdist10.0_Kmono19.0/psweep113_r5_20260328_171213/4jsz_ligand_report.csv,./penalty_sweep_qpu_v113/samples/4jsz_Kdist10.0_Kmono19.0/psweep113_r5_20260328_171213/4jsz_ligand_samples.json,./penalty_sweep_qpu_v113/samples/4jsz_Kdist10.0_Kmono19.0/psweep113_r5_20260328_171213/result.json
4jsz,4jsz_Kdist10.0_Kmono20.0,psweep113_r5_20260328_171213,10.0,20.0,ok,3.1668756766581705,1000,1000,1000,0,0.0,1.0,0.0,0.2096688,0.17506,Advantage2_system1.13,2611,29,./penalty_sweep_qpu_v113/samples/4jsz_Kdist10.0_Kmono20.0/psweep113_r5_20260328_171213/4jsz_ligand_report.csv,./penalty_sweep_qpu_v113/samples/4jsz_Kdist10.0_Kmono20.0/psweep113_r5_20260328_171213/4jsz_ligand_samples.json,./penalty_sweep_qpu_v113/samples/4jsz_Kdist10.0_Kmono20.0/psweep113_r5_20260328_171213/result.json
