ligand,Kdist,Kmono,runs,mRMSD_mean,avg_RMSD_mean,valid_rate_mean,success_rate_mean,cpu_sec_mean,sample_elapsed_sec_mean,tts_99_sec_mean,ttt_99_sec_mean
3nq9,6.0,16.0,10,0.6753976907567608,4.7615498,1.0,0.03300000000000001,2.4160999999999997,2.4301,331.5738433870553,331.5738433870553
4jsz,6.0,10.0,10,0.7810799596579571,3.190346399999999,1.0,0.04499999999999999,2.6403999999999996,2.6467,264.0845191536217,264.0845191536217
4jsz,3.5,4.0,10,0.9919187261976694,2.9616718000000004,1.0,0.06899999999999999,2.6298,2.6334999999999997,169.38956397966922,169.38956397966922
3nq9,3.0,8.0,10,0.7624192388077091,4.676495300000005,1.0,0.04699999999999999,2.3655,2.3708,226.28677073553087,226.28677073553087
3nq9,4.0,17.0,10,0.7624192388077091,4.7151599000000015,1.0,0.040999999999999995,2.3601,2.3707,259.6170735821605,259.6170735821605
4jsz,5.0,0.1,10,0.9919187261976694,2.9075664,0.5259999999999999,0.06400000000000002,1.9497,1.9563,135.75335836547097,135.75335836547097
4jsz,4.0,11.0,10,0.6446152989897252,3.058582399999995,1.0,0.05600000000000001,2.5807,2.5848999999999998,206.22498098607065,206.22498098607065
4jsz,1.5,7.0,10,0.7125017852609876,2.8262039000000034,1.0,0.09699999999999999,2.4745,2.4781000000000004,111.6846929463929,111.6846929463929
4jsz,2.0,12.0,10,0.43266667696150984,2.8704509000000047,1.0,0.09899999999999999,2.4785000000000004,2.4844999999999997,109.48596609918886,109.48596609918886
3nq9,2.0,14.0,10,0.7624192388077091,4.600945099999998,1.0,0.053000000000000005,2.2618,2.2695,191.27255745887547,191.27255745887547
4jsz,7.5,2.0,10,0.9919187261976694,2.911873799999999,1.0,0.07999999999999999,2.4285000000000005,2.4366,134.12616929528107,134.12616929528107
4jsz,8.0,20.0,10,0.9391931172098806,3.4091432999999958,1.0,0.03200000000000001,2.6227,2.6294,371.3651463280633,371.3651463280633
4jsz,5.5,1.0,10,0.9919187261976694,2.879871500000001,1.0,0.09999999999999999,2.3097,2.3133,100.95396280254063,100.95396280254063
3nq9,1.0,1.0,10,0.7624192388077091,4.648794900000007,1.0,0.04299999999999999,2.3564,2.3613000000000004,246.89777018238775,246.89777018238775
3nq9,8.5,6.0,10,0.587958577933317,4.7902698999999975,1.0,0.031000000000000007,2.4957000000000003,2.4998,364.9691891195234,364.9691891195234
3nq9,3.0,2.0,10,0.7373797201281233,4.620852500000004,1.0,0.051000000000000004,2.4477,2.4621000000000004,215.33587328303733,215.33587328303733
3nq9,8.5,16.0,10,0.7473726179221493,4.729096900000007,1.0,0.03300000000000001,2.4579999999999997,2.4669,337.3239961282158,337.3239961282158
4jsz,8.5,10.0,10,1.3421948458631618,3.3663946000000005,1.0,0.030000000000000006,2.6967000000000003,2.7141,407.7178451471094,407.7178451471094
3nq9,5.0,7.0,10,0.6264840641524302,4.632039299999994,1.0,0.049999999999999996,2.4751000000000003,2.489,222.2172871412525,222.2172871412525
3nq9,1.5,0.1,10,0.7624192388077091,4.6825597999999955,1.0,0.06000000000000001,2.44,2.4654999999999996,181.6006777912341,181.6006777912341
4jsz,6.5,20.0,10,0.9919187261976694,3.308680399999999,1.0,0.028000000000000004,2.5972999999999997,2.6021000000000005,421.17006478159726,421.17006478159726
4jsz,7.5,8.0,10,0.6446152989897252,3.3755739000000053,1.0,0.027000000000000003,2.7009,2.7157999999999998,454.42310206519494,454.42310206519494
3nq9,7.0,4.0,10,0.7497257413112247,4.677134400000005,1.0,0.04299999999999999,2.4957000000000003,2.5010000000000003,261.49328002214617,261.49328002214617
4jsz,2.0,18.0,10,0.9919187261976694,2.905819399999999,1.0,0.06600000000000002,2.4402999999999997,2.4501,164.58974231082703,164.58974231082703
4jsz,7.5,17.0,10,0.9286778927545978,3.339086199999996,1.0,0.027000000000000003,2.6244,2.6309,441.5520711836416,441.5520711836416
3nq9,7.5,11.0,10,0.6545624615994584,4.664833500000001,1.0,0.03899999999999999,2.4577,2.4625999999999997,284.51179581374174,284.51179581374174
3nq9,8.0,9.0,10,0.7536977357427944,4.709540899999994,1.0,0.039999999999999994,2.4691,2.4732000000000003,278.54164990839166,278.54164990839166
4jsz,10.0,19.0,10,1.3226348210709629,3.4799755000000028,1.0,0.024999999999999998,2.6656000000000004,2.675,484.85799621306177,484.85799621306177
4jsz,1.0,2.0,10,0.9919187261976694,2.7575455,1.0,0.10400000000000001,2.5064,2.5119,105.10779618310589,105.10779618310589
4jsz,8.5,5.0,10,1.0510860807342337,3.1189786000000024,1.0,0.052000000000000005,2.606,2.6206000000000005,224.7359353219142,224.7359353219142
4jsz,5.5,16.0,10,0.5432922760462519,3.1761712000000015,1.0,0.049999999999999996,2.5976,2.6016,233.21547617393944,233.21547617393944
3nq9,5.5,10.0,10,0.4352484275626384,4.636008400000003,1.0,0.054000000000000006,2.4285,2.4493,201.46117548075415,201.46117548075415
4jsz,3.0,1.0,10,0.8682059700502103,2.884595200000003,1.0,0.09099999999999998,2.3920000000000003,2.3956,115.45483438101155,115.45483438101155
3nq9,3.5,13.0,10,0.664849113521406,4.643108699999996,1.0,0.047999999999999994,2.3632999999999997,2.3785,221.25116229017235,221.25116229017235
4jsz,3.5,15.0,10,0.8044218657590132,3.0283007,1.0,0.06800000000000002,2.5357,2.5416,165.81825355382728,165.81825355382728
4jsz,5.0,4.0,10,0.8044218657590132,2.991300399999997,1.0,0.06400000000000002,2.6361999999999997,2.6501999999999994,183.5528559896674,183.5528559896674
3nq9,5.5,8.0,10,0.8226019338392094,4.665566900000003,1.0,0.04299999999999999,2.4398000000000004,2.4447,255.63621613095808,255.63621613095808
3nq9,1.5,12.0,10,0.7624192388077091,4.625602399999997,1.0,0.05500000000000001,2.2385,2.252,182.22749532410472,182.22749532410472
4jsz,1.5,14.0,10,0.9919187261976694,2.858523400000004,1.0,0.08699999999999998,2.411,2.4193000000000007,121.98570321447589,121.98570321447589
4jsz,3.5,0.1,10,0.9919187261976694,2.9252438000000045,0.5090000000000001,0.049999999999999996,1.9686,1.9724,176.74314228365307,176.74314228365307
4jsz,7.0,7.0,10,0.8688882158557514,3.3329347999999994,1.0,0.03200000000000001,2.6809000000000003,2.6955999999999993,379.60606275628356,379.60606275628356
3nq9,3.5,7.0,10,0.7126838412832457,4.672786700000002,1.0,0.041999999999999996,2.4001,2.4076,257.597592562783,257.597592562783
3nq9,7.0,0.1,10,0.7479297007123636,4.695919199999998,1.0,0.03899999999999999,2.5209,2.5309,291.82804494725207,291.82804494725207
4jsz,1.0,8.0,10,0.8682059700502103,2.793284700000002,1.0,0.10500000000000001,2.3941,2.3971999999999998,99.3877474722158,99.3877474722158
4jsz,10.0,13.0,10,1.0019621795823397,3.4478985000000018,1.0,0.03500000000000001,2.6723999999999997,2.6757999999999997,345.43451429979893,345.43451429979893
3nq9,8.0,3.0,10,0.6990991322298025,4.680933099999996,1.0,0.04299999999999999,2.5079,2.5143,262.7715658803303,262.7715658803303
3nq9,1.5,4.0,10,0.7624192388077091,4.666342600000005,1.0,0.053000000000000005,2.3119000000000005,2.3174,195.50934016675836,195.50934016675836
4jsz,9.0,17.0,10,1.014265393076789,3.4276817000000017,1.0,0.030000000000000006,2.6787,2.702700000000001,404.9963999686883,404.9963999686883
3nq9,9.0,11.0,10,0.6718809578103002,4.6889501000000005,1.0,0.03500000000000001,2.4784,2.4873000000000003,320.35806774458223,320.35806774458223
3nq9,7.5,1.0,10,0.6990991322298025,4.749451499999998,1.0,0.04299999999999999,2.525,2.5325,264.56326163237526,264.56326163237526
3nq9,0.1,16.0,10,0.819807069676312,4.735267999999996,0.049999999999999996,0.0010000000000000002,1.8780000000000001,1.8885999999999996,8644.184633411267,8644.184633411267
4jsz,0.1,10.0,10,0.9777820373499051,2.2095610000000003,0.0,0.0,2.0272000000000006,2.0362,,
3nq9,1.5,18.0,10,0.7624192388077091,4.742869999999997,1.0,0.03799999999999999,2.2152000000000003,2.229,263.3235642944231,263.3235642944231
3nq9,5.5,2.0,10,0.7624192388077091,4.685585600000008,1.0,0.049999999999999996,2.5003,2.5061999999999998,224.47977174226244,224.47977174226244
3nq9,3.5,19.0,10,0.6264840641524302,4.699996900000003,1.0,0.04499999999999999,2.3378,2.347,233.81941708731134,233.81941708731134
3nq9,5.0,20.0,10,0.638272240047949,4.699517200000004,1.0,0.04699999999999999,2.3741,2.3795,227.10945779041376,227.10945779041376
4jsz,10.0,17.0,10,0.9423208457974483,3.5367197,1.0,0.014000000000000002,2.6623,2.6673999999999993,869.5943219598614,869.5943219598614
3nq9,8.0,7.0,10,0.6264840641524302,4.784288699999996,1.0,0.028000000000000004,2.4719,2.4757,400.8355920123321,400.8355920123321
4jsz,7.5,19.0,10,1.075917372786899,3.3509589999999987,1.0,0.03200000000000001,2.6414,2.6674,374.01300091926123,374.01300091926123
4jsz,1.0,20.0,10,0.9919187261976694,2.7688613000000015,1.0,0.101,2.3243,2.3298999999999994,100.5313367112765,100.5313367112765
3nq9,9.0,15.0,10,0.7519396011248755,4.729464800000001,1.0,0.040999999999999995,2.4709000000000008,2.4829000000000003,271.8053587196138,271.8053587196138
4jsz,9.0,13.0,10,0.8682059700502103,3.436080599999996,1.0,0.029000000000000005,2.6708,2.6770000000000005,417.9403871246812,417.9403871246812
3nq9,3.5,3.0,10,0.8226019338392094,4.696800000000004,1.0,0.047999999999999994,2.4379,2.4421,228.23518323835788,228.23518323835788
4jsz,5.5,18.0,10,1.1426422538909937,3.160094700000003,1.0,0.040999999999999995,2.5865,2.5919,284.5216562095921,284.5216562095921
3nq9,5.5,6.0,10,0.7479297007123636,4.671300599999994,1.0,0.040999999999999995,2.4566999999999997,2.4596,270.2433221767272,270.2433221767272
4jsz,0.1,14.0,10,0.985878631733742,2.254160499999997,0.0,0.0,2.0233,2.0382,,
3nq9,7.5,5.0,10,0.5009340275685262,4.760011800000003,1.0,0.04299999999999999,2.493,2.4959,261.21038069287584,261.21038069287584
4jsz,7.0,9.0,10,0.7387117379366969,3.272968299999998,1.0,0.03799999999999999,2.6702000000000004,2.6767000000000003,317.4099771483246,317.4099771483246
3nq9,0.1,12.0,10,0.2414303933693845,4.6623953,0.06200000000000001,0.0020000000000000005,1.8782000000000003,1.8834,4320.389163324577,4320.389163324577
3nq9,5.5,14.0,10,0.7707284977714783,4.692387400000002,1.0,0.054000000000000006,2.419,2.4455999999999998,200.67308358572964,200.67308358572964
4jsz,5.5,12.0,10,0.5739941579572335,3.1730957000000055,1.0,0.03400000000000001,2.6252000000000004,2.6297000000000006,349.4937217214435,349.4937217214435
3nq9,3.5,9.0,10,0.755828817852577,4.742687799999998,1.0,0.04299999999999999,2.3984000000000005,2.4133999999999998,251.2984264154808,251.2984264154808
4jsz,3.0,5.0,10,0.7387117379366969,2.967119499999997,1.0,0.05600000000000001,2.6031999999999997,2.6087,208.02296683184377,208.02296683184377
3nq9,7.5,15.0,10,0.805146706577067,4.692693500000003,1.0,0.041999999999999996,2.4483,2.4537,262.77079532997027,262.77079532997027
4jsz,9.0,19.0,10,0.9406182039195878,3.4238230999999972,1.0,0.03300000000000001,2.6505,2.6686000000000005,363.74176230180467,363.74176230180467
4jsz,7.5,13.0,10,0.9919187261976694,3.3321938999999965,1.0,0.041999999999999996,2.6555,2.6663,285.009127557381,285.009127557381
4jsz,1.0,6.0,10,0.9919187261976694,2.759186699999998,1.0,0.09799999999999999,2.4229000000000003,2.4292000000000007,108.18096512492862,108.18096512492862
4jsz,8.5,1.0,10,0.9919187261976694,2.9141872000000015,1.0,0.08099999999999999,2.2948999999999997,2.3146999999999998,125.11555083426472,125.11555083426472
4jsz,1.5,10.0,10,0.9919187261976694,2.8516166000000034,1.0,0.08099999999999999,2.4355,2.4436999999999998,132.78091596882294,132.78091596882294
3nq9,1.5,16.0,10,0.7624192388077091,4.6356922,1.0,0.048999999999999995,2.2208,2.2421999999999995,203.5611928687724,203.5611928687724
3nq9,0.1,18.0,10,0.9296324361760357,4.760956500000003,0.052000000000000005,0.0010000000000000002,1.8724,1.8788,8618.40857699641,8618.40857699641
4jsz,7.0,3.0,10,0.7125017852609876,2.948527600000005,1.0,0.06800000000000002,2.5079,2.5157,164.00031474056215,164.00031474056215
4jsz,3.5,11.0,10,0.43266667696150984,3.0081361999999996,1.0,0.06299999999999999,2.5631999999999997,2.5695,181.3986478271823,181.3986478271823
4jsz,8.0,0.1,10,0.9919187261976694,2.983215899999999,0.5280000000000001,0.031000000000000007,1.9596,1.9809,286.57035020179427,286.57035020179427
3nq9,3.5,17.0,10,0.7479297007123636,4.6573226000000005,1.0,0.05800000000000001,2.3381,2.3518999999999997,180.20665469303688,180.20665469303688
3nq9,3.0,6.0,10,0.8072164576996084,4.687788500000003,1.0,0.04499999999999999,2.3954999999999997,2.4048000000000003,239.5903899532271,239.5903899532271
3nq9,6.0,18.0,10,0.6027957065778292,4.7033689,1.0,0.04399999999999999,2.4071999999999996,2.4147999999999996,246.36032448598172,246.36032448598172
4jsz,8.5,14.0,10,0.9961412327372872,3.4123883999999984,1.0,0.03500000000000001,2.7058,2.7354,349.7517994283774,349.7517994283774
3nq9,8.5,12.0,10,0.6171821872831159,4.764247800000001,1.0,0.03200000000000001,2.4677999999999995,2.4775,349.4318481368035,349.4318481368035
3nq9,1.0,5.0,10,0.7624192388077091,4.667583699999995,1.0,0.051000000000000004,2.2586000000000004,2.2669,198.69984205460972,198.69984205460972
3nq9,8.5,2.0,10,0.7479297007123636,4.716920100000002,1.0,0.03899999999999999,2.5302000000000002,2.5415,292.9046448988604,292.9046448988604
4jsz,1.5,9.0,10,0.9919187261976694,2.8407136000000013,1.0,0.08299999999999999,2.4387,2.4459,129.61238093568187,129.61238093568187
3nq9,4.0,19.0,10,0.7624192388077091,4.577516899999999,1.0,0.05600000000000001,2.3448,2.3513,187.3740982741653,187.3740982741653
3nq9,2.5,20.0,10,0.7624192388077091,4.693816799999994,1.0,0.04699999999999999,2.2766,2.2846,217.78248245889216,217.78248245889216
3nq9,5.0,3.0,10,0.8152168562859072,4.694774200000004,1.0,0.04299999999999999,2.4739999999999998,2.481,259.2196076350481,259.2196076350481
4jsz,4.0,15.0,10,1.164766408090365,3.0352141000000015,1.0,0.054000000000000006,2.5484,2.557,211.40772476638003,211.40772476638003
3nq9,4.0,13.0,10,0.7479297007123636,4.719108300000005,1.0,0.053000000000000005,2.3872000000000004,2.3945,201.87719920675013,201.87719920675013
4jsz,8.0,4.0,10,0.43266667696150984,3.016850200000003,1.0,0.053000000000000005,2.5635,2.5798,216.78627687940016,216.78627687940016
4jsz,1.5,3.0,10,0.9919187261976694,2.8453705999999985,1.0,0.101,2.5446,2.5549000000000004,110.05981990083646,110.05981990083646
3nq9,8.5,8.0,10,0.34353928598692285,4.726064200000003,1.0,0.04599999999999999,2.4748000000000006,2.482,242.01499530656247,242.01499530656247
4jsz,6.0,14.0,10,0.5863981825381285,3.1884925999999996,1.0,0.04499999999999999,2.6183,2.6268000000000002,261.8741465308013,261.8741465308013
3nq9,8.5,18.0,10,0.7589985050977532,4.634084899999997,1.0,0.040999999999999995,2.4473,2.4556999999999998,269.20929798636564,269.20929798636564
3nq9,6.0,12.0,10,0.8226019338392094,4.7031497,1.0,0.04399999999999999,2.4381999999999997,2.4466,249.5329607684117,249.5329607684117
3nq9,5.0,9.0,10,0.8226019338392094,4.721094999999997,1.0,0.05500000000000001,2.4548,2.4787999999999997,199.83562900228375,199.83562900228375
4jsz,5.5,5.0,10,1.0864733275270633,3.1304457000000023,1.0,0.051000000000000004,2.6571,2.665,233.7577925809366,233.7577925809366
3nq9,2.0,10.0,10,0.7624192388077091,4.692829800000004,1.0,0.051000000000000004,2.3078999999999996,2.3125999999999998,203.03699879475505,203.03699879475505
4jsz,2.0,16.0,10,0.43266667696150984,2.8558917999999975,1.0,0.08499999999999999,2.4552,2.4711000000000003,127.28199209323536,127.28199209323536
4jsz,7.5,6.0,10,0.4534883623979208,3.2510203000000013,1.0,0.03500000000000001,2.6780000000000004,2.6979,346.1583704890216,346.1583704890216
4jsz,6.5,11.0,10,0.6737625626941022,3.2449680000000027,1.0,0.03599999999999999,2.6491,2.6548000000000003,332.7395139616548,332.7395139616548
4jsz,4.0,6.0,10,0.43266667696150984,3.0179009000000003,1.0,0.07199999999999998,2.6362,2.6623000000000006,162.46752546337268,162.46752546337268
3nq9,6.5,17.0,10,0.793104589240513,4.7355635,1.0,0.041999999999999996,2.4229999999999996,2.441,260.05540051648813,260.05540051648813
4jsz,6.0,5.0,10,0.9919187261976694,3.1162700999999973,1.0,0.054000000000000006,2.6344,2.6369999999999996,218.5420303423919,218.5420303423919
4jsz,4.5,10.0,10,0.9919187261976694,3.0526419000000007,1.0,0.053000000000000005,2.6122,2.6302000000000003,220.90466645772148,220.90466645772148
3nq9,6.5,9.0,10,0.800531506280356,4.704767100000005,1.0,0.047999999999999994,2.4492000000000003,2.4527999999999994,229.29308453479885,229.29308453479885
3nq9,4.5,16.0,10,0.587958577933317,4.784378199999998,1.0,0.028000000000000004,2.3708,2.3781,384.4415314304126,384.4415314304126
3nq9,2.5,15.0,10,0.7624192388077091,4.6021188000000075,1.0,0.052000000000000005,2.2793,2.2821,196.56201741336878,196.56201741336878
4jsz,9.5,7.0,10,1.1143605230176343,3.301819699999993,1.0,0.04399999999999999,2.6323,2.6385000000000005,269.3977576206587,269.3977576206587
4jsz,2.5,13.0,10,0.9919187261976694,2.9148694999999982,1.0,0.07899999999999999,2.5013999999999994,2.5082,139.97616777761846,139.97616777761846
3nq9,0.5,14.0,10,0.7624192388077091,4.617670899999991,1.0,0.048999999999999995,2.0796,2.0873999999999997,190.6186314345727,190.6186314345727
4jsz,2.0,3.0,10,0.9919187261976694,2.858155699999998,1.0,0.08399999999999999,2.5859,2.603,135.7266576395267,135.7266576395267
4jsz,0.5,12.0,10,0.9919187261976694,2.5622576000000024,0.5280000000000001,0.030000000000000006,2.2827,2.2897,345.12460604342584,345.12460604342584
3nq9,10.0,1.0,10,0.8765629458566726,4.767557099999999,1.0,0.03500000000000001,2.5288999999999997,2.5345,326.88569945096594,326.88569945096594
4jsz,10.0,7.0,10,0.5739941579572335,3.2876572999999985,1.0,0.03300000000000001,2.6448,2.6557000000000004,362.95952195276857,362.95952195276857
3nq9,6.5,3.0,10,0.755828817852577,4.701824099999996,1.0,0.03599999999999999,2.4894999999999996,2.4947,312.69299762468,312.69299762468
3nq9,9.5,0.1,10,0.7479297007123636,4.723939999999993,1.0,0.04599999999999999,2.5338,2.5387999999999997,247.78470789872637,247.78470789872637
4jsz,8.0,11.0,10,0.9486651723876143,3.3841210999999953,1.0,0.03799999999999999,2.6808,2.6902,318.6700122609649,318.6700122609649
3nq9,8.0,17.0,10,0.8914687180166775,4.731812200000001,1.0,0.040999999999999995,2.4314999999999998,2.4337999999999997,267.47125732597067,267.47125732597067
4jsz,0.5,18.0,10,0.9919187261976694,2.5577795000000054,0.5300000000000001,0.03899999999999999,2.2720000000000002,2.2853000000000003,263.01452581227215,263.01452581227215
4jsz,2.0,9.0,10,0.9919187261976694,2.9075687999999973,1.0,0.060999999999999985,2.5257,2.5574000000000003,184.80005307513218,184.80005307513218
3nq9,2.5,5.0,10,0.7624192388077091,4.639880699999994,1.0,0.054000000000000006,2.3874,2.4018,198.05164107175315,198.05164107175315
4jsz,4.0,20.0,10,0.9486651723876143,3.037421499999998,1.0,0.04599999999999999,2.5444,2.5576,248.82130033053886,248.82130033053886
4jsz,2.5,19.0,10,0.7387117379366969,2.9121984999999992,1.0,0.07799999999999999,2.4751999999999996,2.4909,140.36090955274068,140.36090955274068
3nq9,9.0,1.0,10,1.1310428243002522,4.7669694,1.0,0.03300000000000001,2.5610999999999997,2.5977,351.47293998534303,351.47293998534303
3nq9,0.5,6.0,10,0.7624192388077091,4.588118999999986,1.0,0.05700000000000001,2.1629,2.177,169.7170375192101,169.7170375192101
3nq9,7.0,10.0,10,0.9279983066142066,4.786814199999998,1.0,0.030000000000000006,2.4825999999999997,2.5132000000000003,375.3477666637793,375.3477666637793
4jsz,7.0,16.0,10,0.8568300192144778,3.325516300000001,1.0,0.03400000000000001,2.6292999999999997,2.6371,350.03955604227923,350.03955604227923
3nq9,5.0,11.0,10,0.8368301267593143,4.715315399999997,1.0,0.03699999999999999,2.4495999999999998,2.4593000000000003,299.211305173245,299.211305173245
4jsz,5.0,17.0,10,0.9604426737703509,3.0825214000000005,1.0,0.05800000000000001,2.5929999999999995,2.6069000000000004,199.8528102386744,199.8528102386744
4jsz,4.5,3.0,10,0.7606266272340408,2.993856800000003,1.0,0.053000000000000005,2.5951999999999997,2.6135,219.46703559875922,219.46703559875922
4jsz,3.0,14.0,10,1.0565339527508757,2.9270606999999975,1.0,0.07000000000000002,2.5336000000000003,2.5518000000000005,160.776461233104,160.776461233104
4jsz,2.5,6.0,10,0.43266667696150984,2.915093699999997,1.0,0.07699999999999999,2.5653999999999995,2.5798,147.4439886794633,147.4439886794633
3nq9,3.0,12.0,10,0.7624192388077091,4.594728499999995,1.0,0.049999999999999996,2.3292,2.3343,209.11821955048498,209.11821955048498
4jsz,1.0,15.0,10,0.9919187261976694,2.7693777,1.0,0.09999999999999999,2.3442,2.3548999999999998,102.46191263008863,102.46191263008863
3nq9,9.0,20.0,10,0.46625992208700306,4.676686800000004,1.0,0.04499999999999999,2.4349999999999996,2.4395,243.5410559532907,243.5410559532907
3nq9,0.1,9.0,10,0.6889329579963634,4.727451300000006,0.04699999999999999,0.0020000000000000005,1.9067,1.9111999999999998,4385.947192903295,4385.947192903295
4jsz,9.0,2.0,10,0.7125017852609876,2.914858599999998,1.0,0.06000000000000001,2.4206000000000003,2.441,180.1568035497792,180.1568035497792
4jsz,0.5,5.0,10,0.9919187261976694,2.559136600000002,0.559,0.03699999999999999,2.393,2.4181999999999997,292.2977846503819,292.2977846503819
3nq9,1.0,13.0,10,0.7624192388077091,4.609743899999999,1.0,0.053000000000000005,2.1759,2.184,184.00829329506013,184.00829329506013
4jsz,4.5,9.0,10,1.059228713857196,3.026062400000004,1.0,0.053000000000000005,2.6178,2.6252,221.37823897596792,221.37823897596792
3nq9,4.0,5.0,10,0.587958577933317,4.759287499999999,1.0,0.039999999999999994,2.4341,2.4392000000000005,274.59326476935564,274.59326476935564
3nq9,6.0,6.0,10,0.664849113521406,4.742801100000002,1.0,0.040999999999999995,2.4687,2.4743000000000004,271.5633530580398,271.5633530580398
3nq9,9.5,10.0,10,0.7126838412832457,4.799819900000002,1.0,0.03699999999999999,2.4844,2.4956,303.4620209717546,303.4620209717546
4jsz,9.5,16.0,10,0.9065651860139352,3.468496699999993,1.0,0.024999999999999998,2.7115,2.7472000000000003,493.2069540560163,493.2069540560163
3nq9,7.5,20.0,10,0.590990403057459,4.601788199999999,1.0,0.05800000000000001,2.4240000000000004,2.4314,186.8273089157527,186.8273089157527
3nq9,9.5,4.0,10,0.664849113521406,4.670060899999998,1.0,0.04599999999999999,2.5359,2.5492999999999997,247.99007055031188,247.99007055031188
3nq9,1.0,19.0,10,0.7624192388077091,4.662256499999995,1.0,0.04299999999999999,2.1395,2.1483,224.17152406434334,224.17152406434334
4jsz,9.0,8.0,10,0.7917358111635774,3.3842428999999976,1.0,0.03500000000000001,2.6994,2.7191,348.9245352121228,348.9245352121228
3nq9,0.1,3.0,10,0.42181529246046834,4.7039152000000035,0.05800000000000001,0.004000000000000001,1.9998999999999998,2.0294000000000003,2297.861947696444,2297.861947696444
3nq9,10.0,17.0,10,0.7624192388077091,4.748793500000004,1.0,0.039999999999999994,2.4720000000000004,2.4803,278.8688018199117,278.8688018199117
3nq9,3.0,18.0,10,0.7479297007123636,4.671624499999998,1.0,0.04599999999999999,2.2903,2.2954999999999997,223.97241948869404,223.97241948869404
4jsz,9.5,12.0,10,0.9975064307290532,3.4319402000000077,1.0,0.019999999999999997,2.7464000000000004,2.7773,626.0368573389103,626.0368573389103
4jsz,7.0,18.0,10,0.6431324531984809,3.3195590000000017,1.0,0.03200000000000001,2.619,2.6257,370.84123926991185,370.84123926991185
3nq9,9.5,14.0,10,0.7473726179221493,4.653334300000004,1.0,0.03200000000000001,2.4691,2.4729999999999994,349.61592358966755,349.61592358966755
3nq9,6.0,2.0,10,0.5838652895106231,4.707532499999992,1.0,0.031000000000000007,2.5109000000000004,2.5204,367.19202506720006,367.19202506720006
3nq9,4.0,1.0,10,0.8226019338392094,4.634095699999998,1.0,0.03799999999999999,2.47,2.4789,293.61195549260793,293.61195549260793
4jsz,3.5,20.0,10,0.9919187261976694,2.9744833999999982,1.0,0.06299999999999999,2.5092,2.5123000000000006,177.57704710048603,177.57704710048603
4jsz,5.0,19.0,10,0.7387117379366969,3.1287114999999983,1.0,0.04499999999999999,2.6028,2.6295,260.3238851890041,260.3238851890041
3nq9,2.0,4.0,10,0.7624192388077091,4.622908100000001,1.0,0.053000000000000005,2.3476000000000004,2.3525,198.5283649705792,198.5283649705792
3nq9,10.0,13.0,10,0.527084194337272,4.716766899999993,1.0,0.04299999999999999,2.4841,2.4963000000000006,260.27786068157764,260.27786068157764
4jsz,2.5,8.0,10,0.43266667696150984,2.879127499999997,1.0,0.07399999999999998,2.5346,2.5372999999999997,151.82239593936217,151.82239593936217
3nq9,4.5,0.1,10,0.8226019338392094,4.599555700000004,1.0,0.041999999999999996,2.5199999999999996,2.5387000000000004,270.46620276580694,270.46620276580694
3nq9,0.1,7.0,10,0.8899601675337612,4.712470599999996,0.05600000000000001,0.0010000000000000002,1.9300000000000002,1.9439,8883.53372869209,8883.53372869209
4jsz,5.0,13.0,10,0.9919187261976694,3.0641142000000046,1.0,0.05700000000000001,2.6112,2.6186,204.89395181014442,204.89395181014442
4jsz,4.5,7.0,10,0.8682059700502103,3.071229699999999,1.0,0.053000000000000005,2.6424,2.6492,223.45857539540742,223.45857539540742
3nq9,5.0,15.0,10,0.6756799165122086,4.711188999999998,1.0,0.04499999999999999,2.4173,2.4208000000000003,241.77075751781913,241.77075751781913
4jsz,0.1,0.1,10,1.6763595538271185,2.0722983999999864,0.0,0.0,2.556,2.5614,,
3nq9,6.0,8.0,10,0.4159332753613928,4.677904300000001,1.0,0.04499999999999999,2.4534000000000002,2.4578999999999995,245.38136619129506,245.38136619129506
4jsz,7.0,12.0,10,1.026122959627354,3.2973636000000033,1.0,0.03699999999999999,2.6697,2.6770999999999994,326.09586112876076,326.09586112876076
4jsz,6.5,4.0,10,0.43266667696150984,3.0400982999999973,1.0,0.05500000000000001,2.5851,2.5963000000000003,210.44284036736343,210.44284036736343
3nq9,7.0,14.0,10,0.7589985050977532,4.654982100000004,1.0,0.04499999999999999,2.433,2.4383,243.3410222317685,243.3410222317685
4jsz,9.5,18.0,10,1.1086449599324062,3.417282999999995,1.0,0.03300000000000001,2.6748,2.6978999999999997,367.07657642137974,367.07657642137974
4jsz,9.0,6.0,10,0.809708761832443,3.2327637999999936,1.0,0.03200000000000001,2.6466,2.6841999999999997,374.7493027307173,374.7493027307173
4jsz,0.5,1.0,10,0.9919187261976694,2.5891126999999985,0.5600000000000002,0.03200000000000001,2.5068,2.5158,354.9541117227244,354.9541117227244
3nq9,1.0,17.0,10,0.8226019338392094,4.649447900000004,1.0,0.06000000000000001,2.1373,2.1463,159.07177403410023,159.07177403410023
4jsz,1.0,11.0,10,0.9919187261976694,2.7859675999999998,1.0,0.10500000000000001,2.3717000000000006,2.3844000000000003,98.45784247936771,98.45784247936771
4jsz,2.5,2.0,10,0.8044218657590132,2.898726799999998,1.0,0.06600000000000002,2.5626000000000007,2.5704000000000002,172.83845168451643,172.83845168451643
3nq9,3.0,16.0,10,0.755828817852577,4.710448600000004,1.0,0.04499999999999999,2.3152999999999997,2.3228,231.5690377201865,231.5690377201865
3nq9,10.0,19.0,10,0.838535793680619,4.715992000000001,1.0,0.03899999999999999,2.483,2.5043999999999995,287.44061073585897,287.44061073585897
4jsz,3.0,10.0,10,0.8682059700502103,2.944171199999997,1.0,0.07699999999999999,2.5565999999999995,2.5671,146.93821683087077,146.93821683087077
3nq9,8.0,13.0,10,0.4159332753613928,4.708245499999998,1.0,0.040999999999999995,2.4565,2.459,270.22132166203863,270.22132166203863
3nq9,4.5,4.0,10,0.7624192388077091,4.771336500000003,1.0,0.03899999999999999,2.4583,2.4737,284.5812538751358,284.5812538751358
4jsz,4.0,8.0,10,0.9919187261976694,3.0155630999999943,1.0,0.06499999999999999,2.6240999999999994,2.6329000000000002,179.80437279625616,179.80437279625616
3nq9,6.5,19.0,10,0.755828817852577,4.708967499999995,1.0,0.03699999999999999,2.4164,2.4204999999999997,295.15602458386246,295.15602458386246
4jsz,8.0,15.0,10,0.7125017852609876,3.292243100000001,1.0,0.03799999999999999,2.6587,2.6681,316.04295792234683,316.04295792234683
4jsz,10.0,3.0,10,0.43266667696150984,2.964178899999994,1.0,0.060999999999999985,2.469,2.4739,180.65143565843184,180.65143565843184
3nq9,2.0,0.1,10,0.7624192388077091,4.759437099999999,1.0,0.049999999999999996,2.4583,2.4683,220.70896407391265,220.70896407391265
3nq9,10.0,5.0,10,0.7169013419085368,4.690179300000002,1.0,0.04499999999999999,2.5307000000000004,2.5371999999999995,253.1126695281285,253.1126695281285
3nq9,6.5,7.0,10,0.7624192388077091,4.737167899999997,1.0,0.03599999999999999,2.4682,2.4800999999999997,310.01761668497085,310.01761668497085
3nq9,4.5,18.0,10,0.7624192388077091,4.637740600000002,1.0,0.052000000000000005,2.3712000000000004,2.3788000000000005,204.48727929214232,204.48727929214232
4jsz,9.5,9.0,10,0.8860264327175693,3.4140389000000013,1.0,0.031000000000000007,2.6799999999999997,2.6864999999999997,391.9210749851035,391.9210749851035
3nq9,9.0,5.0,10,0.7126838412832457,4.710836000000001,1.0,0.039999999999999994,2.4989999999999997,2.5029999999999997,281.91469892716805,281.91469892716805
3nq9,0.5,2.0,10,0.7624192388077091,4.542009800000004,0.999,0.05899999999999998,2.2382999999999997,2.2424,169.50155889182182,169.50155889182182
3nq9,2.5,1.0,10,0.7479297007123636,4.720728100000002,1.0,0.03500000000000001,2.4323,2.4353,314.39918018687354,314.39918018687354
3nq9,4.5,12.0,10,0.6753976907567608,4.62124859999999,1.0,0.053000000000000005,2.3908,2.3982,202.18163868276568,202.18163868276568
4jsz,6.0,1.0,10,0.9919187261976694,2.933380200000005,1.0,0.07699999999999999,2.2946999999999997,2.3033999999999994,131.88575692787262,131.88575692787262
4jsz,4.5,14.0,10,0.6737625626941022,3.0722801,1.0,0.06800000000000002,2.6165,2.6335,171.1020469391446,171.1020469391446
4jsz,10.0,9.0,10,1.225587543827451,3.447659699999999,1.0,0.024999999999999998,2.676100000000001,2.6841,486.76788853007747,486.76788853007747
3nq9,6.5,13.0,10,0.7624192388077091,4.700076099999997,1.0,0.03799999999999999,2.4281999999999995,2.4317,288.6431377842715,288.6431377842715
4jsz,6.5,15.0,10,1.2051226224049885,3.298794899999998,1.0,0.03599999999999999,2.634,2.6405000000000003,330.8428824034573,330.8428824034573
4jsz,4.0,2.0,10,0.9919187261976694,2.9088554000000006,1.0,0.09099999999999998,2.5016000000000003,2.5061999999999998,120.7449053877669,120.7449053877669
3nq9,8.0,19.0,10,0.9142840575452562,4.679722700000001,1.0,0.04499999999999999,2.4318999999999997,2.436,243.2310036849313,243.2310036849313
4jsz,0.5,16.0,10,0.9919187261976694,2.576093499999999,0.5389999999999999,0.03400000000000001,2.274,2.2923,302.7383525805891,302.7383525805891
3nq9,0.5,10.0,10,0.7624192388077091,4.6772632,0.9960000000000002,0.053000000000000005,2.108,2.1139,178.2662265113226,178.2662265113226
4jsz,2.0,7.0,10,0.9919187261976694,2.8828756999999987,1.0,0.07299999999999998,2.532,2.5494,153.82621823977496,153.82621823977496
4jsz,6.5,0.1,10,0.8044218657590132,2.9510875000000025,0.5620000000000002,0.04299999999999999,1.9435999999999996,1.9616,203.6456060628454,203.6456060628454
4jsz,2.5,17.0,10,0.43266667696150984,2.910097699999998,1.0,0.06800000000000002,2.4627,2.4692999999999996,161.04452933194403,161.04452933194403
4jsz,0.1,4.0,10,0.985878631733742,2.2275888999999975,0.0,0.0,2.0764000000000005,2.0799999999999996,,
3nq9,0.5,8.0,10,0.7624192388077091,4.652893600000005,1.0,0.04299999999999999,2.1548000000000003,2.1645,225.77462026354152,225.77462026354152
3nq9,2.5,11.0,10,0.8226019338392094,4.6855676,1.0,0.047999999999999994,2.3131999999999997,2.3167999999999997,216.56082114400488,216.56082114400488
4jsz,9.5,3.0,10,0.8044218657590132,2.9421137000000046,1.0,0.07299999999999998,2.4778000000000002,2.4857,150.53341372611152,150.53341372611152
4jsz,3.0,2.0,10,0.9919187261976694,2.874003800000001,1.0,0.07799999999999999,2.5349999999999997,2.5386999999999995,143.75198194739724,143.75198194739724
3nq9,5.5,13.0,10,0.7624192388077091,4.581254299999997,1.0,0.052000000000000005,2.4302999999999995,2.4477,209.58393845466162,209.58393845466162
4jsz,5.5,15.0,10,0.6358948560903536,3.1558849000000007,1.0,0.03599999999999999,2.6040000000000005,2.6068,327.074740234853,327.074740234853
4jsz,1.0,1.0,10,0.9919187261976694,2.7806726999999962,1.0,0.08899999999999998,2.5527,2.5596000000000005,126.1164849194568,126.1164849194568
4jsz,8.5,6.0,10,1.0511888809237775,3.243676100000001,1.0,0.04399999999999999,2.6437,2.6522999999999994,270.5644690277459,270.5644690277459
3nq9,7.5,12.0,10,1.0001268255528015,4.682170599999994,1.0,0.03500000000000001,2.4506,2.4531,316.76463880522647,316.76463880522647
4jsz,7.5,14.0,10,1.025033575763729,3.3128804,1.0,0.03400000000000001,2.6704,2.6848,355.51121228285183,355.51121228285183
3nq9,9.0,18.0,10,0.855562230375505,4.725236999999998,1.0,0.04499999999999999,2.443,2.4462,244.34119083937952,244.34119083937952
3nq9,7.5,8.0,10,0.6353605690087675,4.743541700000002,1.0,0.04499999999999999,2.4704,2.473,247.08165282423383,247.08165282423383
4jsz,7.0,4.0,10,0.5540662123886708,3.047737099999996,1.0,0.051000000000000004,2.5833,2.5894999999999997,227.2652536879807,227.2652536879807
4jsz,0.1,19.0,10,0.7354657244742892,2.2358298000000003,0.0,0.0,2.0122,2.0304,,
4jsz,1.5,17.0,10,0.9919187261976694,2.8453679999999997,1.0,0.08199999999999999,2.3872,2.392,128.49150999989925,128.49150999989925
3nq9,1.5,11.0,10,0.7624192388077091,4.588833499999992,1.0,0.049999999999999996,2.2382,2.2456,200.94813626906043,200.94813626906043
4jsz,5.0,7.0,10,0.8044218657590132,3.1242358999999977,1.0,0.052000000000000005,2.6463,2.6688,228.21132219584865,228.21132219584865
4jsz,3.5,16.0,10,0.8682059700502103,2.945033899999998,1.0,0.060999999999999985,2.5130000000000003,2.5158999999999994,183.8708213080758,183.8708213080758
4jsz,1.5,0.1,10,1.1342465633808916,2.8977579999999987,0.5099999999999999,0.03599999999999999,2.0297,2.0330999999999997,254.93993865387137,254.93993865387137
3nq9,3.5,10.0,10,0.638272240047949,4.635780000000002,1.0,0.05700000000000001,2.3943000000000003,2.4095,187.87438297297368,187.87438297297368
3nq9,9.0,12.0,10,0.8262330902512154,4.681874299999998,1.0,0.04699999999999999,2.4859,2.5046000000000004,237.80438950389185,237.80438950389185
3nq9,7.5,18.0,10,0.816948673058169,4.632538799999997,1.0,0.039999999999999994,2.427,2.4326,273.7923066411512,273.7923066411512
4jsz,9.0,14.0,10,0.43266667696150984,3.3943704000000006,1.0,0.031000000000000007,2.6745,2.6848,391.1167593461415,391.1167593461415
3nq9,5.0,0.1,10,0.664849113521406,4.682203999999998,1.0,0.041999999999999996,2.5073999999999996,2.515199999999999,269.11387175197785,269.11387175197785
3nq9,1.5,7.0,10,0.7624192388077091,4.689944900000007,1.0,0.052000000000000005,2.2661000000000007,2.27,195.42367729585183,195.42367729585183
4jsz,10.0,10.0,10,0.9776917705431785,3.4715131000000037,1.0,0.030000000000000006,2.6825,2.6879999999999997,405.5709272841328,405.5709272841328
3nq9,5.5,19.0,10,0.8226019338392094,4.704906799999992,1.0,0.026000000000000002,2.3927,2.398,418.2660574939706,418.2660574939706
3nq9,3.0,20.0,10,0.7624192388077091,4.634995299999997,1.0,0.05600000000000001,2.3036,2.3122,184.08178641434975,184.08178641434975
3nq9,3.5,4.0,10,0.7624192388077091,4.714870400000008,1.0,0.039999999999999994,2.4256999999999995,2.4297,273.64565233598694,273.64565233598694
4jsz,3.0,8.0,10,0.9919187261976694,2.9500995000000008,1.0,0.06699999999999999,2.567,2.5723999999999996,170.46082982710521,170.46082982710521
3nq9,5.5,1.0,10,0.664849113521406,4.69940290000001,1.0,0.04599999999999999,2.5097,2.5163999999999995,245.4279269924357,245.4279269924357
4jsz,0.1,13.0,10,1.0067414069348037,2.2448123000000004,0.0,0.0,2.0138000000000003,2.0199,,
3nq9,0.1,15.0,10,0.7457471682544223,4.684197700000005,0.04599999999999999,0.0,1.8843999999999999,1.9038,,
3nq9,7.5,2.0,10,0.7624192388077091,4.782398099999994,1.0,0.03699999999999999,2.5032,2.5096999999999996,305.7583846789954,305.7583846789954
3nq9,1.0,8.0,10,0.7624192388077091,4.631601699999998,1.0,0.060999999999999985,2.2062999999999997,2.2127000000000003,161.43023997294375,161.43023997294375
4jsz,8.0,3.0,10,0.8044218657590132,2.951129499999999,1.0,0.07699999999999999,2.5025999999999997,2.5084999999999997,143.83461685087116,143.83461685087116
4jsz,1.5,4.0,10,0.9919187261976694,2.856228600000001,1.0,0.08999999999999998,2.5123,2.5177000000000005,122.67506843470316,122.67506843470316
4jsz,4.0,12.0,10,0.8682059700502103,3.0433445000000003,1.0,0.052000000000000005,2.5743,2.5774,222.00219428211963,222.00219428211963
3nq9,4.0,14.0,10,0.7624192388077091,4.736096000000001,1.0,0.041999999999999996,2.3657000000000004,2.3723,253.90551423931328,253.90551423931328
4jsz,3.5,7.0,10,0.7387117379366969,2.984161599999996,1.0,0.06200000000000001,2.5927999999999995,2.5967000000000007,186.55142099452482,186.55142099452482
4jsz,6.0,13.0,10,0.9486651723876143,3.1799912999999966,1.0,0.040999999999999995,2.6254,2.6283000000000003,288.8007563165139,288.8007563165139
4jsz,7.0,0.1,10,0.9919187261976694,2.9827526999999994,0.537,0.03899999999999999,1.9392,1.9571999999999998,224.48845442568577,224.48845442568577
3nq9,6.0,15.0,10,0.7481995061635909,4.662633200000001,1.0,0.04599999999999999,2.4125000000000005,2.4208,235.9225699761928,235.9225699761928
4jsz,8.5,19.0,10,0.31132675325601145,3.3544517999999988,1.0,0.03300000000000001,2.6749,2.7064,367.09029993627513,367.09029993627513
4jsz,5.5,2.0,10,0.9919187261976694,2.8904779,1.0,0.07799999999999999,2.4592,2.4667000000000003,139.45359921303324,139.45359921303324
4jsz,7.5,1.0,10,0.9919187261976694,2.871442999999996,1.0,0.10300000000000001,2.2914000000000003,2.2977000000000003,97.0776777175815,97.0776777175815
3nq9,2.0,17.0,10,0.755828817852577,4.667345400000001,1.0,0.051000000000000004,2.2405,2.246,197.1074985049823,197.1074985049823
4jsz,2.0,11.0,10,0.9919187261976694,2.9086811999999975,1.0,0.07999999999999999,2.4849,2.4899,137.24114394969897,137.24114394969897
4jsz,8.5,13.0,10,0.7810799596579571,3.3907887000000025,1.0,0.03200000000000001,2.7347,2.7645000000000004,387.2239545748102,387.2239545748102
4jsz,6.0,19.0,10,1.0565339527508757,3.204981700000002,1.0,0.052000000000000005,2.5904,2.5947999999999998,223.3906242739396,223.3906242739396
4jsz,0.5,20.0,10,0.9919187261976694,2.5500035999999997,0.5339999999999999,0.031000000000000007,2.2663,2.2788999999999997,331.4219150144552,331.4219150144552
3nq9,8.5,15.0,10,0.43291474546703446,4.634043500000006,1.0,0.049999999999999996,2.4553999999999996,2.4753999999999996,220.44859878252652,220.44859878252652
3nq9,3.0,1.0,10,0.7624192388077091,4.635602200000002,1.0,0.040999999999999995,2.4506,2.4535,269.5723064787266,269.5723064787266
4jsz,4.0,18.0,10,0.8682059700502103,2.983093800000003,1.0,0.06000000000000001,2.5484,2.5595000000000003,189.66851118163157,189.66851118163157
4jsz,8.0,9.0,10,0.9504881113503936,3.3867750000000028,1.0,0.040999999999999995,2.6823,2.6917999999999997,295.05990274540454,295.05990274540454
3nq9,1.0,2.0,10,0.7624192388077091,4.671625899999996,1.0,0.04499999999999999,2.3243,2.3349,232.46918946703636,232.46918946703636
3nq9,8.5,5.0,10,0.638272240047949,4.677444899999999,1.0,0.03699999999999999,2.5074999999999994,2.5164,306.28361680352384,306.28361680352384
3nq9,3.5,0.1,10,0.755828817852577,4.682221700000002,1.0,0.03799999999999999,2.5064,2.5197000000000003,297.93886852092,297.93886852092
3nq9,7.0,7.0,10,0.5699861559324456,4.6410384,1.0,0.048999999999999995,2.4867,2.4977,227.93390593784957,227.93390593784957
3nq9,5.0,4.0,10,0.5838652895106231,4.6805577,1.0,0.04699999999999999,2.4588,2.4645,235.2119686681561,235.2119686681561
4jsz,5.5,8.0,10,0.8682059700502103,3.194891999999999,1.0,0.03799999999999999,2.6675,2.6947,317.0890248083124,317.0890248083124
3nq9,1.0,6.0,10,0.7624192388077091,4.726620199999998,1.0,0.04599999999999999,2.2382999999999997,2.2443,218.88724906848182,218.88724906848182
3nq9,8.5,1.0,10,0.5229274123870341,4.766234099999998,1.0,0.051000000000000004,2.5336000000000003,2.5523999999999996,222.8929070351365,222.8929070351365
3nq9,8.5,11.0,10,0.800531506280356,4.733871000000007,1.0,0.03799999999999999,2.4623,2.4642000000000004,292.69664696738806,292.69664696738806
4jsz,8.5,17.0,10,0.7682658955214486,3.384703199999998,1.0,0.028000000000000004,2.7031,2.7399,438.3262627001639,438.3262627001639
4jsz,3.5,9.0,10,0.9919187261976694,3.003809800000002,1.0,0.06400000000000002,2.5882,2.5982,180.2107206860091,180.2107206860091
3nq9,3.0,5.0,10,0.664849113521406,4.6940927999999955,1.0,0.04699999999999999,2.4179000000000004,2.4459,231.2994220931896,231.2994220931896
3nq9,8.0,0.1,10,0.8119423045908138,4.6964212000000005,1.0,0.04699999999999999,2.5216999999999996,2.525,241.22906352305563,241.22906352305563
3nq9,2.0,19.0,10,0.7624192388077091,4.678904399999995,1.0,0.052000000000000005,2.2333000000000007,2.2381,192.59507457959748,192.59507457959748
3nq9,4.5,20.0,10,0.7624192388077091,4.666496600000001,1.0,0.051000000000000004,2.3663999999999996,2.3727,208.18352352697616,208.18352352697616
3nq9,7.0,3.0,10,0.7589985050977532,4.715842799999997,1.0,0.041999999999999996,2.4993999999999996,2.5052999999999996,268.25524888605463,268.25524888605463
4jsz,3.5,3.0,10,0.9919187261976694,2.9371746,1.0,0.06499999999999999,2.6071,2.619,178.6395260535496,178.6395260535496
3nq9,6.0,11.0,10,0.7960992333059184,4.7398013000000025,1.0,0.04299999999999999,2.4398,2.4526,255.6362161309581,255.6362161309581
4jsz,6.0,17.0,10,0.8607294948899078,3.2138117,1.0,0.051000000000000004,2.6083000000000003,2.6151999999999993,229.46462323166497,229.46462323166497
4jsz,8.0,7.0,10,0.9919187261976694,3.3245857000000063,1.0,0.03500000000000001,2.6626000000000003,2.6733000000000002,344.167765968659,344.167765968659
3nq9,4.0,10.0,10,0.7624192388077091,4.692589800000005,1.0,0.05899999999999998,2.3916999999999997,2.4006,181.11820506704652,181.11820506704652
4jsz,4.0,16.0,10,0.8682059700502103,3.0505352999999995,1.0,0.06299999999999999,2.5585,2.5635000000000003,181.06602702319208,181.06602702319208
4jsz,7.5,5.0,10,0.9919187261976694,3.161491299999998,1.0,0.04699999999999999,2.6283000000000003,2.649,251.42655655218582,251.42655655218582
3nq9,7.0,9.0,10,0.6171821872831159,4.761630500000003,1.0,0.03400000000000001,2.4566000000000003,2.4616,327.0479494061017,327.0479494061017
4jsz,2.0,15.0,10,0.9919187261976694,2.854697099999995,1.0,0.09299999999999999,2.4585000000000004,2.4703000000000004,115.9869151797448,115.9869151797448
3nq9,2.0,13.0,10,0.7624192388077091,4.704789500000001,1.0,0.04699999999999999,2.2848,2.2983,218.56690499959456,218.56690499959456
4jsz,5.5,6.0,10,0.9919187261976694,3.1334280999999997,1.0,0.05600000000000001,2.6660999999999997,2.6795,213.04933615180494,213.04933615180494
4jsz,9.0,10.0,10,1.0414098634548739,3.4331064999999965,1.0,0.029000000000000005,2.6893000000000002,2.7046,420.8353613503089,420.8353613503089
3nq9,9.0,16.0,10,0.7633139553122136,4.691319800000001,1.0,0.03899999999999999,2.4481,2.4538,283.40046683143635,283.40046683143635
3nq9,8.0,4.0,10,0.7519396011248755,4.677441700000005,1.0,0.039999999999999994,2.5133,2.5232,283.5278962839742,283.5278962839742
3nq9,1.5,3.0,10,0.7624192388077091,4.594620399999998,1.0,0.048999999999999995,2.3443,2.3548,214.88135106369924,214.88135106369924
4jsz,10.0,14.0,10,1.0412017748653501,3.4833302999999995,1.0,0.03699999999999999,2.6667,2.673,325.7294201116479,325.7294201116479
4jsz,8.5,8.0,10,1.0780580790735872,3.290675300000001,1.0,0.04399999999999999,2.6727000000000003,2.683,273.5324190984062,273.5324190984062
4jsz,1.5,19.0,10,0.9919187261976694,2.846974499999998,1.0,0.08499999999999999,2.3802,2.3842,123.3938569486473,123.3938569486473
4jsz,7.0,20.0,10,0.7861790181984719,3.288445799999997,1.0,0.04499999999999999,2.6247,2.636,262.51425443967236,262.51425443967236
3nq9,0.1,11.0,10,0.705652279011748,4.7026010000000005,0.04299999999999999,0.0010000000000000002,1.8885999999999998,1.8984999999999999,8692.975025910819,8692.975025910819
3nq9,7.5,6.0,10,0.6753976907567608,4.740756000000003,1.0,0.027000000000000003,2.4869999999999997,2.4925000000000006,418.4346902277536,418.4346902277536
4jsz,0.1,17.0,10,0.9574938623706644,2.263544599999997,0.0,0.0,2.0047,2.0099,,
4jsz,3.5,18.0,10,1.0165975088958432,2.9848575,1.0,0.05500000000000001,2.5175000000000005,2.5225999999999997,204.93978980497369,204.93978980497369
4jsz,5.0,9.0,10,0.7125017852609876,3.107433500000003,1.0,0.047999999999999994,2.6304000000000003,2.6384,246.25695311135672,246.25695311135672
3nq9,5.5,5.0,10,0.8119423045908138,4.735683399999998,1.0,0.04299999999999999,2.481099999999999,2.4895,259.9635280934995,259.9635280934995
4jsz,1.0,5.0,10,0.9919187261976694,2.8015144999999992,1.0,0.07699999999999999,2.4341999999999997,2.4401,139.9033902095383,139.9033902095383
4jsz,8.5,2.0,10,0.9919187261976694,2.8370059999999966,1.0,0.09799999999999999,2.4222,2.4408000000000003,108.1497105640357,108.1497105640357
3nq9,1.5,9.0,10,0.755828817852577,4.641856500000009,1.0,0.06200000000000001,2.258,2.2684,162.4626305945839,162.4626305945839
4jsz,7.5,10.0,10,0.9483360468692579,3.3481849999999973,1.0,0.03300000000000001,2.6627,2.6723,365.4160311190399,365.4160311190399
3nq9,7.5,16.0,10,0.755828817852577,4.638916999999994,1.0,0.03799999999999999,2.4348,2.443,289.42768794874564,289.42768794874564
4jsz,3.0,6.0,10,0.9919187261976694,2.923279999999997,1.0,0.06400000000000002,2.5913,2.5942999999999996,180.42656692437038,180.42656692437038
4jsz,5.5,11.0,10,1.1342465633808916,3.178107200000006,1.0,0.04499999999999999,2.6253,2.6390000000000002,262.57426455612904,262.57426455612904
3nq9,5.5,17.0,10,0.6630515084613052,4.633103399999995,1.0,0.041999999999999996,2.3954,2.4074999999999998,257.09315162905307,257.09315162905307
4jsz,5.0,3.0,10,0.5289831945263125,2.9239584999999986,1.0,0.06600000000000002,2.5585999999999998,2.5622,172.56866560524614,172.56866560524614
3nq9,3.5,14.0,10,0.7373797201281233,4.650717499999998,1.0,0.054000000000000006,2.3659,2.3770000000000002,196.26806467775017,196.26806467775017
4jsz,3.5,12.0,10,0.9919187261976694,2.962318599999996,1.0,0.07099999999999998,2.5615,2.5709,160.17240462962312,160.17240462962312
3nq9,1.5,15.0,10,0.8226019338392094,4.672105500000003,1.0,0.03599999999999999,2.2203999999999997,2.2286000000000006,278.8927623722994,278.8927623722994
4jsz,9.5,20.0,10,0.7548425530869575,3.482470799999999,1.0,0.024999999999999998,2.6489,2.6593000000000004,481.8203579564748,481.8203579564748
4jsz,1.5,13.0,10,0.9919187261976694,2.830269200000001,1.0,0.10200000000000001,2.4139999999999997,2.424,103.33093887827776,103.33093887827776
4jsz,9.5,0.1,10,0.9919187261976694,3.0135483000000005,0.5440000000000002,0.05500000000000001,1.9344000000000001,1.9577000000000002,157.4719084006916,157.4719084006916
4jsz,5.0,14.0,10,0.5739941579572335,3.117365599999998,1.0,0.04499999999999999,2.6244000000000005,2.6381,262.48424938144404,262.48424938144404
3nq9,5.0,12.0,10,0.7690936014343938,4.685020799999996,1.0,0.04299999999999999,2.4242000000000004,2.4461,254.00168667295216,254.00168667295216
4jsz,6.5,3.0,10,0.7387117379366969,2.9409881000000055,1.0,0.07199999999999998,2.5218000000000003,2.5339,155.4171177124396,155.4171177124396
4jsz,7.0,15.0,10,1.130907660806127,3.3040822,1.0,0.030000000000000006,2.6329,2.6384,398.07183390359484,398.07183390359484
3nq9,9.5,19.0,10,0.47493246958512303,4.638744699999996,1.0,0.052000000000000005,2.4848999999999997,2.5005,214.29252712257275,214.29252712257275
3nq9,7.0,13.0,10,0.819425731693695,4.667085000000006,1.0,0.03500000000000001,2.4425000000000003,2.4555,315.7176325315292,315.7176325315292
3nq9,1.0,10.0,10,0.7624192388077091,4.614215400000005,1.0,0.054000000000000006,2.2099,2.2343,183.3267661910309,183.3267661910309
4jsz,9.0,1.0,10,0.9919187261976694,2.9111290000000056,1.0,0.07299999999999998,2.2572,2.2616,137.13133483839653,137.13133483839653
4jsz,0.5,6.0,10,0.9919187261976694,2.5691703000000006,0.5389999999999999,0.03400000000000001,2.3655999999999997,2.3841,314.9330900899919,314.9330900899919
4jsz,1.0,16.0,10,0.9919187261976694,2.7604993000000024,1.0,0.08799999999999998,2.3329999999999997,2.3416,116.63494921742362,116.63494921742362
3nq9,2.0,9.0,10,0.7624192388077091,4.685584999999997,1.0,0.047999999999999994,2.2956000000000003,2.2999,214.91311646990212,214.91311646990212
4jsz,2.5,5.0,10,0.9919187261976694,2.8567582000000025,1.0,0.08699999999999998,2.5699999999999994,2.5757000000000003,130.03038459610246,130.03038459610246
3nq9,3.0,11.0,10,0.7479297007123636,4.701352199999995,1.0,0.04299999999999999,2.3506000000000005,2.357,246.29006051210348,246.29006051210348
4jsz,3.0,17.0,10,1.0565339527508757,2.921033,1.0,0.06600000000000002,2.4928999999999997,2.4978000000000002,168.1374292532315,168.1374292532315
3nq9,1.5,20.0,10,0.755828817852577,4.6806969,1.0,0.052000000000000005,2.1854,2.1899,188.46427975921387,188.46427975921387
3nq9,7.0,19.0,10,0.9510545890469742,4.726295900000005,1.0,0.03799999999999999,2.4134,2.4192,286.88384347605665,286.88384347605665
4jsz,9.5,15.0,10,0.8341547819938275,3.4539791000000006,1.0,0.029000000000000005,2.7142000000000004,2.7377000000000002,424.7318401729106,424.7318401729106
3nq9,6.0,5.0,10,0.4497409519633503,4.648670999999999,1.0,0.053000000000000005,2.4846,2.49,210.11397836339285,210.11397836339285
3nq9,9.5,13.0,10,0.7960992333059184,4.6654461,1.0,0.049999999999999996,2.4695,2.4834000000000005,221.71451278547255,221.71451278547255
4jsz,6.5,9.0,10,0.851412749311623,3.2807108000000023,1.0,0.03200000000000001,2.6726,2.6912999999999996,378.43081178799787,378.43081178799787
3nq9,5.0,18.0,10,0.664849113521406,4.742270200000001,1.0,0.03899999999999999,2.3899,2.4066,276.66303487621,276.66303487621
3nq9,4.0,6.0,10,0.8226019338392094,4.6670296999999925,1.0,0.039999999999999994,2.4278,2.4326999999999996,273.88255544432917,273.88255544432917
4jsz,10.0,0.1,10,0.9919187261976694,2.9916973,0.5179999999999999,0.03799999999999999,1.9022,1.9058,226.11686710042054,226.11686710042054
3nq9,10.0,14.0,10,0.558362997884675,4.804622899999999,1.0,0.029000000000000005,2.4791,2.4942,387.9421947434466,387.9421947434466
3nq9,2.0,3.0,10,0.7373797201281233,4.626585600000001,1.0,0.06600000000000002,2.3844000000000003,2.3899999999999997,160.81948185302468,160.81948185302468
3nq9,9.5,7.0,10,0.5838652895106231,4.783620400000002,1.0,0.03200000000000001,2.4995000000000003,2.5055,353.9204572566417,353.9204572566417
3nq9,10.0,8.0,10,0.5240847576969409,4.663670199999999,1.0,0.03799999999999999,2.5303,2.5507999999999997,300.77989108621284,300.77989108621284
3nq9,4.5,15.0,10,0.7624192388077091,4.655073900000003,1.0,0.03799999999999999,2.3829000000000002,2.4095,283.25827074628967,283.25827074628967
4jsz,4.5,13.0,10,0.5254660764146142,3.080642699999998,1.0,0.060999999999999985,2.5955000000000004,2.6019,189.90716940115828,189.90716940115828
4jsz,6.0,6.0,10,0.6358948560903536,3.2050712999999993,1.0,0.04699999999999999,2.6856,2.6942,256.907948208557,256.907948208557
3nq9,6.5,14.0,10,0.7373797201281233,4.7305198999999964,1.0,0.03699999999999999,2.4273000000000002,2.4328,296.48742694603925,296.48742694603925
4jsz,8.0,18.0,10,1.198587809716425,3.3446898000000074,1.0,0.030000000000000006,2.6413,2.6559999999999997,399.3418416535246,399.3418416535246
3nq9,4.5,9.0,10,0.7624192388077091,4.730652200000002,1.0,0.041999999999999996,2.4328999999999996,2.4539,261.1179463130681,261.1179463130681
4jsz,4.0,5.0,10,0.7810799596579571,3.0471184999999967,1.0,0.039999999999999994,2.6334,2.643,297.0764978610661,297.0764978610661
4jsz,6.5,12.0,10,0.6737625626941022,3.206650699999998,1.0,0.04499999999999999,2.6445999999999996,2.654,264.5045899688183,264.5045899688183
4jsz,0.5,11.0,10,0.9919187261976694,2.586175799999999,0.5830000000000001,0.030000000000000006,2.2857,2.2950000000000004,345.5781802398294,345.5781802398294
3nq9,0.5,17.0,10,0.7624192388077091,4.592362399999999,0.9970000000000001,0.05500000000000001,2.0586999999999995,2.062,167.59068332532246,167.59068332532246
4jsz,0.1,3.0,10,0.8674748966021193,2.201869699999999,0.0,0.0,2.1092999999999997,2.1142,,
4jsz,2.5,10.0,10,0.9919187261976694,2.888739599999997,1.0,0.08399999999999999,2.5263999999999998,2.5389000000000004,132.60366907479033,132.60366907479033
3nq9,2.5,16.0,10,0.7624192388077091,4.643251099999994,1.0,0.06000000000000001,2.286,2.2931,170.13899566834473,170.13899566834473
4jsz,9.5,4.0,10,0.9919187261976694,3.060501600000001,1.0,0.049999999999999996,2.5292000000000003,2.5326999999999997,227.07444654262696,227.07444654262696
3nq9,9.0,8.0,10,0.6662880034839457,4.650482400000001,1.0,0.040999999999999995,2.4862,2.4914999999999994,273.48839809328746,273.48839809328746
4jsz,6.5,18.0,10,1.116853940284644,3.2531603999999925,1.0,0.03300000000000001,2.6179999999999994,2.6262999999999996,359.2816199608091,359.2816199608091
3nq9,8.0,14.0,10,0.7473726179221493,4.702766800000005,1.0,0.041999999999999996,2.4396999999999998,2.4431000000000003,261.8477757491029,261.8477757491029
3nq9,4.5,3.0,10,0.7479297007123636,4.666484299999996,1.0,0.040999999999999995,2.4535,2.4589000000000008,269.89131394171045,269.89131394171045
4jsz,8.0,12.0,10,0.8044218657590132,3.371395500000001,1.0,0.03799999999999999,2.6510999999999996,2.6548000000000003,315.1395365208311,315.1395365208311
4jsz,2.0,20.0,10,0.9919187261976694,2.8516349999999955,1.0,0.08199999999999999,2.445,2.4572,131.60260637975605,131.60260637975605
4jsz,4.5,19.0,10,0.7500206573228347,3.0751097999999994,1.0,0.04599999999999999,2.5677,2.5793999999999997,251.0998478457493,251.0998478457493
4jsz,10.0,4.0,10,1.0667849876544433,3.0475109999999974,1.0,0.05500000000000001,2.5269000000000004,2.5328,205.70500689501014,205.70500689501014
3nq9,10.0,2.0,10,0.7347197579972405,4.700732,1.0,0.03200000000000001,2.5843999999999996,2.6127000000000002,365.94200029368466,365.94200029368466
3nq9,9.0,2.0,10,0.7895428022687232,4.704441500000001,1.0,0.03799999999999999,2.5141,2.5180999999999996,298.8541770461399,298.8541770461399
3nq9,0.5,5.0,10,0.7624192388077091,4.691632899999996,1.0,0.047999999999999994,2.2402,2.2882000000000002,209.72659152982868,209.72659152982868
4jsz,0.1,9.0,10,1.0067414069348037,2.2209769999999986,0.0,0.0,2.0437,2.057,,
3nq9,2.5,6.0,10,0.7479297007123636,4.6919713,1.0,0.05500000000000001,2.3945,2.417,194.92684277577337,194.92684277577337
4jsz,6.0,8.0,10,0.43266667696150984,3.226674899999999,1.0,0.04499999999999999,2.6630000000000003,2.6778000000000004,266.3449002068227,266.3449002068227
3nq9,6.5,4.0,10,0.7347197579972405,4.7739191999999955,1.0,0.03699999999999999,2.4976,2.5109000000000004,305.0743614470513,305.0743614470513
3nq9,10.0,6.0,10,0.7433450326584367,4.7063204000000045,1.0,0.040999999999999995,2.5072000000000005,2.52,275.79845213558457,275.79845213558457
4jsz,8.0,16.0,10,0.8598417426070306,3.3844028999999987,1.0,0.03599999999999999,2.6467,2.6574,332.4380625881664,332.4380625881664
3nq9,8.0,10.0,10,0.8368301267593143,4.737265099999996,1.0,0.03599999999999999,2.4683,2.4783999999999997,310.0301771588662,310.0301771588662
3nq9,4.5,7.0,10,0.5838652895106231,4.688054800000004,1.0,0.04499999999999999,2.4257,2.4341,242.6108991482124,242.6108991482124
3nq9,0.1,0.1,10,3.0075924608239677,4.525149400000006,0.0,0.0,2.4436,2.4528,,
3nq9,6.0,20.0,10,0.7899951833097985,4.642843100000006,1.0,0.04499999999999999,2.3882,2.3929,238.86026686967102,238.86026686967102
3nq9,2.5,2.0,10,0.7624192388077091,4.669678299999998,1.0,0.06200000000000001,2.4648999999999996,2.4813,177.34904258307785,177.34904258307785
3nq9,0.5,19.0,10,0.7624192388077091,4.682211300000003,1.0,0.049999999999999996,2.0790999999999995,2.0894,186.66395769681148,186.66395769681148
3nq9,9.0,6.0,10,0.4845700566150789,4.661895200000002,1.0,0.04699999999999999,2.4978000000000002,2.5019,238.94275880076475,238.94275880076475
3nq9,0.5,1.0,10,0.7624192388077091,4.674604699999997,0.9970000000000001,0.03599999999999999,2.34,2.3548,293.9150891511352,293.9150891511352
3nq9,2.5,18.0,10,0.7624192388077091,4.636765899999999,1.0,0.05500000000000001,2.279,2.2840000000000003,185.52444129713408,185.52444129713408
4jsz,4.0,1.0,10,0.9919187261976694,2.8627449000000023,1.0,0.08299999999999999,2.3406,2.3438,124.39854792227702,124.39854792227702
4jsz,6.5,16.0,10,0.6580804805035585,3.286091100000003,1.0,0.040999999999999995,2.6265000000000005,2.6476999999999995,288.9217591473008,288.9217591473008
3nq9,6.5,10.0,10,0.7481995061635909,4.706787600000005,1.0,0.04499999999999999,2.4468,2.4513999999999996,244.72125491027174,244.72125491027174
4jsz,4.5,17.0,10,0.9919187261976694,3.062550099999999,1.0,0.07799999999999999,2.57,2.5780000000000003,145.73672331550725,145.73672331550725
4jsz,6.0,2.0,10,1.1342465633808916,2.9033941999999997,1.0,0.07299999999999998,2.4469000000000003,2.4501999999999997,148.65615063621848,148.65615063621848
3nq9,4.5,11.0,10,0.7479297007123636,4.642662399999993,1.0,0.03599999999999999,2.413,2.4208,303.0842350947389,303.0842350947389
4jsz,4.5,0.1,10,0.9919187261976694,2.935515099999995,0.5359999999999999,0.054000000000000006,1.9529,1.9573,162.00680650457684,162.00680650457684
3nq9,2.5,12.0,10,0.7624192388077091,4.656598400000007,1.0,0.049999999999999996,2.3103000000000002,2.3131,207.42135609972757,207.42135609972757
4jsz,0.1,7.0,10,0.969658540026904,2.254106399999998,0.0,0.0,2.055,2.0632000000000006,,
4jsz,2.5,14.0,10,0.9919187261976694,2.9074167999999996,1.0,0.06699999999999999,2.4848000000000003,2.4878000000000005,165.002364610203,165.002364610203
4jsz,2.0,4.0,10,0.9919187261976694,2.8734316000000004,1.0,0.07499999999999998,2.5764000000000005,2.5909999999999997,152.1873508849129,152.1873508849129
3nq9,0.5,13.0,10,0.7624192388077091,4.699332799999994,0.998,0.051000000000000004,2.0871,2.0942999999999996,183.61216698493575,183.61216698493575
3nq9,2.5,8.0,10,0.7373797201281233,4.656803199999998,1.0,0.049999999999999996,2.3289999999999997,2.3339,209.10026332349284,209.10026332349284
4jsz,0.5,15.0,10,0.9919187261976694,2.604812299999998,0.548,0.03200000000000001,2.2716,2.2832,321.6506144045558,321.6506144045558
3nq9,8.5,20.0,10,0.793104589240513,4.660485399999998,1.0,0.039999999999999994,2.433,2.4373,274.46917266498593,274.46917266498593
3nq9,4.0,2.0,10,0.7373797201281233,4.6980449000000055,1.0,0.03500000000000001,2.4686,2.4822999999999995,319.0913194134424,319.0913194134424
3nq9,9.5,17.0,10,0.8093918767473698,4.688717300000001,1.0,0.048999999999999995,2.4584,2.4693000000000005,225.3398939790121,225.3398939790121
3nq9,6.0,1.0,10,0.755828817852577,4.690220199999998,1.0,0.03200000000000001,2.5140000000000002,2.5217,355.97360653858664,355.97360653858664
4jsz,9.5,11.0,10,1.0750918175615092,3.4940236000000056,1.0,0.017999999999999995,2.7209999999999996,2.7476999999999996,689.8639252908858,689.8639252908858
4jsz,0.5,8.0,10,0.9919187261976694,2.5636526999999982,0.556,0.03699999999999999,2.3299,2.3474999999999997,284.5903085904407,284.5903085904407
3nq9,9.5,3.0,10,0.5586821223379353,4.753923299999997,1.0,0.03500000000000001,2.5435,2.5635000000000003,328.7728959442967,328.7728959442967
4jsz,1.0,18.0,10,0.9919187261976694,2.800089699999998,0.999,0.09299999999999999,2.3383000000000003,2.3442999999999996,110.3161292514937,110.3161292514937
3nq9,0.1,4.0,10,0.7457471682544223,4.637861299999998,0.05500000000000001,0.0029999999999999996,1.9971,2.018,3061.06099742127,3061.06099742127
3nq9,10.0,10.0,10,0.8519701780416915,4.721323399999995,1.0,0.03599999999999999,2.4892,2.5206,312.6553162029939,312.6553162029939
3nq9,2.0,7.0,10,0.7479297007123636,4.7209335,1.0,0.041999999999999996,2.3203,2.3236,249.0328294751991,249.0328294751991
4jsz,5.5,20.0,10,0.8740963298483793,3.1722168,1.0,0.04699999999999999,2.5936,2.6025,248.10710994701873,248.10710994701873
4jsz,3.0,19.0,10,0.7387117379366969,2.945214799999999,1.0,0.07199999999999998,2.4985,2.5067,153.9811517981324,153.9811517981324
3nq9,6.5,0.1,10,0.36478266321633496,4.6901553999999885,1.0,0.049999999999999996,2.5242999999999998,2.5399,226.63451898131947,226.63451898131947
3nq9,0.1,20.0,10,0.7894685213445481,4.748563000000003,0.05500000000000001,0.0010000000000000002,1.862,1.8672,8570.538757940243,8570.538757940243
4jsz,2.0,0.1,10,1.1342465633808916,2.9701853,0.511,0.03400000000000001,2.0134,2.0217,268.0445906269824,268.0445906269824
3nq9,7.0,17.0,10,0.558362997884675,4.690234299999999,1.0,0.04499999999999999,2.4298,2.4379,243.02096827733294,243.02096827733294
4jsz,6.5,7.0,10,1.116853940284644,3.231863100000001,1.0,0.03699999999999999,2.6927999999999996,2.7089000000000003,328.9174569605301,328.9174569605301
4jsz,7.0,11.0,10,0.8721522191351081,3.3035452999999997,1.0,0.03699999999999999,2.6587,2.6693000000000002,324.75224406601353,324.75224406601353
3nq9,5.0,16.0,10,0.7479297007123636,4.703022799999998,1.0,0.053000000000000005,2.3774,2.3823999999999996,201.04844729981895,201.04844729981895
4jsz,4.5,4.0,10,1.0750918175615092,3.0446429,1.0,0.05899999999999998,2.6386,2.6580000000000004,199.81540155115982,199.81540155115982
3nq9,4.0,8.0,10,0.7624192388077091,4.636780899999999,1.0,0.04499999999999999,2.415,2.4256,241.54071873806862,241.54071873806862
4jsz,5.0,10.0,10,0.6737625626941022,3.0945730000000045,1.0,0.05500000000000001,2.6222000000000003,2.6285,213.46300569080518,213.46300569080518
4jsz,3.0,13.0,10,0.8682059700502103,2.9138865000000003,1.0,0.07399999999999998,2.5346,2.5461,151.82239593936217,151.82239593936217
4jsz,2.5,1.0,10,0.8044218657590132,2.8404656999999998,1.0,0.09499999999999999,2.4231,2.4330000000000007,111.788723671582,111.788723671582
3nq9,3.0,15.0,10,0.6756799165122086,4.652271100000005,1.0,0.053000000000000005,2.3307,2.3427999999999995,197.09919076372847,197.09919076372847
4jsz,1.0,12.0,10,0.9919187261976694,2.747466999999999,1.0,0.09999999999999999,2.3707000000000003,2.3848,103.62019293240814,103.62019293240814
3nq9,9.5,9.0,10,0.6410282349506196,4.685759399999997,1.0,0.040999999999999995,2.4854,2.4886999999999997,273.40039603453323,273.40039603453323
3nq9,1.0,14.0,10,0.7624192388077091,4.7267882000000006,1.0,0.04299999999999999,2.1677,2.1738999999999997,227.1262503922772,227.1262503922772
4jsz,9.0,5.0,10,0.9919187261976694,3.132978799999993,1.0,0.051000000000000004,2.5949,2.6092,228.28576115625023,228.28576115625023
4jsz,0.5,2.0,10,0.9919187261976694,2.5626350000000016,0.551,0.030000000000000006,2.464899999999999,2.4844999999999997,372.67167890499866,372.67167890499866
3nq9,0.1,14.0,10,0.5582467580004548,4.742498799999998,0.04599999999999999,0.0029999999999999996,1.8792000000000002,1.8887000000000005,2880.349419835787,2880.349419835787
3nq9,7.5,3.0,10,0.6122775550818894,4.706812000000005,1.0,0.041999999999999996,2.5023000000000004,2.5126,268.5664996749519,268.5664996749519
4jsz,0.1,12.0,10,0.9777820373499051,2.2268413999999965,0.0,0.0,2.0237000000000003,2.0321,,
3nq9,8.5,0.1,10,0.7694551469663037,4.796004400000004,1.0,0.030000000000000006,2.5294,2.5362999999999998,382.42352412767394,382.42352412767394
3nq9,5.5,18.0,10,0.7624192388077091,4.717155100000006,1.0,0.03799999999999999,2.3776,2.3821,282.6282531899695,282.6282531899695
3nq9,3.5,5.0,10,0.7624192388077091,4.655069400000002,1.0,0.052000000000000005,2.4271,2.4433,209.30797721405142,209.30797721405142
4jsz,3.0,9.0,10,0.8044218657590132,2.9490807000000006,1.0,0.06000000000000001,2.5526,2.5558,189.9811025122558,189.9811025122558
3nq9,1.0,20.0,10,0.7624192388077091,4.698807600000001,1.0,0.040999999999999995,2.1433,2.1503,235.76851565977913,235.76851565977913
3nq9,7.5,19.0,10,0.664849113521406,4.659189199999999,1.0,0.03699999999999999,2.4212,2.4252999999999996,295.74233021124303,295.74233021124303
4jsz,9.0,15.0,10,1.0554719511256128,3.4664794999999975,1.0,0.03799999999999999,2.6656,2.6811999999999996,316.8631694579335,316.8631694579335
3nq9,9.0,13.0,10,0.922660094424872,4.694263600000005,1.0,0.031000000000000007,2.4869999999999997,2.5055,363.69690801789267,363.69690801789267
4jsz,10.0,11.0,10,0.9919187261976694,3.441722900000003,1.0,0.027000000000000003,2.6767999999999996,2.6853,450.36830671558135,450.36830671558135
3nq9,8.0,1.0,10,0.8828334914302192,4.649618500000003,1.0,0.053000000000000005,2.5172999999999996,2.521,212.87930360386736,212.87930360386736
3nq9,1.5,6.0,10,0.7624192388077091,4.620095,1.0,0.05600000000000001,2.2822999999999998,2.2855,182.37969314701792,182.37969314701792
4jsz,5.0,6.0,10,1.0565339527508757,3.163710200000003,1.0,0.03799999999999999,2.6688,2.6769,317.2435574164664,317.2435574164664
3nq9,3.5,11.0,10,0.6990991322298025,4.664917699999998,1.0,0.039999999999999994,2.3878,2.4015999999999997,269.37011528543087,269.37011528543087
4jsz,3.5,17.0,10,0.43266667696150984,3.0201551999999983,1.0,0.04499999999999999,2.5306,2.5403,253.1026678420523,253.1026678420523
4jsz,0.1,18.0,10,0.9574938623706644,2.2427377999999973,0.0,0.0,2.0086000000000004,2.0185999999999997,,
3nq9,7.5,9.0,10,0.7347197579972405,4.709954699999996,1.0,0.048999999999999995,2.4629,2.4677,225.75236937882727,225.75236937882727
4jsz,7.0,5.0,10,1.0750918175615092,3.1551158000000004,1.0,0.04299999999999999,2.6141,2.6189999999999998,273.89893949829394,273.89893949829394
3nq9,1.5,10.0,10,0.7624192388077091,4.682855700000002,1.0,0.049999999999999996,2.2537999999999996,2.282,202.34872197444747,202.34872197444747
4jsz,1.5,16.0,10,0.9919187261976694,2.8393062999999983,1.0,0.08599999999999998,2.4107,2.4153000000000007,123.45532248638503,123.45532248638503
4jsz,8.5,7.0,10,1.164766408090365,3.3239573999999967,1.0,0.039999999999999994,2.6696,2.6803999999999997,301.1602562048691,301.1602562048691
4jsz,7.5,15.0,10,0.8073164765101166,3.3221823999999964,1.0,0.03899999999999999,2.6424,2.6476,305.8933023795545,305.8933023795545
3nq9,9.0,19.0,10,0.7497257413112247,4.722163000000001,1.0,0.039999999999999994,2.4385,2.4433000000000002,275.0896331868345,275.0896331868345
3nq9,7.5,13.0,10,0.5060314038117826,4.653107299999996,1.0,0.04499999999999999,2.4463,2.4529,244.67124647989118,244.67124647989118
4jsz,3.0,3.0,10,0.9919187261976694,2.9442393000000053,1.0,0.06200000000000001,2.6323999999999996,2.6375,189.40063276225982,189.40063276225982
4jsz,5.5,14.0,10,0.8607294948899078,3.1679339000000026,1.0,0.051000000000000004,2.6182,2.6262999999999996,230.33557357096393,230.33557357096393
3nq9,5.5,12.0,10,0.7624192388077091,4.694908500000005,1.0,0.04499999999999999,2.4406,2.4631000000000003,244.10115037355285,244.10115037355285
3nq9,5.0,5.0,10,0.6756799165122086,4.594402999999998,1.0,0.049999999999999996,2.4556,2.4598,220.4665550095187,220.4665550095187
4jsz,5.5,9.0,10,1.198587809716425,3.127019699999998,1.0,0.04599999999999999,2.6570000000000005,2.6664,259.83265012507536,259.83265012507536
3nq9,7.0,6.0,10,0.7624192388077091,4.655472700000002,1.0,0.047999999999999994,2.4896000000000003,2.5041999999999995,233.07531571853474,233.07531571853474
4jsz,2.5,20.0,10,0.9919187261976694,2.904353899999997,1.0,0.07199999999999998,2.4603999999999995,2.4663,151.63307019576746,151.63307019576746
4jsz,4.0,19.0,10,0.43266667696150984,3.041047599999996,1.0,0.06499999999999999,2.5508999999999995,2.5641,174.78867976295487,174.78867976295487
4jsz,8.0,8.0,10,1.0848048086954163,3.415610100000001,1.0,0.027000000000000003,2.7234000000000003,2.739,458.2086993832989,458.2086993832989
3nq9,1.0,3.0,10,0.7624192388077091,4.6428454000000015,1.0,0.052000000000000005,2.3023,2.3249,198.54548883025444,198.54548883025444
3nq9,8.5,4.0,10,0.8899452529916474,4.7920636,1.0,0.029000000000000005,2.5107,2.5189999999999997,392.88712369100534,392.88712369100534
4jsz,6.0,18.0,10,1.1108271981032674,3.1753965999999987,1.0,0.04299999999999999,2.605,2.6136000000000004,272.9454639811238,272.9454639811238
3nq9,8.5,14.0,10,0.805146706577067,4.793078100000002,1.0,0.026000000000000002,2.4617,2.4783,430.3278947351977,430.3278947351977
4jsz,8.5,12.0,10,0.43266667696150984,3.388868700000006,1.0,0.031000000000000007,2.6943999999999995,2.7209999999999996,394.02691956711294,394.02691956711294
4jsz,2.0,10.0,10,0.9919187261976694,2.9127898000000028,1.0,0.07099999999999998,2.4825000000000004,2.4904,155.2324788182859,155.2324788182859
3nq9,2.0,16.0,10,0.7624192388077091,4.724458899999994,1.0,0.04599999999999999,2.252,2.2713,220.22699589073005,220.22699589073005
4jsz,5.5,3.0,10,0.5432922760462519,2.9403963999999974,1.0,0.06000000000000001,2.5544,2.5622,190.11507022538052,190.11507022538052
4jsz,3.5,6.0,10,0.8044218657590132,2.9419439000000014,1.0,0.05899999999999998,2.6161,2.619,198.11152580837913,198.11152580837913
3nq9,6.0,14.0,10,0.8072164576996084,4.6973003,1.0,0.052000000000000005,2.4257,2.4380999999999995,209.18724417128448,209.18724417128448
4jsz,8.5,18.0,10,0.6447077983020585,3.4113389000000014,1.0,0.028000000000000004,2.6543,2.6696999999999997,430.41300694944505,430.41300694944505
4jsz,6.0,12.0,10,0.9919187261976694,3.2240893,1.0,0.03599999999999999,2.636,2.6458000000000004,331.0940918813642,331.0940918813642
3nq9,1.0,9.0,10,0.7624192388077091,4.6786492999999965,1.0,0.04599999999999999,2.2036999999999995,2.212,215.50365490426367,215.50365490426367
4jsz,8.0,2.0,10,0.9919187261976694,2.8704243000000007,1.0,0.08599999999999998,2.4160999999999997,2.4215,123.73186404751934,123.73186404751934
4jsz,1.5,5.0,10,0.9919187261976694,2.8546970000000016,1.0,0.08099999999999999,2.5008999999999997,2.5107,136.34645565445666,136.34645565445666
3nq9,4.0,15.0,10,0.7373797201281233,4.6328325,1.0,0.04299999999999999,2.3625,2.3744,247.53691311147986,247.53691311147986
4jsz,4.0,13.0,10,0.8044218657590132,3.0338144000000002,1.0,0.054000000000000006,2.5631999999999993,2.5659,212.63548898178678,212.63548898178678
4jsz,5.5,7.0,10,0.9919187261976694,3.1630781000000026,1.0,0.04499999999999999,2.6553000000000004,2.6661999999999995,265.5747703789621,265.5747703789621
3nq9,8.0,20.0,10,0.7216114718799932,4.645364600000002,1.0,0.052000000000000005,2.4213,2.4241,208.8077974654455,208.8077974654455
4jsz,1.0,0.1,10,0.9919187261976694,2.842904199999999,0.485,0.06699999999999999,2.0828,2.0918,138.3076807027249,138.3076807027249
4jsz,7.5,4.0,10,0.9919187261976694,3.0494662000000017,1.0,0.05700000000000001,2.5817,2.6,202.57916490052463,202.57916490052463
3nq9,7.0,8.0,10,0.7834127050275042,4.7358674999999915,1.0,0.03599999999999999,2.4645,2.4707999999999997,309.552879150843,309.552879150843
3nq9,2.0,12.0,10,0.7624192388077091,4.6669311999999925,1.0,0.05600000000000001,2.2828000000000004,2.2944,182.41964838803509,182.41964838803509
4jsz,2.0,14.0,10,0.9486651723876143,2.8936204999999977,1.0,0.07499999999999998,2.4690999999999996,2.4856000000000003,145.84916475312,145.84916475312
4jsz,8.0,6.0,10,0.7387117379366969,3.2252414000000025,1.0,0.040999999999999995,2.6418,2.6532000000000004,290.60479852097444,290.60479852097444
4jsz,1.5,1.0,10,0.8682059700502103,2.8636514000000015,1.0,0.07999999999999999,2.4821,2.4862,137.0864998179194,137.0864998179194
4jsz,4.0,17.0,10,0.7387117379366969,2.9786609999999967,1.0,0.04299999999999999,2.5586,2.5657,268.0837866188496,268.0837866188496
3nq9,4.0,11.0,10,0.7624192388077091,4.698735200000001,1.0,0.04599999999999999,2.3814,2.3885,232.8812468979505,232.8812468979505
4jsz,3.5,2.0,10,0.9919187261976694,2.8976368,1.0,0.08799999999999998,2.5223,2.5251999999999994,126.09872799447392,126.09872799447392
4jsz,6.0,16.0,10,1.5005181117232078,3.242876700000001,1.0,0.029000000000000005,2.6092,2.6127,408.3009053788071,408.3009053788071
3nq9,6.0,10.0,10,0.7624192388077091,4.753377500000005,1.0,0.026000000000000002,2.4547999999999996,2.4669999999999996,429.12171101107504,429.12171101107504
3nq9,2.0,18.0,10,0.7624192388077091,4.6487373,1.0,0.054000000000000006,2.2373,2.2441,185.59978913036494,185.59978913036494
3nq9,7.0,2.0,10,0.6144753334378487,4.695072900000001,1.0,0.052000000000000005,2.5076,2.5104999999999995,216.2501271731512,216.2501271731512
3nq9,6.5,20.0,10,0.49128476066025006,4.682873700000003,1.0,0.04699999999999999,2.4045,2.4132000000000002,230.01756086813947,230.01756086813947
3nq9,5.0,1.0,10,0.7899951833097985,4.719641500000002,1.0,0.04399999999999999,2.5088,2.5247,256.7583840438812,256.7583840438812
4jsz,8.5,16.0,10,0.7861790181984719,3.4301047000000073,1.0,0.031000000000000007,2.6983,2.7258,394.5972524747405,394.5972524747405
3nq9,8.5,10.0,10,0.7473726179221493,4.742374299999994,1.0,0.03899999999999999,2.4833000000000003,2.4879,287.47533976655603,287.47533976655603
4jsz,3.5,8.0,10,0.7387117379366969,2.9715616000000016,1.0,0.07000000000000002,2.5925,2.5979,164.51412051895412,164.51412051895412
3nq9,3.0,4.0,10,0.755828817852577,4.657147700000004,1.0,0.05800000000000001,2.4447,2.467,188.42274014287977,188.42274014287977
3nq9,5.5,0.1,10,0.7624192388077091,4.698712399999999,1.0,0.03500000000000001,2.5477999999999996,2.5613,329.32871408959267,329.32871408959267
3nq9,1.0,7.0,10,0.7624192388077091,4.659845200000006,1.0,0.04699999999999999,2.2249,2.234,212.83679400104947,212.83679400104947
4jsz,7.0,1.0,10,0.9919187261976694,2.9196410000000017,1.0,0.07699999999999999,2.2990000000000004,2.3121,132.13289544479852,132.13289544479852
4jsz,1.5,12.0,10,0.9919187261976694,2.8614558999999997,1.0,0.07499999999999998,2.4212000000000002,2.4314,143.01972285458433,143.01972285458433
3nq9,1.5,14.0,10,0.7624192388077091,4.589279800000001,1.0,0.05500000000000001,2.2226,2.2273,180.9331387569154,180.9331387569154
4jsz,5.0,2.0,10,0.9919187261976694,2.9090517000000053,1.0,0.06899999999999999,2.5032,2.5292000000000003,161.23505838995666,161.23505838995666
4jsz,3.5,13.0,10,0.8044218657590132,2.9975965000000016,1.0,0.07199999999999998,2.5406,2.5457,156.57575115402648,156.57575115402648
3nq9,3.5,15.0,10,0.793104589240513,4.681594800000007,1.0,0.05600000000000001,2.3558,2.3715,188.25311357654329,188.25311357654329
4jsz,3.0,7.0,10,0.9286778927545978,2.9586687999999985,1.0,0.06800000000000002,2.5744,2.5773,168.34898132625034,168.34898132625034
3nq9,5.5,16.0,10,0.682861121846744,4.686352399999996,1.0,0.048999999999999995,2.401,2.4167,220.07854110137004,220.07854110137004
3nq9,10.0,20.0,10,0.8684690372570341,4.7057011,1.0,0.026000000000000002,2.4559,2.4639,429.3140011699932,429.3140011699932
4jsz,7.5,0.1,10,0.9919187261976694,3.019051900000002,0.5670000000000001,0.039999999999999994,1.9254000000000002,1.9292000000000002,217.20630704856717,217.20630704856717
4jsz,5.5,10.0,10,0.7387117379366969,3.1561482999999986,1.0,0.03799999999999999,2.6473,2.6538000000000004,314.6878258200732,314.6878258200732
4jsz,1.0,4.0,10,0.9919187261976694,2.775197100000001,1.0,0.10200000000000001,2.4673000000000003,2.4752,105.61243806726377,105.61243806726377
4jsz,8.5,3.0,10,0.8044218657590132,2.9486092000000004,1.0,0.06200000000000001,2.4915,2.5035999999999996,179.26290705332408,179.26290705332408
3nq9,1.5,8.0,10,0.8226019338392094,4.6611001999999955,1.0,0.03300000000000001,2.2668000000000004,2.2733999999999996,311.08463564826667,311.08463564826667
3nq9,7.5,17.0,10,0.6494542172858306,4.702009700000004,1.0,0.047999999999999994,2.4302,2.4362999999999997,227.51431244343794,227.51431244343794
4jsz,7.5,11.0,10,1.0934634844713005,3.3565648,1.0,0.040999999999999995,2.6612999999999998,2.6656,292.74984870310743,292.74984870310743
4jsz,5.0,20.0,10,0.6625335040911731,3.0959863999999904,1.0,0.049999999999999996,2.5827,2.5990000000000006,231.87773726302493,231.87773726302493
4jsz,3.5,19.0,10,0.9286778927545978,2.9527635000000005,1.0,0.08299999999999999,2.5117000000000003,2.5145000000000004,133.49219551242552,133.49219551242552
4jsz,5.0,8.0,10,0.9919187261976694,3.103684800000001,1.0,0.04599999999999999,2.6484,2.6567,258.99164117096336,258.99164117096336
3nq9,5.5,4.0,10,0.7624192388077091,4.691060200000002,1.0,0.03599999999999999,2.4903999999999997,2.5132000000000003,312.80604188973797,312.80604188973797
4jsz,1.5,18.0,10,0.9919187261976694,2.7898930000000033,1.0,0.11000000000000001,2.3794000000000004,2.3825,94.02886039939887,94.02886039939887
3nq9,3.0,0.1,10,0.7624192388077091,4.6643469000000035,1.0,0.048999999999999995,2.4642,2.4701,225.87152893877388,225.87152893877388
4jsz,0.1,16.0,10,0.9574938623706644,2.245549199999996,0.0,0.0,2.0145000000000004,2.0236,,
3nq9,0.1,10.0,10,0.840213598471163,4.725468700000007,0.040999999999999995,0.0029999999999999996,1.8936000000000004,1.8986000000000005,2902.421062899663,2902.421062899663
3nq9,7.5,7.0,10,0.7479297007123636,4.762316100000007,1.0,0.030000000000000006,2.4844999999999997,2.4968,375.63503032150146,375.63503032150146
3nq9,9.0,17.0,10,0.6122775550818894,4.780444699999997,1.0,0.03300000000000001,2.4552,2.4602,336.9397377111453,336.9397377111453
4jsz,9.0,11.0,10,1.0750918175615092,3.411107500000001,1.0,0.030000000000000006,2.6903,2.7007,406.7502201947819,406.7502201947819
4jsz,10.0,15.0,10,1.0428670316125523,3.4962654000000013,1.0,0.028000000000000004,2.6660999999999997,2.671,432.3264581350697,432.3264581350697
3nq9,8.0,5.0,10,0.7162486602051725,4.742901000000006,1.0,0.03300000000000001,2.4954,2.5027999999999997,342.4565906990845,342.4565906990845
3nq9,1.5,2.0,10,0.7624192388077091,4.6321826999999995,1.0,0.051000000000000004,2.3689999999999998,2.3738,208.4122579595193,208.4122579595193
4jsz,8.5,9.0,10,0.887947664882202,3.3756291999999997,1.0,0.03200000000000001,2.6860000000000004,2.6956999999999995,380.3282049175193,380.3282049175193
3nq9,3.5,1.0,10,0.7624192388077091,4.626405499999995,1.0,0.05600000000000001,2.4814999999999996,2.4961,198.29786116826227,198.29786116826227
3nq9,9.5,6.0,10,0.728939715162662,4.7092428000000055,1.0,0.041999999999999996,2.5164,2.5275000000000003,270.0798224761415,270.0798224761415
3nq9,0.1,1.0,10,0.7970761955697726,4.7558712000000005,0.053000000000000005,0.004000000000000001,2.1171999999999995,2.1217,2432.6382897459434,2432.6382897459434
3nq9,10.0,15.0,10,0.746205070776961,4.685662199999998,1.0,0.041999999999999996,2.4769999999999994,2.4928999999999997,265.8511048614697,265.8511048614697
3nq9,2.0,2.0,10,0.6756799165122086,4.680212399999989,1.0,0.04699999999999999,2.3881000000000006,2.3926,228.4487157867348,228.4487157867348
3nq9,4.0,7.0,10,0.7624192388077091,4.6296415999999985,1.0,0.04699999999999999,2.4265999999999996,2.434,232.1316752766176,232.1316752766176
3nq9,5.0,19.0,10,0.6478717457152527,4.6782476,1.0,0.049999999999999996,2.3877,2.4124,214.3704159456865,214.3704159456865
3nq9,3.5,20.0,10,0.6756799165122086,4.679926500000005,1.0,0.04499999999999999,2.328,2.34,232.83925185185248,232.83925185185248
3nq9,0.5,0.1,10,0.7624192388077091,4.637157899999997,0.967,0.04299999999999999,2.4493,2.4574000000000003,256.631602659872,256.631602659872
3nq9,6.0,4.0,10,0.7899951833097985,4.724482299999997,1.0,0.047999999999999994,2.4969,2.5144999999999995,233.7587386799524,233.7587386799524
3nq9,9.5,12.0,10,0.7347197579972405,4.752286999999993,1.0,0.03799999999999999,2.4801,2.4854,294.8125549867275,294.8125549867275
4jsz,6.5,8.0,10,0.9919187261976694,3.2759965999999983,1.0,0.03899999999999999,2.6643,2.6706999999999996,308.42852162043863,308.42852162043863
3nq9,7.0,18.0,10,0.6388228147201619,4.735266700000004,1.0,0.04699999999999999,2.4299,2.4372999999999996,232.4473575186077,232.4473575186077
4jsz,9.5,14.0,10,0.5739941579572335,3.4583437000000012,1.0,0.03899999999999999,2.6993,2.7232999999999996,312.48024186842696,312.48024186842696
4jsz,3.0,16.0,10,0.9919187261976694,2.9432096999999975,1.0,0.08199999999999999,2.5016,2.5144,134.64911252335287,134.64911252335287
3nq9,2.0,8.0,10,0.6756799165122086,4.649128600000003,1.0,0.049999999999999996,2.3,2.3053,206.49661040963224,206.49661040963224
4jsz,2.5,4.0,10,0.7387117379366969,2.9051763999999993,1.0,0.07399999999999998,2.5901,2.5957,155.1468427848741,155.1468427848741
3nq9,3.0,10.0,10,0.8226019338392094,4.7397117,1.0,0.039999999999999994,2.3411,2.3449999999999998,264.10184139991725,264.10184139991725
4jsz,10.0,20.0,10,1.228941080675911,3.495714600000002,1.0,0.03400000000000001,2.6523999999999996,2.6587,353.114866484061,353.114866484061
4jsz,4.0,0.1,10,0.9919187261976694,2.9564118999999978,0.5090000000000001,0.040999999999999995,1.9708999999999999,1.9788000000000001,216.80407199825444,216.80407199825444
4jsz,1.0,17.0,10,0.9919187261976694,2.791111299999998,0.999,0.09599999999999999,2.3325,2.3393000000000006,106.43013815368656,106.43013815368656
3nq9,1.0,11.0,10,0.7624192388077091,4.697659900000002,1.0,0.04499999999999999,2.1921000000000004,2.2024,219.2469604744183,219.2469604744183
4jsz,0.5,7.0,10,0.9919187261976694,2.5754507000000015,0.5519999999999999,0.03400000000000001,2.3193,2.3259,308.769156174213,308.769156174213
3nq9,7.0,12.0,10,0.7707284977714783,4.773178100000004,1.0,0.041999999999999996,2.465,2.4816000000000003,264.56317056258496,264.56317056258496
4jsz,7.0,14.0,10,1.1265370287802194,3.315451000000002,1.0,0.03799999999999999,2.6567,2.6664999999999996,315.80521544826377,315.80521544826377
4jsz,6.5,2.0,10,0.9919187261976694,2.890228600000003,1.0,0.08099999999999999,2.439,2.4481999999999995,132.97173231285532,132.97173231285532
3nq9,9.5,18.0,10,0.8332969888730173,4.769000599999999,1.0,0.03200000000000001,2.4788000000000006,2.5074,350.98940966103754,350.98940966103754
3nq9,5.0,13.0,10,0.793104589240513,4.694069199999996,1.0,0.03599999999999999,2.4201,2.4369,303.9760287413086,303.9760287413086
4jsz,4.5,1.0,10,0.9919187261976694,2.9148287999999987,1.0,0.07399999999999998,2.3345,2.3389999999999995,139.83641731257043,139.83641731257043
4jsz,5.0,15.0,10,0.43266667696150984,3.1171489999999977,1.0,0.06000000000000001,2.6067,2.6228000000000002,194.0075765567254,194.0075765567254
3nq9,2.5,7.0,10,0.664849113521406,4.624133400000004,1.0,0.052000000000000005,2.3682000000000003,2.3739,204.22856562907026,204.22856562907026
3nq9,6.0,0.1,10,0.6122775550818894,4.758372200000008,1.0,0.03699999999999999,2.5222,2.5263,308.07917778737703,308.07917778737703
4jsz,0.1,8.0,10,1.0067414069348037,2.239334899999997,0.0,0.0,2.0587999999999997,2.0713999999999997,,
3nq9,9.0,3.0,10,0.6103247356526588,4.700226499999992,1.0,0.04299999999999999,2.5157,2.5202,263.58883060933323,263.58883060933323
3nq9,0.5,4.0,10,0.7624192388077091,4.6385281,0.9960000000000002,0.052000000000000005,2.2245,2.2464,191.8361811679195,191.8361811679195
3nq9,6.5,1.0,10,0.8178264287163655,4.630167900000001,1.0,0.051000000000000004,2.5088999999999997,2.5224999999999995,220.71992992597637,220.71992992597637
4jsz,4.5,18.0,10,0.9919187261976694,3.063528999999999,1.0,0.049999999999999996,2.6023000000000005,2.6441,233.6374475082548,233.6374475082548
3nq9,10.0,3.0,10,0.8226019338392094,4.748077199999998,1.0,0.027000000000000003,2.5379,2.5555,426.9985526051531,426.9985526051531
4jsz,10.0,5.0,10,1.0428670316125523,3.1303868000000032,1.0,0.03799999999999999,2.58,2.585,306.68779156717756,306.68779156717756
4jsz,8.0,13.0,10,1.0848048086954163,3.3387056999999993,1.0,0.049999999999999996,2.6579,2.6662,238.6292786120702,238.6292786120702
4jsz,6.5,19.0,10,1.1426422538909937,3.2409424999999965,1.0,0.039999999999999994,2.6058000000000003,2.6239,293.9629141514264,293.9629141514264
3nq9,8.0,15.0,10,0.664849113521406,4.7690334,1.0,0.030000000000000006,2.4359,2.4378,368.28712833976476,368.28712833976476
3nq9,4.5,2.0,10,0.7624192388077091,4.674786600000005,1.0,0.041999999999999996,2.4857,2.4941000000000004,266.78485722816123,266.78485722816123
3nq9,2.5,17.0,10,0.7624192388077091,4.625316099999993,1.0,0.05800000000000001,2.2789,2.2817999999999996,175.64387553139804,175.64387553139804
4jsz,9.5,5.0,10,0.43266667696150984,3.118715599999998,1.0,0.05500000000000001,2.569,2.5762,209.13220258549254,209.13220258549254
3nq9,9.0,9.0,10,0.7624192388077091,4.715324200000004,1.0,0.04299999999999999,2.4883,2.4967,260.7179263048869,260.7179263048869
4jsz,0.1,2.0,10,1.0228522501080133,2.2501407999999996,0.0,0.0,2.1543,2.1594,,
4jsz,2.5,11.0,10,0.7387117379366969,2.916204800000002,1.0,0.07999999999999999,2.5239000000000003,2.5351000000000004,139.3951157852007,139.3951157852007
4jsz,2.0,1.0,10,0.9919187261976694,2.8581114000000016,1.0,0.08099999999999999,2.44,2.4444,133.02625126829312,133.02625126829312
3nq9,0.5,16.0,10,0.7624192388077091,4.622643400000001,1.0,0.049999999999999996,2.0773,2.0829999999999993,186.50235165388222,186.50235165388222
4jsz,0.5,10.0,10,0.9919187261976694,2.5573232999999935,0.5540000000000002,0.05500000000000001,2.302,2.3078,187.39678098552113,187.39678098552113
3nq9,4.5,8.0,10,0.8226019338392094,4.667406899999998,1.0,0.041999999999999996,2.4199,2.4242,259.7226841559429,259.7226841559429
4jsz,6.5,13.0,10,1.1342465633808916,3.2247630000000003,1.0,0.047999999999999994,2.6386,2.6422,247.0246336981546,247.0246336981546
4jsz,4.0,4.0,10,0.7125017852609876,3.0328422999999978,1.0,0.05500000000000001,2.6529000000000003,2.6607000000000003,215.96217214443482,215.96217214443482
3nq9,6.5,15.0,10,0.8072164576996084,4.603815499999998,1.0,0.051000000000000004,2.4325,2.4451000000000005,213.99865660047735,213.99865660047735
4jsz,8.0,19.0,10,0.7387117379366969,3.3754783,1.0,0.03599999999999999,2.632,2.6372999999999998,330.5916729255503,330.5916729255503
4jsz,2.5,0.1,10,0.9919187261976694,3.016013000000004,0.511,0.04299999999999999,2.0053000000000005,2.0198,210.11037962431766,210.11037962431766
3nq9,10.0,9.0,10,0.755828817852577,4.712476900000001,1.0,0.04299999999999999,2.4931,2.5002999999999997,261.2208584458118,261.2208584458118
4jsz,4.5,12.0,10,1.1426422538909937,3.0686631000000006,1.0,0.051000000000000004,2.5957,2.6065000000000005,228.3561409816481,228.3561409816481
4jsz,6.0,7.0,10,0.9919187261976694,3.171051400000004,1.0,0.04299999999999999,2.6713,2.6825,279.8922141776492,279.8922141776492
3nq9,4.5,14.0,10,0.8072164576996084,4.718135900000001,1.0,0.04599999999999999,2.3918000000000004,2.3997,233.8982809819929,233.8982809819929
4jsz,0.5,14.0,10,0.9919187261976694,2.5667929000000025,0.5380000000000001,0.020999999999999998,2.2812,2.2914000000000003,494.9818214338501,494.9818214338501
4jsz,2.0,5.0,10,0.9919187261976694,2.8872607999999995,1.0,0.08299999999999999,2.5834,2.621,137.30291750081622,137.30291750081622
3nq9,0.5,12.0,10,0.7624192388077091,4.614909300000002,1.0,0.053000000000000005,2.0946,2.1004,177.13303512837587,177.13303512837587
3nq9,2.5,9.0,10,0.7479297007123636,4.661921300000003,1.0,0.047999999999999994,2.3324000000000003,2.3386000000000005,218.35831715211697,218.35831715211697
4jsz,0.1,6.0,10,1.0228522501080133,2.2426849999999985,0.0,0.0,2.0862000000000003,2.1036,,
4jsz,2.5,15.0,10,0.9919187261976694,2.9327143999999987,1.0,0.06000000000000001,2.4888,2.4941000000000004,185.2326913470588,185.2326913470588
3nq9,2.5,13.0,10,0.7473726179221493,4.681413299999995,1.0,0.04699999999999999,2.3083,2.3135,220.81494520770485,220.81494520770485
4jsz,9.5,1.0,10,0.9919187261976694,2.846747300000001,1.0,0.07499999999999998,2.2773000000000003,2.3046999999999995,134.51958320532998,134.51958320532998
3nq9,4.5,10.0,10,0.5387131494407339,4.699525299999999,1.0,0.04299999999999999,2.4242,2.4337,254.00168667295216,254.00168667295216
4jsz,4.5,16.0,10,0.9919187261976694,3.0718736999999985,1.0,0.06400000000000002,2.5790999999999995,2.5932999999999997,179.57710753469053,179.57710753469053
4jsz,6.0,3.0,10,0.43266667696150984,2.9273581999999974,1.0,0.06600000000000002,2.5353000000000003,2.5397000000000003,170.99716169349665,170.99716169349665
4jsz,9.0,0.1,10,0.9919187261976694,2.995080200000007,0.561,0.048999999999999995,1.9165999999999996,1.9212,175.67785584126855,175.67785584126855
3nq9,6.5,11.0,10,0.8474000875514458,4.636220499999993,1.0,0.04699999999999999,2.4409,2.4443,233.49963165857417,233.49963165857417
4jsz,6.5,17.0,10,1.0485939299188836,3.2326992000000034,1.0,0.03500000000000001,2.616,2.6216999999999997,338.14424839405547,338.14424839405547
3nq9,9.0,7.0,10,0.5546466921757596,4.739210999999998,1.0,0.048999999999999995,2.4906,2.4962000000000004,228.29138461768935,228.29138461768935
3nq9,2.5,19.0,10,0.7624192388077091,4.7170214999999995,1.0,0.04299999999999999,2.2693,2.278,237.7716473751878,237.7716473751878
3nq9,4.0,20.0,10,0.7401963749398571,4.5909637000000085,1.0,0.048999999999999995,2.3358000000000003,2.3398,214.10223086404835,214.10223086404835
3nq9,2.5,3.0,10,0.8226019338392094,4.671860300000005,1.0,0.039999999999999994,2.4025,2.4071999999999996,271.02843704382605,271.02843704382605
3nq9,0.5,18.0,10,0.7624192388077091,4.701451800000003,1.0,0.03300000000000001,2.0833999999999997,2.0953999999999997,285.9157093301565,285.9157093301565
3nq9,8.0,11.0,10,0.7624192388077091,4.835968500000001,1.0,0.03300000000000001,2.4609,2.4671999999999996,337.7219780601816,337.7219780601816
3nq9,4.5,6.0,10,0.8368301267593143,4.721520600000006,1.0,0.03799999999999999,2.4431000000000003,2.4497999999999998,290.4143192161904,290.4143192161904
4jsz,8.0,17.0,10,1.225587543827451,3.3435151999999997,1.0,0.026000000000000002,2.6478,2.6566,462.85989343943476,462.85989343943476
4jsz,6.0,9.0,10,0.9486651723876143,3.235954699999998,1.0,0.03500000000000001,2.6424,2.6536,341.5567132861055,341.5567132861055
3nq9,6.5,5.0,10,0.755828817852577,4.756598900000001,1.0,0.03200000000000001,2.4996,2.511,353.93461690686206,353.93461690686206
4jsz,10.0,1.0,10,0.8682059700502103,2.8963533000000004,1.0,0.07799999999999999,2.2494000000000005,2.2523,127.55649238361949,127.55649238361949
3nq9,10.0,7.0,10,0.7126838412832457,4.703600599999999,1.0,0.027000000000000003,2.5397000000000003,2.5612,427.30140039060143,427.30140039060143
3nq9,9.5,8.0,10,0.6981752118292881,4.729769299999998,1.0,0.03899999999999999,2.5011,2.5112,289.5359289212472,289.5359289212472
3nq9,1.0,15.0,10,0.7624192388077091,4.652007199999995,1.0,0.05800000000000001,2.1651,2.1767999999999996,166.87285748081524,166.87285748081524
4jsz,9.0,20.0,10,1.1055105536771592,3.4206219000000067,1.0,0.029000000000000005,2.6574999999999998,2.6808,415.85913538409466,415.85913538409466
4jsz,9.0,4.0,10,0.8044218657590132,3.0142312000000007,1.0,0.06499999999999999,2.5437999999999996,2.5567,174.30218494688333,174.30218494688333
4jsz,0.5,3.0,10,0.9919187261976694,2.5872849000000033,0.5679999999999998,0.027000000000000003,2.4259,2.4506,408.1546903994803,408.1546903994803
4jsz,1.0,13.0,10,0.9919187261976694,2.7888957000000048,1.0,0.08799999999999998,2.3587,2.3659,117.91978342011878,117.91978342011878
3nq9,3.0,14.0,10,0.6545624615994584,4.6453771000000055,1.0,0.05899999999999998,2.3254,2.3476,176.09745121165278,176.09745121165278
4jsz,3.0,12.0,10,0.7387117379366969,2.910370600000003,1.0,0.07099999999999998,2.5397000000000003,2.5504,158.80923522851992,158.80923522851992
4jsz,4.5,5.0,10,1.1342465633808916,3.0854127999999994,1.0,0.04699999999999999,2.6714,2.6863,255.54955795514564,255.54955795514564
4jsz,5.0,11.0,10,0.31612904802197855,3.111416600000001,1.0,0.052000000000000005,2.6182,2.6382,225.78803755174053,225.78803755174053
3nq9,4.0,9.0,10,0.7373797201281233,4.728704900000004,1.0,0.03200000000000001,2.4107000000000003,2.4153000000000007,341.3466878610066,341.3466878610066
3nq9,5.0,17.0,10,0.755828817852577,4.813933099999999,1.0,0.03699999999999999,2.3787999999999996,2.3830999999999998,290.5632971693809,290.5632971693809
4jsz,7.0,10.0,10,1.1322122079580834,3.2957597000000023,1.0,0.03300000000000001,2.6812999999999994,2.6909,367.9686048895789,367.9686048895789
4jsz,6.5,6.0,10,1.014265393076789,3.2349542000000016,1.0,0.03500000000000001,2.7148,2.7424999999999997,350.91513973248533,350.91513973248533
3nq9,7.0,16.0,10,0.6122775550818894,4.700779099999998,1.0,0.039999999999999994,2.4226,2.4279,273.2959382236724,273.2959382236724
4jsz,3.0,18.0,10,0.9919187261976694,2.9336643000000002,1.0,0.06299999999999999,2.4930000000000003,2.4975,176.43056688247717,176.43056688247717
3nq9,10.0,11.0,10,0.7624192388077091,4.7098139999999935,1.0,0.048999999999999995,2.4869,2.5058000000000002,227.9522381778414,227.9522381778414
3nq9,2.0,6.0,10,0.7624192388077091,4.641298400000003,1.0,0.04699999999999999,2.3261000000000003,2.3305,222.5177160887416,222.5177160887416
4jsz,1.0,19.0,10,0.9919187261976694,2.776666900000001,1.0,0.10400000000000001,2.3188,2.3267999999999995,97.24064705928262,97.24064705928262
4jsz,7.5,20.0,10,1.3629593392293506,3.2912181999999985,1.0,0.03599999999999999,2.619,2.6278,328.95881131915513,328.95881131915513
3nq9,0.1,5.0,10,0.42181529246046834,4.662588099999993,0.039999999999999994,0.0020000000000000005,1.9603000000000002,1.9690999999999999,4509.24229414608,4509.24229414608
4jsz,0.5,9.0,10,0.9919187261976694,2.572478000000004,0.543,0.039999999999999994,2.3207000000000004,2.3335999999999997,261.8004969188791,261.8004969188791
3nq9,9.5,2.0,10,0.7960992333059184,4.682252400000001,1.0,0.040999999999999995,2.5343000000000004,2.5469,278.7795218758822,278.7795218758822
4jsz,9.5,10.0,10,0.5823130268930636,3.4614088,1.0,0.024999999999999998,2.7286999999999995,2.7574,496.33553956579436,496.33553956579436
3nq9,9.5,16.0,10,0.7422085986896146,4.682790700000006,1.0,0.04499999999999999,2.4715,2.4837999999999996,247.191671371071,247.191671371071
3nq9,4.0,3.0,10,0.664849113521406,4.738087299999998,1.0,0.03599999999999999,2.4588,2.4634000000000005,308.83693213880815,308.83693213880815
4jsz,7.5,9.0,10,0.6038033292254158,3.3501166999999983,1.0,0.027000000000000003,2.7216,2.7580999999999998,457.9058515978505,457.9058515978505
3nq9,7.0,5.0,10,0.7396720651691887,4.710211900000004,1.0,0.039999999999999994,2.486,2.4965,280.44815587552614,280.44815587552614
4jsz,4.5,20.0,10,1.0772364678160233,3.0944882999999983,1.0,0.04599999999999999,2.5813999999999995,2.5938,252.43959466799757,252.43959466799757
4jsz,2.0,19.0,10,0.9919187261976694,2.862605499999995,1.0,0.08299999999999999,2.4533,2.4755,130.38834385103058,130.38834385103058
3nq9,5.0,6.0,10,0.9479713277384987,4.697720299999993,1.0,0.040999999999999995,2.4600999999999997,2.4797000000000002,270.6173309264325,270.6173309264325
3nq9,3.0,3.0,10,0.7624192388077091,4.6170186000000015,1.0,0.05600000000000001,2.4242999999999997,2.4342999999999995,193.7269815958969,193.7269815958969
4jsz,8.5,11.0,10,1.0104006546678053,3.424750300000002,1.0,0.031000000000000007,2.7043,2.7258999999999998,395.47468771724454,395.47468771724454
3nq9,8.5,17.0,10,0.9742623590190753,4.710299700000002,1.0,0.03300000000000001,2.4496,2.4582,336.1712208770046,336.1712208770046
3nq9,8.5,7.0,10,0.6122775550818894,4.680574399999997,1.0,0.051000000000000004,2.4797000000000002,2.4829,218.15106629895317,218.15106629895317
4jsz,8.5,0.1,10,0.8044218657590132,3.0091828000000045,0.5380000000000001,0.041999999999999996,1.9233999999999998,1.9347999999999999,206.4344025395845,206.4344025395845
3nq9,2.0,15.0,10,0.7624192388077091,4.698136999999995,1.0,0.04399999999999999,2.2655000000000003,2.2795,231.85830638210018,231.85830638210018
4jsz,2.0,13.0,10,0.9919187261976694,2.879877499999995,1.0,0.09199999999999998,2.4657,2.4705000000000004,117.65477353110118,117.65477353110118
4jsz,7.5,3.0,10,0.9919187261976694,2.935250900000001,1.0,0.06899999999999999,2.5432,2.5629,163.8115214514772,163.8115214514772
4jsz,4.0,10.0,10,1.1342465633808916,3.0405653000000052,1.0,0.047999999999999994,2.5913000000000004,2.597,242.59642738650342,242.59642738650342
3nq9,4.0,16.0,10,0.7624192388077091,4.687349099999998,1.0,0.04699999999999999,2.3571999999999997,2.3639,225.49278206628333,225.49278206628333
4jsz,8.0,1.0,10,0.9919187261976694,2.8513185999999977,1.0,0.09599999999999999,2.3513,2.3815999999999997,107.28796734866592,107.28796734866592
4jsz,1.5,6.0,10,0.9919187261976694,2.8317235999999997,1.0,0.10500000000000001,2.4800999999999997,2.4858000000000002,102.9579184269005,102.9579184269005
4jsz,6.0,11.0,10,0.731392444194488,3.168877300000001,1.0,0.040999999999999995,2.6393,2.6429,290.3297920873677,290.3297920873677
3nq9,6.0,17.0,10,0.5838652895106231,4.746261800000002,1.0,0.029000000000000005,2.4134,2.4243,377.6611241151361,377.6611241151361
4jsz,3.5,5.0,10,0.8682059700502103,2.9440990999999994,1.0,0.06600000000000002,2.6077,2.6100000000000003,175.88028972828906,175.88028972828906
3nq9,3.0,9.0,10,0.7624192388077091,4.650831600000003,1.0,0.054000000000000006,2.3623,2.3693999999999997,195.96941932805666,195.96941932805666
3nq9,5.5,3.0,10,0.8072164576996084,4.537599799999998,1.0,0.04499999999999999,2.4823000000000004,2.4912,248.27185346729098,248.27185346729098
3nq9,3.5,18.0,10,0.7373797201281233,4.611946100000005,1.0,0.048999999999999995,2.3401,2.3454000000000006,214.49637402387174,214.49637402387174
4jsz,0.1,11.0,10,1.0067414069348037,2.265135400000001,0.0,0.0,2.0261000000000005,2.0299,,
3nq9,0.1,17.0,10,0.8632621105156988,4.654096800000004,0.040999999999999995,0.0020000000000000005,1.8643,1.8702,4288.415247144078,4288.415247144078
3nq9,7.0,20.0,10,0.6627358433722244,4.679242300000005,1.0,0.03699999999999999,2.4132,2.4154,294.76515416560864,294.76515416560864
3nq9,1.5,19.0,10,0.7624192388077091,4.738874700000005,1.0,0.039999999999999994,2.1963999999999997,2.2006,247.7780891251028,247.7780891251028
4jsz,1.0,9.0,10,0.9919187261976694,2.7808484999999985,1.0,0.08099999999999999,2.3761,2.3806000000000003,129.5424900158161,129.5424900158161
3nq9,8.0,2.0,10,0.7497257413112247,4.724115100000003,1.0,0.04399999999999999,2.5082999999999998,2.5147000000000004,256.7072124909388,256.7072124909388
3nq9,1.5,5.0,10,0.7479297007123636,4.6901413,1.0,0.051000000000000004,2.3122999999999996,2.3156999999999996,203.42408783444347,203.42408783444347
4jsz,10.0,12.0,10,0.8128700541934741,3.474587500000001,1.0,0.028000000000000004,2.6834,2.6931000000000003,435.1317721614516,435.1317721614516
3nq9,9.0,10.0,10,0.7560339925920406,4.742172300000001,1.0,0.04399999999999999,2.5113000000000003,2.5281,257.01424180859334,257.01424180859334
4jsz,9.0,16.0,10,1.0510860807342337,3.4186289999999993,1.0,0.029000000000000005,2.6622000000000003,2.6728,416.59461532249753,416.59461532249753
3nq9,3.5,6.0,10,0.7216114718799932,4.720317900000006,1.0,0.049999999999999996,2.4052000000000002,2.4162999999999997,215.9415858074989,215.9415858074989
4jsz,1.5,15.0,10,0.8044218657590132,2.864575100000003,1.0,0.08999999999999998,2.3977,2.4017,117.07917509289807,117.07917509289807
3nq9,9.5,20.0,10,0.7433450326584367,4.699313599999999,1.0,0.04699999999999999,2.4591000000000003,2.4747,235.24066705379155,235.24066705379155
3nq9,1.5,13.0,10,0.7624192388077091,4.700282100000002,1.0,0.03599999999999999,2.2354000000000003,2.2444,280.77683345660154,280.77683345660154
4jsz,7.0,6.0,10,1.0848048086954163,3.2265556000000037,1.0,0.03500000000000001,2.6546999999999996,2.6643999999999997,343.1466117017198,343.1466117017198
4jsz,3.5,14.0,10,0.912793013623751,2.961232900000002,1.0,0.07299999999999998,2.5410000000000004,2.5453,154.3729938970253,154.3729938970253
3nq9,3.5,12.0,10,0.8072164576996084,4.706052200000009,1.0,0.04699999999999999,2.3763,2.3956999999999997,227.31991261840707,227.31991261840707
4jsz,5.0,5.0,10,0.8044218657590132,3.1022842000000024,1.0,0.051000000000000004,2.676,2.6788999999999996,235.4205159559619,235.4205159559619
3nq9,5.5,9.0,10,0.755828817852577,4.642209000000003,1.0,0.03699999999999999,2.4374,2.4485999999999994,297.7211117036527,297.7211117036527
3nq9,5.5,11.0,10,0.6756799165122086,4.646883599999996,1.0,0.03899999999999999,2.4215000000000004,2.4282,280.32115944296527,280.32115944296527
4jsz,5.5,17.0,10,0.8044218657590132,3.146896900000001,1.0,0.040999999999999995,2.5980999999999996,2.6058000000000003,285.79768606152766,285.79768606152766
3nq9,7.5,10.0,10,0.7624192388077091,4.750201399999997,1.0,0.03300000000000001,2.4621,2.4676,337.88666023892597,337.88666023892597
4jsz,7.5,16.0,10,0.8593995346252701,3.3336168000000006,1.0,0.03200000000000001,2.6435,2.6639999999999997,374.3103535738877,374.3103535738877
4jsz,10.0,18.0,10,1.1171938909882706,3.4938538,1.0,0.019999999999999997,2.6589,2.6651,606.0913923603366,606.0913923603366
3nq9,8.0,8.0,10,0.7796828975380911,4.748815000000007,1.0,0.04399999999999999,2.4753,2.4850000000000003,253.32988999673915,253.32988999673915
4jsz,1.0,3.0,10,0.9919187261976694,2.7687200000000005,1.0,0.11100000000000002,2.4934000000000003,2.5088999999999997,97.59240425277832,97.59240425277832
4jsz,8.5,4.0,10,0.7125017852609876,2.952098100000001,1.0,0.06299999999999999,2.5694000000000004,2.5914,181.83742420691408,181.83742420691408
3nq9,3.5,16.0,10,0.6756799165122086,4.655995199999999,1.0,0.047999999999999994,2.3434000000000004,2.3594999999999997,219.38813257343116,219.38813257343116
4jsz,3.5,10.0,10,0.9919187261976694,2.9852546000000006,1.0,0.06200000000000001,2.5829999999999997,2.5911,185.84631303180257,185.84631303180257
4jsz,5.0,1.0,10,0.9919187261976694,2.869592400000002,1.0,0.08099999999999999,2.3351,2.3417000000000003,127.30721284286528,127.30721284286528
3nq9,1.5,17.0,10,0.8226019338392094,4.623593400000005,1.0,0.049999999999999996,2.2102000000000004,2.2221,198.43426449016053,198.43426449016053
4jsz,1.5,11.0,10,0.9919187261976694,2.870702100000003,1.0,0.07699999999999999,2.4392000000000005,2.4501999999999997,140.19076057805677,140.19076057805677
4jsz,7.0,2.0,10,0.7387117379366969,2.8626632000000005,1.0,0.07599999999999998,2.4379,2.4537000000000004,142.03553694454683,142.03553694454683
3nq9,0.1,19.0,10,0.900185160483878,4.6767045999999945,0.048999999999999995,0.0029999999999999996,1.8596999999999997,1.8665000000000003,2850.4607365201223,2850.4607365201223
4jsz,7.5,12.0,10,1.0565339527508757,3.334708700000001,1.0,0.04299999999999999,2.6616,2.6673999999999998,278.8758721428634,278.8758721428634
4jsz,5.5,0.1,10,1.1342465633808916,2.9579207,0.5339999999999999,0.03599999999999999,1.9403000000000001,1.9478999999999995,243.71087499143056,243.71087499143056
3nq9,7.5,14.0,10,0.588629367618454,4.631502799999994,1.0,0.05700000000000001,2.438,2.4407,191.3034062933257,191.3034062933257
4jsz,9.0,18.0,10,1.2580027747829976,3.4640829999999996,1.0,0.022999999999999996,2.6569000000000003,2.6734,525.8357830499162,525.8357830499162
4jsz,1.0,7.0,10,0.9919187261976694,2.7772084000000024,1.0,0.10600000000000001,2.3968,2.3998999999999997,98.50710200937847,98.50710200937847
4jsz,5.5,13.0,10,1.059228713857196,3.1875496000000045,1.0,0.03799999999999999,2.6203999999999996,2.6242,311.49018954365573,311.49018954365573
3nq9,5.5,15.0,10,0.7216114718799932,4.705026099999999,1.0,0.041999999999999996,2.4015,2.4136999999999995,257.7478515643196,257.7478515643196
3nq9,3.5,8.0,10,0.7624192388077091,4.657138200000005,1.0,0.04599999999999999,2.4015,2.4159999999999995,234.84686084884024,234.84686084884024
4jsz,3.0,4.0,10,0.9919187261976694,2.9115155000000033,1.0,0.07099999999999998,2.6207000000000003,2.6314,163.87422245280237,163.87422245280237
3nq9,7.5,4.0,10,0.7479297007123636,4.726687700000001,1.0,0.03400000000000001,2.4865000000000004,2.4938000000000002,331.0285460385377,331.0285460385377
3nq9,0.1,13.0,10,0.6741067283563492,4.694377500000004,0.05500000000000001,0.004999999999999999,1.8774000000000002,1.8814,1724.8228167522352,1724.8228167522352
4jsz,7.0,8.0,10,0.9518699000401971,3.2731468,1.0,0.041999999999999996,2.6798,2.6903,287.6171945126228,287.6171945126228
4jsz,0.1,15.0,10,0.9574938623706644,2.266188199999996,0.0,0.0,2.0208000000000004,2.0317,,
3nq9,5.5,7.0,10,0.6630515084613052,4.743078599999996,1.0,0.03799999999999999,2.4399000000000006,2.4436,290.0339312576575,290.0339312576575
3nq9,1.0,0.1,10,0.7624192388077091,4.663472100000004,1.0,0.04499999999999999,2.4007,2.4054,240.11047762918483,240.11047762918483
3nq9,3.5,2.0,10,0.664849113521406,4.645254299999998,1.0,0.04299999999999999,2.4823,2.4921,260.0892611287307,260.0892611287307
4jsz,3.0,20.0,10,1.1055105536771592,2.9351318999999987,1.0,0.06800000000000002,2.4728000000000003,2.4757000000000007,161.70500350510866,161.70500350510866
4jsz,5.5,19.0,10,0.5517184276056932,3.1606874,1.0,0.049999999999999996,2.5808,2.5947,231.70715310659952,231.70715310659952
3nq9,8.0,6.0,10,0.6002947278138356,4.756533400000003,1.0,0.03899999999999999,2.4894000000000003,2.5076,288.1814967240626,288.1814967240626
3nq9,1.5,1.0,10,0.7624192388077091,4.671993,1.0,0.047999999999999994,2.4,2.4082,224.6870010140116,224.6870010140116
4jsz,10.0,16.0,10,0.6335507845987794,3.455130200000002,1.0,0.026000000000000002,2.6563,2.6616000000000004,464.34577194016555,464.34577194016555
4jsz,9.0,12.0,10,1.1052951475128798,3.450987099999998,1.0,0.023999999999999997,2.6652,2.6718,505.2424528409604,505.2424528409604
4jsz,7.5,18.0,10,1.0848048086954163,3.305737899999998,1.0,0.03899999999999999,2.6401999999999997,2.6461999999999994,305.63862282110944,305.63862282110944
3nq9,9.0,14.0,10,0.7221871595492416,4.717027799999998,1.0,0.03799999999999999,2.4797,2.4966,294.76500649191087,294.76500649191087
4jsz,3.0,0.1,10,0.9919187261976694,3.021443399999995,0.5389999999999999,0.03500000000000001,1.9856000000000003,1.9895000000000003,256.6587230929803,256.6587230929803
4jsz,2.0,17.0,10,0.9919187261976694,2.883077399999999,1.0,0.07399999999999998,2.4406,2.4461,146.19180128209868,146.19180128209868
3nq9,2.0,11.0,10,0.7624192388077091,4.6928490999999966,1.0,0.03799999999999999,2.3165,2.3383,275.36522060673127,275.36522060673127
4jsz,7.5,7.0,10,0.4837730598022162,3.2868798999999997,1.0,0.03699999999999999,2.7089,2.7459000000000002,330.88402375236916,330.88402375236916
3nq9,5.0,8.0,10,0.7624192388077091,4.722746800000004,1.0,0.039999999999999994,2.4421999999999997,2.4503000000000004,275.5070339015325,275.5070339015325
4jsz,5.5,4.0,10,0.8968697994146353,3.0335117999999994,1.0,0.052000000000000005,2.6142,2.6208,225.44308600097784,225.44308600097784
3nq9,6.0,13.0,10,0.7624192388077091,4.711677099999996,1.0,0.03899999999999999,2.4345000000000003,2.4529,281.82608410650374,281.82608410650374
4jsz,6.0,15.0,10,1.0198312372694212,3.220732299999997,1.0,0.05500000000000001,2.6096,2.6124,212.4372891658627,212.4372891658627
3nq9,8.5,19.0,10,0.7393168249100076,4.722172999999999,1.0,0.04499999999999999,2.4295999999999998,2.4339000000000004,243.00096490518075,243.00096490518075
4jsz,3.5,1.0,10,0.8682059700502103,2.8720671999999996,1.0,0.101,2.3765,2.3926,102.78910712659663,102.78910712659663
3nq9,4.0,12.0,10,0.7479297007123636,4.614601200000002,1.0,0.05500000000000001,2.3822000000000005,2.3897,193.92554807285336,193.92554807285336
4jsz,4.0,14.0,10,0.9919187261976694,2.9784708000000006,1.0,0.06800000000000002,2.5641000000000003,2.5734,167.67542845658733,167.67542845658733
4jsz,8.0,5.0,10,0.9919187261976694,3.127810099999995,1.0,0.051000000000000004,2.6198,2.6388000000000003,230.47633322175972,230.47633322175972
4jsz,1.5,2.0,10,0.9919187261976694,2.837284500000003,1.0,0.09199999999999998,2.5673000000000004,2.5729,122.50277815078724,122.50277815078724
3nq9,8.5,9.0,10,0.7834127050275042,4.738714499999999,1.0,0.03799999999999999,2.4823,2.4868,295.07407170821887,295.07407170821887
3nq9,5.0,2.0,10,0.7624192388077091,4.625241299999998,1.0,0.06299999999999999,2.4946,2.5093,176.54379949660148,176.54379949660148
3nq9,7.0,1.0,10,0.8215675689579711,4.684906400000004,1.0,0.04499999999999999,2.5221000000000005,2.5315,252.25252452558297,252.25252452558297
3nq9,1.0,4.0,10,0.7624192388077091,4.6755274999999985,1.0,0.04599999999999999,2.2892,2.3099,223.86484857595877,223.86484857595877
3nq9,8.5,3.0,10,0.6410282349506196,4.6977851000000035,1.0,0.026000000000000002,2.5113999999999996,2.521,439.0159137335888,439.0159137335888
4jsz,1.5,8.0,10,0.9919187261976694,2.844340300000003,1.0,0.09699999999999999,2.4548,2.4590999999999994,110.79554829048507,110.79554829048507
3nq9,4.0,18.0,10,0.8226019338392094,4.6812745999999885,1.0,0.041999999999999996,2.3356000000000003,2.3401000000000005,250.67494570627727,250.67494570627727
3nq9,3.0,7.0,10,0.7624192388077091,4.638058700000003,1.0,0.053000000000000005,2.3814,2.3914999999999997,201.38671338428065,201.38671338428065
3nq9,8.5,13.0,10,0.8837671433037884,4.709774299999991,1.0,0.03699999999999999,2.464,2.4697,300.97022205538696,300.97022205538696
3nq9,0.5,20.0,10,0.7624192388077091,4.6150464,0.9970000000000001,0.05500000000000001,2.0682,2.0824,168.36404102269975,168.36404102269975
3nq9,6.0,19.0,10,0.5009340275685262,4.723872199999995,1.0,0.04399999999999999,2.4042,2.4135,246.05329516832722,246.05329516832722
4jsz,8.5,15.0,10,1.026122959627354,3.4515896999999987,1.0,0.030000000000000006,2.7055,2.7300999999999997,409.04832945655966,409.04832945655966
3nq9,7.5,0.1,10,0.7834127050275042,4.748335100000005,1.0,0.03699999999999999,2.5221000000000005,2.5245,308.0669630868066,308.0669630868066
3nq9,4.0,0.1,10,0.7624192388077091,4.629343299999995,1.0,0.04399999999999999,2.4893000000000005,2.4955000000000003,254.76269347912694,254.76269347912694
3nq9,0.5,7.0,10,0.7624192388077091,4.601361900000003,0.999,0.05600000000000001,2.1534,2.1704999999999997,172.079232012789,172.079232012789
4jsz,2.5,18.0,10,0.9919187261976694,2.9225015999999973,1.0,0.08099999999999999,2.4663,2.4772000000000003,134.46009979630793,134.46009979630793
4jsz,2.0,8.0,10,0.9919187261976694,2.844164700000003,1.0,0.08799999999999998,2.5382,2.5629999999999997,126.89362541948762,126.89362541948762
3nq9,2.5,4.0,10,0.7624192388077091,4.718259800000006,1.0,0.053000000000000005,2.3864000000000005,2.3892999999999995,201.80954598985778,201.80954598985778
4jsz,0.5,19.0,10,0.9919187261976694,2.581782900000001,0.5120000000000001,0.028000000000000004,2.2771999999999997,2.2957000000000005,369.26364744952576,369.26364744952576
4jsz,6.0,20.0,10,0.9919187261976694,3.2391349999999965,1.0,0.03799999999999999,2.5873,2.5917000000000003,307.55555159758075,307.55555159758075
3nq9,8.0,16.0,10,0.728186198755569,4.715252200000006,1.0,0.03699999999999999,2.4318999999999997,2.4362,297.04930317227905,297.04930317227905
3nq9,4.5,1.0,10,0.7624192388077091,4.654971299999998,1.0,0.04599999999999999,2.5018000000000002,2.5202999999999998,244.65537225551884,244.65537225551884
4jsz,8.0,10.0,10,1.0667849876544433,3.3779177999999996,1.0,0.04399999999999999,2.6931000000000003,2.7128999999999994,275.62021845845686,275.62021845845686
4jsz,10.0,6.0,10,0.5517184276056932,3.2154361000000042,1.0,0.040999999999999995,2.6033,2.6096,286.3696994434298,286.3696994434298
3nq9,6.5,2.0,10,0.679965444728514,4.758936800000002,1.0,0.04299999999999999,2.5021999999999998,2.5057,262.17433396298196,262.17433396298196
4jsz,0.5,13.0,10,1.1342465633808916,2.5587780000000007,0.5179999999999999,0.03599999999999999,2.2864,2.2967,287.18267514322883,287.18267514322883
3nq9,0.5,15.0,10,0.7624192388077091,4.603327400000004,1.0,0.06000000000000001,2.0728,2.0786000000000002,154.2712643137992,154.2712643137992
4jsz,2.0,2.0,10,0.9919187261976694,2.861777799999999,1.0,0.06899999999999999,2.6174999999999997,2.6357,168.59730158825164,168.59730158825164
4jsz,8.5,20.0,10,0.7387117379366969,3.4119097000000016,1.0,0.026000000000000002,2.6308,2.6401,459.88813643797295,459.88813643797295
4jsz,2.5,12.0,10,0.43266667696150984,2.9112167999999987,1.0,0.06499999999999999,2.5162,2.5264999999999995,172.41102199990078,172.41102199990078
4jsz,0.1,1.0,10,1.0067414069348037,2.2234930000000017,0.0,0.0,2.2369000000000003,2.2428,,
3nq9,2.5,14.0,10,0.6756799165122086,4.639604000000005,1.0,0.048999999999999995,2.2927999999999993,2.2962,210.16079926581475,210.16079926581475
4jsz,9.5,6.0,10,1.0565339527508757,3.2354154000000017,1.0,0.030000000000000006,2.6121000000000003,2.6176,394.92705280853056,394.92705280853056
3nq9,4.5,17.0,10,0.7624192388077091,4.730201999999999,1.0,0.039999999999999994,2.3741,2.3834,267.8246045310083,267.8246045310083
4jsz,6.0,4.0,10,0.8044218657590132,3.0256902,1.0,0.052000000000000005,2.5861,2.5908,223.01980135686966,223.01980135686966
3nq9,6.5,8.0,10,0.8226019338392094,4.697857999999997,1.0,0.03200000000000001,2.4528,2.4600999999999997,347.30790060375705,347.30790060375705
4jsz,4.5,11.0,10,1.020650289576221,3.043899899999999,1.0,0.054000000000000006,2.5936999999999997,2.5991999999999997,215.16567875002352,215.16567875002352
3nq9,6.5,16.0,10,0.793104589240513,4.6952744000000015,1.0,0.052000000000000005,2.4202000000000004,2.4264,208.71293578898576,208.71293578898576
4jsz,4.0,7.0,10,1.1411964013704279,3.008472800000003,1.0,0.05500000000000001,2.6148,2.6203000000000003,212.86060074758498,212.86060074758498
4jsz,6.5,10.0,10,1.031619978332868,3.2497928000000007,1.0,0.039999999999999994,2.6359000000000004,2.640199999999999,297.35852537099737,297.35852537099737
4jsz,0.5,0.1,10,1.1342465633808916,2.786349000000022,0.23499999999999993,0.016000000000000004,2.2204000000000006,2.2291,633.9560886721295,633.9560886721295
3nq9,2.0,1.0,10,0.7624192388077091,4.636347799999996,1.0,0.049999999999999996,2.4277,2.4391,217.96166134411493,217.96166134411493
3nq9,3.0,19.0,10,0.7373797201281233,4.6014738,1.0,0.047999999999999994,2.2891999999999997,2.2976,214.31395113386475,214.31395113386475
3nq9,5.5,20.0,10,0.793104589240513,4.687274500000002,1.0,0.04399999999999999,2.3911000000000002,2.3980000000000006,244.71260048123582,244.71260048123582
3nq9,10.0,16.0,10,0.822518904888877,4.734879599999997,1.0,0.03799999999999999,2.4814,2.5017,294.9670875948815,294.9670875948815
3nq9,0.1,2.0,10,0.5993881377365157,4.772675100000002,0.048999999999999995,0.0029999999999999996,2.0435,2.0631999999999997,3132.1807361826477,3132.1807361826477
3nq9,9.5,5.0,10,0.697679083458464,4.761236100000002,1.0,0.03599999999999999,2.5117000000000003,2.5189,315.48142282944707,315.48142282944707
3nq9,1.0,18.0,10,0.7624192388077091,4.656241500000002,1.0,0.05500000000000001,2.1461,2.1554999999999995,174.70557414119327,174.70557414119327
4jsz,9.0,9.0,10,1.0224470147385534,3.4339486000000052,1.0,0.03699999999999999,2.7078999999999995,2.7249,330.761876746665,330.761876746665
3nq9,2.5,0.1,10,0.664849113521406,4.6691115,1.0,0.051000000000000004,2.4577999999999998,2.4623999999999997,216.2244185786858,216.2244185786858
4jsz,9.5,17.0,10,1.161232777354668,3.461774100000002,1.0,0.026000000000000002,2.7014000000000005,2.7231,472.2296684558081,472.2296684558081
3nq9,6.0,7.0,10,0.7899951833097985,4.645973500000003,1.0,0.03799999999999999,2.473,2.4781999999999997,293.96856920373256,293.96856920373256
3nq9,9.5,11.0,10,0.5783836760190697,4.649891599999998,1.0,0.04399999999999999,2.4732999999999996,2.4810000000000003,253.12520378496953,253.12520378496953
4jsz,4.5,8.0,10,0.7387117379366969,3.083939000000001,1.0,0.05700000000000001,2.6321000000000003,2.6461000000000006,206.5339194850954,206.5339194850954
3nq9,4.0,4.0,10,0.7624192388077091,4.578322399999999,1.0,0.06000000000000001,2.4533,2.4600999999999997,182.5905503382109,182.5905503382109
4jsz,9.0,3.0,10,0.8682059700502103,2.9571064000000002,1.0,0.07099999999999998,2.5222,2.5355000000000003,157.71494786524903,157.71494786524903
4jsz,0.5,4.0,10,0.9919187261976694,2.5719163000000083,0.548,0.027000000000000003,2.4196,2.4584,407.0947231504112,407.0947231504112
3nq9,1.0,12.0,10,0.7624192388077091,4.650815399999996,1.0,0.06200000000000001,2.1792000000000002,2.1917,156.7929869759598,156.7929869759598
4jsz,1.0,14.0,10,0.9919187261976694,2.7792953999999983,1.0,0.11100000000000002,2.3611,2.3718000000000004,92.41414361162865,92.41414361162865
3nq9,0.1,8.0,10,0.7624192388077091,4.658857699999999,0.048999999999999995,0.004000000000000001,1.9154,1.9281,2200.772425930182,2200.772425930182
4jsz,2.5,7.0,10,0.9919187261976694,2.883332699999997,1.0,0.08599999999999998,2.5505000000000004,2.5564999999999998,130.614676235751,130.614676235751
3nq9,3.0,13.0,10,0.6756799165122086,4.681746600000005,1.0,0.039999999999999994,2.3217,2.3248,261.91330792285163,261.91330792285163
4jsz,3.0,15.0,10,0.9919187261976694,2.934083299999999,1.0,0.07499999999999998,2.5152,2.5260000000000002,148.57228106882968,148.57228106882968
4jsz,6.0,0.1,10,1.164766408090365,2.9543922000000036,0.5309999999999999,0.040999999999999995,1.9324999999999999,1.9379000000000002,212.57997317805402,212.57997317805402
4jsz,5.0,16.0,10,0.5289831945263125,3.0723932999999977,1.0,0.060999999999999985,2.6069000000000004,2.6256,190.7412829558388,190.7412829558388
4jsz,4.5,2.0,10,0.9919187261976694,2.863069100000001,1.0,0.09299999999999999,2.5036,2.5187,118.11463935082733,118.11463935082733
3nq9,5.0,10.0,10,0.7479297007123636,4.671652899999999,1.0,0.05899999999999998,2.4459,2.4591000000000003,185.2226524118782,185.2226524118782
4jsz,6.5,1.0,10,0.9919187261976694,2.8683768000000014,1.0,0.07799999999999999,2.3066,2.3337,130.80012684807352,130.80012684807352
4jsz,7.0,17.0,10,0.9632954920419687,3.283872500000002,1.0,0.03500000000000001,2.6152,2.6247,338.04084036702363,338.04084036702363
3nq9,7.0,11.0,10,0.682861121846744,4.7090149000000014,1.0,0.040999999999999995,2.482,2.501,273.026387284828,273.026387284828
4jsz,0.1,20.0,10,1.0067414069348037,2.244631299999999,0.0,0.0,1.9951,2.0021000000000004,,
4jsz,3.0,11.0,10,0.7387117379366969,2.9810437,1.0,0.06899999999999999,2.552,2.5671999999999997,164.3783433250117,164.3783433250117
3nq9,10.0,18.0,10,0.4352484275626384,4.725631900000003,1.0,0.04499999999999999,2.4616999999999996,2.4786,246.2115061356122,246.2115061356122
4jsz,2.5,3.0,10,0.9919187261976694,2.912891099999999,1.0,0.07199999999999998,2.6084,2.6181,160.75422707634522,160.75422707634522
3nq9,3.0,17.0,10,0.7624192388077091,4.6701849000000015,1.0,0.03200000000000001,2.3152,2.3287,327.82422190061084,327.82422190061084
4jsz,1.0,10.0,10,0.9919187261976694,2.745742800000001,1.0,0.11600000000000002,2.3744000000000005,2.3842,88.68348962209825,88.68348962209825
4jsz,9.0,7.0,10,1.280843496093093,3.281402299999999,1.0,0.03899999999999999,2.666,2.6828,308.62531946105526,308.62531946105526
3nq9,1.0,16.0,10,0.7624192388077091,4.5863580000000015,1.0,0.06000000000000001,2.1562,2.1633999999999998,160.4784350219094,160.4784350219094
3nq9,7.0,15.0,10,0.793104589240513,4.6110776999999965,1.0,0.052000000000000005,2.4321,2.4383,209.73916665250482,209.73916665250482
4jsz,9.5,19.0,10,1.0428670316125523,3.471462499999995,1.0,0.019999999999999997,2.6508999999999996,2.6653,604.267806990867,604.267806990867
3nq9,6.0,9.0,10,0.7707284977714783,4.698957400000004,1.0,0.04499999999999999,2.4471000000000003,2.4554,244.7512599685001,244.7512599685001
4jsz,6.5,5.0,10,0.7387117379366969,3.149649300000001,1.0,0.04699999999999999,2.6653000000000002,2.6955,254.96602411389148,254.96602411389148
4jsz,7.0,13.0,10,1.1055105536771592,3.271243400000002,1.0,0.03500000000000001,2.6539,2.6736999999999997,343.043203674688,343.043203674688
3nq9,5.0,14.0,10,0.8717227825925737,4.652891899999993,1.0,0.04299999999999999,2.4128999999999996,2.4239000000000006,252.8177005911914,252.8177005911914
4jsz,5.0,12.0,10,0.9919187261976694,3.110749899999999,1.0,0.052000000000000005,2.6132,2.6253,225.3568481132871,225.3568481132871
4jsz,4.5,6.0,10,0.9486651723876143,3.071431799999995,1.0,0.05500000000000001,2.6465,2.6515999999999997,215.44117327462283,215.44117327462283
3nq9,9.5,1.0,10,0.6626515763763677,4.734562000000003,1.0,0.039999999999999994,2.5263,2.5334999999999996,284.99443933561616,284.99443933561616
3nq9,0.1,6.0,10,0.6811965366358576,4.689920300000004,0.051000000000000004,0.0029999999999999996,1.9274,1.9313000000000002,2954.22811398015,2954.22811398015
3nq9,2.0,5.0,10,0.7624192388077091,4.611667500000004,1.0,0.05800000000000001,2.3401999999999994,2.3448,180.36851003491935,180.36851003491935
4jsz,2.5,9.0,10,0.7125017852609876,2.8968456999999956,1.0,0.08599999999999998,2.5335,2.5404999999999998,129.74408243218005,129.74408243218005
3nq9,10.0,12.0,10,0.6245520960033407,4.7719040000000055,1.0,0.039999999999999994,2.4854,2.5028000000000006,280.3804692731427,280.3804692731427
3nq9,10.0,0.1,10,0.7203531928971676,4.765473600000004,1.0,0.029000000000000005,2.5308,2.5401999999999996,396.03247406587656,396.03247406587656
3nq9,9.0,0.1,10,0.7373797201281233,4.723479499999997,1.0,0.04499999999999999,2.5713,2.5997999999999997,257.17335407502935,257.17335407502935
4jsz,5.0,18.0,10,0.7125017852609876,3.1289929999999986,1.0,0.039999999999999994,2.6012,2.6150999999999995,293.44398353315313,293.44398353315313
4jsz,7.0,19.0,10,1.0428670316125523,3.2830343999999974,1.0,0.039999999999999994,2.6203,2.6323,295.59867370902697,295.59867370902697
4jsz,1.5,20.0,10,0.9919187261976694,2.855812000000001,1.0,0.08999999999999998,2.3785,2.3898,116.14164322411395,116.14164322411395
3nq9,9.5,15.0,10,0.8087024154749489,4.726134700000004,1.0,0.03699999999999999,2.4685999999999995,2.4762,301.5320982816267,301.5320982816267
3nq9,6.0,3.0,10,0.6819963256043163,4.7711841,1.0,0.030000000000000006,2.4909,2.5063,376.602655273829,376.602655273829
4jsz,9.5,13.0,10,1.3401959258544613,3.444074499999993,1.0,0.020999999999999998,2.7144000000000004,2.7390999999999996,588.9788953621089,588.9788953621089
3nq9,0.5,9.0,10,0.7624192388077091,4.589616799999994,1.0,0.05600000000000001,2.116,2.1244,169.09057998470396,169.09057998470396
3nq9,2.5,10.0,10,0.7624192388077091,4.679992799999999,1.0,0.04599999999999999,2.3108,2.3133000000000004,225.97715013512388,225.97715013512388
4jsz,9.5,2.0,10,0.9919187261976694,2.8893092999999976,1.0,0.07000000000000002,2.3908,2.4054999999999995,151.71469984058453,151.71469984058453
4jsz,2.5,16.0,10,0.9919187261976694,2.9181885999999992,1.0,0.07799999999999999,2.4874,2.4919,141.05273368676762,141.05273368676762
4jsz,0.1,5.0,10,0.9204243237631304,2.2245145999999987,0.0,0.0,2.0863,2.1102,,
3nq9,0.5,11.0,10,0.7624192388077091,4.6222941999999865,0.998,0.05600000000000001,2.0969,2.1002,167.5642897778477,167.5642897778477
4jsz,2.0,6.0,10,0.7387117379366969,2.8956044999999966,1.0,0.09399999999999999,2.5537,2.5705,119.1319170931542,119.1319170931542
4jsz,0.5,17.0,10,0.9919187261976694,2.5533397000000018,0.5339999999999999,0.03599999999999999,2.263,2.2736,284.2435242517175,284.2435242517175
4jsz,4.0,3.0,10,0.43266667696150984,2.902964099999998,1.0,0.06200000000000001,2.594,2.6015000000000006,186.63776074506228,186.63776074506228
4jsz,6.5,14.0,10,1.1342465633808916,3.2761501999999973,1.0,0.03300000000000001,2.6284,2.6339999999999995,360.7088655099277,360.7088655099277
3nq9,8.0,18.0,10,0.7632306976685721,4.709103300000001,1.0,0.04699999999999999,2.4308,2.438,232.53345267551398,232.53345267551398
3nq9,6.5,12.0,10,0.664849113521406,4.7414566,1.0,0.03500000000000001,2.4429,2.4564,315.7693365450452,315.7693365450452
4jsz,4.5,15.0,10,0.9919187261976694,3.0441078999999998,1.0,0.06499999999999999,2.6050999999999997,2.6194,178.50248526029,178.50248526029
3nq9,4.5,13.0,10,0.793104589240513,4.699243600000008,1.0,0.048999999999999995,2.3954999999999997,2.4036999999999997,219.57440450159598,219.57440450159598
4jsz,10.0,8.0,10,0.889251041599475,3.3570167000000017,1.0,0.03300000000000001,2.6649,2.6704999999999997,365.717948446738,365.717948446738
4jsz,9.5,8.0,10,1.0165975088958432,3.368083099999999,1.0,0.031000000000000007,2.6574,2.6659999999999995,388.61606890500525,388.61606890500525
3nq9,9.0,4.0,10,0.9191989812242713,4.6530833,1.0,0.040999999999999995,2.4965,2.5035,274.62142459974746,274.62142459974746
3nq9,0.5,3.0,10,0.7624192388077091,4.677208500000004,1.0,0.048999999999999995,2.2284,2.2473,204.2578179884602,204.2578179884602
3nq9,10.0,4.0,10,0.8151629830084592,4.7584846999999915,1.0,0.03899999999999999,2.527,2.5376,292.5342019047586,292.5342019047586
4jsz,10.0,2.0,10,0.9919187261976694,2.8969579,1.0,0.07699999999999999,2.3880999999999997,2.3931,137.2538354117979,137.2538354117979
3nq9,4.5,19.0,10,0.664849113521406,4.706176200000002,1.0,0.03899999999999999,2.3621,2.3716999999999997,273.4448113649507,273.4448113649507
3nq9,2.0,20.0,10,0.7624192388077091,4.590669100000002,1.0,0.060999999999999985,2.2302000000000004,2.2359,163.17895172354585,163.17895172354585
3nq9,6.5,6.0,10,0.6834413905729437,4.7516405999999956,1.0,0.04599999999999999,2.4859999999999998,2.4974,243.11026278168515,243.11026278168515
3nq9,6.5,18.0,10,0.7479297007123636,4.719770899999999,1.0,0.030000000000000006,2.4114999999999998,2.4152,364.5980582090163,364.5980582090163
4jsz,8.0,14.0,10,1.164766408090365,3.369847800000005,1.0,0.039999999999999994,2.649,2.6534,298.83634952303646,298.83634952303646
3nq9,8.0,12.0,10,0.793104589240513,4.702854199999991,1.0,0.03300000000000001,2.4514,2.4585000000000004,336.41824414512126,336.41824414512126
3nq9,4.5,5.0,10,0.8593559145911869,4.7866093,1.0,0.029000000000000005,2.4417,2.4456999999999995,382.0896522548802,382.0896522548802
4jsz,4.0,9.0,10,1.0750918175615092,2.9808565999999996,1.0,0.07499999999999998,2.5961000000000003,2.6053,153.35102531917497,153.35102531917497
